game_pk,official_date,season,home_team,away_team,corte,inicio_utc,dif_pitagorica,dif_descanso,n_previos_local,n_previos_visita,p_v1,p_tasa_base,p_mercado,resultado_local,brier_v1,brier_tasa_base,brier_mercado
778545,2025-03-27,2025,San Diego Padres,Atlanta Braves,2025-03-27T17:00:00+00:00,2025-03-27T20:10:00+00:00,-0.016322559146387694,3.0,162,162,0.31483288416676586,0.5306841046277666,0.457070707070707,1,0.46945397661923255,0.2202574096490411,0.29477221712070206
778546,2025-03-27,2025,Los Angeles Dodgers,Detroit Tigers,2025-03-27T17:00:00+00:00,2025-03-27T23:10:00+00:00,0.04015265807312729,0.0,162,162,0.5738578029909424,0.5306841046277666,0.5911330049261084,1,0.1815971720717065,0.2202574096490411,0.16717221966075368
778551,2025-03-27,2025,St. Louis Cardinals,Minnesota Twins,2025-03-27T17:00:00+00:00,2025-03-27T20:15:00+00:00,-0.018874724671785303,1.0,162,162,0.44354242703481084,0.5306841046277666,0.49234693877551017,1,0.30964503051030884,0.2202574096490411,0.2577116305705956
778552,2025-03-27,2025,Arizona Diamondbacks,Chicago Cubs,2025-03-27T17:00:00+00:00,2025-03-28T02:10:00+00:00,0.014095358166008154,0.0,162,162,0.5473619238376843,0.5306841046277666,0.5355329949238579,0,0.29960507566729094,0.2816256189045743,0.2867955886521168
778553,2025-03-27,2025,Texas Rangers,Boston Red Sox,2025-03-27T17:00:00+00:00,2025-03-27T20:05:00+00:00,-0.02010030416474129,0.0,162,162,0.5122032582488176,0.5306841046277666,0.47328244274809167,0,0.26235217776070496,0.2816256189045743,0.22399627061360067
778554,2025-03-27,2025,Chicago White Sox,Los Angeles Angels,2025-03-27T17:00:00+00:00,2025-03-27T20:10:00+00:00,-0.04334013530877562,1.0,162,162,0.41877219369607543,0.5306841046277666,0.40640394088669946,1,0.33782576282087246,0.2202574096490411,0.35235628139484093
778555,2025-03-27,2025,Washington Nationals,Philadelphia Phillies,2025-03-27T17:00:00+00:00,2025-03-27T20:05:00+00:00,-0.08831166224581388,1.0,162,162,0.3743724364536107,0.5306841046277666,0.4158415841584158,0,0.14015472117621278,0.2816256189045743,0.17292422311538083
778556,2025-03-27,2025,Toronto Blue Jays,Baltimore Orioles,2025-03-27T17:00:00+00:00,2025-03-27T19:07:00+00:00,-0.020642585220526977,-1.0,162,162,0.5810935853729976,0.5306841046277666,0.5204081632653061,0,0.33766975496164525,0.2816256189045743,0.27082465639316955
778557,2025-03-27,2025,New York Yankees,Milwaukee Brewers,2025-03-27T17:00:00+00:00,2025-03-27T19:05:00+00:00,-0.000597227848754045,-1.0,162,162,0.6010955531656192,0.5306841046277666,0.5675,1,0.1591247577042433,0.2202574096490411,0.18705625
778558,2025-03-27,2025,Kansas City Royals,Cleveland Guardians,2025-03-27T17:00:00+00:00,2025-03-27T20:10:00+00:00,0.022707279246554135,0.0,162,162,0.5561561261859396,0.5306841046277666,0.6004901960784313,0,0.30930963669415074,0.2816256189045743,0.3605884755863129
778559,2025-03-27,2025,Houston Astros,New York Mets,2025-03-27T17:00:00+00:00,2025-03-27T20:10:00+00:00,0.013448917361389645,-2.0,162,162,0.6788974390775214,0.5306841046277666,0.5355329949238579,1,0.10310685463097406,0.2202574096490411,0.21572959880440104
778561,2025-03-27,2025,Cincinnati Reds,San Francisco Giants,2025-03-27T17:00:00+00:00,2025-03-27T20:10:00+00:00,-0.046928380559081107,0.0,162,162,0.4845172027297444,0.5306841046277666,0.49744897959183665,0,0.23475691974105625,0.2816256189045743,0.24745548729695951
778562,2025-03-27,2025,Miami Marlins,Pittsburgh Pirates,2025-03-27T17:00:00+00:00,2025-03-27T20:10:00+00:00,-0.052075318579567265,-1.0,162,162,0.5492096389533846,0.5306841046277666,0.43107769423558895,1,0.20321194961253788,0.2202574096490411,0.323672589996294
778518,2025-03-28,2025,Houston Astros,New York Mets,2025-03-28T17:00:00+00:00,2025-03-29T00:10:00+00:00,0.013896750669327051,0.0,162,162,0.5471587417727258,0.5306841046277666,0.5355329949238579,0,0.29938268869831247,0.2816256189045743,0.2867955886521168
778542,2025-03-28,2025,San Diego Padres,Atlanta Braves,2025-03-28T17:00:00+00:00,2025-03-29T01:40:00+00:00,-0.008862516629817407,0.0,162,162,0.5237879786050756,0.5306841046277666,0.5664160401002506,1,0.2267778893210399,0.2202574096490411,0.1879950502823475
778543,2025-03-28,2025,Arizona Diamondbacks,Chicago Cubs,2025-03-28T17:00:00+00:00,2025-03-29T01:40:00+00:00,0.016516202685942782,0.0,162,162,0.5498372396625919,0.5306841046277666,0.57,1,0.20264651079459473,0.2202574096490411,0.18490000000000004
778544,2025-03-28,2025,Los Angeles Dodgers,Detroit Tigers,2025-03-28T17:00:00+00:00,2025-03-29T02:10:00+00:00,0.03734805644790462,0.0,162,162,0.5710235149469743,0.5306841046277666,0.6651480637813212,1,0.18402082472844875,0.2202574096490411,0.11212581918939814
778548,2025-03-28,2025,Miami Marlins,Pittsburgh Pirates,2025-03-28T17:00:00+00:00,2025-03-28T23:10:00+00:00,-0.052548984745566074,0.0,162,162,0.4787232080151771,0.5306841046277666,0.42750000000000005,0,0.22917590989234252,0.2816256189045743,0.18275625000000004
778549,2025-03-28,2025,Toronto Blue Jays,Baltimore Orioles,2025-03-28T17:00:00+00:00,2025-03-28T23:07:00+00:00,-0.030822162029404465,0.0,162,162,0.5011379828523362,0.5306841046277666,0.5454545454545454,1,0.24886331215263596,0.2202574096490411,0.20661157024793392
778550,2025-03-28,2025,Texas Rangers,Boston Red Sox,2025-03-28T17:00:00+00:00,2025-03-29T00:05:00+00:00,-0.020466663244226635,0.0,162,162,0.511825300419186,0.5306841046277666,0.49109414758269715,1,0.23831453731081806,0.2202574096490411,0.2589851666245817
778560,2025-03-28,2025,Tampa Bay Rays,Colorado Rockies,2025-03-28T17:00:00+00:00,2025-03-28T20:10:00+00:00,0.05603100203894523,1.0,162,162,0.5206107998167644,0.5306841046277666,0.6496519721577726,1,0.22981400525232235,0.2202574096490411,0.12274374061293815
778520,2025-03-29,2025,San Diego Padres,Atlanta Braves,2025-03-29T17:00:00+00:00,2025-03-29T23:15:00+00:00,-0.009737431437538024,0.0,162,162,0.5228868106925013,0.5306841046277666,0.4193548387096774,1,0.22763699541117308,0.2202574096490411,0.33714880332986474
778528,2025-03-29,2025,St. Louis Cardinals,Minnesota Twins,2025-03-29T17:00:00+00:00,2025-03-29T18:15:00+00:00,-0.017077796973314796,0.0,162,162,0.5153208843115332,0.5306841046277666,0.5025510204081632,1,0.23491384518455416,0.2202574096490411,0.24745548729695963
778529,2025-03-29,2025,Kansas City Royals,Cleveland Guardians,2025-03-29T17:00:00+00:00,2025-03-29T20:10:00+00:00,0.020676628101273575,0.0,162,162,0.5540854533526898,0.5306841046277666,0.5228426395939086,1,0.1988397829116762,0.2202574096490411,0.22767914658970856
778530,2025-03-29,2025,Houston Astros,New York Mets,2025-03-29T17:00:00+00:00,2025-03-29T23:15:00+00:00,0.012665635568086309,0.0,162,162,0.5458989220665654,0.5306841046277666,0.5241730279898218,1,0.20620778898030723,0.2202574096490411,0.2264113072923749
778531,2025-03-29,2025,Texas Rangers,Boston Red Sox,2025-03-29T17:00:00+00:00,2025-03-29T23:05:00+00:00,-0.021392679671506654,0.0,162,162,0.5108699074574518,0.5306841046277666,0.5165394402035622,1,0.23924824743068182,0.2202574096490411,0.23373411287868498
778532,2025-03-29,2025,Arizona Diamondbacks,Chicago Cubs,2025-03-29T17:00:00+00:00,2025-03-30T00:10:00+00:00,0.01704109473813309,0.0,162,162,0.550373621245235,0.5306841046277666,0.5253807106598984,0,0.3029111229625934,0.2816256189045743,0.27602489113349993
778533,2025-03-29,2025,Los Angeles Dodgers,Detroit Tigers,2025-03-29T17:00:00+00:00,2025-03-30T01:10:00+00:00,0.042857412050461674,0.0,162,162,0.5765866000212511,0.5306841046277666,0.6621004566210046,1,0.17927890728156404,0.2202574096490411,0.1141761014157336
778534,2025-03-29,2025,Chicago White Sox,Los Angeles Angels,2025-03-29T17:00:00+00:00,2025-03-29T18:10:00+00:00,-0.03602501789484008,0.0,162,162,0.4957674090404597,0.5306841046277666,0.4054054054054054,0,0.24578532386669047,0.2816256189045743,0.16435354273192107
778535,2025-03-29,2025,Washington Nationals,Philadelphia Phillies,2025-03-29T17:00:00+00:00,2025-03-29T20:05:00+00:00,-0.08861213212191477,0.0,162,162,0.4417496664827895,0.5306841046277666,0.4054054054054054,0,0.19514276783765577,0.2816256189045743,0.16435354273192107
778536,2025-03-29,2025,Toronto Blue Jays,Baltimore Orioles,2025-03-29T17:00:00+00:00,2025-03-29T19:07:00+00:00,-0.023997149601714673,0.0,162,162,0.5081824112724675,0.5306841046277666,0.5429292929292929,0,0.2582493631266993,0.2816256189045743,0.29477221712070195
778537,2025-03-29,2025,Tampa Bay Rays,Colorado Rockies,2025-03-29T17:00:00+00:00,2025-03-29T20:10:00+00:00,0.05538129436401612,0.0,162,162,0.5891585423088611,0.5306841046277666,0.6276849642004773,0,0.34710778797550207,0.2816256189045743,0.3939884142833544
778538,2025-03-29,2025,New York Yankees,Milwaukee Brewers,2025-03-29T17:00:00+00:00,2025-03-29T17:05:00+00:00,-0.0009838759097393623,0.0,162,162,0.5318953521274246,0.5306841046277666,0.597051597051597,1,0.21912196135990786,0.2202574096490411,0.1623674154386685
778539,2025-03-29,2025,Miami Marlins,Pittsburgh Pirates,2025-03-29T17:00:00+00:00,2025-03-29T20:10:00+00:00,-0.053802904006972796,0.0,162,162,0.47743133193344733,0.5306841046277666,0.47582697201017815,1,0.2730780128448509,0.2202574096490411,0.2747573632720185
778540,2025-03-29,2025,Cincinnati Reds,San Francisco Giants,2025-03-29T17:00:00+00:00,2025-03-29T20:10:00+00:00,-0.04639300275460778,0.0,162,162,0.48506933820115433,0.5306841046277666,0.5204081632653061,1,0.2651535864605971,0.2202574096490411,0.23000832986255726
778510,2025-03-30,2025,Kansas City Royals,Cleveland Guardians,2025-03-30T17:00:00+00:00,2025-03-30T18:10:00+00:00,0.024306620694444447,0.0,162,162,0.5577856201931772,0.5306841046277666,0.5178571428571429,0,0.3111247980942874,0.2816256189045743,0.2681760204081633
778514,2025-03-30,2025,San Diego Padres,Atlanta Braves,2025-03-30T17:00:00+00:00,2025-03-30T23:10:00+00:00,-0.012856242807889329,0.0,162,162,0.5196732429902956,0.5306841046277666,0.530456852791878,1,0.2307137934994596,0.2202574096490411,0.2204707670901081
778515,2025-03-30,2025,Arizona Diamondbacks,Chicago Cubs,2025-03-30T17:00:00+00:00,2025-03-30T20:10:00+00:00,0.02056371516252553,0.0,162,162,0.5539702592452735,0.5306841046277666,0.5417721518987342,1,0.1989425296377285,0.2202574096490411,0.20997276077551674
778516,2025-03-30,2025,Texas Rangers,Boston Red Sox,2025-03-30T17:00:00+00:00,2025-03-30T18:35:00+00:00,-0.019165748313044406,0.0,162,162,0.5131673374750193,0.5306841046277666,0.6116504854368933,1,0.23700604130116174,0.2202574096490411,0.15081534546140066
778517,2025-03-30,2025,St. Louis Cardinals,Minnesota Twins,2025-03-30T17:00:00+00:00,2025-03-30T18:15:00+00:00,-0.009163298981334445,0.0,162,162,0.5234781880110297,0.5306841046277666,0.5051020408163266,1,0.22707303730125153,0.2202574096490411,0.24492399000416487
778519,2025-03-30,2025,Miami Marlins,Pittsburgh Pirates,2025-03-30T17:00:00+00:00,2025-03-30T17:40:00+00:00,-0.05212752630956685,0.0,162,162,0.47915748900128985,0.5306841046277666,0.5241730279898218,1,0.2712769212634415,0.2202574096490411,0.2264113072923749
778522,2025-03-30,2025,Cincinnati Reds,San Francisco Giants,2025-03-30T17:00:00+00:00,2025-03-30T17:40:00+00:00,-0.04591960934864775,0.0,162,162,0.4855575795287955,0.5306841046277666,0.4707379134860051,0,0.2357661630378626,0.2816256189045743,0.2215941831931576
778523,2025-03-30,2025,New York Yankees,Milwaukee Brewers,2025-03-30T17:00:00+00:00,2025-03-30T17:35:00+00:00,0.006983453426602115,0.0,162,162,0.540076882784865,0.5306841046277666,0.575,1,0.21152927374888683,0.2202574096490411,0.18062500000000004
778524,2025-03-30,2025,Tampa Bay Rays,Colorado Rockies,2025-03-30T17:00:00+00:00,2025-03-30T17:40:00+00:00,0.05617938333614647,0.0,162,162,0.5899559437177369,0.5306841046277666,0.6267942583732058,1,0.1681361280924118,0.2202574096490411,0.13928252558320547
778525,2025-03-30,2025,Toronto Blue Jays,Baltimore Orioles,2025-03-30T17:00:00+00:00,2025-03-30T17:37:00+00:00,-0.024741009741502784,0.0,162,162,0.5074147444568089,0.5306841046277666,0.5468354430379747,1,0.2426402339785509,0.2202574096490411,0.20535811568658865
778526,2025-03-30,2025,Washington Nationals,Philadelphia Phillies,2025-03-30T17:00:00+00:00,2025-03-30T17:35:00+00:00,-0.08832169789396604,0.0,162,162,0.4420454204139858,0.5306841046277666,0.4335839598997493,1,0.3113133128810058,0.2202574096490411,0.32082713048284883
778527,2025-03-30,2025,Chicago White Sox,Los Angeles Angels,2025-03-30T17:00:00+00:00,2025-03-30T18:10:00+00:00,-0.03605845479881453,0.0,162,162,0.49573289610407645,0.5306841046277666,0.46446700507614214,0,0.24575110427973507,0.2816256189045743,0.21572959880440104
778496,2025-03-31,2025,Seattle Mariners,Detroit Tigers,2025-03-31T17:00:00+00:00,2025-04-01T01:40:00+00:00,0.01311017060346964,-1.0,162,162,0.614585850618456,0.5306841046277666,0.5241730279898218,0,0.37771576778041116,0.2816256189045743,0.2747573632720185
778499,2025-03-31,2025,San Diego Padres,Cleveland Guardians,2025-03-31T17:00:00+00:00,2025-04-01T01:40:00+00:00,0.019171367132767902,0.0,162,162,0.5525493090070267,0.5306841046277666,0.5417721518987342,1,0.20021212087008927,0.2202574096490411,0.20997276077551674
778500,2025-03-31,2025,Los Angeles Dodgers,Atlanta Braves,2025-03-31T17:00:00+00:00,2025-04-01T02:10:00+00:00,0.020034717956568637,1.0,162,162,0.4834711464589176,0.5306841046277666,0.6659090909090909,1,0.2668020565404649,0.2202574096490411,0.11161673553719009
778502,2025-03-31,2025,Philadelphia Phillies,Colorado Rockies,2025-03-31T17:00:00+00:00,2025-03-31T19:05:00+00:00,0.10216524248102177,0.0,162,162,0.634984295608297,0.5306841046277666,0.7244897959183673,1,0.13323646445257115,0.2202574096490411,0.07590587255310292
778503,2025-03-31,2025,St. Louis Cardinals,Los Angeles Angels,2025-03-31T17:00:00+00:00,2025-03-31T23:45:00+00:00,0.07034587308458334,0.0,162,162,0.6040279886347159,0.5306841046277666,0.5876543209876544,0,0.3648498110541004,0.2816256189045743,0.3453376009754611
778504,2025-03-31,2025,Milwaukee Brewers,Kansas City Royals,2025-03-31T17:00:00+00:00,2025-03-31T18:10:00+00:00,0.01124786179885262,0.0,162,162,0.5444473640627817,0.5306841046277666,0.5267175572519084,0,0.2964229322349112,0.2816256189045743,0.2774313851174174
778505,2025-03-31,2025,Houston Astros,San Francisco Giants,2025-03-31T17:00:00+00:00,2025-04-01T00:10:00+00:00,0.018944085141370692,1.0,162,162,0.4823466505752213,0.5306841046277666,0.5355329949238579,0,0.23265829132113464,0.2816256189045743,0.2867955886521168
778506,2025-03-31,2025,Chicago White Sox,Minnesota Twins,2025-03-31T17:00:00+00:00,2025-03-31T18:10:00+00:00,-0.1056425842343337,0.0,162,162,0.4244863131882099,0.5306841046277666,0.3705463182897863,1,0.33121600370769916,0.2202574096490411,0.39621193741854294
778507,2025-03-31,2025,Toronto Blue Jays,Washington Nationals,2025-03-31T17:00:00+00:00,2025-03-31T23:07:00+00:00,0.03804671606200488,0.0,162,162,0.5717300131584162,0.5306841046277666,0.6073170731707317,1,0.18341518162929035,0.2202574096490411,0.15419988102320048
778508,2025-03-31,2025,Tampa Bay Rays,Pittsburgh Pirates,2025-03-31T17:00:00+00:00,2025-03-31T23:05:00+00:00,0.018110183780726985,0.0,162,162,0.5514657484533636,0.5306841046277666,0.6480186480186481,1,0.2011829748105013,0.2202574096490411,0.12389087214262037
778509,2025-03-31,2025,Miami Marlins,New York Mets,2025-03-31T17:00:00+00:00,2025-03-31T22:40:00+00:00,-0.12264825866101908,-1.0,162,162,0.4765373906858298,0.5306841046277666,0.35597189695550346,0,0.22708788472165917,0.2816256189045743,0.12671599142209958
778511,2025-03-31,2025,Cincinnati Reds,Texas Rangers,2025-03-31T17:00:00+00:00,2025-03-31T22:40:00+00:00,0.020673876984054484,0.0,162,162,0.5540826467239258,0.5306841046277666,0.48600508905852424,1,0.19884228595273915,0.2202574096490411,0.26419076847373557
778512,2025-03-31,2025,Baltimore Orioles,Boston Red Sox,2025-03-31T17:00:00+00:00,2025-03-31T18:35:00+00:00,0.022598771321044042,0.0,162,162,0.5560455283684984,0.5306841046277666,0.5725,1,0.19709557288160576,0.2202574096490411,0.18275624999999998
778485,2025-04-01,2025,San Diego Padres,Cleveland Guardians,2025-04-01T17:00:00+00:00,2025-04-02T01:40:00+00:00,0.021354747816209385,0.0,162,162,0.5547771504184323,0.5306841046277666,0.6073170731707317,1,0.19822338578953122,0.2202574096490411,0.15419988102320048
778486,2025-04-01,2025,Seattle Mariners,Detroit Tigers,2025-04-01T17:00:00+00:00,2025-04-02T01:40:00+00:00,0.009828453970632145,0.0,162,162,0.5429933761916608,0.5306841046277666,0.6125907990314771,0,0.29484180658801845,0.2816256189045743,0.37526748705802354
778487,2025-04-01,2025,Los Angeles Dodgers,Atlanta Braves,2025-04-01T17:00:00+00:00,2025-04-02T02:10:00+00:00,0.023913199756114167,0.0,162,162,0.5573848960222811,0.5306841046277666,0.5417721518987342,1,0.19590813026920686,0.2202574096490411,0.20997276077551674
778488,2025-04-01,2025,Milwaukee Brewers,Kansas City Royals,2025-04-01T17:00:00+00:00,2025-04-01T23:40:00+00:00,0.0008696162617530812,0.0,162,162,0.5338003697997452,0.5306841046277666,0.530456852791878,1,0.2173420951988543,0.2202574096490411,0.2204707670901081
778489,2025-04-01,2025,Houston Astros,San Francisco Giants,2025-04-01T17:00:00+00:00,2025-04-02T00:10:00+00:00,0.01870275363003604,0.0,162,162,0.5520708747509163,0.5306841046277666,0.46954314720812185,0,0.30478225074824195,0.2816256189045743,0.220470767090108
778490,2025-04-01,2025,Chicago White Sox,Minnesota Twins,2025-04-01T17:00:00+00:00,2025-04-01T23:40:00+00:00,-0.09842343360481148,0.0,162,162,0.4317842333348897,0.5306841046277666,0.40196078431372556,0,0.18643762415659845,0.2816256189045743,0.1615724721261054
778491,2025-04-01,2025,Toronto Blue Jays,Washington Nationals,2025-04-01T17:00:00+00:00,2025-04-01T23:07:00+00:00,0.045949474988272065,0.0,162,162,0.5797004261048035,0.5306841046277666,0.5945945945945945,1,0.1766517318164837,0.2202574096490411,0.16435354273192118
778492,2025-04-01,2025,New York Yankees,Arizona Diamondbacks,2025-04-01T17:00:00+00:00,2025-04-01T23:05:00+00:00,0.008140669345829021,0.0,162,162,0.5412635213674544,0.5306841046277666,0.4885496183206107,0,0.2929661995630967,0.2816256189045743,0.23868072956121442
778493,2025-04-01,2025,Tampa Bay Rays,Pittsburgh Pirates,2025-04-01T17:00:00+00:00,2025-04-01T23:05:00+00:00,0.024079668685910438,0.0,162,162,0.5575544643306504,0.5306841046277666,0.608272506082725,1,0.19575805203373775,0.2202574096490411,0.15345042949070872
778495,2025-04-01,2025,St. Louis Cardinals,Los Angeles Angels,2025-04-01T17:00:00+00:00,2025-04-01T23:45:00+00:00,0.06541236079647955,0.0,162,162,0.5991456125130422,0.5306841046277666,0.5771144278606966,0,0.35897546499362853,0.2816256189045743,0.3330610628449791
778497,2025-04-01,2025,Miami Marlins,New York Mets,2025-04-01T17:00:00+00:00,2025-04-01T22:40:00+00:00,-0.12497559505180522,0.0,162,162,0.4051119763067022,0.5306841046277666,0.40987654320987654,1,0.3538917607337177,0.2202574096490411,0.3482456942539247
778498,2025-04-01,2025,Cincinnati Reds,Texas Rangers,2025-04-01T17:00:00+00:00,2025-04-01T22:40:00+00:00,0.03515899417741897,0.0,162,162,0.5688080302909425,0.5306841046277666,0.43107769423558895,0,0.32354257532346176,0.2816256189045743,0.18582797846747193
778469,2025-04-02,2025,Seattle Mariners,Detroit Tigers,2025-04-02T17:00:00+00:00,2025-04-02T20:10:00+00:00,0.008176105423613023,0.0,162,162,0.5412998511066173,0.5306841046277666,0.4545454545454545,1,0.2104058265948115,0.2202574096490411,0.29752066115702486
778472,2025-04-02,2025,Los Angeles Dodgers,Atlanta Braves,2025-04-02T17:00:00+00:00,2025-04-03T00:38:00+00:00,0.02644892506794405,0.0,162,162,0.5599663597782154,0.5306841046277666,0.680709534368071,1,0.19362960452683498,0.2202574096490411,0.10194640144345402
778473,2025-04-02,2025,St. Louis Cardinals,Los Angeles Angels,2025-04-02T17:00:00+00:00,2025-04-02T17:15:00+00:00,0.062393069604911866,0.0,162,162,0.5961478119061601,0.5306841046277666,0.57,1,0.16309658982818226,0.2202574096490411,0.18490000000000004
778474,2025-04-02,2025,Chicago White Sox,Minnesota Twins,2025-04-02T17:00:00+00:00,2025-04-02T18:10:00+00:00,-0.10317635616247534,0.0,162,162,0.42697591640091703,0.5306841046277666,0.36904761904761907,0,0.18230843318640289,0.2816256189045743,0.13619614512471656
778475,2025-04-02,2025,Houston Astros,San Francisco Giants,2025-04-02T17:00:00+00:00,2025-04-02T20:10:00+00:00,0.01893302818874032,0.0,162,162,0.5523059872858345,0.5306841046277666,0.6125907990314771,0,0.30504190359178035,0.2816256189045743,0.37526748705802354
778476,2025-04-02,2025,San Diego Padres,Cleveland Guardians,2025-04-02T17:00:00+00:00,2025-04-02T20:10:00+00:00,0.030371697659816954,0.0,162,162,0.5639534591902097,0.5306841046277666,0.6285714285714284,1,0.19013658575218415,0.2202574096490411,0.1379591836734695
778477,2025-04-02,2025,Milwaukee Brewers,Kansas City Royals,2025-04-02T17:00:00+00:00,2025-04-02T17:10:00+00:00,-0.00034229004686170406,0.0,162,162,0.5325548815997999,0.5306841046277666,0.5267175572519084,1,0.21850493871617707,0.2202574096490411,0.2239962706136006
778478,2025-04-02,2025,Toronto Blue Jays,Washington Nationals,2025-04-02T17:00:00+00:00,2025-04-02T19:07:00+00:00,0.04511150223391491,0.0,162,162,0.5788571708917614,0.5306841046277666,0.49489795918367346,1,0.1773612825092911,0.2202574096490411,0.25512807163681794
778479,2025-04-02,2025,Tampa Bay Rays,Pittsburgh Pirates,2025-04-02T17:00:00+00:00,2025-04-02T17:10:00+00:00,0.031005098378866502,0.0,162,162,0.5645964858846093,0.5306841046277666,0.49489795918367346,0,0.31876919187324987,0.2816256189045743,0.24492399000416493
778481,2025-04-02,2025,Miami Marlins,New York Mets,2025-04-02T17:00:00+00:00,2025-04-02T20:40:00+00:00,-0.12751689212537454,0.0,162,162,0.40258572362634537,0.5306841046277666,0.34252873563218394,0,0.16207526486774815,0.2816256189045743,0.11732593473378256
778482,2025-04-02,2025,Philadelphia Phillies,Colorado Rockies,2025-04-02T17:00:00+00:00,2025-04-02T22:45:00+00:00,0.10359995929208404,0.0,162,162,0.6363562495486745,0.5306841046277666,0.7528517110266159,1,0.13223677724230587,0.2202574096490411,0.061082276742471395
778483,2025-04-02,2025,Baltimore Orioles,Boston Red Sox,2025-04-02T17:00:00+00:00,2025-04-02T22:35:00+00:00,0.023781145181860863,0.0,162,162,0.5572503732915263,0.5306841046277666,0.4707379134860051,0,0.31052797853354536,0.2816256189045743,0.2215941831931576
778484,2025-04-02,2025,New York Yankees,Arizona Diamondbacks,2025-04-02T17:00:00+00:00,2025-04-02T23:05:00+00:00,0.0072009737827808395,0.0,162,162,0.5402999687727866,0.5306841046277666,0.57,0,0.2919240562558742,0.2816256189045743,0.32489999999999997
778462,2025-04-03,2025,Minnesota Twins,Houston Astros,2025-04-03T17:00:00+00:00,2025-04-03T20:10:00+00:00,-0.061816674440185515,0.0,162,162,0.4691828389480199,0.5306841046277666,0.5555555555555556,0,0.22013253636332356,0.2816256189045743,0.308641975308642
778466,2025-04-03,2025,New York Yankees,Arizona Diamondbacks,2025-04-03T17:00:00+00:00,2025-04-03T23:05:00+00:00,0.004714218680602289,0.0,162,162,0.53774864460332,0.5306841046277666,0.5216284987277354,1,0.2136763155660678,0.2202574096490411,0.22883929322948024
778467,2025-04-03,2025,Philadelphia Phillies,Colorado Rockies,2025-04-03T17:00:00+00:00,2025-04-03T17:05:00+00:00,0.10664064955433511,0.0,162,162,0.6392565787198391,0.5306841046277666,0.6605504587155964,1,0.13013581599691565,0.2202574096490411,0.11522599107819205
778468,2025-04-03,2025,Milwaukee Brewers,Cincinnati Reds,2025-04-03T17:00:00+00:00,2025-04-03T23:40:00+00:00,0.035743151911502125,0.0,162,162,0.5693995121825446,0.5306841046277666,0.5216284987277354,1,0.18541678010863058,0.2202574096490411,0.22883929322948024
778470,2025-04-03,2025,Baltimore Orioles,Boston Red Sox,2025-04-03T17:00:00+00:00,2025-04-03T17:05:00+00:00,0.021729844120641495,0.0,162,162,0.55515966596168,0.5306841046277666,0.5505050505050506,0,0.3082022547106841,0.2816256189045743,0.30305581063156833
778444,2025-04-04,2025,San Francisco Giants,Seattle Mariners,2025-04-04T17:00:00+00:00,2025-04-04T20:35:00+00:00,0.025473861178958668,0.0,162,162,0.5589740840065014,0.5306841046277666,0.5771144278606966,1,0.1945038585779045,0.2202574096490411,0.17883220712358602
778447,2025-04-04,2025,Los Angeles Angels,Cleveland Guardians,2025-04-04T17:00:00+00:00,2025-04-05T01:38:00+00:00,-0.07081246868168306,0.0,162,162,0.459943793593063,0.5306841046277666,0.4885496183206107,0,0.21154829326477811,0.2816256189045743,0.23868072956121442
778453,2025-04-04,2025,Milwaukee Brewers,Cincinnati Reds,2025-04-04T17:00:00+00:00,2025-04-05T00:10:00+00:00,0.03672045723217393,0.0,162,162,0.5703886274300164,0.5306841046277666,0.5367088607594936,1,0.18456593144146527,0.2202574096490411,0.21463867969876624
778454,2025-04-04,2025,Texas Rangers,Tampa Bay Rays,2025-04-04T17:00:00+00:00,2025-04-05T00:05:00+00:00,-0.041307132636557775,0.0,162,162,0.49031602678446534,0.5306841046277666,0.5406091370558376,1,0.2597777525527739,0.2202574096490411,0.21103996495658223
778455,2025-04-04,2025,Kansas City Royals,Baltimore Orioles,2025-04-04T17:00:00+00:00,2025-04-04T23:40:00+00:00,0.024831075241313227,1.0,162,162,0.4884182600439809,0.5306841046277666,0.5025510204081632,1,0.2617158766564279,0.2202574096490411,0.24745548729695963
778457,2025-04-04,2025,Washington Nationals,Arizona Diamondbacks,2025-04-04T17:00:00+00:00,2025-04-04T22:45:00+00:00,-0.09517457546600017,1.0,162,162,0.3677593651987095,0.5306841046277666,0.42999999999999994,0,0.13524695069135778,0.2816256189045743,0.18489999999999995
778458,2025-04-04,2025,Detroit Tigers,Chicago White Sox,2025-04-04T17:00:00+00:00,2025-04-04T17:10:00+00:00,0.12301042380930699,0.0,162,162,0.6546924481458626,0.5306841046277666,0.6792873051224944,1,0.1192373053674978,0.2202574096490411,0.10285663265559203
778459,2025-04-04,2025,Philadelphia Phillies,Los Angeles Dodgers,2025-04-04T17:00:00+00:00,2025-04-04T22:45:00+00:00,-0.02037381254380055,-1.0,162,162,0.5813637051001942,0.5306841046277666,0.4582278481012658,1,0.17525634740743717,0.2202574096490411,0.2935170645729851
778460,2025-04-04,2025,Chicago Cubs,San Diego Padres,2025-04-04T17:00:00+00:00,2025-04-04T18:20:00+00:00,0.00355773196817466,0.0,162,162,0.5365614474356752,0.5306841046277666,0.6039119804400979,1,0.2147752920029164,0.2202574096490411,0.15688571923888542
778461,2025-04-04,2025,Pittsburgh Pirates,New York Yankees,2025-04-04T17:00:00+00:00,2025-04-04T20:12:00+00:00,-0.08276042259279887,1.0,162,162,0.3797562528286364,0.5306841046277666,0.39608801955990225,0,0.1442148115624472,0.2816256189045743,0.1568857192388855
778463,2025-04-04,2025,Boston Red Sox,St. Louis Cardinals,2025-04-04T17:00:00+00:00,2025-04-04T18:10:00+00:00,-0.0033161235594900695,-1.0,162,162,0.5984006648340398,0.5306841046277666,0.5216284987277354,1,0.16128202600574126,0.2202574096490411,0.22883929322948024
778464,2025-04-04,2025,Atlanta Braves,Miami Marlins,2025-04-04T17:00:00+00:00,2025-04-04T23:15:00+00:00,0.1089145572150868,0.0,162,162,0.641418913950369,0.5306841046277666,0.6843267108167771,1,0.12858039527253287,0.2202574096490411,0.09964962550375467
778465,2025-04-04,2025,New York Mets,Toronto Blue Jays,2025-04-04T17:00:00+00:00,2025-04-04T19:10:00+00:00,0.05170521665323946,0.0,162,162,0.5854796410998935,0.5306841046277666,0.5541561712846348,1,0.17182712794267313,0.2202574096490411,0.1987767196035759
778436,2025-04-05,2025,San Francisco Giants,Seattle Mariners,2025-04-05T17:00:00+00:00,2025-04-06T01:05:00+00:00,0.022207682701068876,0.0,162,162,0.5556468612660679,0.5306841046277666,0.547979797979798,1,0.1974497119026971,0.2202574096490411,0.20432226303438422
778437,2025-04-05,2025,Los Angeles Angels,Cleveland Guardians,2025-04-05T17:00:00+00:00,2025-04-06T01:38:00+00:00,-0.07498360503977003,0.0,162,162,0.4556688036323345,0.5306841046277666,0.42643391521197016,1,0.29629645133905413,0.2202574096490411,0.32897805361906945
778438,2025-04-05,2025,Texas Rangers,Tampa Bay Rays,2025-04-05T17:00:00+00:00,2025-04-05T23:05:00+00:00,-0.03931682188480312,0.0,162,162,0.49236991733327284,0.5306841046277666,0.6135265700483092,1,0.25768830082822825,0.2202574096490411,0.14936171205862442
778439,2025-04-05,2025,Milwaukee Brewers,Cincinnati Reds,2025-04-05T17:00:00+00:00,2025-04-05T23:10:00+00:00,0.039523328886236275,0.0,162,162,0.5732222276480327,0.5306841046277666,0.5216284987277354,0,0.32858372226977295,0.2816256189045743,0.27209629068495106
778440,2025-04-05,2025,Minnesota Twins,Houston Astros,2025-04-05T17:00:00+00:00,2025-04-05T18:10:00+00:00,-0.06139886979061587,0.0,162,162,0.4696125045090304,0.5306841046277666,0.5392405063291139,1,0.2813108953731832,0.2202574096490411,0.21229931100785132
778441,2025-04-05,2025,Kansas City Royals,Baltimore Orioles,2025-04-05T17:00:00+00:00,2025-04-05T20:10:00+00:00,0.03163753107481648,0.0,162,162,0.5652383131132501,0.5306841046277666,0.5114503816793893,0,0.3194943506111126,0.2816256189045743,0.261581492919993
778445,2025-04-05,2025,Detroit Tigers,Chicago White Sox,2025-04-05T17:00:00+00:00,2025-04-05T17:10:00+00:00,0.126257721939937,0.0,162,162,0.6577173162536757,0.5306841046277666,0.6711711711711711,1,0.11715743559258626,0.2202574096490411,0.10812839866893927
778446,2025-04-05,2025,New York Mets,Toronto Blue Jays,2025-04-05T17:00:00+00:00,2025-04-05T23:10:00+00:00,0.050510257797246494,0.0,162,162,0.5842816870475894,0.5306841046277666,0.5355329949238579,1,0.17282171572399838,0.2202574096490411,0.21572959880440104
778448,2025-04-05,2025,Philadelphia Phillies,Los Angeles Dodgers,2025-04-05T17:00:00+00:00,2025-04-05T20:05:00+00:00,-0.021302197723574445,0.0,162,162,0.5109632634279646,0.5306841046277666,0.5089058524173028,0,0.26108345657295556,0.2816256189045743,0.2589851666245816
778449,2025-04-05,2025,Pittsburgh Pirates,New York Yankees,2025-04-05T17:00:00+00:00,2025-04-05T20:05:00+00:00,-0.08330846190552837,0.0,162,162,0.4471567854624444,0.5306841046277666,0.41234567901234565,0,0.19994919078510653,0.2816256189045743,0.17002895900015239
778450,2025-04-05,2025,Chicago Cubs,San Diego Padres,2025-04-05T17:00:00+00:00,2025-04-05T18:20:00+00:00,0.00568647025454927,0.0,162,162,0.5387463837276084,0.5306841046277666,0.5204081632653061,1,0.21275489852435867,0.2202574096490411,0.23000832986255726
778451,2025-04-05,2025,Atlanta Braves,Miami Marlins,2025-04-05T17:00:00+00:00,2025-04-05T23:15:00+00:00,0.11672151692265992,0.0,162,162,0.648798730507036,0.5306841046277666,0.6995708154506437,0,0.42093979270754145,0.2816256189045743,0.48939932583027856
778452,2025-04-05,2025,Washington Nationals,Arizona Diamondbacks,2025-04-05T17:00:00+00:00,2025-04-05T20:05:00+00:00,-0.09865007840734696,0.0,162,162,0.4315546473937191,0.5306841046277666,0.4494949494949495,1,0.3231301188996791,0.2202574096490411,0.3030558106315682
778419,2025-04-06,2025,Minnesota Twins,Houston Astros,2025-04-06T17:00:00+00:00,2025-04-06T18:10:00+00:00,-0.061071604887447006,0.0,162,162,0.4699490915183685,0.5306841046277666,0.5076530612244898,0,0.2208521486189399,0.2816256189045743,0.2577116305705956
778420,2025-04-06,2025,Texas Rangers,Tampa Bay Rays,2025-04-06T17:00:00+00:00,2025-04-06T18:35:00+00:00,-0.03716730558754716,0.0,162,162,0.49458838643976466,0.5306841046277666,0.49744897959183665,1,0.25544089912156065,0.2202574096490411,0.25255752811328624
778421,2025-04-06,2025,Milwaukee Brewers,Cincinnati Reds,2025-04-06T17:00:00+00:00,2025-04-06T18:10:00+00:00,0.03354758729605478,0.0,162,162,0.5671754066230416,0.5306841046277666,0.5760598503740648,1,0.18733712863192942,0.2202574096490411,0.17972525046486032
778422,2025-04-06,2025,Kansas City Royals,Baltimore Orioles,2025-04-06T17:00:00+00:00,2025-04-06T18:10:00+00:00,0.024295201441927206,0.0,162,162,0.5577739900180151,0.5306841046277666,0.5025510204081632,1,0.19556384390458662,0.2202574096490411,0.24745548729695963
778425,2025-04-06,2025,Los Angeles Angels,Cleveland Guardians,2025-04-06T17:00:00+00:00,2025-04-06T20:07:00+00:00,-0.06897579551736988,0.0,162,162,0.4618281050593131,0.5306841046277666,0.49234693877551017,1,0.28962898850404967,0.2202574096490411,0.2577116305705956
778427,2025-04-06,2025,San Francisco Giants,Seattle Mariners,2025-04-06T17:00:00+00:00,2025-04-06T20:05:00+00:00,0.030243697103803813,0.0,162,162,0.563823487173652,0.5306841046277666,0.5089058524173028,1,0.19024995034135328,0.2202574096490411,0.24117346178997598
778428,2025-04-06,2025,Pittsburgh Pirates,New York Yankees,2025-04-06T17:00:00+00:00,2025-04-06T17:35:00+00:00,-0.08901633613994403,0.0,162,162,0.4413381277186898,0.5306841046277666,0.40097799511002447,1,0.3121030875408589,0.2202574096490411,0.3588273623424058
778429,2025-04-06,2025,Washington Nationals,Arizona Diamondbacks,2025-04-06T17:00:00+00:00,2025-04-06T17:35:00+00:00,-0.0979715427957743,0.0,162,162,0.43224207566673295,0.5306841046277666,0.3840579710144928,1,0.32234906064321983,0.2202574096490411,0.3793845830707834
778430,2025-04-06,2025,Chicago Cubs,San Diego Padres,2025-04-06T17:00:00+00:00,2025-04-06T18:20:00+00:00,0.009264497689596363,0.0,162,162,0.5424154758244718,0.5306841046277666,0.5541561712846348,0,0.29421454841388817,0.2816256189045743,0.3070890621728455
778432,2025-04-06,2025,Boston Red Sox,St. Louis Cardinals,2025-04-06T17:00:00+00:00,2025-04-06T23:10:00+00:00,0.001325435482904147,0.0,162,162,0.5342687115728038,0.5306841046277666,0.5228426395939086,1,0.21690563302005625,0.2202574096490411,0.22767914658970856
778433,2025-04-06,2025,Detroit Tigers,Chicago White Sox,2025-04-06T17:00:00+00:00,2025-04-06T17:40:00+00:00,0.13141275368286587,0.0,162,162,0.6624929489944794,0.5306841046277666,0.6267942583732058,1,0.11391100947844307,0.2202574096490411,0.13928252558320547
778434,2025-04-06,2025,Philadelphia Phillies,Los Angeles Dodgers,2025-04-06T17:00:00+00:00,2025-04-06T17:35:00+00:00,-0.02683087613595392,0.0,162,162,0.505257818049303,0.5306841046277666,0.46446700507614214,1,0.24476982660133653,0.2202574096490411,0.2867955886521168
778435,2025-04-06,2025,New York Mets,Toronto Blue Jays,2025-04-06T17:00:00+00:00,2025-04-06T17:40:00+00:00,0.05312847989917868,0.0,162,162,0.5869051527214559,0.5306841046277666,0.5725,1,0.17064735284808363,0.2202574096490411,0.18275624999999998
778443,2025-04-06,2025,Boston Red Sox,St. Louis Cardinals,2025-04-06T17:00:00+00:00,2025-04-06T17:35:00+00:00,0.001325435482904147,0.0,162,162,0.5342687115728038,0.5306841046277666,0.5329949238578681,1,0.21690563302005625,0.2202574096490411,0.21809374114251845
778405,2025-04-07,2025,Seattle Mariners,Houston Astros,2025-04-07T17:00:00+00:00,2025-04-08T01:40:00+00:00,-0.03245496445510998,0.0,162,162,0.499452515657618,0.5306841046277666,0.5935960591133005,1,0.2505477840814872,0.2202574096490411,0.16516416316823995
778410,2025-04-07,2025,San Francisco Giants,Cincinnati Reds,2025-04-07T17:00:00+00:00,2025-04-08T01:45:00+00:00,0.05067674104695469,0.0,162,162,0.5844486476560072,0.5306841046277666,0.5841584158415841,0,0.3415802217469357,0.2816256189045743,0.3412410547985491
778411,2025-04-07,2025,Chicago Cubs,Texas Rangers,2025-04-07T17:00:00+00:00,2025-04-07T23:40:00+00:00,0.07426902064051838,0.0,162,162,0.6078957770796256,0.5306841046277666,0.5355329949238579,1,0.15374572163199066,0.2202574096490411,0.21572959880440104
778412,2025-04-07,2025,Kansas City Royals,Minnesota Twins,2025-04-07T17:00:00+00:00,2025-04-07T23:40:00+00:00,0.04114583209329864,0.0,162,162,0.5748603373746493,0.5306841046277666,0.5190839694656489,1,0.18074373273719704,0.2202574096490411,0.23128022842491688
778413,2025-04-07,2025,Arizona Diamondbacks,Baltimore Orioles,2025-04-07T17:00:00+00:00,2025-04-08T01:40:00+00:00,0.033161405210120565,0.0,162,162,0.5667839216507023,0.5306841046277666,0.5267175572519084,0,0.3212440138417495,0.2816256189045743,0.2774313851174174
778415,2025-04-07,2025,Pittsburgh Pirates,St. Louis Cardinals,2025-04-07T17:00:00+00:00,2025-04-07T22:40:00+00:00,-0.024647781174553796,0.0,162,162,0.50751095872381,0.5306841046277666,0.46954314720812185,1,0.24254545577714076,0.2202574096490411,0.2813844726738643
778416,2025-04-07,2025,New York Mets,Miami Marlins,2025-04-07T17:00:00+00:00,2025-04-07T23:10:00+00:00,0.1350357408957128,-1.0,162,162,0.7251321642200083,0.5306841046277666,0.7070063694267517,1,0.07555232714637651,0.2202574096490411,0.08584526755649313
778418,2025-04-07,2025,Washington Nationals,Los Angeles Dodgers,2025-04-07T17:00:00+00:00,2025-04-07T22:45:00+00:00,-0.11399347968900847,0.0,162,162,0.4160853833121938,0.5306841046277666,0.38740920096852305,1,0.34095627958166763,0.2202574096490411,0.3752674870580234
778424,2025-04-07,2025,Detroit Tigers,New York Yankees,2025-04-07T17:00:00+00:00,2025-04-07T19:10:00+00:00,-0.034364055462056675,0.0,162,162,0.49748186692714547,0.5306841046277666,0.4158415841584158,1,0.25252447406702716,0.2202574096490411,0.34124105479854927
778426,2025-04-07,2025,Boston Red Sox,Toronto Blue Jays,2025-04-07T17:00:00+00:00,2025-04-07T22:45:00+00:00,0.0006003204833772702,0.0,162,162,0.5335236477032849,0.5306841046277666,0.5555555555555556,0,0.28464748265861883,0.2816256189045743,0.308641975308642
778394,2025-04-08,2025,Colorado Rockies,Milwaukee Brewers,2025-04-08T17:00:00+00:00,2025-04-09T00:40:00+00:00,-0.1089324840126703,0.0,162,162,0.4211712080819743,0.5306841046277666,0.4054054054054054,0,0.17738518651722968,0.2816256189045743,0.16435354273192107
778396,2025-04-08,2025,Arizona Diamondbacks,Baltimore Orioles,2025-04-08T17:00:00+00:00,2025-04-09T01:40:00+00:00,0.029192820755538418,0.0,162,162,0.562756095317616,0.5306841046277666,0.5,1,0.19118223218189775,0.2202574096490411,0.25
778397,2025-04-08,2025,San Francisco Giants,Cincinnati Reds,2025-04-08T17:00:00+00:00,2025-04-09T01:45:00+00:00,0.04783030481187606,0.0,162,162,0.58159141242532,0.5306841046277666,0.547979797979798,0,0.33824857100687866,0.2816256189045743,0.30028185899398024
778398,2025-04-08,2025,Seattle Mariners,Houston Astros,2025-04-08T17:00:00+00:00,2025-04-09T01:40:00+00:00,-0.030186463618052994,0.0,162,162,0.5017941803344831,0.5306841046277666,0.5216284987277354,0,0.25179739941755575,0.2816256189045743,0.27209629068495106
778400,2025-04-08,2025,Kansas City Royals,Minnesota Twins,2025-04-08T17:00:00+00:00,2025-04-08T23:40:00+00:00,0.041671794290979,0.0,162,162,0.5753910078811322,0.5306841046277666,0.5216284987277354,1,0.18029279618820077,0.2202574096490411,0.22883929322948024
778401,2025-04-08,2025,Chicago Cubs,Texas Rangers,2025-04-08T17:00:00+00:00,2025-04-08T23:40:00+00:00,0.0796779679762778,0.0,162,162,0.6132061784623424,0.5306841046277666,0.5876543209876544,1,0.14960946037970532,0.2202574096490411,0.17002895900015239
778402,2025-04-08,2025,Cleveland Guardians,Chicago White Sox,2025-04-08T17:00:00+00:00,2025-04-08T20:10:00+00:00,0.10801992019797624,0.0,162,162,0.6405688537851283,0.5306841046277666,0.6382978723404256,1,0.12919074886933649,0.2202574096490411,0.13082842915346307
778403,2025-04-08,2025,Detroit Tigers,New York Yankees,2025-04-08T17:00:00+00:00,2025-04-08T17:10:00+00:00,-0.03469784042049573,0.0,162,162,0.4971373255382046,0.5306841046277666,0.6039119804400979,1,0.25287086936686964,0.2202574096490411,0.15688571923888542
778404,2025-04-08,2025,Boston Red Sox,Toronto Blue Jays,2025-04-08T17:00:00+00:00,2025-04-08T22:45:00+00:00,-0.001083651153548637,0.0,162,162,0.5317927763379966,0.5306841046277666,0.6480186480186481,0,0.2828035569652745,0.2816256189045743,0.41992816817991646
778406,2025-04-08,2025,Atlanta Braves,Philadelphia Phillies,2025-04-08T17:00:00+00:00,2025-04-08T23:15:00+00:00,-0.0014461190361316767,1.0,162,162,0.4613685555048918,0.5306841046277666,0.5076530612244898,1,0.2901238329988868,0.2202574096490411,0.24240550812161596
778407,2025-04-08,2025,New York Mets,Miami Marlins,2025-04-08T17:00:00+00:00,2025-04-08T20:10:00+00:00,0.13242251408123018,0.0,162,162,0.663424560639701,0.5306841046277666,0.7184265010351967,1,0.1132830263805783,0.2202574096490411,0.0792836353192821
778408,2025-04-08,2025,Pittsburgh Pirates,St. Louis Cardinals,2025-04-08T17:00:00+00:00,2025-04-08T22:40:00+00:00,-0.025639193859048448,0.0,162,162,0.5064877683759601,0.5306841046277666,0.5603015075376885,0,0.2565298595144602,0.2816256189045743,0.3139377793490064
778409,2025-04-08,2025,Washington Nationals,Los Angeles Dodgers,2025-04-08T17:00:00+00:00,2025-04-08T22:45:00+00:00,-0.11271636975808069,0.0,162,162,0.41736711912943936,0.5306841046277666,0.37980769230769235,1,0.3394610738715289,0.2202574096490411,0.3846384985207101
778417,2025-04-08,2025,Tampa Bay Rays,Los Angeles Angels,2025-04-08T17:00:00+00:00,2025-04-08T23:05:00+00:00,0.06820194671327395,0.0,162,162,0.6019087692272587,0.5306841046277666,0.6092233009708737,0,0.3622941664726733,0.2816256189045743,0.3711530304458478
778376,2025-04-09,2025,San Francisco Giants,Cincinnati Reds,2025-04-09T17:00:00+00:00,2025-04-09T19:45:00+00:00,0.052569368133774275,0.0,162,162,0.5863453300272289,0.5306841046277666,0.57356608478803,1,0.1711101859902822,0.2202574096490411,0.18184588404300966
778379,2025-04-09,2025,Colorado Rockies,Milwaukee Brewers,2025-04-09T17:00:00+00:00,2025-04-10T00:40:00+00:00,-0.11571670561373354,0.0,162,162,0.41435771571441443,0.5306841046277666,0.44332493702770776,0,0.1716923165720675,0.2816256189045743,0.19653699979062106
778380,2025-04-09,2025,Arizona Diamondbacks,Baltimore Orioles,2025-04-09T17:00:00+00:00,2025-04-09T19:40:00+00:00,0.03202505215857088,0.0,162,162,0.5656314827661082,0.5306841046277666,0.5355329949238579,1,0.18867600876396975,0.2202574096490411,0.21572959880440104
778383,2025-04-09,2025,Seattle Mariners,Houston Astros,2025-04-09T17:00:00+00:00,2025-04-09T20:10:00+00:00,-0.032383010181558536,0.0,162,162,0.4995267907788694,0.5306841046277666,0.43609022556390975,1,0.25047343314809756,0.2202574096490411,0.3179942337045622
778385,2025-04-09,2025,Chicago Cubs,Texas Rangers,2025-04-09T17:00:00+00:00,2025-04-09T18:20:00+00:00,0.08145162940123596,0.0,162,162,0.6149417484996211,0.5306841046277666,0.6125907990314771,0,0.3781533540477713,0.2816256189045743,0.37526748705802354
778386,2025-04-09,2025,Boston Red Sox,Toronto Blue Jays,2025-04-09T17:00:00+00:00,2025-04-09T22:45:00+00:00,-0.007503362847875061,0.0,162,162,0.5251876064925673,0.5306841046277666,0.5367088607594936,0,0.2758220220133918,0.2816256189045743,0.28805640121775355
778387,2025-04-09,2025,Detroit Tigers,New York Yankees,2025-04-09T17:00:00+00:00,2025-04-09T17:10:00+00:00,-0.02936674855866961,0.0,162,162,0.5026403189187933,0.5306841046277666,0.42039800995024873,0,0.2526472902027863,0.2816256189045743,0.17673448677012943
778388,2025-04-09,2025,Kansas City Royals,Minnesota Twins,2025-04-09T17:00:00+00:00,2025-04-09T23:40:00+00:00,0.03967808665345551,0.0,162,162,0.5733785439084099,0.5306841046277666,0.49489795918367346,0,0.32876295461452837,0.2816256189045743,0.24492399000416493
778390,2025-04-09,2025,New York Mets,Miami Marlins,2025-04-09T17:00:00+00:00,2025-04-09T17:10:00+00:00,0.14099981221873953,0.0,162,162,0.6712863280692545,0.5306841046277666,0.6543778801843317,0,0.45062533425270274,0.2816256189045743,0.42821041007453964
778391,2025-04-09,2025,Cleveland Guardians,Chicago White Sox,2025-04-09T17:00:00+00:00,2025-04-09T22:10:00+00:00,0.1085869610622594,0.0,162,162,0.6411077436260287,0.5306841046277666,0.6267942583732058,1,0.1288036516852003,0.2202574096490411,0.13928252558320547
778392,2025-04-09,2025,Washington Nationals,Los Angeles Dodgers,2025-04-09T17:00:00+00:00,2025-04-09T20:05:00+00:00,-0.10774695144036378,0.0,162,162,0.42236502096022904,0.5306841046277666,0.37320574162679426,0,0.1783922109307347,0.2816256189045743,0.13928252558320553
778393,2025-04-09,2025,Atlanta Braves,Philadelphia Phillies,2025-04-09T17:00:00+00:00,2025-04-09T23:15:00+00:00,-0.0002754335980632572,0.0,162,162,0.5326236013573593,0.5306841046277666,0.5566750629722922,0,0.2836879007228832,0.2816256189045743,0.3098871257352055
778399,2025-04-09,2025,Tampa Bay Rays,Los Angeles Angels,2025-04-09T17:00:00+00:00,2025-04-09T23:05:00+00:00,0.06620711077398922,0.0,162,162,0.5999334834958567,0.5306841046277666,0.568922305764411,1,0.16005321762775993,0.2202574096490411,0.18582797846747193
778371,2025-04-10,2025,Colorado Rockies,Milwaukee Brewers,2025-04-10T17:00:00+00:00,2025-04-10T19:10:00+00:00,-0.1300468275632412,0.0,162,162,0.40007588981593795,0.5306841046277666,0.4593908629441624,1,0.35990893798013857,0.2202574096490411,0.2922582390682574
778373,2025-04-10,2025,Kansas City Royals,Minnesota Twins,2025-04-10T17:00:00+00:00,2025-04-10T18:10:00+00:00,0.034949234217780734,0.0,162,162,0.5685955923661004,0.5306841046277666,0.5153061224489797,1,0.18610976292595585,0.2202574096490411,0.2349281549354435
778377,2025-04-10,2025,Boston Red Sox,Toronto Blue Jays,2025-04-10T17:00:00+00:00,2025-04-10T20:10:00+00:00,-0.007516056922583891,0.0,162,162,0.525174536198477,0.5306841046277666,0.5076530612244898,1,0.22545922107433145,0.2202574096490411,0.24240550812161596
778378,2025-04-10,2025,Cleveland Guardians,Chicago White Sox,2025-04-10T17:00:00+00:00,2025-04-10T17:10:00+00:00,0.1036882157466415,0.0,162,162,0.6364405730353017,0.5306841046277666,0.6829268292682927,1,0.13217545693489982,0.2202574096490411,0.10053539559785839
778382,2025-04-10,2025,Tampa Bay Rays,Los Angeles Angels,2025-04-10T17:00:00+00:00,2025-04-10T17:10:00+00:00,0.0669357586290743,0.0,162,162,0.6006553706856793,0.5306841046277666,0.5228426395939086,0,0.36078687433355083,0.2816256189045743,0.27336442577752584
778384,2025-04-10,2025,Atlanta Braves,Philadelphia Phillies,2025-04-10T17:00:00+00:00,2025-04-10T23:15:00+00:00,-0.002784034944485647,0.0,162,162,0.5300442592200495,0.5306841046277666,0.5329949238578681,1,0.22085839829203202,0.2202574096490411,0.21809374114251845
778356,2025-04-11,2025,Los Angeles Dodgers,Chicago Cubs,2025-04-11T17:00:00+00:00,2025-04-12T02:10:00+00:00,0.018364302297407376,0.0,162,162,0.5517252704642129,0.5306841046277666,0.6318289786223278,1,0.20095023314038304,0.2202574096490411,0.13554990098227837
778360,2025-04-11,2025,Seattle Mariners,Texas Rangers,2025-04-11T17:00:00+00:00,2025-04-12T01:40:00+00:00,0.0546570170579474,0.0,162,162,0.5884344831885149,0.5306841046277666,0.46446700507614214,1,0.16938617462830485,0.2202574096490411,0.2867955886521168
778361,2025-04-11,2025,San Diego Padres,Colorado Rockies,2025-04-11T17:00:00+00:00,2025-04-12T01:40:00+00:00,0.1127393788050225,1.0,162,162,0.5785051992099008,0.5306841046277666,0.6605504587155964,1,0.17765786709308537,0.2202574096490411,0.11522599107819205
778363,2025-04-11,2025,Minnesota Twins,Detroit Tigers,2025-04-11T17:00:00+00:00,2025-04-12T00:10:00+00:00,-0.02309103117745087,-1.0,162,162,0.5786306482331368,0.5306841046277666,0.5241730279898218,0,0.33481342707470013,0.2816256189045743,0.2747573632720185
778365,2025-04-11,2025,St. Louis Cardinals,Philadelphia Phillies,2025-04-11T17:00:00+00:00,2025-04-12T00:15:00+00:00,-0.031049557865314548,1.0,162,162,0.431172833139007,0.5306841046277666,0.49234693877551017,1,0.323564345759104,0.2202574096490411,0.2577116305705956
778366,2025-04-11,2025,Chicago White Sox,Boston Red Sox,2025-04-11T17:00:00+00:00,2025-04-11T23:40:00+00:00,-0.1140315768366375,0.0,162,162,0.4160471655059064,0.5306841046277666,0.4054054054054054,1,0.3410009129136863,0.2202574096490411,0.35354273192111035
778367,2025-04-11,2025,Tampa Bay Rays,Atlanta Braves,2025-04-11T17:00:00+00:00,2025-04-11T23:05:00+00:00,-0.04391935216607673,0.0,162,162,0.48762086779235514,0.5306841046277666,0.5591939546599496,1,0.26253237512185923,0.2202574096490411,0.19430996960833458
778368,2025-04-11,2025,Houston Astros,Los Angeles Angels,2025-04-11T17:00:00+00:00,2025-04-12T00:10:00+00:00,0.11756284422453178,1.0,162,162,0.5833537622448328,0.5306841046277666,0.57,1,0.1735940874355353,0.2202574096490411,0.18490000000000004
778369,2025-04-11,2025,Miami Marlins,Washington Nationals,2025-04-11T17:00:00+00:00,2025-04-11T23:10:00+00:00,-0.029073036252921458,0.0,162,162,0.5029434956164202,0.5306841046277666,0.5,0,0.25295215978286406,0.2816256189045743,0.25
778370,2025-04-11,2025,New York Yankees,San Francisco Giants,2025-04-11T17:00:00+00:00,2025-04-11T23:05:00+00:00,-0.009580841604920565,0.0,162,162,0.523048110351403,0.5306841046277666,0.5417721518987342,0,0.2735793257421734,0.2816256189045743,0.2935170645729851
778374,2025-04-11,2025,Cincinnati Reds,Pittsburgh Pirates,2025-04-11T17:00:00+00:00,2025-04-11T22:40:00+00:00,0.02926766090249283,0.0,162,162,0.5628321309914096,0.5306841046277666,0.5866336633663367,1,0.19111574569351206,0.2202574096490411,0.17087172826193503
778375,2025-04-11,2025,Cleveland Guardians,Kansas City Royals,2025-04-11T17:00:00+00:00,2025-04-11T22:10:00+00:00,-0.03335486545000599,0.0,162,162,0.4985235919265301,0.5306841046277666,0.5417721518987342,1,0.25147858785426935,0.2202574096490411,0.20997276077551674
778341,2025-04-12,2025,Seattle Mariners,Texas Rangers,2025-04-12T17:00:00+00:00,2025-04-13T01:40:00+00:00,0.05424116705890786,0.0,162,162,0.5880185851562033,0.5306841046277666,0.5725,1,0.1697286861766965,0.2202574096490411,0.18275624999999998
778345,2025-04-12,2025,Los Angeles Dodgers,Chicago Cubs,2025-04-12T17:00:00+00:00,2025-04-13T01:10:00+00:00,0.02184362889897562,0.0,162,162,0.5552756884539413,0.5306841046277666,0.6192771084337348,0,0.3083310901879984,0.2816256189045743,0.38350413703004776
778347,2025-04-12,2025,St. Louis Cardinals,Philadelphia Phillies,2025-04-12T17:00:00+00:00,2025-04-12T18:15:00+00:00,-0.03209299700161544,0.0,162,162,0.49982615836137173,0.5306841046277666,0.37980769230769235,0,0.24982618858228706,0.2816256189045743,0.1442538831360947
778348,2025-04-12,2025,Minnesota Twins,Detroit Tigers,2025-04-12T17:00:00+00:00,2025-04-12T18:10:00+00:00,-0.02448795305303103,0.0,162,162,0.5076759041371011,0.5306841046277666,0.5796019900497512,0,0.257734823641423,0.2816256189045743,0.3359384668696319
778349,2025-04-12,2025,Chicago White Sox,Boston Red Sox,2025-04-12T17:00:00+00:00,2025-04-12T20:10:00+00:00,-0.10843132960350932,0.0,162,162,0.421675751179442,0.5306841046277666,0.40640394088669946,1,0.3344589367738627,0.2202574096490411,0.35235628139484093
778350,2025-04-12,2025,Arizona Diamondbacks,Milwaukee Brewers,2025-04-12T17:00:00+00:00,2025-04-13T00:10:00+00:00,0.0030354291672115563,0.0,162,162,0.5360251381994502,0.5306841046277666,0.6125907990314771,1,0.2152726723828393,0.2202574096490411,0.1500858889950694
778351,2025-04-12,2025,Houston Astros,Los Angeles Angels,2025-04-12T17:00:00+00:00,2025-04-12T23:10:00+00:00,0.12174497741703683,0.0,162,162,0.6535102655424262,0.5306841046277666,0.5866336633663367,0,0.4270756671693324,0.2816256189045743,0.34413905499460845
778352,2025-04-12,2025,San Diego Padres,Colorado Rockies,2025-04-12T17:00:00+00:00,2025-04-13T00:40:00+00:00,0.11713455215380514,0.0,162,162,0.649187229669546,0.5306841046277666,0.6125907990314771,1,0.12306959982692786,0.2202574096490411,0.1500858889950694
778353,2025-04-12,2025,Tampa Bay Rays,Atlanta Braves,2025-04-12T17:00:00+00:00,2025-04-12T20:10:00+00:00,-0.040411137947331255,0.0,162,162,0.4912406074077578,0.5306841046277666,0.5614035087719298,0,0.24131733436634284,0.2816256189045743,0.3151738996614343
778354,2025-04-12,2025,Miami Marlins,Washington Nationals,2025-04-12T17:00:00+00:00,2025-04-12T20:10:00+00:00,-0.03098023944161138,0.0,162,162,0.5009748072948973,0.5306841046277666,0.582089552238806,1,0.2490261429543649,0.2202574096490411,0.17464914234796167
778355,2025-04-12,2025,New York Yankees,San Francisco Giants,2025-04-12T17:00:00+00:00,2025-04-12T19:05:00+00:00,-0.013390567922725749,0.0,162,162,0.5191225131359806,0.5306841046277666,0.5566750629722922,1,0.2312431573726552,0.2202574096490411,0.1965369997906211
778357,2025-04-12,2025,Cincinnati Reds,Pittsburgh Pirates,2025-04-12T17:00:00+00:00,2025-04-12T22:40:00+00:00,0.028338751963308484,0.0,162,162,0.5618881752724917,0.5306841046277666,0.5329949238578681,1,0.19194197096606697,0.2202574096490411,0.21809374114251845
778359,2025-04-12,2025,Cleveland Guardians,Kansas City Royals,2025-04-12T17:00:00+00:00,2025-04-12T22:10:00+00:00,-0.024381208271589738,0.0,162,162,0.5077860656876496,0.5306841046277666,0.5505050505050506,1,0.24227455713124277,0.2202574096490411,0.20204570962146712
778362,2025-04-12,2025,Baltimore Orioles,Toronto Blue Jays,2025-04-12T17:00:00+00:00,2025-04-12T20:05:00+00:00,-9.76698996053571e-05,1.0,162,162,0.46275248443051015,0.5306841046277666,0.5367088607594936,1,0.2886348929855892,0.2202574096490411,0.21463867969876624
778329,2025-04-13,2025,Houston Astros,Los Angeles Angels,2025-04-13T17:00:00+00:00,2025-04-13T18:10:00+00:00,0.11856036321258445,0.0,162,162,0.6505268201029263,0.5306841046277666,0.6039119804400979,1,0.12213150346737245,0.2202574096490411,0.15688571923888542
778330,2025-04-13,2025,San Diego Padres,Colorado Rockies,2025-04-13T17:00:00+00:00,2025-04-13T20:10:00+00:00,0.11863625155497909,0.0,162,162,0.6505980530411801,0.5306841046277666,0.6879120879120879,1,0.12208172053861398,0.2202574096490411,0.09739886487139235
778331,2025-04-13,2025,Los Angeles Dodgers,Chicago Cubs,2025-04-13T17:00:00+00:00,2025-04-13T23:10:00+00:00,0.006213676954034852,0.0,162,162,0.5392872818739868,0.5306841046277666,0.6921397379912664,0,0.2908307723910329,0.2816256189045743,0.47905741690661885
778332,2025-04-13,2025,Arizona Diamondbacks,Milwaukee Brewers,2025-04-13T17:00:00+00:00,2025-04-13T20:10:00+00:00,0.006660491037478455,0.0,162,162,0.5397456272495605,0.5306841046277666,0.5204081632653061,1,0.21183408763590048,0.2202574096490411,0.23000832986255726
778334,2025-04-13,2025,Seattle Mariners,Texas Rangers,2025-04-13T17:00:00+00:00,2025-04-13T20:10:00+00:00,0.06528596243052931,0.0,162,162,0.5990202608302853,0.5306841046277666,0.5380710659898477,1,0.16078475122461247,0.2202574096490411,0.21337834007575568
778335,2025-04-13,2025,Minnesota Twins,Detroit Tigers,2025-04-13T17:00:00+00:00,2025-04-13T18:10:00+00:00,-0.029230803362876145,0.0,162,162,0.5027806449779015,0.5306841046277666,0.5114503816793893,1,0.24722708700859158,0.2202574096490411,0.23868072956121442
778336,2025-04-13,2025,St. Louis Cardinals,Philadelphia Phillies,2025-04-13T17:00:00+00:00,2025-04-13T18:15:00+00:00,-0.034349704442018625,0.0,162,162,0.49749668047380363,0.5306841046277666,0.39077669902912626,1,0.25250958613484653,0.2202574096490411,0.3711530304458478
778337,2025-04-13,2025,Miami Marlins,Washington Nationals,2025-04-13T17:00:00+00:00,2025-04-13T17:40:00+00:00,-0.03007845653529123,0.0,162,162,0.501905669719279,0.5306841046277666,0.42643391521197016,1,0.2480979618578,0.2202574096490411,0.32897805361906945
778338,2025-04-13,2025,Chicago White Sox,Boston Red Sox,2025-04-13T17:00:00+00:00,2025-04-13T18:10:00+00:00,-0.11035396510087869,0.0,162,162,0.4197410140165068,0.5306841046277666,0.32366071428571425,0,0.17618251884760538,0.2816256189045743,0.10475625797193874
778339,2025-04-13,2025,New York Yankees,San Francisco Giants,2025-04-13T17:00:00+00:00,2025-04-13T17:35:00+00:00,-0.009157797866336304,0.0,162,162,0.5234838540438815,0.5306841046277666,0.530456852791878,0,0.27403534544463587,0.2816256189045743,0.2813844726738642
778340,2025-04-13,2025,Tampa Bay Rays,Atlanta Braves,2025-04-13T17:00:00+00:00,2025-04-13T17:40:00+00:00,-0.04420692947108518,0.0,162,162,0.48732420087925904,0.5306841046277666,0.3864734299516908,1,0.2628364750040903,0.2202574096490411,0.3764148521552429
778342,2025-04-13,2025,Cleveland Guardians,Kansas City Royals,2025-04-13T17:00:00+00:00,2025-04-13T17:40:00+00:00,-0.019427434658723097,0.0,162,162,0.5128973938132789,0.5306841046277666,0.43969849246231163,0,0.26306373658045373,0.2816256189045743,0.19333476427362953
778343,2025-04-13,2025,Cincinnati Reds,Pittsburgh Pirates,2025-04-13T17:00:00+00:00,2025-04-13T17:40:00+00:00,0.029358327125741157,0.0,162,162,0.562924241598172,0.5306841046277666,0.6235011990407675,1,0.1910352185825331,0.2202574096490411,0.14175134712373977
778344,2025-04-13,2025,Baltimore Orioles,Toronto Blue Jays,2025-04-13T17:00:00+00:00,2025-04-13T17:35:00+00:00,0.0007454875648937875,0.0,162,162,0.5336728206034732,0.5306841046277666,0.5603015075376885,0,0.2848066794508669,0.2816256189045743,0.3139377793490064
778315,2025-04-14,2025,San Diego Padres,Chicago Cubs,2025-04-14T17:00:00+00:00,2025-04-15T01:40:00+00:00,-0.011276088877301582,0.0,162,162,0.5213016256587708,0.5306841046277666,0.5831265508684863,1,0.2291521335969356,0.2202574096490411,0.17378347259080473
778320,2025-04-14,2025,Philadelphia Phillies,San Francisco Giants,2025-04-14T17:00:00+00:00,2025-04-14T22:45:00+00:00,-0.029376202319021494,0.0,162,162,0.5026305604932476,0.5306841046277666,0.5139949109414759,0,0.25263748034175626,0.2816256189045743,0.26419076847373574
778321,2025-04-14,2025,Pittsburgh Pirates,Washington Nationals,2025-04-14T17:00:00+00:00,2025-04-14T22:40:00+00:00,0.016175949242975773,0.0,162,162,0.5494894763187914,0.5306841046277666,0.6582568807339451,1,0.2029597319475168,0.2202574096490411,0.11678835956569306
778322,2025-04-14,2025,Toronto Blue Jays,Atlanta Braves,2025-04-14T17:00:00+00:00,2025-04-14T23:07:00+00:00,-0.02805528273469793,0.0,162,162,0.5039940263916838,0.5306841046277666,0.48469387755102045,0,0.2540099786385012,0.2816256189045743,0.2349281549354436
778323,2025-04-14,2025,Milwaukee Brewers,Detroit Tigers,2025-04-14T17:00:00+00:00,2025-04-14T23:40:00+00:00,0.019717538605474094,0.0,162,162,0.5531068037919038,0.5306841046277666,0.41791044776119407,0,0.3059271364008956,0.2816256189045743,0.17464914234796172
778324,2025-04-14,2025,Minnesota Twins,New York Mets,2025-04-14T17:00:00+00:00,2025-04-14T23:40:00+00:00,-0.06807610384890922,0.0,162,162,0.4627515337875113,0.5306841046277666,0.5253807106598984,0,0.21413898202269424,0.2816256189045743,0.27602489113349993
778325,2025-04-14,2025,St. Louis Cardinals,Houston Astros,2025-04-14T17:00:00+00:00,2025-04-14T23:45:00+00:00,-0.05437082203245325,0.0,162,162,0.4768463210096433,0.5306841046277666,0.5089058524173028,1,0.2736897718411452,0.2202574096490411,0.24117346178997598
778326,2025-04-14,2025,Los Angeles Dodgers,Colorado Rockies,2025-04-14T17:00:00+00:00,2025-04-15T02:10:00+00:00,0.13520316246882724,0.0,162,162,0.6659834315855301,0.5306841046277666,0.7504798464491362,1,0.11156706797537826,0.2202574096490411,0.06226030702804663
778327,2025-04-14,2025,New York Yankees,Kansas City Royals,2025-04-14T17:00:00+00:00,2025-04-14T23:05:00+00:00,0.024765926751887823,0.0,162,162,0.5582533573237913,0.5306841046277666,0.5639097744360902,1,0.19514009631570198,0.2202574096490411,0.19017468483238167
778328,2025-04-14,2025,Tampa Bay Rays,Boston Red Sox,2025-04-14T17:00:00+00:00,2025-04-14T23:05:00+00:00,-0.0037277041363805163,0.0,162,162,0.529073556187316,0.5306841046277666,0.5380710659898477,1,0.221771715482061,0.2202574096490411,0.21337834007575568
778302,2025-04-15,2025,Los Angeles Dodgers,Colorado Rockies,2025-04-15T17:00:00+00:00,2025-04-16T02:10:00+00:00,0.13836192689004162,0.0,162,162,0.6688784450055304,0.5306841046277666,0.7298387096774194,1,0.10964148418195556,0.2202574096490411,0.0729871227887617
778305,2025-04-15,2025,San Diego Padres,Chicago Cubs,2025-04-15T17:00:00+00:00,2025-04-16T01:40:00+00:00,-0.007568380564557109,0.0,162,162,0.5251206614558425,0.5306841046277666,0.40740740740740744,0,0.27575170908782154,0.2816256189045743,0.16598079561042528
778306,2025-04-15,2025,Texas Rangers,Los Angeles Angels,2025-04-15T17:00:00+00:00,2025-04-16T00:05:00+00:00,0.036105706670306215,0.0,162,162,0.5697665131772203,0.5306841046277666,0.5292620865139949,1,0.185100853183687,0.2202574096490411,0.22159418319315766
778307,2025-04-15,2025,Minnesota Twins,New York Mets,2025-04-15T17:00:00+00:00,2025-04-15T23:40:00+00:00,-0.07185367081975891,0.0,162,162,0.4588760903900126,0.5306841046277666,0.5,1,0.29281508555159774,0.2202574096490411,0.25
778308,2025-04-15,2025,St. Louis Cardinals,Houston Astros,2025-04-15T17:00:00+00:00,2025-04-15T23:45:00+00:00,-0.0494109223218106,0.0,162,162,0.4819574710678204,0.5306841046277666,0.4607594936708861,0,0.23228300391808893,0.2816256189045743,0.21229931100785132
778310,2025-04-15,2025,Milwaukee Brewers,Detroit Tigers,2025-04-15T17:00:00+00:00,2025-04-15T23:40:00+00:00,0.0066510446295573455,0.0,162,162,0.5397359377433404,0.5306841046277666,0.4936061381074168,1,0.21184300700500225,0.2202574096490411,0.2564347433624846
778311,2025-04-15,2025,Toronto Blue Jays,Atlanta Braves,2025-04-15T17:00:00+00:00,2025-04-15T23:07:00+00:00,-0.03146024429176364,0.0,162,162,0.5004793207088882,0.5306841046277666,0.49234693877551017,1,0.24952090903945373,0.2202574096490411,0.2577116305705956
778312,2025-04-15,2025,New York Yankees,Kansas City Royals,2025-04-15T17:00:00+00:00,2025-04-15T23:05:00+00:00,0.024895476441720188,0.0,162,162,0.5583852663932808,0.5306841046277666,0.6659090909090909,1,0.19502357293853356,0.2202574096490411,0.11161673553719009
778313,2025-04-15,2025,Philadelphia Phillies,San Francisco Giants,2025-04-15T17:00:00+00:00,2025-04-15T22:45:00+00:00,-0.04074016895772614,0.0,162,162,0.4909010716508787,0.5306841046277666,0.5980392156862746,1,0.25918171884622376,0.2202574096490411,0.16157247212610526
778314,2025-04-15,2025,Pittsburgh Pirates,Washington Nationals,2025-04-15T17:00:00+00:00,2025-04-15T22:40:00+00:00,0.01906439165589574,0.0,162,162,0.5524401001783571,0.5306841046277666,0.5516372795969774,0,0.3051900642850732,0.2816256189045743,0.30430368824115384
778316,2025-04-15,2025,Cincinnati Reds,Seattle Mariners,2025-04-15T17:00:00+00:00,2025-04-15T22:40:00+00:00,-0.024569105184251816,0.0,162,162,0.5075921539266958,0.5306841046277666,0.5025510204081632,1,0.24246548687455088,0.2202574096490411,0.24745548729695963
778317,2025-04-15,2025,Baltimore Orioles,Cleveland Guardians,2025-04-15T17:00:00+00:00,2025-04-15T23:05:00+00:00,0.011553702855362002,0.0,162,162,0.544760557776244,0.5306841046277666,0.5771144278606966,0,0.2967640653086845,0.2816256189045743,0.3330610628449791
778318,2025-04-15,2025,Miami Marlins,Arizona Diamondbacks,2025-04-15T17:00:00+00:00,2025-04-15T22:40:00+00:00,-0.12180328809557961,0.0,162,162,0.4082725551830754,0.5306841046277666,0.41234567901234565,0,0.16668647931571737,0.2816256189045743,0.17002895900015239
778319,2025-04-15,2025,Tampa Bay Rays,Boston Red Sox,2025-04-15T17:00:00+00:00,2025-04-15T23:05:00+00:00,0.013651101203883687,0.0,162,162,0.5469074124783763,0.5306841046277666,0.547979797979798,0,0.2991077178237928,0.2816256189045743,0.30028185899398024
778287,2025-04-16,2025,Los Angeles Dodgers,Colorado Rockies,2025-04-16T17:00:00+00:00,2025-04-17T02:10:00+00:00,0.14039851187381902,0.0,162,162,0.6707382420160686,0.5306841046277666,0.734,1,0.10841330527066903,0.2202574096490411,0.07075600000000001
778288,2025-04-16,2025,San Diego Padres,Chicago Cubs,2025-04-16T17:00:00+00:00,2025-04-16T20:10:00+00:00,-0.007932166819680675,0.0,162,162,0.5247460748932457,0.5306841046277666,0.5139949109414759,1,0.22586629332937647,0.2202574096490411,0.23620094659078397
778289,2025-04-16,2025,Texas Rangers,Los Angeles Angels,2025-04-16T17:00:00+00:00,2025-04-17T00:05:00+00:00,0.04211570781495394,0.0,162,162,0.5758387600765427,0.5306841046277666,0.4483627204030227,1,0.17991275745340474,0.2202574096490411,0.30430368824115367
778290,2025-04-16,2025,St. Louis Cardinals,Houston Astros,2025-04-16T17:00:00+00:00,2025-04-16T17:15:00+00:00,-0.05473408275210939,0.0,162,162,0.47647216026896433,0.5306841046277666,0.49744897959183665,1,0.27408139897344497,0.2202574096490411,0.25255752811328624
778293,2025-04-16,2025,Pittsburgh Pirates,Washington Nationals,2025-04-16T17:00:00+00:00,2025-04-16T22:40:00+00:00,0.014651584543206309,0.0,162,162,0.547930877687015,0.5306841046277666,0.49234693877551017,1,0.2043664913488326,0.2202574096490411,0.2577116305705956
778295,2025-04-16,2025,Milwaukee Brewers,Detroit Tigers,2025-04-16T17:00:00+00:00,2025-04-16T17:10:00+00:00,0.011727837609413205,0.0,162,162,0.5449388630633092,0.5306841046277666,0.5796019900497512,1,0.20708063835011367,0.2202574096490411,0.17673448677012948
778296,2025-04-16,2025,Philadelphia Phillies,San Francisco Giants,2025-04-16T17:00:00+00:00,2025-04-16T22:45:00+00:00,-0.03882961294050291,0.0,162,162,0.49287273190481673,0.5306841046277666,0.568922305764411,0,0.24292352985531734,0.2816256189045743,0.323672589996294
778297,2025-04-16,2025,Toronto Blue Jays,Atlanta Braves,2025-04-16T17:00:00+00:00,2025-04-16T17:07:00+00:00,-0.0318012303251099,0.0,162,162,0.5001273361249691,0.5306841046277666,0.46700507614213205,1,0.24987268008951966,0.2202574096490411,0.28408358885825447
778298,2025-04-16,2025,Tampa Bay Rays,Boston Red Sox,2025-04-16T17:00:00+00:00,2025-04-16T23:05:00+00:00,0.011208174778170488,0.0,162,162,0.5444067203527501,0.5306841046277666,0.5577889447236182,0,0.2963786771652374,0.2816256189045743,0.31112850685588755
778299,2025-04-16,2025,Minnesota Twins,New York Mets,2025-04-16T17:00:00+00:00,2025-04-16T17:10:00+00:00,-0.06731690222492492,0.0,162,162,0.4635309649374925,0.5306841046277666,0.5216284987277354,1,0.2877990255808978,0.2202574096490411,0.22883929322948024
778300,2025-04-16,2025,New York Yankees,Kansas City Royals,2025-04-16T17:00:00+00:00,2025-04-16T23:05:00+00:00,0.024110515180818637,0.0,162,162,0.5575858836645857,0.5306841046277666,0.57356608478803,1,0.19573025033284547,0.2202574096490411,0.18184588404300966
778301,2025-04-16,2025,Baltimore Orioles,Cleveland Guardians,2025-04-16T17:00:00+00:00,2025-04-16T22:35:00+00:00,0.00875631892494766,0.0,162,162,0.541894634267376,0.5306841046277666,0.5216284987277354,1,0.20986052611302114,0.2202574096490411,0.22883929322948024
778303,2025-04-16,2025,Miami Marlins,Arizona Diamondbacks,2025-04-16T17:00:00+00:00,2025-04-16T22:40:00+00:00,-0.12518437704143842,0.0,162,162,0.4049042387541642,0.5306841046277666,0.43107769423558895,0,0.1639474425610892,0.2816256189045743,0.18582797846747193
778304,2025-04-16,2025,Cincinnati Reds,Seattle Mariners,2025-04-16T17:00:00+00:00,2025-04-16T22:40:00+00:00,-0.021841737223648572,0.0,162,162,0.5104065751770878,0.5306841046277666,0.4619289340101523,0,0.26051487198400414,0.2816256189045743,0.21337834007575562
778278,2025-04-17,2025,New York Mets,St. Louis Cardinals,2025-04-17T17:00:00+00:00,2025-04-17T23:10:00+00:00,0.06597557178175817,0.0,162,162,0.5997040017595964,0.5306841046277666,0.547979797979798,1,0.16023688620728122,0.2202574096490411,0.20432226303438422
778279,2025-04-17,2025,Philadelphia Phillies,San Francisco Giants,2025-04-17T17:00:00+00:00,2025-04-17T20:05:00+00:00,-0.04577035026951559,0.0,162,162,0.4857115258593496,0.5306841046277666,0.6159420289855072,1,0.2644926346339184,0.2202574096490411,0.147500525099769
778281,2025-04-17,2025,Texas Rangers,Los Angeles Angels,2025-04-17T17:00:00+00:00,2025-04-18T00:05:00+00:00,0.04483184151985464,0.0,162,162,0.5785756445668768,0.5306841046277666,0.5841584158415841,1,0.17759848735222333,0.2202574096490411,0.1729242231153809
778282,2025-04-17,2025,Tampa Bay Rays,New York Yankees,2025-04-17T17:00:00+00:00,2025-04-17T23:05:00+00:00,-0.04160846936913587,0.0,162,162,0.4900050907368363,0.5306841046277666,0.49744897959183665,0,0.24010498894801516,0.2816256189045743,0.24745548729695951
778286,2025-04-17,2025,Detroit Tigers,Kansas City Royals,2025-04-17T17:00:00+00:00,2025-04-17T22:40:00+00:00,0.010720872557106076,0.0,162,162,0.5439076232391119,0.5306841046277666,0.5771144278606966,1,0.2080202561393959,0.2202574096490411,0.17883220712358602
778292,2025-04-17,2025,Baltimore Orioles,Cleveland Guardians,2025-04-17T17:00:00+00:00,2025-04-17T22:35:00+00:00,0.019495595864898574,0.0,162,162,0.5528802757269474,0.5306841046277666,0.5051020408163266,1,0.19991604783401057,0.2202574096490411,0.24492399000416487
778260,2025-04-18,2025,Los Angeles Angels,San Francisco Giants,2025-04-18T17:00:00+00:00,2025-04-19T01:38:00+00:00,-0.13254715230332315,0.0,162,162,0.39760057357216816,0.5306841046277666,0.4133663366336633,1,0.3628850689605808,0.2202574096490411,0.34413905499460845
778263,2025-04-18,2025,Texas Rangers,Los Angeles Dodgers,2025-04-18T17:00:00+00:00,2025-04-19T00:05:00+00:00,-0.08061858648661263,-1.0,162,162,0.5198949996843301,0.5306841046277666,0.43609022556390975,0,0.2702908106967696,0.2816256189045743,0.19017468483238167
778268,2025-04-18,2025,Chicago Cubs,Arizona Diamondbacks,2025-04-18T17:00:00+00:00,2025-04-18T18:20:00+00:00,-0.007360186576991112,1.0,162,162,0.45530618972595327,0.5306841046277666,0.49489795918367346,1,0.2966913469508592,0.2202574096490411,0.25512807163681794
778269,2025-04-18,2025,Houston Astros,San Diego Padres,2025-04-18T17:00:00+00:00,2025-04-19T00:10:00+00:00,0.005749646363302663,0.0,162,162,0.5388112053436268,0.5306841046277666,0.5806451612903225,1,0.21269510431659835,0.2202574096490411,0.17585848074921961
778270,2025-04-18,2025,New York Mets,St. Louis Cardinals,2025-04-18T17:00:00+00:00,2025-04-18T23:10:00+00:00,0.07258651062996929,0.0,162,162,0.6062386362033207,0.5306841046277666,0.6116504854368933,1,0.1550480116190208,0.2202574096490411,0.15081534546140066
778271,2025-04-18,2025,Pittsburgh Pirates,Cleveland Guardians,2025-04-18T17:00:00+00:00,2025-04-18T22:40:00+00:00,-0.016359688608303447,0.0,162,162,0.5160614254856388,0.5306841046277666,0.4545454545454545,0,0.26631939487426953,0.2816256189045743,0.2066115702479338
778272,2025-04-18,2025,Tampa Bay Rays,New York Yankees,2025-04-18T17:00:00+00:00,2025-04-18T23:05:00+00:00,-0.04401260977582572,0.0,162,162,0.4875246615743161,0.5306841046277666,0.4783715012722647,0,0.23768029564315146,0.2816256189045743,0.22883929322948032
778273,2025-04-18,2025,Toronto Blue Jays,Seattle Mariners,2025-04-18T17:00:00+00:00,2025-04-18T23:07:00+00:00,-0.02448259775353956,1.0,162,162,0.43783519049676456,0.5306841046277666,0.5114503816793893,1,0.316029273043809,0.2202574096490411,0.23868072956121442
778274,2025-04-18,2025,Philadelphia Phillies,Miami Marlins,2025-04-18T17:00:00+00:00,2025-04-18T22:45:00+00:00,0.08557852887437939,0.0,162,162,0.6189686522801859,0.5306841046277666,0.6574712643678161,1,0.14518488794517787,0.2202574096490411,0.11732593473378253
778275,2025-04-18,2025,Boston Red Sox,Chicago White Sox,2025-04-18T17:00:00+00:00,2025-04-18T23:10:00+00:00,0.1003673896678457,1.0,162,162,0.566001554767977,0.5306841046277666,0.6496519721577726,1,0.18835465046381328,0.2202574096490411,0.12274374061293815
778276,2025-04-18,2025,Baltimore Orioles,Cincinnati Reds,2025-04-18T17:00:00+00:00,2025-04-18T23:05:00+00:00,0.0057689671690305255,0.0,162,162,0.5388310291239141,0.5306841046277666,0.6092233009708737,0,0.2903388779467364,0.2816256189045743,0.3711530304458478
778277,2025-04-18,2025,Detroit Tigers,Kansas City Royals,2025-04-18T17:00:00+00:00,2025-04-18T22:40:00+00:00,0.013625270973836145,0.0,162,162,0.5468809836181334,0.5306841046277666,0.42999999999999994,1,0.20531684300687028,0.2202574096490411,0.3249000000000001
778284,2025-04-18,2025,Atlanta Braves,Minnesota Twins,2025-04-18T17:00:00+00:00,2025-04-18T23:15:00+00:00,0.02409414378631869,0.0,162,162,0.557569208300256,0.5306841046277666,0.57356608478803,1,0.19574500544406223,0.2202574096490411,0.18184588404300966
778243,2025-04-19,2025,Los Angeles Angels,San Francisco Giants,2025-04-19T17:00:00+00:00,2025-04-20T01:38:00+00:00,-0.13092140092650706,0.0,162,162,0.39920947671825985,0.5306841046277666,0.44584382871536526,0,0.15936820630166684,0.2816256189045743,0.19877671960357596
778247,2025-04-19,2025,Colorado Rockies,Washington Nationals,2025-04-19T17:00:00+00:00,2025-04-19T20:10:00+00:00,-0.03960174778624126,1.0,162,162,0.42253396159333423,0.5306841046277666,0.4494949494949495,0,0.17853494869975725,0.2816256189045743,0.2020457096214672
778251,2025-04-19,2025,Texas Rangers,Los Angeles Dodgers,2025-04-19T17:00:00+00:00,2025-04-19T20:05:00+00:00,-0.08059501312290968,0.0,162,162,0.449928084002388,0.5306841046277666,0.5253807106598984,1,0.30257911276928384,0.2202574096490411,0.22526346981370304
778252,2025-04-19,2025,Philadelphia Phillies,Miami Marlins,2025-04-19T17:00:00+00:00,2025-04-19T17:05:00+00:00,0.09036889300538409,0.0,162,162,0.6236224792010455,0.5306841046277666,0.6666666666666666,1,0.1416600381627674,0.2202574096490411,0.11111111111111113
778254,2025-04-19,2025,Pittsburgh Pirates,Cleveland Guardians,2025-04-19T17:00:00+00:00,2025-04-19T20:05:00+00:00,-0.01873551317392741,0.0,162,162,0.5136111315921044,0.5306841046277666,0.6058394160583942,0,0.26379639449532194,0.2816256189045743,0.36704139804997604
778255,2025-04-19,2025,Tampa Bay Rays,New York Yankees,2025-04-19T17:00:00+00:00,2025-04-19T20:10:00+00:00,-0.04435606211364135,0.0,162,162,0.48717035802553177,0.5306841046277666,0.530456852791878,1,0.2629942416876613,0.2202574096490411,0.2204707670901081
778256,2025-04-19,2025,New York Mets,St. Louis Cardinals,2025-04-19T17:00:00+00:00,2025-04-19T20:05:00+00:00,0.07481782908554269,0.0,162,162,0.6084357752602354,0.5306841046277666,0.635933806146572,1,0.15332254209605287,0.2202574096490411,0.1325441935069218
778257,2025-04-19,2025,Chicago Cubs,Arizona Diamondbacks,2025-04-19T17:00:00+00:00,2025-04-19T18:20:00+00:00,-0.0063053677834961075,0.0,162,162,0.5264209492097052,0.5306841046277666,0.530456852791878,1,0.22427711734743666,0.2202574096490411,0.2204707670901081
778258,2025-04-19,2025,Toronto Blue Jays,Seattle Mariners,2025-04-19T17:00:00+00:00,2025-04-19T19:07:00+00:00,-0.027651214724411677,0.0,162,162,0.5044110983501723,0.5306841046277666,0.47715736040609136,0,0.2544305561388272,0.2816256189045743,0.22767914658970856
778259,2025-04-19,2025,Houston Astros,San Diego Padres,2025-04-19T17:00:00+00:00,2025-04-19T23:10:00+00:00,0.009242445924283027,0.0,162,162,0.5423928764894778,0.5306841046277666,0.49489795918367346,1,0.20940427948757437,0.2202574096490411,0.25512807163681794
778262,2025-04-19,2025,Baltimore Orioles,Cincinnati Reds,2025-04-19T17:00:00+00:00,2025-04-19T20:05:00+00:00,-0.0002939105584390811,0.0,162,162,0.5326046095623567,0.5306841046277666,0.5267175572519084,1,0.21845845100235706,0.2202574096490411,0.2239962706136006
778264,2025-04-19,2025,Boston Red Sox,Chicago White Sox,2025-04-19T17:00:00+00:00,2025-04-19T20:10:00+00:00,0.11017115080579742,0.0,162,162,0.6426113955332893,0.5306841046277666,0.745136186770428,1,0.127726614602663,0.2202574096490411,0.06495556329391815
778265,2025-04-19,2025,Detroit Tigers,Kansas City Royals,2025-04-19T17:00:00+00:00,2025-04-19T17:10:00+00:00,0.012131648887362068,0.0,162,162,0.5453523012179887,0.5306841046277666,0.5516372795969774,1,0.20670453000777847,0.2202574096490411,0.20102912904719902
778267,2025-04-19,2025,Atlanta Braves,Minnesota Twins,2025-04-19T17:00:00+00:00,2025-04-19T23:15:00+00:00,0.02883081904652124,0.0,162,162,0.5623882692768636,0.5306841046277666,0.6666666666666666,1,0.19150402686649887,0.2202574096490411,0.11111111111111113
778232,2025-04-20,2025,Los Angeles Angels,San Francisco Giants,2025-04-20T17:00:00+00:00,2025-04-20T20:07:00+00:00,-0.1322489912411321,0.0,162,162,0.39789548010823383,0.5306841046277666,0.5076530612244898,1,0.3625298528740942,0.2202574096490411,0.24240550812161596
778234,2025-04-20,2025,Texas Rangers,Los Angeles Dodgers,2025-04-20T17:00:00+00:00,2025-04-20T18:35:00+00:00,-0.08021783862906745,0.0,162,162,0.45031354983795513,0.5306841046277666,0.4158415841584158,0,0.2027822931676605,0.2816256189045743,0.17292422311538083
778235,2025-04-20,2025,Colorado Rockies,Washington Nationals,2025-04-20T17:00:00+00:00,2025-04-20T19:10:00+00:00,-0.03923389627828466,0.0,162,162,0.49245549804022376,0.5306841046277666,0.47959183673469385,0,0.24251241755004482,0.2816256189045743,0.23000832986255726
778236,2025-04-20,2025,Chicago Cubs,Arizona Diamondbacks,2025-04-20T17:00:00+00:00,2025-04-20T18:20:00+00:00,0.00011083775401676821,0.0,162,162,0.533020613890194,0.5306841046277666,0.5614035087719298,0,0.2841109748318792,0.2816256189045743,0.3151738996614343
778237,2025-04-20,2025,Houston Astros,San Diego Padres,2025-04-20T17:00:00+00:00,2025-04-20T23:10:00+00:00,0.009342768732045648,0.0,162,162,0.5424956890133343,0.5306841046277666,0.5089058524173028,0,0.29430157259805234,0.2816256189045743,0.2589851666245816
778240,2025-04-20,2025,Tampa Bay Rays,New York Yankees,2025-04-20T17:00:00+00:00,2025-04-20T17:40:00+00:00,-0.04127507368728128,0.0,162,162,0.4903491074416162,0.5306841046277666,0.39172749391727496,0,0.24044224716878967,0.2816256189045743,0.1534504294907087
778241,2025-04-20,2025,Toronto Blue Jays,Seattle Mariners,2025-04-20T17:00:00+00:00,2025-04-20T17:37:00+00:00,-0.03684448794415218,0.0,162,162,0.494921580064994,0.5306841046277666,0.49234693877551017,0,0.24494737041403025,0.2816256189045743,0.24240550812161596
778242,2025-04-20,2025,Pittsburgh Pirates,Cleveland Guardians,2025-04-20T17:00:00+00:00,2025-04-20T17:35:00+00:00,-0.01972117709749638,0.0,162,162,0.5125943735973848,0.5306841046277666,0.5228426395939086,0,0.2627529918436953,0.2816256189045743,0.27336442577752584
778244,2025-04-20,2025,New York Mets,St. Louis Cardinals,2025-04-20T17:00:00+00:00,2025-04-20T17:40:00+00:00,0.07794561180192933,0.0,162,162,0.6115082459601078,0.5306841046277666,0.568922305764411,1,0.15092584295699213,0.2202574096490411,0.18582797846747193
778245,2025-04-20,2025,Boston Red Sox,Chicago White Sox,2025-04-20T17:00:00+00:00,2025-04-20T17:35:00+00:00,0.10938365994096921,0.0,162,162,0.6418642883366862,0.5306841046277666,0.7094736842105264,0,0.41198976464196063,0.2816256189045743,0.5033529085872577
778246,2025-04-20,2025,Detroit Tigers,Kansas City Royals,2025-04-20T17:00:00+00:00,2025-04-20T17:40:00+00:00,0.01599515430460352,0.0,162,162,0.5493046712694198,0.5306841046277666,0.6704288939051919,0,0.3017356218784054,0.2816256189045743,0.44947490178293903
778248,2025-04-20,2025,Philadelphia Phillies,Miami Marlins,2025-04-20T17:00:00+00:00,2025-04-20T17:35:00+00:00,0.08959688557819967,0.0,162,162,0.6228739910256612,0.5306841046277666,0.7334669338677354,0,0.3879720086962355,0.2816256189045743,0.5379737430773369
778249,2025-04-20,2025,Atlanta Braves,Minnesota Twins,2025-04-20T17:00:00+00:00,2025-04-20T17:35:00+00:00,0.033177395198653814,0.0,162,162,0.5668001328649992,0.5306841046277666,0.5204081632653061,1,0.18766212488578235,0.2202574096490411,0.23000832986255726
778250,2025-04-20,2025,Baltimore Orioles,Cincinnati Reds,2025-04-20T17:00:00+00:00,2025-04-20T17:35:00+00:00,0.0036665444087186083,0.0,162,162,0.536673167262797,0.5306841046277666,0.6408450704225352,0,0.2880180884598821,0.2816256189045743,0.41068240428486413
778266,2025-04-20,2025,Colorado Rockies,Washington Nationals,2025-04-20T17:00:00+00:00,2025-04-21T00:10:00+00:00,-0.03923389627828466,0.0,162,162,0.49245549804022376,0.5306841046277666,0.47959183673469385,1,0.25760142146959725,0.2202574096490411,0.27082465639316955
778225,2025-04-21,2025,New York Mets,Philadelphia Phillies,2025-04-21T17:00:00+00:00,2025-04-21T23:10:00+00:00,0.05911448751867532,0.0,162,162,0.5928844241793949,0.5306841046277666,0.5331632653061223,1,0.16574309207574286,0.2202574096490411,0.2179365368596419
778226,2025-04-21,2025,San Francisco Giants,Milwaukee Brewers,2025-04-21T17:00:00+00:00,2025-04-22T01:45:00+00:00,0.005669905702062383,0.0,162,162,0.5387293875120179,0.5306841046277666,0.5518987341772151,1,0.21277057794503812,0.2202574096490411,0.20079474443198211
778227,2025-04-21,2025,Cleveland Guardians,New York Yankees,2025-04-21T17:00:00+00:00,2025-04-21T22:10:00+00:00,-0.04714741212138246,0.0,162,162,0.4842913261572322,0.5306841046277666,0.460559796437659,1,0.26595543627666635,0.2202574096490411,0.29099573321937994
778228,2025-04-21,2025,Detroit Tigers,San Diego Padres,2025-04-21T17:00:00+00:00,2025-04-21T22:40:00+00:00,-0.01293162532954406,0.0,162,162,0.5195955489557147,0.5306841046277666,0.5692695214105793,1,0.23078843658316112,0.2202574096490411,0.1855287451858714
778230,2025-04-21,2025,Miami Marlins,Cincinnati Reds,2025-04-21T17:00:00+00:00,2025-04-21T22:40:00+00:00,-0.09142849828443705,0.0,162,162,0.4388838882132247,0.5306841046277666,0.4731457800511509,1,0.31485129090670894,0.2202574096490411,0.27757536907791025
778231,2025-04-21,2025,Houston Astros,Toronto Blue Jays,2025-04-21T17:00:00+00:00,2025-04-22T00:10:00+00:00,0.053760906728383406,0.0,162,162,0.5875381129383802,0.5306841046277666,0.5532994923857868,1,0.1701248082784324,0.2202574096490411,0.19954134350279576
778233,2025-04-21,2025,Atlanta Braves,St. Louis Cardinals,2025-04-21T17:00:00+00:00,2025-04-21T23:15:00+00:00,0.04153796222555689,0.0,162,162,0.5752559942114454,0.5306841046277666,0.640661938534279,1,0.18040747045330774,0.2202574096490411,0.12912384241794228
778210,2025-04-22,2025,San Francisco Giants,Milwaukee Brewers,2025-04-22T17:00:00+00:00,2025-04-23T01:45:00+00:00,0.008825922673946662,0.0,162,162,0.5419659778395547,0.5306841046277666,0.5541561712846348,0,0.2937271211355847,0.2816256189045743,0.3070890621728455
778211,2025-04-22,2025,Los Angeles Angels,Pittsburgh Pirates,2025-04-22T17:00:00+00:00,2025-04-23T01:38:00+00:00,-0.045590343943932854,0.0,162,162,0.48589718861020537,0.5306841046277666,0.64,0,0.23609607789930148,0.2816256189045743,0.4096
778212,2025-04-22,2025,Arizona Diamondbacks,Tampa Bay Rays,2025-04-22T17:00:00+00:00,2025-04-23T01:40:00+00:00,0.05948274000307585,0.0,162,162,0.5932513846211874,0.5306841046277666,0.6004901960784313,1,0.1654444361125812,0.2202574096490411,0.15960808342945024
778215,2025-04-22,2025,Kansas City Royals,Colorado Rockies,2025-04-22T17:00:00+00:00,2025-04-22T23:40:00+00:00,0.10199224396322082,0.0,162,162,0.6348187163257379,0.5306841046277666,0.6748878923766817,1,0.13335736994598185,0.2202574096490411,0.10569788252327612
778216,2025-04-22,2025,Minnesota Twins,Chicago White Sox,2025-04-22T17:00:00+00:00,2025-04-22T23:40:00+00:00,0.11076799001380111,1.0,162,162,0.5765191307859855,0.5306841046277666,0.6885964912280702,1,0.17933604659025726,0.2202574096490411,0.09697214527546935
778217,2025-04-22,2025,Houston Astros,Toronto Blue Jays,2025-04-22T17:00:00+00:00,2025-04-23T00:10:00+00:00,0.05822735958334124,0.0,162,162,0.5919999838525316,0.5306841046277666,0.4783715012722647,1,0.16646401317633447,0.2202574096490411,0.27209629068495095
778218,2025-04-22,2025,Cleveland Guardians,New York Yankees,2025-04-22T17:00:00+00:00,2025-04-22T22:10:00+00:00,-0.045195886884073944,0.0,162,162,0.4863040544227238,0.5306841046277666,0.49489795918367346,1,0.263883524502532,0.2202574096490411,0.25512807163681794
778219,2025-04-22,2025,Miami Marlins,Cincinnati Reds,2025-04-22T17:00:00+00:00,2025-04-22T22:40:00+00:00,-0.08829676921904273,0.0,162,162,0.4420708076106858,0.5306841046277666,0.4809160305343511,1,0.3112849837201923,0.2202574096490411,0.26944816735621463
778220,2025-04-22,2025,Chicago Cubs,Los Angeles Dodgers,2025-04-22T17:00:00+00:00,2025-04-22T23:40:00+00:00,-0.002630557944160117,0.0,162,162,0.5302021116728709,0.5306841046277666,0.4783715012722647,1,0.22071005587662967,0.2202574096490411,0.27209629068495095
778221,2025-04-22,2025,Detroit Tigers,San Diego Padres,2025-04-22T17:00:00+00:00,2025-04-22T22:40:00+00:00,-0.012771961352815553,0.0,162,162,0.5197601077064243,0.5306841046277666,0.530456852791878,0,0.2701505695629938,0.2816256189045743,0.2813844726738642
778222,2025-04-22,2025,Washington Nationals,Baltimore Orioles,2025-04-22T17:00:00+00:00,2025-04-22T22:45:00+00:00,-0.049175564163415064,0.0,162,162,0.4822001087175815,0.5306841046277666,0.44332493702770776,1,0.26811672741208437,0.2202574096490411,0.3098871257352056
778223,2025-04-22,2025,New York Mets,Philadelphia Phillies,2025-04-22T17:00:00+00:00,2025-04-22T23:10:00+00:00,0.05470713252050341,0.0,162,162,0.5884845959240641,0.5306841046277666,0.4483627204030227,1,0.16934492779178079,0.2202574096490411,0.30430368824115367
778224,2025-04-22,2025,Boston Red Sox,Seattle Mariners,2025-04-22T17:00:00+00:00,2025-04-22T22:45:00+00:00,-0.04329185358379689,-1.0,162,162,0.558171618799146,0.5306841046277666,0.5367088607594936,1,0.19521231843456716,0.2202574096490411,0.21463867969876624
778229,2025-04-22,2025,Atlanta Braves,St. Louis Cardinals,2025-04-22T17:00:00+00:00,2025-04-22T23:15:00+00:00,0.03948953499372321,0.0,162,162,0.5731880914860386,0.5306841046277666,0.5675,0,0.3285445882214073,0.2816256189045743,0.32205625
778198,2025-04-23,2025,San Francisco Giants,Milwaukee Brewers,2025-04-23T17:00:00+00:00,2025-04-24T01:45:00+00:00,0.004269227146932453,0.0,162,162,0.5372918862611925,0.5306841046277666,0.5639097744360902,1,0.21409879851972521,0.2202574096490411,0.19017468483238167
778199,2025-04-23,2025,Arizona Diamondbacks,Tampa Bay Rays,2025-04-23T17:00:00+00:00,2025-04-24T01:40:00+00:00,0.06229408212665605,0.0,162,162,0.5960494060515701,0.5306841046277666,0.5980392156862746,0,0.35527489445442945,0.2816256189045743,0.35765090349865447
778200,2025-04-23,2025,Houston Astros,Toronto Blue Jays,2025-04-23T17:00:00+00:00,2025-04-23T23:40:00+00:00,0.06102342145437806,0.0,162,162,0.5947855278217107,0.5306841046277666,0.5063938618925831,1,0.1641987684627296,0.2202574096490411,0.24364701957731835
778201,2025-04-23,2025,Minnesota Twins,Chicago White Sox,2025-04-23T17:00:00+00:00,2025-04-23T23:40:00+00:00,0.11087517411314235,0.0,162,162,0.6432787292556821,0.5306841046277666,0.6969696969696969,1,0.12725006500144095,0.2202574096490411,0.09182736455463732
778202,2025-04-23,2025,Los Angeles Angels,Pittsburgh Pirates,2025-04-23T17:00:00+00:00,2025-04-24T01:38:00+00:00,-0.04714000512564043,0.0,162,162,0.4842989645265254,0.5306841046277666,0.547979797979798,0,0.2345454870414647,0.2816256189045743,0.30028185899398024
778203,2025-04-23,2025,New York Mets,Philadelphia Phillies,2025-04-23T17:00:00+00:00,2025-04-23T17:10:00+00:00,0.06016291721617173,0.0,162,162,0.5939289015229154,0.5306841046277666,0.4821428571428572,1,0.1648937370183861,0.2202574096490411,0.2681760204081632
778204,2025-04-23,2025,Washington Nationals,Baltimore Orioles,2025-04-23T17:00:00+00:00,2025-04-23T22:45:00+00:00,-0.04043709441781668,0.0,162,162,0.49121382194521407,0.5306841046277666,0.4520202020202021,1,0.2588633749795964,0.2202574096490411,0.30028185899398013
778205,2025-04-23,2025,Chicago Cubs,Los Angeles Dodgers,2025-04-23T17:00:00+00:00,2025-04-23T23:00:00+00:00,-0.0009007648257807199,0.0,162,162,0.5319807939607646,0.5306841046277666,0.5089058524173028,1,0.2190419772215963,0.2202574096490411,0.24117346178997598
778206,2025-04-23,2025,Cleveland Guardians,New York Yankees,2025-04-23T17:00:00+00:00,2025-04-23T17:10:00+00:00,-0.051523249981358155,0.0,162,162,0.47978020477560646,0.5306841046277666,0.4029484029484029,0,0.23018904489452285,0.2816256189045743,0.16236741543866848
778207,2025-04-23,2025,Boston Red Sox,Seattle Mariners,2025-04-23T17:00:00+00:00,2025-04-23T22:45:00+00:00,-0.04184835546727128,0.0,162,162,0.4897575683982039,0.5306841046277666,0.5664160401002506,0,0.23986247580332137,0.2816256189045743,0.32082713048284867
778208,2025-04-23,2025,Miami Marlins,Cincinnati Reds,2025-04-23T17:00:00+00:00,2025-04-23T17:10:00+00:00,-0.08498917054694938,0.0,162,162,0.4454418787999516,0.5306841046277666,0.49234693877551017,0,0.1984184673888308,0.2816256189045743,0.24240550812161596
778209,2025-04-23,2025,Detroit Tigers,San Diego Padres,2025-04-23T17:00:00+00:00,2025-04-23T17:10:00+00:00,-0.012083297737091825,0.0,162,162,0.5204698339136108,0.5306841046277666,0.5980392156862746,1,0.22994918018684002,0.2202574096490411,0.16157247212610526
778188,2025-04-24,2025,Arizona Diamondbacks,Tampa Bay Rays,2025-04-24T17:00:00+00:00,2025-04-25T01:40:00+00:00,0.060761019851320486,0.0,162,162,0.5945243696582261,0.5306841046277666,0.5505050505050506,0,0.35345922611751107,0.2816256189045743,0.30305581063156833
778189,2025-04-24,2025,Minnesota Twins,Chicago White Sox,2025-04-24T17:00:00+00:00,2025-04-24T17:10:00+00:00,0.11376105161278044,0.0,162,162,0.6460083816607599,0.5306841046277666,0.6689342403628117,0,0.41732682917595404,0.2816256189045743,0.4474730179297719
778190,2025-04-24,2025,Kansas City Royals,Colorado Rockies,2025-04-24T17:00:00+00:00,2025-04-24T18:10:00+00:00,0.10233701794711825,0.0,162,162,0.6351486727013029,0.5306841046277666,0.7139874739039667,1,0.133116491031621,0.2202574096490411,0.08180316508383415
778191,2025-04-24,2025,Los Angeles Angels,Pittsburgh Pirates,2025-04-24T17:00:00+00:00,2025-04-25T01:29:00+00:00,-0.05259031522085306,0.0,162,162,0.47868062181268595,0.5306841046277666,0.5866336633663367,1,0.2717738940736077,0.2202574096490411,0.17087172826193503
778193,2025-04-24,2025,Washington Nationals,Baltimore Orioles,2025-04-24T17:00:00+00:00,2025-04-24T22:45:00+00:00,-0.03808190313261001,0.0,162,162,0.49364441904779854,0.5306841046277666,0.5216284987277354,0,0.24368481245703852,0.2816256189045743,0.27209629068495106
778194,2025-04-24,2025,San Francisco Giants,Milwaukee Brewers,2025-04-24T17:00:00+00:00,2025-04-24T19:45:00+00:00,0.0042537106701640015,0.0,162,162,0.5372759583519858,0.5306841046277666,0.57,1,0.21411353871907315,0.2202574096490411,0.18490000000000004
778195,2025-04-24,2025,Kansas City Royals,Colorado Rockies,2025-04-24T17:00:00+00:00,2025-04-24T18:15:00+00:00,0.10233701794711825,0.0,162,162,0.6351486727013029,0.5306841046277666,0.6367924528301887,1,0.133116491031621,0.2202574096490411,0.1319197223211107
778196,2025-04-24,2025,Boston Red Sox,Seattle Mariners,2025-04-24T17:00:00+00:00,2025-04-24T17:35:00+00:00,-0.04058974417408878,0.0,162,162,0.49105629792027133,0.5306841046277666,0.6183574879227054,0,0.24113628772716228,0.2816256189045743,0.3823659828700787
778171,2025-04-25,2025,San Francisco Giants,Texas Rangers,2025-04-25T17:00:00+00:00,2025-04-26T02:15:00+00:00,0.07550210654183492,0.0,162,162,0.6091086959417669,0.5306841046277666,0.5089058524173028,0,0.3710134034718798,0.2816256189045743,0.2589851666245816
778172,2025-04-25,2025,San Diego Padres,Tampa Bay Rays,2025-04-25T17:00:00+00:00,2025-04-26T01:40:00+00:00,0.038969165515256365,1.0,162,162,0.5030102738827317,0.5306841046277666,0.57,0,0.25301933563158074,0.2816256189045743,0.32489999999999997
778175,2025-04-25,2025,Seattle Mariners,Miami Marlins,2025-04-25T17:00:00+00:00,2025-04-26T01:40:00+00:00,0.11357328810664113,-1.0,162,162,0.7071214890787605,0.5306841046277666,0.7201646090534979,0,0.5000208003169636,0.2816256189045743,0.5186370641331775
778176,2025-04-25,2025,Los Angeles Dodgers,Pittsburgh Pirates,2025-04-25T17:00:00+00:00,2025-04-26T02:10:00+00:00,0.07302683226513251,1.0,162,162,0.5380925696598309,0.5306841046277666,0.6613272311212814,0,0.28954361352311997,0.2816256189045743,0.4373537066225408
778177,2025-04-25,2025,Arizona Diamondbacks,Atlanta Braves,2025-04-25T17:00:00+00:00,2025-04-26T01:40:00+00:00,0.023557219102858684,-1.0,162,162,0.6247516773576526,0.5306841046277666,0.4545454545454545,0,0.39031465836120044,0.2816256189045743,0.2066115702479338
778181,2025-04-25,2025,Colorado Rockies,Cincinnati Reds,2025-04-25T17:00:00+00:00,2025-04-26T00:40:00+00:00,-0.10591612673984213,-1.0,162,162,0.4937923016807276,0.5306841046277666,0.47582697201017815,0,0.24383083719915066,0.2816256189045743,0.22641130729237485
778182,2025-04-25,2025,Chicago Cubs,Philadelphia Phillies,2025-04-25T17:00:00+00:00,2025-04-25T18:20:00+00:00,0.03917136155858336,0.0,162,162,0.5728666614016946,0.5306841046277666,0.597051597051597,1,0.1824428889421346,0.2202574096490411,0.1623674154386685
778183,2025-04-25,2025,Washington Nationals,New York Mets,2025-04-25T17:00:00+00:00,2025-04-25T22:45:00+00:00,-0.12199683259216298,-1.0,162,162,0.47720839011426613,0.5306841046277666,0.3705463182897863,1,0.2733110673669174,0.2202574096490411,0.39621193741854294
778184,2025-04-25,2025,St. Louis Cardinals,Milwaukee Brewers,2025-04-25T17:00:00+00:00,2025-04-26T00:15:00+00:00,-0.04775447906577418,1.0,162,162,0.41434240435600406,0.5306841046277666,0.547979797979798,1,0.3429948193355063,0.2202574096490411,0.20432226303438422
778185,2025-04-25,2025,New York Yankees,Toronto Blue Jays,2025-04-25T17:00:00+00:00,2025-04-25T23:05:00+00:00,0.04997504437437306,0.0,162,162,0.5837448081070054,0.5306841046277666,0.547979797979798,0,0.3407580009918845,0.2816256189045743,0.30028185899398024
778186,2025-04-25,2025,Minnesota Twins,Los Angeles Angels,2025-04-25T17:00:00+00:00,2025-04-25T23:40:00+00:00,0.07759349018238809,0.0,162,162,0.6111627886609893,0.5306841046277666,0.6621004566210046,1,0.1511943769218985,0.2202574096490411,0.1141761014157336
778187,2025-04-25,2025,Kansas City Royals,Houston Astros,2025-04-25T17:00:00+00:00,2025-04-25T23:40:00+00:00,-0.03906700441158495,-1.0,162,162,0.5624692416551,0.5306841046277666,0.48346055979643765,1,0.19143316449786324,0.2202574096490411,0.26681299328580954
778154,2025-04-26,2025,Seattle Mariners,Miami Marlins,2025-04-26T17:00:00+00:00,2025-04-27T01:40:00+00:00,0.10836234981062598,0.0,162,162,0.6408943258220431,0.5306841046277666,0.6748878923766817,1,0.12895688522680496,0.2202574096490411,0.10569788252327612
778159,2025-04-26,2025,San Francisco Giants,Texas Rangers,2025-04-26T17:00:00+00:00,2025-04-26T20:05:00+00:00,0.0744333404927488,0.0,162,162,0.6080574867883278,0.5306841046277666,0.5664160401002506,1,0.1536189336626818,0.2202574096490411,0.1879950502823475
778160,2025-04-26,2025,San Diego Padres,Tampa Bay Rays,2025-04-26T17:00:00+00:00,2025-04-27T00:40:00+00:00,0.03715772122985517,0.0,162,162,0.5708309939624544,0.5306841046277666,0.5603015075376885,0,0.3258480236681637,0.2816256189045743,0.3139377793490064
778161,2025-04-26,2025,Colorado Rockies,Cincinnati Reds,2025-04-26T17:00:00+00:00,2025-04-26T19:10:00+00:00,-0.10597811477208136,0.0,162,162,0.4241478954487001,0.5306841046277666,0.34642032332563516,0,0.17990143721356142,0.2816256189045743,0.1200070404130376
778162,2025-04-26,2025,Arizona Diamondbacks,Atlanta Braves,2025-04-26T17:00:00+00:00,2025-04-27T00:10:00+00:00,0.01662212206985969,0.0,162,162,0.5499454869221241,0.5306841046277666,0.5253807106598984,0,0.30244003858601215,0.2816256189045743,0.27602489113349993
778163,2025-04-26,2025,Los Angeles Dodgers,Pittsburgh Pirates,2025-04-26T17:00:00+00:00,2025-04-27T01:10:00+00:00,0.07515937413149015,0.0,162,162,0.6087717034730599,0.5306841046277666,0.7121848739495799,1,0.1530595800033714,0.2202574096490411,0.08283754678341923
778164,2025-04-26,2025,St. Louis Cardinals,Milwaukee Brewers,2025-04-26T17:00:00+00:00,2025-04-26T18:15:00+00:00,-0.04864584981176939,0.0,162,162,0.48274623736044764,0.5306841046277666,0.5785536159600998,1,0.2675514549647744,0.2202574096490411,0.17761705462030705
778166,2025-04-26,2025,Minnesota Twins,Los Angeles Angels,2025-04-26T17:00:00+00:00,2025-04-26T18:10:00+00:00,0.083043204401206,0.0,162,162,0.6164966585024652,0.5306841046277666,0.5505050505050506,1,0.14707481293977484,0.2202574096490411,0.20204570962146712
778167,2025-04-26,2025,Kansas City Royals,Houston Astros,2025-04-26T17:00:00+00:00,2025-04-26T23:10:00+00:00,-0.03948351286701801,0.0,162,162,0.492197890620533,0.5306841046277666,0.4422110552763819,1,0.2578629822902362,0.2202574096490411,0.31112850685588755
778168,2025-04-26,2025,Detroit Tigers,Baltimore Orioles,2025-04-26T17:00:00+00:00,2025-04-26T17:10:00+00:00,0.03802086266266291,1.0,162,162,0.5020314081874996,0.5306841046277666,0.5603015075376885,1,0.24797271843172466,0.2202574096490411,0.19333476427362942
778169,2025-04-26,2025,Cleveland Guardians,Boston Red Sox,2025-04-26T17:00:00+00:00,2025-04-26T22:10:00+00:00,-0.012421604596166091,1.0,162,162,0.4501282836226057,0.5306841046277666,0.4885496183206107,0,0.20261547171703295,0.2816256189045743,0.23868072956121442
778173,2025-04-26,2025,Washington Nationals,New York Mets,2025-04-26T17:00:00+00:00,2025-04-26T20:05:00+00:00,-0.12410178727306315,0.0,162,162,0.4059817808506928,0.5306841046277666,0.37740384615384615,0,0.16482120638269995,0.2816256189045743,0.14243366309171596
778174,2025-04-26,2025,Chicago Cubs,Philadelphia Phillies,2025-04-26T17:00:00+00:00,2025-04-26T20:05:00+00:00,0.04661357183326098,0.0,162,162,0.5803683793023164,0.5306841046277666,0.48469387755102045,0,0.33682745569399747,0.2816256189045743,0.2349281549354436
778179,2025-04-26,2025,Cleveland Guardians,Boston Red Sox,2025-04-26T17:00:00+00:00,2025-04-26T17:10:00+00:00,-0.012421604596166091,1.0,162,162,0.4501282836226057,0.5306841046277666,0.5,1,0.30235890447182157,0.2202574096490411,0.25
778136,2025-04-27,2025,Seattle Mariners,Miami Marlins,2025-04-27T17:00:00+00:00,2025-04-27T20:10:00+00:00,0.11963149082368169,0.0,162,162,0.6515316157776371,0.5306841046277666,0.5675,1,0.12143021480254436,0.2202574096490411,0.18705625
778144,2025-04-27,2025,Minnesota Twins,Los Angeles Angels,2025-04-27T17:00:00+00:00,2025-04-27T17:40:00+00:00,0.08821278982958142,0.0,162,162,0.6215305953926621,0.5306841046277666,0.6225961538461539,1,0.14323909022383285,0.2202574096490411,0.14243366309171596
778145,2025-04-27,2025,Los Angeles Dodgers,Pittsburgh Pirates,2025-04-27T17:00:00+00:00,2025-04-27T20:10:00+00:00,0.07237670561960652,0.0,162,162,0.6060318222995812,0.5306841046277666,0.7495183044315993,1,0.15521092504058878,0.2202574096490411,0.06274107981482098
778146,2025-04-27,2025,San Diego Padres,Tampa Bay Rays,2025-04-27T17:00:00+00:00,2025-04-27T20:10:00+00:00,0.03134464975048257,0.0,162,162,0.5649411082107418,0.5306841046277666,0.5025510204081632,0,0.31915845574638113,0.2816256189045743,0.2525575281132861
778147,2025-04-27,2025,Arizona Diamondbacks,Atlanta Braves,2025-04-27T17:00:00+00:00,2025-04-27T20:10:00+00:00,0.013082236409154513,0.0,162,162,0.5463253029630756,0.5306841046277666,0.46954314720812185,1,0.20582073073154517,0.2202574096490411,0.2813844726738643
778148,2025-04-27,2025,Colorado Rockies,Cincinnati Reds,2025-04-27T17:00:00+00:00,2025-04-27T19:10:00+00:00,-0.1053466585923522,0.0,162,162,0.4247848440175336,0.5306841046277666,0.4133663366336633,0,0.18044216370700034,0.2816256189045743,0.17087172826193503
778150,2025-04-27,2025,St. Louis Cardinals,Milwaukee Brewers,2025-04-27T17:00:00+00:00,2025-04-27T18:15:00+00:00,-0.04712927193883237,0.0,162,162,0.4843100330006811,0.5306841046277666,0.5025510204081632,0,0.2345562080651208,0.2816256189045743,0.2525575281132861
778151,2025-04-27,2025,San Francisco Giants,Texas Rangers,2025-04-27T17:00:00+00:00,2025-04-27T20:05:00+00:00,0.0721606567962107,0.0,162,162,0.6058188138890861,0.5306841046277666,0.5516372795969774,1,0.15537880748380695,0.2202574096490411,0.20102912904719902
778152,2025-04-27,2025,Kansas City Royals,Houston Astros,2025-04-27T17:00:00+00:00,2025-04-27T18:10:00+00:00,-0.035334577345435214,0.0,162,162,0.4964800771791242,0.5306841046277666,0.43500000000000005,0,0.24649246703578911,0.2816256189045743,0.18922500000000006
778153,2025-04-27,2025,Washington Nationals,New York Mets,2025-04-27T17:00:00+00:00,2025-04-27T17:35:00+00:00,-0.12450932981327195,0.0,162,162,0.40557603165049405,0.5306841046277666,0.42750000000000005,1,0.35333985414837443,0.2202574096490411,0.32775625
778155,2025-04-27,2025,Detroit Tigers,Baltimore Orioles,2025-04-27T17:00:00+00:00,2025-04-27T17:40:00+00:00,0.043846328842244875,0.0,162,162,0.577583151458538,0.5306841046277666,0.6785714285714286,1,0.17843599393170045,0.2202574096490411,0.10331632653061222
778156,2025-04-27,2025,New York Yankees,Toronto Blue Jays,2025-04-27T17:00:00+00:00,2025-04-27T17:35:00+00:00,0.04967190690286871,0.0,162,162,0.5834406390665225,0.5306841046277666,0.6391509433962265,1,0.17352170118130714,0.2202574096490411,0.13021204165183337
778157,2025-04-27,2025,Cleveland Guardians,Boston Red Sox,2025-04-27T17:00:00+00:00,2025-04-27T17:40:00+00:00,-0.012133200048498771,0.0,162,162,0.5204184080955161,0.5306841046277666,0.47582697201017815,0,0.27083531948467116,0.2816256189045743,0.22641130729237485
778158,2025-04-27,2025,Chicago Cubs,Philadelphia Phillies,2025-04-27T17:00:00+00:00,2025-04-27T23:10:00+00:00,0.044656016732582016,0.0,162,162,0.5783986206863448,0.5306841046277666,0.5253807106598984,0,0.3345449644118662,0.2816256189045743,0.27602489113349993
778170,2025-04-27,2025,New York Yankees,Toronto Blue Jays,2025-04-27T17:00:00+00:00,2025-04-27T17:40:00+00:00,0.04967190690286871,0.0,162,162,0.5834406390665225,0.5306841046277666,0.5945945945945945,1,0.17352170118130714,0.2202574096490411,0.16435354273192118
778132,2025-04-28,2025,Los Angeles Dodgers,Miami Marlins,2025-04-28T17:00:00+00:00,2025-04-29T02:10:00+00:00,0.12931345954839107,0.0,162,162,0.6605520897813739,0.5306841046277666,0.703862660944206,1,0.11522488375179243,0.2202574096490411,0.08769732358304629
778137,2025-04-28,2025,Colorado Rockies,Atlanta Braves,2025-04-28T17:00:00+00:00,2025-04-29T00:40:00+00:00,-0.12560514981125137,0.0,162,162,0.4044856744659692,0.5306841046277666,0.39024390243902446,0,0.16360866084819004,0.2816256189045743,0.15229030339083885
778138,2025-04-28,2025,Washington Nationals,New York Mets,2025-04-28T17:00:00+00:00,2025-04-28T20:05:00+00:00,-0.12005078818764986,0.0,162,162,0.41002185232614896,0.5306841046277666,0.3911980440097799,0,0.1681179193849663,0.2816256189045743,0.15303590963707772
778139,2025-04-28,2025,Cleveland Guardians,Minnesota Twins,2025-04-28T17:00:00+00:00,2025-04-28T22:10:00+00:00,-0.027646658039206295,0.0,162,162,0.5044158016473179,0.5306841046277666,0.544529262086514,0,0.25443530095150635,0.2816256189045743,0.2965121172684834
778140,2025-04-28,2025,Baltimore Orioles,New York Yankees,2025-04-28T17:00:00+00:00,2025-04-28T22:35:00+00:00,-0.05533127042851127,0.0,162,162,0.47585711093179367,0.5306841046277666,0.4517766497461929,1,0.274725768160766,0.2202574096490411,0.30054884176350843
778141,2025-04-28,2025,Cincinnati Reds,St. Louis Cardinals,2025-04-28T17:00:00+00:00,2025-04-28T22:40:00+00:00,0.026173600767409655,0.0,162,162,0.5596862236365631,0.5306841046277666,0.526854219948849,1,0.19387622165543075,0.2202574096490411,0.2238669291802122
778142,2025-04-28,2025,Houston Astros,Detroit Tigers,2025-04-28T17:00:00+00:00,2025-04-29T00:10:00+00:00,0.018631177961757395,0.0,162,162,0.551997790558744,0.5306841046277666,0.5140664961636828,1,0.20070597966424703,0.2202574096490411,0.23613137015064006
778120,2025-04-29,2025,Colorado Rockies,Atlanta Braves,2025-04-29T17:00:00+00:00,2025-04-30T00:40:00+00:00,-0.12798269602875473,0.0,162,162,0.40212323312622017,0.5306841046277666,0.3568075117370892,0,0.1617030946198844,0.2816256189045743,0.12731160043201303
778121,2025-04-29,2025,Seattle Mariners,Los Angeles Angels,2025-04-29T17:00:00+00:00,2025-04-30T01:40:00+00:00,0.12552655212950858,0.0,162,162,0.6570373361802624,0.5306841046277666,0.6440281030444964,1,0.11762338877433036,0.2202574096490411,0.12671599142209966
778123,2025-04-29,2025,Los Angeles Dodgers,Miami Marlins,2025-04-29T17:00:00+00:00,2025-04-30T02:10:00+00:00,0.13004667873025338,0.0,162,162,0.6612305898133867,0.5306841046277666,0.6408450704225352,1,0.11476471327818588,0.2202574096490411,0.12899226343979367
778124,2025-04-29,2025,Houston Astros,Detroit Tigers,2025-04-29T17:00:00+00:00,2025-04-30T00:10:00+00:00,0.015226684895062736,0.0,162,162,0.5485190056688103,0.5306841046277666,0.5241730279898218,1,0.20383508824227975,0.2202574096490411,0.2264113072923749
778125,2025-04-29,2025,Chicago White Sox,Milwaukee Brewers,2025-04-29T17:00:00+00:00,2025-04-29T23:40:00+00:00,-0.14651219474943245,0.0,162,162,0.38387455265123993,0.5306841046277666,0.3114035087719298,0,0.14735967217318957,0.2816256189045743,0.09697214527546935
778126,2025-04-29,2025,San Diego Padres,San Francisco Giants,2025-04-29T17:00:00+00:00,2025-04-30T01:40:00+00:00,-0.010664099992234832,0.0,162,162,0.5219321736989091,0.5306841046277666,0.46700507614213205,1,0.22854884654425003,0.2202574096490411,0.28408358885825447
778127,2025-04-29,2025,Toronto Blue Jays,Boston Red Sox,2025-04-29T17:00:00+00:00,2025-04-29T23:07:00+00:00,-0.01960769961382458,0.0,162,162,0.5127114363468834,0.5306841046277666,0.4483627204030227,0,0.2628730169608843,0.2816256189045743,0.20102912904719913
778128,2025-04-29,2025,Tampa Bay Rays,Kansas City Royals,2025-04-29T17:00:00+00:00,2025-04-29T23:05:00+00:00,-0.00930224334914509,0.0,162,162,0.5233350762318089,0.5306841046277666,0.5831265508684863,0,0.2738796020145532,0.2816256189045743,0.34003657432777734
778129,2025-04-29,2025,Cleveland Guardians,Minnesota Twins,2025-04-29T17:00:00+00:00,2025-04-29T22:10:00+00:00,-0.03206485467192194,0.0,162,162,0.49985520843464504,0.5306841046277666,0.5516372795969774,1,0.25014481252995235,0.2202574096490411,0.20102912904719902
778130,2025-04-29,2025,New York Mets,Arizona Diamondbacks,2025-04-29T17:00:00+00:00,2025-04-29T23:10:00+00:00,0.025740755300816542,-1.0,162,162,0.6268629419921616,0.5306841046277666,0.5664160401002506,1,0.13923126405874492,0.2202574096490411,0.1879950502823475
778131,2025-04-29,2025,Philadelphia Phillies,Washington Nationals,2025-04-29T17:00:00+00:00,2025-04-29T22:45:00+00:00,0.06370139124147756,1.0,162,162,0.5285093314772125,0.5306841046277666,0.6309523809523809,1,0.2223034505040651,0.2202574096490411,0.13619614512471656
778133,2025-04-29,2025,Baltimore Orioles,New York Yankees,2025-04-29T17:00:00+00:00,2025-04-29T22:35:00+00:00,-0.054486626357448,0.0,162,162,0.47672703901185315,0.5306841046277666,0.42039800995024873,0,0.22726866972500895,0.2816256189045743,0.17673448677012943
778135,2025-04-29,2025,Pittsburgh Pirates,Chicago Cubs,2025-04-29T17:00:00+00:00,2025-04-29T22:40:00+00:00,-0.08831093435502496,0.0,162,162,0.4420563818932893,0.5306841046277666,0.43859649122807015,0,0.1954138447725856,0.2816256189045743,0.1923668821175746
778102,2025-04-30,2025,Colorado Rockies,Atlanta Braves,2025-04-30T17:00:00+00:00,2025-04-30T19:10:00+00:00,-0.13050859339264936,0.0,162,162,0.39961835426602754,0.5306841046277666,0.2951167728237792,1,0.3604581205342332,0.2202574096490411,0.4968603639543638
778104,2025-04-30,2025,Seattle Mariners,Los Angeles Angels,2025-04-30T17:00:00+00:00,2025-04-30T20:10:00+00:00,0.12643184286488318,0.0,162,162,0.6578791515063712,0.5306841046277666,0.57356608478803,1,0.1170466749740005,0.2202574096490411,0.18184588404300966
778105,2025-04-30,2025,San Diego Padres,San Francisco Giants,2025-04-30T17:00:00+00:00,2025-04-30T20:10:00+00:00,-0.009357858291067944,0.0,162,162,0.5232777921345717,0.5306841046277666,0.5796019900497512,1,0.22726406347208863,0.2202574096490411,0.17673448677012948
778109,2025-04-30,2025,Los Angeles Dodgers,Miami Marlins,2025-04-30T17:00:00+00:00,2025-04-30T19:10:00+00:00,0.1403251158846956,0.0,162,162,0.6706713096190396,0.5306841046277666,0.7386138613861386,1,0.10845738630803844,0.2202574096490411,0.06832271345946477
778110,2025-04-30,2025,Houston Astros,Detroit Tigers,2025-04-30T17:00:00+00:00,2025-04-30T18:10:00+00:00,0.017003428279265487,0.0,162,162,0.5503351341788814,0.5306841046277666,0.5329949238578681,0,0.3028687599116873,0.2816256189045743,0.2840835888582546
778111,2025-04-30,2025,Chicago White Sox,Milwaukee Brewers,2025-04-30T17:00:00+00:00,2025-04-30T23:40:00+00:00,-0.14602941649131107,0.0,162,162,0.38434613093191256,0.5306841046277666,0.4044117647058823,0,0.14772194836233088,0.2816256189045743,0.16354887543252591
778112,2025-04-30,2025,Pittsburgh Pirates,Chicago Cubs,2025-04-30T17:00:00+00:00,2025-04-30T22:40:00+00:00,-0.09612304801881805,0.0,162,162,0.4341161130165967,0.5306841046277666,0.4029484029484029,1,0.32022457354744516,0.2202574096490411,0.3564706095418626
778113,2025-04-30,2025,Tampa Bay Rays,Kansas City Royals,2025-04-30T17:00:00+00:00,2025-04-30T23:05:00+00:00,-0.0168487843133025,0.0,162,162,0.515557058503623,0.5306841046277666,0.6125907990314771,0,0.26579908057290813,0.2816256189045743,0.37526748705802354
778114,2025-04-30,2025,Toronto Blue Jays,Boston Red Sox,2025-04-30T17:00:00+00:00,2025-04-30T23:07:00+00:00,-0.025333466877043354,0.0,162,162,0.5068033009922891,0.5306841046277666,0.4885496183206107,1,0.24324298391210258,0.2202574096490411,0.261581492919993
778115,2025-04-30,2025,Baltimore Orioles,New York Yankees,2025-04-30T17:00:00+00:00,2025-04-30T22:35:00+00:00,-0.06342163069880807,0.0,162,162,0.4675327505036783,0.5306841046277666,0.5190839694656489,1,0.28352137178617803,0.2202574096490411,0.23128022842491688
778116,2025-04-30,2025,Cleveland Guardians,Minnesota Twins,2025-04-30T17:00:00+00:00,2025-04-30T22:10:00+00:00,-0.03216275466405499,0.0,162,162,0.49975415063943895,0.5306841046277666,0.4494949494949495,1,0.25024590980246914,0.2202574096490411,0.3030558106315682
778117,2025-04-30,2025,New York Mets,Arizona Diamondbacks,2025-04-30T17:00:00+00:00,2025-04-30T23:10:00+00:00,0.028797235604239413,0.0,162,162,0.5623541420189094,0.5306841046277666,0.5025510204081632,0,0.31624218104582374,0.2816256189045743,0.2525575281132861
778118,2025-04-30,2025,Philadelphia Phillies,Washington Nationals,2025-04-30T17:00:00+00:00,2025-04-30T22:45:00+00:00,0.06477923073419123,0.0,162,162,0.598517595351147,0.5306841046277666,0.6666666666666666,1,0.16118812124262533,0.2202574096490411,0.11111111111111113
778119,2025-04-30,2025,Cincinnati Reds,St. Louis Cardinals,2025-04-30T17:00:00+00:00,2025-04-30T22:40:00+00:00,0.02712031194926745,0.0,162,162,0.5606493200178783,0.5306841046277666,0.4973821989528796,0,0.31432766003650925,0.2816256189045743,0.2473890518352019
778094,2025-05-01,2025,Chicago White Sox,Milwaukee Brewers,2025-05-01T17:00:00+00:00,2025-05-01T18:10:00+00:00,-0.14594499282912238,0.0,162,162,0.3844286184126368,0.5306841046277666,0.4088669950738916,1,0.378928125829375,0.2202574096490411,0.3494382295129704
778095,2025-05-01,2025,Toronto Blue Jays,Boston Red Sox,2025-05-01T17:00:00+00:00,2025-05-01T23:07:00+00:00,-0.021202204375370626,0.0,162,162,0.5110664320242052,0.5306841046277666,0.49234693877551017,1,0.23905603389354116,0.2202574096490411,0.2577116305705956
778097,2025-05-01,2025,Tampa Bay Rays,Kansas City Royals,2025-05-01T17:00:00+00:00,2025-05-01T17:10:00+00:00,-0.021134726634122303,0.0,162,162,0.511136051961418,0.5306841046277666,0.6039119804400979,0,0.2612600636147054,0.2816256189045743,0.36470968011908117
778098,2025-05-01,2025,San Francisco Giants,Colorado Rockies,2025-05-01T17:00:00+00:00,2025-05-02T01:45:00+00:00,0.13855368545004876,0.0,162,162,0.6690537840132993,0.5306841046277666,0.6995708154506437,0,0.44763296590251456,0.2816256189045743,0.48939932583027856
778099,2025-05-01,2025,Philadelphia Phillies,Washington Nationals,2025-05-01T17:00:00+00:00,2025-05-01T22:45:00+00:00,0.06832769706775171,0.0,162,162,0.6020331767755212,0.5306841046277666,0.6048780487804878,0,0.3624439459384259,0.2816256189045743,0.3658774538964902
778101,2025-05-01,2025,Los Angeles Angels,Detroit Tigers,2025-05-01T17:00:00+00:00,2025-05-02T01:38:00+00:00,-0.12246311166577112,0.0,162,162,0.40761453659986885,0.5306841046277666,0.4545454545454545,0,0.16614961044752583,0.2816256189045743,0.2066115702479338
778103,2025-05-01,2025,New York Mets,Arizona Diamondbacks,2025-05-01T17:00:00+00:00,2025-05-01T17:10:00+00:00,0.02714497088265888,0.0,162,162,0.5606743996654338,0.5306841046277666,0.5925925925925927,0,0.3143557824401945,0.2816256189045743,0.3511659807956105
778108,2025-05-01,2025,Cleveland Guardians,Minnesota Twins,2025-05-01T17:00:00+00:00,2025-05-01T17:10:00+00:00,-0.028605459532797972,0.0,162,162,0.5034261346643857,0.5306841046277666,0.47959183673469385,1,0.24658560373435282,0.2202574096490411,0.27082465639316955
778079,2025-05-02,2025,Chicago White Sox,Houston Astros,2025-05-02T17:00:00+00:00,2025-05-02T23:40:00+00:00,-0.15578813128365387,-1.0,162,162,0.44256595562991174,0.5306841046277666,0.31567328918322296,1,0.31073271382279355,0.2202574096490411,0.4683030471373087
778080,2025-05-02,2025,Milwaukee Brewers,Chicago Cubs,2025-05-02T17:00:00+00:00,2025-05-03T00:10:00+00:00,-0.01815721539827786,0.0,162,162,0.51420762064368,0.5306841046277666,0.4783715012722647,0,0.2644094771280347,0.2816256189045743,0.22883929322948032
778081,2025-05-02,2025,Toronto Blue Jays,Cleveland Guardians,2025-05-02T17:00:00+00:00,2025-05-02T23:07:00+00:00,0.008857061861402782,0.0,162,162,0.5419978948286686,0.5306841046277666,0.5901234567901236,1,0.20976592834137134,0.2202574096490411,0.1679987806736777
778082,2025-05-02,2025,San Francisco Giants,Colorado Rockies,2025-05-02T17:00:00+00:00,2025-05-03T02:15:00+00:00,0.13774874884080923,0.0,162,162,0.66831745648618,0.5306841046277666,0.7094736842105264,1,0.11001330967179708,0.2202574096490411,0.08440554016620495
778083,2025-05-02,2025,Texas Rangers,Seattle Mariners,2025-05-02T17:00:00+00:00,2025-05-03T00:05:00+00:00,-0.07511875844833749,-1.0,162,162,0.5255604362286734,0.5306841046277666,0.4872448979591837,0,0.2762137721288735,0.2816256189045743,0.23740759058725533
778084,2025-05-02,2025,St. Louis Cardinals,New York Mets,2025-05-02T17:00:00+00:00,2025-05-03T00:15:00+00:00,-0.0734213116608603,0.0,162,162,0.45726926443109744,0.5306841046277666,0.48346055979643765,0,0.2090951801933569,0.2816256189045743,0.23373411287868487
778085,2025-05-02,2025,Los Angeles Angels,Detroit Tigers,2025-05-02T17:00:00+00:00,2025-05-03T01:38:00+00:00,-0.12621103366850928,0.0,162,162,0.40388321480559153,0.5306841046277666,0.3681710213776722,0,0.16312165120169958,0.2816256189045743,0.13554990098227837
778086,2025-05-02,2025,Philadelphia Phillies,Arizona Diamondbacks,2025-05-02T17:00:00+00:00,2025-05-02T22:45:00+00:00,-0.04104132375562286,0.0,162,162,0.4905903094410389,0.5306841046277666,0.5796019900497512,1,0.25949823283537654,0.2202574096490411,0.17673448677012948
778087,2025-05-02,2025,Cincinnati Reds,Washington Nationals,2025-05-02T17:00:00+00:00,2025-05-02T22:10:00+00:00,0.062277707239261015,0.0,162,162,0.5960331266335871,0.5306841046277666,0.6235011990407675,1,0.16318923477743547,0.2202574096490411,0.14175134712373977
778088,2025-05-02,2025,New York Yankees,Tampa Bay Rays,2025-05-02T17:00:00+00:00,2025-05-02T23:05:00+00:00,0.03982576902941326,1.0,162,162,0.5038944652342182,0.5306841046277666,0.6921397379912664,1,0.24612070162524233,0.2202574096490411,0.09477794092408612
778089,2025-05-02,2025,Boston Red Sox,Minnesota Twins,2025-05-02T17:00:00+00:00,2025-05-02T23:10:00+00:00,-0.011948158219419192,0.0,162,162,0.5206090970301168,0.5306841046277666,0.5,1,0.22981563785027995,0.2202574096490411,0.25
778090,2025-05-02,2025,Pittsburgh Pirates,San Diego Padres,2025-05-02T17:00:00+00:00,2025-05-02T22:40:00+00:00,-0.08148266594127918,-1.0,162,162,0.519004398769422,0.5306841046277666,0.4158415841584158,0,0.26936556594200917,0.2816256189045743,0.17292422311538083
778092,2025-05-02,2025,Atlanta Braves,Los Angeles Dodgers,2025-05-02T17:00:00+00:00,2025-05-02T23:15:00+00:00,-0.019241907159048943,0.0,162,162,0.5130887762792852,0.5306841046277666,0.38164251207729477,0,0.26326009234377434,0.2816256189045743,0.14565100702466807
778093,2025-05-02,2025,Baltimore Orioles,Kansas City Royals,2025-05-02T17:00:00+00:00,2025-05-02T23:05:00+00:00,-0.05510190932033715,1.0,162,162,0.4070002160881477,0.5306841046277666,0.57,1,0.3516487437195036,0.2202574096490411,0.18490000000000004
778064,2025-05-03,2025,Toronto Blue Jays,Cleveland Guardians,2025-05-03T17:00:00+00:00,2025-05-03T19:07:00+00:00,0.016044578130111564,0.0,162,162,0.5493551926903399,0.5306841046277666,0.5876543209876544,0,0.30179112773584055,0.2816256189045743,0.3453376009754611
778065,2025-05-03,2025,Pittsburgh Pirates,San Diego Padres,2025-05-03T17:00:00+00:00,2025-05-03T20:05:00+00:00,-0.0811629046370082,0.0,162,162,0.449347822192475,0.5306841046277666,0.5392405063291139,0,0.2019134653091201,0.2816256189045743,0.29078032366607914
778066,2025-05-03,2025,Chicago White Sox,Houston Astros,2025-05-03T17:00:00+00:00,2025-05-03T18:10:00+00:00,-0.15058351316928925,0.0,162,162,0.3799064437820711,0.5306841046277666,0.3251121076233184,0,0.14432890602713996,0.2816256189045743,0.10569788252327615
778067,2025-05-03,2025,Los Angeles Angels,Detroit Tigers,2025-05-03T17:00:00+00:00,2025-05-04T01:38:00+00:00,-0.13460412646605108,0.0,162,162,0.3955680880724084,0.5306841046277666,0.3608490566037736,1,0.36533793615644383,0.2202574096490411,0.40851392844428613
778069,2025-05-03,2025,San Francisco Giants,Colorado Rockies,2025-05-03T17:00:00+00:00,2025-05-03T20:05:00+00:00,0.14291347071200444,0.0,162,162,0.6730275237607418,0.5306841046277666,0.71900826446281,1,0.10691100021803225,0.2202574096490411,0.07895635544020214
778070,2025-05-03,2025,Texas Rangers,Seattle Mariners,2025-05-03T17:00:00+00:00,2025-05-03T23:05:00+00:00,-0.08237872153961945,0.0,162,162,0.4481059866954695,0.5306841046277666,0.4520202020202021,0,0.2007989753123203,0.2816256189045743,0.2043222630343843
778071,2025-05-03,2025,Milwaukee Brewers,Chicago Cubs,2025-05-03T17:00:00+00:00,2025-05-03T23:10:00+00:00,-0.029585795990555552,0.0,162,162,0.5024142117704938,0.5306841046277666,0.49489795918367346,0,0.25242004018896663,0.2816256189045743,0.24492399000416493
778072,2025-05-03,2025,Baltimore Orioles,Kansas City Royals,2025-05-03T17:00:00+00:00,2025-05-03T23:15:00+00:00,-0.05259563615248375,0.0,162,162,0.4786751392398319,0.5306841046277666,0.5076530612244898,0,0.22912988892627245,0.2816256189045743,0.2577116305705956
778073,2025-05-03,2025,Boston Red Sox,Minnesota Twins,2025-05-03T17:00:00+00:00,2025-05-03T20:10:00+00:00,-0.007425109534948626,0.0,162,162,0.5252681782675271,0.5306841046277666,0.5241730279898218,0,0.2759066591004867,0.2816256189045743,0.2747573632720185
778074,2025-05-03,2025,New York Yankees,Tampa Bay Rays,2025-05-03T17:00:00+00:00,2025-05-03T17:05:00+00:00,0.04572543103469712,0.0,162,162,0.579475015155125,0.5306841046277666,0.6613272311212814,0,0.33579129318903234,0.2816256189045743,0.4373537066225408
778076,2025-05-03,2025,Atlanta Braves,Los Angeles Dodgers,2025-05-03T17:00:00+00:00,2025-05-03T23:15:00+00:00,-0.0145192652134003,0.0,162,162,0.5179590116775107,0.5306841046277666,0.5279187817258882,0,0.26828153777794367,0.2816256189045743,0.27869824009894606
778077,2025-05-03,2025,Cincinnati Reds,Washington Nationals,2025-05-03T17:00:00+00:00,2025-05-03T22:40:00+00:00,0.061538321361975845,0.0,162,162,0.5952978317700756,0.5306841046277666,0.635933806146572,0,0.3543795085101532,0.2816256189045743,0.40441180580006586
778078,2025-05-03,2025,Philadelphia Phillies,Arizona Diamondbacks,2025-05-03T17:00:00+00:00,2025-05-03T22:05:00+00:00,-0.0419946433766788,0.0,162,162,0.48960662619592954,0.5306841046277666,0.5267175572519084,1,0.2605013960231016,0.2202574096490411,0.2239962706136006
778048,2025-05-04,2025,San Francisco Giants,Colorado Rockies,2025-05-04T17:00:00+00:00,2025-05-04T20:05:00+00:00,0.14523113863501824,0.0,162,162,0.6751299493038193,0.5306841046277666,0.7607476635514019,1,0.10554054983933901,0.2202574096490411,0.05724168049611319
778050,2025-05-04,2025,Los Angeles Angels,Detroit Tigers,2025-05-04T17:00:00+00:00,2025-05-04T20:07:00+00:00,-0.13042075963010075,0.0,162,162,0.3997053699119209,0.5306841046277666,0.3840579710144928,0,0.15976438273642551,0.2816256189045743,0.147500525099769
778051,2025-05-04,2025,Pittsburgh Pirates,San Diego Padres,2025-05-04T17:00:00+00:00,2025-05-04T17:35:00+00:00,-0.07821083837110782,0.0,162,162,0.45236566187053107,0.5306841046277666,0.5051020408163266,0,0.20463469203956364,0.2816256189045743,0.25512807163681805
778052,2025-05-04,2025,Texas Rangers,Seattle Mariners,2025-05-04T17:00:00+00:00,2025-05-04T18:35:00+00:00,-0.08203133779243088,0.0,162,162,0.44846073914185214,0.5306841046277666,0.6192771084337348,1,0.3041955562679521,0.2202574096490411,0.1449499201625781
778053,2025-05-04,2025,St. Louis Cardinals,New York Mets,2025-05-04T17:00:00+00:00,2025-05-04T17:15:00+00:00,-0.07794468420315437,0.0,162,162,0.45263792164906097,0.5306841046277666,0.47328244274809167,1,0.29960524481665946,0.2202574096490411,0.2774313851174173
778054,2025-05-04,2025,Milwaukee Brewers,Chicago Cubs,2025-05-04T17:00:00+00:00,2025-05-04T18:10:00+00:00,-0.032721158977383036,0.0,162,162,0.4991777354050529,0.5306841046277666,0.4885496183206107,1,0.2508229407140113,0.2202574096490411,0.261581492919993
778055,2025-05-04,2025,Chicago White Sox,Houston Astros,2025-05-04T17:00:00+00:00,2025-05-04T18:10:00+00:00,-0.15075271784940353,0.0,162,162,0.3797418713771147,0.5306841046277666,0.39608801955990225,1,0.38472014612276373,0.2202574096490411,0.364709680119081
778056,2025-05-04,2025,Toronto Blue Jays,Cleveland Guardians,2025-05-04T17:00:00+00:00,2025-05-04T17:37:00+00:00,0.01659741824847699,0.0,162,162,0.5499202405874343,0.5306841046277666,0.49109414758269715,0,0.3024122710077416,0.2816256189045743,0.24117346178997592
778057,2025-05-04,2025,New York Yankees,Tampa Bay Rays,2025-05-04T17:00:00+00:00,2025-05-04T17:35:00+00:00,0.04301804319842223,0.0,162,162,0.576748513890685,0.5306841046277666,0.6029411764705883,0,0.3326388482751137,0.2816256189045743,0.36353806228373714
778058,2025-05-04,2025,Cincinnati Reds,Washington Nationals,2025-05-04T17:00:00+00:00,2025-05-04T20:10:00+00:00,0.055167857130339115,0.0,162,162,0.5889452093570412,0.5306841046277666,0.5038363171355499,0,0.3468564596246091,0.2816256189045743,0.2538510344647144
778059,2025-05-04,2025,Philadelphia Phillies,Arizona Diamondbacks,2025-05-04T17:00:00+00:00,2025-05-04T18:05:00+00:00,-0.04030420955955594,0.0,162,162,0.4913509513795592,0.5306841046277666,0.5841584158415841,0,0.24142575742159794,0.2816256189045743,0.3412410547985491
778060,2025-05-04,2025,Atlanta Braves,Los Angeles Dodgers,2025-05-04T17:00:00+00:00,2025-05-04T23:10:00+00:00,-0.020624012268356084,0.0,162,162,0.5116629656252935,0.5306841046277666,0.4582278481012658,1,0.23847305914188333,0.2202574096490411,0.2935170645729851
778062,2025-05-04,2025,Baltimore Orioles,Kansas City Royals,2025-05-04T17:00:00+00:00,2025-05-04T17:35:00+00:00,-0.053544342532927724,0.0,162,162,0.4776976960650379,0.5306841046277666,0.5577889447236182,0,0.22819508882584535,0.2816256189045743,0.31112850685588755
778063,2025-05-04,2025,Boston Red Sox,Minnesota Twins,2025-05-04T17:00:00+00:00,2025-05-04T17:35:00+00:00,-0.007584047083243006,0.0,162,162,0.525104530399486,0.5306841046277666,0.6391509433962265,0,0.2757347678460647,0.2816256189045743,0.4085139284442863
778068,2025-05-04,2025,St. Louis Cardinals,New York Mets,2025-05-04T17:00:00+00:00,2025-05-04T22:15:00+00:00,-0.07794468420315437,0.0,162,162,0.45263792164906097,0.5306841046277666,0.42999999999999994,1,0.29960524481665946,0.2202574096490411,0.3249000000000001
778036,2025-05-05,2025,St. Louis Cardinals,Pittsburgh Pirates,2025-05-05T17:00:00+00:00,2025-05-05T23:45:00+00:00,0.04165265915269872,0.0,162,162,0.5753717044873374,0.5306841046277666,0.5505050505050506,1,0.1803091893499891,0.2202574096490411,0.20204570962146712
778039,2025-05-05,2025,Arizona Diamondbacks,New York Mets,2025-05-05T17:00:00+00:00,2025-05-06T01:40:00+00:00,-0.010364646757358154,0.0,162,162,0.5222406828023738,0.5306841046277666,0.5190839694656489,0,0.2727353307738896,0.2816256189045743,0.26944816735621474
778042,2025-05-05,2025,Milwaukee Brewers,Houston Astros,2025-05-05T17:00:00+00:00,2025-05-05T23:40:00+00:00,-0.014672811344456083,0.0,162,162,0.5178007155133887,0.5306841046277666,0.5076530612244898,1,0.2325161499593999,0.2202574096490411,0.24240550812161596
778043,2025-05-05,2025,Kansas City Royals,Chicago White Sox,2025-05-05T17:00:00+00:00,2025-05-05T23:40:00+00:00,0.1277754686345971,0.0,162,162,0.6591267357137042,0.5306841046277666,0.6666666666666666,1,0.11619458230519489,0.2202574096490411,0.11111111111111113
778044,2025-05-05,2025,Chicago Cubs,San Francisco Giants,2025-05-05T17:00:00+00:00,2025-05-05T23:40:00+00:00,0.013179731033464814,0.0,162,162,0.5464250765669771,0.5306841046277666,0.6092233009708737,1,0.20573021116727255,0.2202574096490411,0.15270642850410032
778045,2025-05-05,2025,New York Yankees,San Diego Padres,2025-05-05T17:00:00+00:00,2025-05-05T23:05:00+00:00,0.005348253113525048,0.0,162,162,0.5383993350316624,0.5306841046277666,0.5831265508684863,0,0.28987384396253624,0.2816256189045743,0.34003657432777734
778047,2025-05-05,2025,Miami Marlins,Los Angeles Dodgers,2025-05-05T17:00:00+00:00,2025-05-05T22:40:00+00:00,-0.14979756082045326,0.0,162,162,0.3806712408681008,0.5306841046277666,0.34642032332563516,0,0.1449105936240596,0.2816256189045743,0.1200070404130376
778049,2025-05-05,2025,Atlanta Braves,Cincinnati Reds,2025-05-05T17:00:00+00:00,2025-05-05T23:15:00+00:00,0.03374708773378343,0.0,162,162,0.5673776136943838,0.5306841046277666,0.57,1,0.18716212913276584,0.2202574096490411,0.18490000000000004
778025,2025-05-06,2025,Los Angeles Angels,Toronto Blue Jays,2025-05-06T17:00:00+00:00,2025-05-07T01:38:00+00:00,-0.07961792657612232,0.0,162,162,0.4509267723468537,0.5306841046277666,0.4821428571428572,1,0.30148140932544376,0.2202574096490411,0.2681760204081632
778026,2025-05-06,2025,Washington Nationals,Cleveland Guardians,2025-05-06T17:00:00+00:00,2025-05-06T19:35:00+00:00,-0.01903105338795391,0.0,162,162,0.5133062796129048,0.5306841046277666,0.4746192893401016,1,0.23687077746423205,0.2202574096490411,0.27602489113349993
778027,2025-05-06,2025,Chicago Cubs,San Francisco Giants,2025-05-06T17:00:00+00:00,2025-05-06T23:40:00+00:00,0.020029800971581024,0.0,162,162,0.553425480127288,0.5306841046277666,0.5876543209876544,0,0.3062797620541192,0.2816256189045743,0.3453376009754611
778028,2025-05-06,2025,Minnesota Twins,Baltimore Orioles,2025-05-06T17:00:00+00:00,2025-05-06T23:40:00+00:00,0.041524838788099316,0.0,162,162,0.5752427543021684,0.5306841046277666,0.6125907990314771,1,0.18041871777280807,0.2202574096490411,0.1500858889950694
778030,2025-05-06,2025,St. Louis Cardinals,Pittsburgh Pirates,2025-05-06T17:00:00+00:00,2025-05-06T23:45:00+00:00,0.04003963261664634,0.0,162,162,0.5737436736565404,0.5306841046277666,0.4872448979591837,1,0.1816944557478219,0.2202574096490411,0.2629177946688879
778031,2025-05-06,2025,Milwaukee Brewers,Houston Astros,2025-05-06T17:00:00+00:00,2025-05-06T23:40:00+00:00,-0.008335890967551052,0.0,162,162,0.5243303321534184,0.5306841046277666,0.530456852791878,1,0.22626163290927725,0.2202574096490411,0.2204707670901081
778032,2025-05-06,2025,Arizona Diamondbacks,New York Mets,2025-05-06T17:00:00+00:00,2025-05-07T01:40:00+00:00,-0.016610968141308025,0.0,162,162,0.5158023041495754,0.5306841046277666,0.5089058524173028,1,0.23444740866686029,0.2202574096490411,0.24117346178997598
778033,2025-05-06,2025,Kansas City Royals,Chicago White Sox,2025-05-06T17:00:00+00:00,2025-05-06T23:40:00+00:00,0.13404803314621777,0.0,162,162,0.6649216079379595,0.5306841046277666,0.6666666666666666,1,0.11227752882688252,0.2202574096490411,0.11111111111111113
778034,2025-05-06,2025,Atlanta Braves,Cincinnati Reds,2025-05-06T17:00:00+00:00,2025-05-06T23:15:00+00:00,0.03853858299046209,0.0,162,162,0.5722272233973539,0.5306841046277666,0.6628701594533031,1,0.1829895484023374,0.2202574096490411,0.1136565293870413
778035,2025-05-06,2025,Miami Marlins,Los Angeles Dodgers,2025-05-06T17:00:00+00:00,2025-05-06T22:40:00+00:00,-0.14972340669346812,0.0,162,162,0.3807434296522318,0.5306841046277666,0.29637526652452023,1,0.38347869991888034,0.2202574096490411,0.49508776555843986
778037,2025-05-06,2025,Boston Red Sox,Texas Rangers,2025-05-06T17:00:00+00:00,2025-05-06T22:45:00+00:00,0.03900091766633851,0.0,162,162,0.5726944476067511,0.5306841046277666,0.4783715012722647,0,0.32797893031960185,0.2816256189045743,0.22883929322948032
778040,2025-05-06,2025,Tampa Bay Rays,Philadelphia Phillies,2025-05-06T17:00:00+00:00,2025-05-06T23:05:00+00:00,-0.004846747033052989,0.0,162,162,0.5279221709366171,0.5306841046277666,0.4619289340101523,0,0.2787018185664307,0.2816256189045743,0.21337834007575562
778041,2025-05-06,2025,New York Yankees,San Diego Padres,2025-05-06T17:00:00+00:00,2025-05-06T23:05:00+00:00,0.012074021640534727,0.0,162,162,0.5452933039468263,0.5306841046277666,0.5102040816326531,1,0.2067581794355933,0.2202574096490411,0.23990004164931278
778046,2025-05-06,2025,Washington Nationals,Cleveland Guardians,2025-05-06T17:00:00+00:00,2025-05-06T19:40:00+00:00,-0.01903105338795391,0.0,162,162,0.5133062796129048,0.5306841046277666,0.49234693877551017,0,0.26348333669004154,0.2816256189045743,0.24240550812161596
778009,2025-05-07,2025,Los Angeles Angels,Toronto Blue Jays,2025-05-07T17:00:00+00:00,2025-05-08T01:38:00+00:00,-0.0730090957116934,0.0,162,162,0.45769169945943805,0.5306841046277666,0.4582278481012658,1,0.2940982928351925,0.2202574096490411,0.2935170645729851
778011,2025-05-07,2025,Minnesota Twins,Baltimore Orioles,2025-05-07T17:00:00+00:00,2025-05-07T23:40:00+00:00,0.05214753029304908,0.0,162,162,0.5859228079860507,0.5306841046277666,0.5541561712846348,1,0.17145992094615706,0.2202574096490411,0.1987767196035759
778012,2025-05-07,2025,Kansas City Royals,Chicago White Sox,2025-05-07T17:00:00+00:00,2025-05-07T23:40:00+00:00,0.13602767585377723,0.0,162,162,0.6667403178173792,0.5306841046277666,0.6666666666666666,1,0.11106201576846143,0.2202574096490411,0.11111111111111113
778013,2025-05-07,2025,Colorado Rockies,Detroit Tigers,2025-05-07T17:00:00+00:00,2025-05-08T00:40:00+00:00,-0.14112592590870376,0.0,162,162,0.38914805136594155,0.5306841046277666,0.39077669902912626,0,0.15143620588190948,0.2816256189045743,0.15270642850410032
778014,2025-05-07,2025,Arizona Diamondbacks,New York Mets,2025-05-07T17:00:00+00:00,2025-05-07T19:40:00+00:00,-0.013726236864645247,0.0,162,162,0.51877651470404,0.5306841046277666,0.4619289340101523,0,0.269129072208471,0.2816256189045743,0.21337834007575562
778015,2025-05-07,2025,Milwaukee Brewers,Houston Astros,2025-05-07T17:00:00+00:00,2025-05-07T17:10:00+00:00,-0.009485177833635117,0.0,162,162,0.5231466490836723,0.5306841046277666,0.45088161209068006,0,0.27368241644747493,0.2816256189045743,0.20329422812149048
778016,2025-05-07,2025,St. Louis Cardinals,Pittsburgh Pirates,2025-05-07T17:00:00+00:00,2025-05-07T17:15:00+00:00,0.041837904067905274,0.0,162,162,0.5755585685944965,0.5306841046277666,0.6225961538461539,1,0.18015052869355272,0.2202574096490411,0.14243366309171596
778017,2025-05-07,2025,Miami Marlins,Los Angeles Dodgers,2025-05-07T17:00:00+00:00,2025-05-07T20:40:00+00:00,-0.14552908865017777,0.0,162,162,0.384835081145106,0.5306841046277666,0.31567328918322296,0,0.14809803967996032,0.2816256189045743,0.09964962550375471
778018,2025-05-07,2025,Boston Red Sox,Texas Rangers,2025-05-07T17:00:00+00:00,2025-05-07T22:45:00+00:00,0.03021778389102453,0.0,162,162,0.5637971737785427,0.5306841046277666,0.5468354430379747,1,0.19027290560358692,0.2202574096490411,0.20535811568658865
778019,2025-05-07,2025,New York Yankees,San Diego Padres,2025-05-07T17:00:00+00:00,2025-05-07T23:05:00+00:00,0.023294514651320486,0.0,162,162,0.5567545750745386,0.5306841046277666,0.6276849642004773,1,0.1964665067173528,0.2202574096490411,0.1386184858823999
778020,2025-05-07,2025,Chicago Cubs,San Francisco Giants,2025-05-07T17:00:00+00:00,2025-05-07T18:20:00+00:00,0.014270226871943903,0.0,162,162,0.5475408072680744,0.5306841046277666,0.5935960591133005,0,0.29980093562377463,0.2816256189045743,0.35235628139484093
778021,2025-05-07,2025,Tampa Bay Rays,Philadelphia Phillies,2025-05-07T17:00:00+00:00,2025-05-07T23:05:00+00:00,-0.0098380437985508,0.0,162,162,0.5227831696448861,0.5306841046277666,0.43609022556390975,0,0.2733022424639538,0.2816256189045743,0.19017468483238167
778023,2025-05-07,2025,Atlanta Braves,Cincinnati Reds,2025-05-07T17:00:00+00:00,2025-05-07T23:15:00+00:00,0.04019729824355123,0.0,162,162,0.5739028769788141,0.5306841046277666,0.5216284987277354,0,0.32936451220455987,0.2816256189045743,0.27209629068495106
777999,2025-05-08,2025,Arizona Diamondbacks,Los Angeles Dodgers,2025-05-08T17:00:00+00:00,2025-05-09T01:40:00+00:00,-0.007403798701089537,0.0,162,162,0.5252901202636312,0.5306841046277666,0.4239401496259351,1,0.22534946991931773,0.2202574096490411,0.33184495121298996
778000,2025-05-08,2025,Los Angeles Angels,Toronto Blue Jays,2025-05-08T17:00:00+00:00,2025-05-09T01:38:00+00:00,-0.06682125310283632,0.0,162,162,0.46403991741962286,0.5306841046277666,0.4531645569620253,0,0.2153330449588104,0.2816256189045743,0.20535811568658865
778003,2025-05-08,2025,Atlanta Braves,Cincinnati Reds,2025-05-08T17:00:00+00:00,2025-05-08T23:15:00+00:00,0.042007414479384275,0.0,162,162,0.5757295417428658,0.5306841046277666,0.6456876456876457,1,0.18000542174971862,0.2202574096490411,0.12553724441836328
778004,2025-05-08,2025,Colorado Rockies,Detroit Tigers,2025-05-08T17:00:00+00:00,2025-05-08T19:10:00+00:00,-0.1394429225846071,0.0,162,162,0.3908012153971537,0.5306841046277666,0.39608801955990225,0,0.1527255899558925,0.2816256189045743,0.1568857192388855
778005,2025-05-08,2025,Tampa Bay Rays,Philadelphia Phillies,2025-05-08T17:00:00+00:00,2025-05-08T23:05:00+00:00,-0.02077118174162995,0.0,162,162,0.5115111307048118,0.5306841046277666,0.41687344913151364,0,0.26164363683491504,0.2816256189045743,0.17378347259080468
778006,2025-05-08,2025,Boston Red Sox,Texas Rangers,2025-05-08T17:00:00+00:00,2025-05-08T17:35:00+00:00,0.031493883301396464,0.0,162,162,0.5650925506264692,0.5306841046277666,0.5866336633663367,1,0.18914448952059024,0.2202574096490411,0.17087172826193503
778007,2025-05-08,2025,Minnesota Twins,Baltimore Orioles,2025-05-08T17:00:00+00:00,2025-05-08T17:10:00+00:00,0.05511126218057494,0.0,162,162,0.5888886364452575,0.5306841046277666,0.6048780487804878,1,0.16901255324383968,0.2202574096490411,0.15612135633551458
778008,2025-05-08,2025,Kansas City Royals,Chicago White Sox,2025-05-08T17:00:00+00:00,2025-05-08T18:10:00+00:00,0.13517112290321054,0.0,162,162,0.6659540026325472,0.5306841046277666,0.6921397379912664,1,0.11158672835721627,0.2202574096490411,0.09477794092408612
778029,2025-05-08,2025,Colorado Rockies,Detroit Tigers,2025-05-08T17:00:00+00:00,2025-05-08T19:15:00+00:00,-0.1394429225846071,0.0,162,162,0.3908012153971537,0.5306841046277666,0.375,0,0.1527255899558925,0.2816256189045743,0.140625
777984,2025-05-09,2025,Seattle Mariners,Toronto Blue Jays,2025-05-09T17:00:00+00:00,2025-05-10T01:40:00+00:00,0.060191017651404444,1.0,162,162,0.5248960797940266,0.5306841046277666,0.5577889447236182,0,0.2755158945831372,0.2816256189045743,0.31112850685588755
777986,2025-05-09,2025,Los Angeles Angels,Baltimore Orioles,2025-05-09T17:00:00+00:00,2025-05-10T01:38:00+00:00,-0.04558345294085886,0.0,162,162,0.4859042962302599,0.5306841046277666,0.4325,0,0.23610298509502414,0.2816256189045743,0.18705625
777988,2025-05-09,2025,Arizona Diamondbacks,Los Angeles Dodgers,2025-05-09T17:00:00+00:00,2025-05-10T01:40:00+00:00,-0.007607352966255476,0.0,162,162,0.5250805333623372,0.5306841046277666,0.5216284987277354,0,0.2757095665160765,0.2816256189045743,0.27209629068495106
777989,2025-05-09,2025,Houston Astros,Cincinnati Reds,2025-05-09T17:00:00+00:00,2025-05-10T00:10:00+00:00,0.0507167484890666,1.0,162,162,0.5151321954999154,0.5306841046277666,0.6448598130841121,1,0.23509678784073226,0.2202574096490411,0.1261245523626518
777990,2025-05-09,2025,Kansas City Royals,Boston Red Sox,2025-05-09T17:00:00+00:00,2025-05-09T23:40:00+00:00,0.04175388498953725,0.0,162,162,0.5754738177940835,0.5306841046277666,0.47582697201017815,1,0.18022247937833105,0.2202574096490411,0.2747573632720185
777991,2025-05-09,2025,Chicago White Sox,Miami Marlins,2025-05-09T17:00:00+00:00,2025-05-09T23:40:00+00:00,-0.01293388021805214,-1.0,162,162,0.5888210251731149,0.5306841046277666,0.4239401496259351,1,0.16906814933968825,0.2202574096490411,0.33184495121298996
777992,2025-05-09,2025,Minnesota Twins,San Francisco Giants,2025-05-09T17:00:00+00:00,2025-05-10T00:10:00+00:00,-0.041000643684206195,-1.0,162,162,0.5605034187093502,0.5306841046277666,0.4936061381074168,1,0.1931572449661688,0.2202574096490411,0.2564347433624846
777993,2025-05-09,2025,Colorado Rockies,San Diego Padres,2025-05-09T17:00:00+00:00,2025-05-10T00:40:00+00:00,-0.12606197175131617,-1.0,162,162,0.4730225463492097,0.5306841046277666,0.39853300733496333,0,0.22375032935469025,0.2816256189045743,0.15882855793544995
777995,2025-05-09,2025,Washington Nationals,St. Louis Cardinals,2025-05-09T17:00:00+00:00,2025-05-09T22:45:00+00:00,-0.05092596022802537,0.0,162,162,0.4803957825369431,0.5306841046277666,0.5114503816793893,0,0.2307801078792819,0.2816256189045743,0.261581492919993
777996,2025-05-09,2025,Detroit Tigers,Texas Rangers,2025-05-09T17:00:00+00:00,2025-05-09T22:40:00+00:00,0.09162007571826719,0.0,162,162,0.624834290938049,0.5306841046277666,0.7070063694267517,1,0.14074930925595647,0.2202574096490411,0.08584526755649313
777997,2025-05-09,2025,Cleveland Guardians,Philadelphia Phillies,2025-05-09T17:00:00+00:00,2025-05-09T23:10:00+00:00,-0.04358545078388282,1.0,162,162,0.4185256688941093,0.5306841046277666,0.46954314720812185,1,0.3381123977350431,0.2202574096490411,0.2813844726738643
777998,2025-05-09,2025,Pittsburgh Pirates,Atlanta Braves,2025-05-09T17:00:00+00:00,2025-05-09T22:40:00+00:00,-0.09556560344538462,1.0,162,162,0.36738403942380093,0.5306841046277666,0.42999999999999994,1,0.40020295357574703,0.2202574096490411,0.3249000000000001
778001,2025-05-09,2025,New York Mets,Chicago Cubs,2025-05-09T17:00:00+00:00,2025-05-09T23:10:00+00:00,0.003586092699688126,0.0,162,162,0.5365905662987119,0.5306841046277666,0.5760598503740648,1,0.2147483032433485,0.2202574096490411,0.17972525046486032
778002,2025-05-09,2025,Tampa Bay Rays,Milwaukee Brewers,2025-05-09T17:00:00+00:00,2025-05-09T23:05:00+00:00,-0.040680259646542705,-1.0,162,162,0.5608292681923813,0.5306841046277666,0.4746192893401016,1,0.19287093167643932,0.2202574096490411,0.27602489113349993
777970,2025-05-10,2025,Seattle Mariners,Toronto Blue Jays,2025-05-10T17:00:00+00:00,2025-05-11T01:40:00+00:00,0.0562548472885217,0.0,162,162,0.5900313182610841,0.5306841046277666,0.5516372795969774,0,0.34813695652891274,0.2816256189045743,0.30430368824115384
777973,2025-05-10,2025,Los Angeles Angels,Baltimore Orioles,2025-05-10T17:00:00+00:00,2025-05-11T01:38:00+00:00,-0.044663365934236254,0.0,162,162,0.48685335600657265,0.5306841046277666,0.4422110552763819,1,0.26331947824171725,0.2202574096490411,0.31112850685588755
777974,2025-05-10,2025,Minnesota Twins,San Francisco Giants,2025-05-10T17:00:00+00:00,2025-05-10T23:15:00+00:00,-0.03834838865532564,0.0,162,162,0.4933693842829331,0.5306841046277666,0.5204081632653061,1,0.25667458078185434,0.2202574096490411,0.23000832986255726
777975,2025-05-10,2025,Arizona Diamondbacks,Los Angeles Dodgers,2025-05-10T17:00:00+00:00,2025-05-11T00:10:00+00:00,-0.010903123362979827,0.0,162,162,0.5216859099201806,0.5306841046277666,0.47582697201017815,1,0.22878436876888558,0.2202574096490411,0.2747573632720185
777976,2025-05-10,2025,Colorado Rockies,San Diego Padres,2025-05-10T17:00:00+00:00,2025-05-11T00:10:00+00:00,-0.13448342455228246,0.0,162,162,0.3956872541394578,0.5306841046277666,0.3243847874720358,0,0.15656840308842387,0.2816256189045743,0.10522549034327784
777977,2025-05-10,2025,Kansas City Royals,Boston Red Sox,2025-05-10T17:00:00+00:00,2025-05-10T23:10:00+00:00,0.04256904104630799,0.0,162,162,0.5762958849758996,0.5306841046277666,0.5139949109414759,0,0.33211694704015526,0.2816256189045743,0.26419076847373574
777978,2025-05-10,2025,Chicago White Sox,Miami Marlins,2025-05-10T17:00:00+00:00,2025-05-10T23:10:00+00:00,-0.009601255654068719,0.0,162,162,0.5230270825710558,0.5306841046277666,0.5025510204081632,0,0.27355732910279,0.2816256189045743,0.2525575281132861
777979,2025-05-10,2025,Houston Astros,Cincinnati Reds,2025-05-10T17:00:00+00:00,2025-05-10T23:10:00+00:00,0.051648337950386536,0.0,162,162,0.5854226426185305,0.5306841046277666,0.5417721518987342,0,0.3427196704904637,0.2816256189045743,0.2935170645729851
777980,2025-05-10,2025,Washington Nationals,St. Louis Cardinals,2025-05-10T17:00:00+00:00,2025-05-10T20:05:00+00:00,-0.06013091614331845,0.0,162,162,0.4709167268433874,0.5306841046277666,0.4885496183206107,0,0.22176256362088956,0.2816256189045743,0.23868072956121442
777981,2025-05-10,2025,Tampa Bay Rays,Milwaukee Brewers,2025-05-10T17:00:00+00:00,2025-05-10T20:10:00+00:00,-0.03917164355425162,0.0,162,162,0.49251974425406625,0.5306841046277666,0.530456852791878,1,0.25753620997195825,0.2202574096490411,0.2204707670901081
777982,2025-05-10,2025,New York Mets,Chicago Cubs,2025-05-10T17:00:00+00:00,2025-05-10T23:15:00+00:00,0.0039420657143145466,0.0,162,162,0.5369560338023307,0.5306841046277666,0.5841584158415841,0,0.2883217822367297,0.2816256189045743,0.3412410547985491
777983,2025-05-10,2025,Cleveland Guardians,Philadelphia Phillies,2025-05-10T17:00:00+00:00,2025-05-10T22:10:00+00:00,-0.039052190495432904,0.0,162,162,0.49264302319225395,0.5306841046277666,0.4520202020202021,0,0.24269714830000366,0.2816256189045743,0.2043222630343843
777985,2025-05-10,2025,Pittsburgh Pirates,Atlanta Braves,2025-05-10T17:00:00+00:00,2025-05-10T20:05:00+00:00,-0.09290485627159317,0.0,162,162,0.43738324253566196,0.5306841046277666,0.4133663366336633,0,0.19130410085100968,0.2816256189045743,0.17087172826193503
777987,2025-05-10,2025,Detroit Tigers,Texas Rangers,2025-05-10T17:00:00+00:00,2025-05-10T22:10:00+00:00,0.09258526940340783,0.0,162,162,0.6257680462836839,0.5306841046277666,0.5051020408163266,0,0.39158564774969873,0.2816256189045743,0.25512807163681805
777954,2025-05-11,2025,Arizona Diamondbacks,Los Angeles Dodgers,2025-05-11T17:00:00+00:00,2025-05-11T20:10:00+00:00,-0.005337153810555995,0.0,162,162,0.5274174961622243,0.5306841046277666,0.5051020408163266,0,0.2781692152580299,0.2816256189045743,0.25512807163681805
777955,2025-05-11,2025,Colorado Rockies,San Diego Padres,2025-05-11T17:00:00+00:00,2025-05-11T19:10:00+00:00,-0.15088875388751938,0.0,162,162,0.3796095796151765,0.5306841046277666,0.27070707070707073,1,0.384884273705258,0.2202574096490411,0.5318681767166616
777956,2025-05-11,2025,Minnesota Twins,San Francisco Giants,2025-05-11T17:00:00+00:00,2025-05-11T18:10:00+00:00,-0.041825539751903285,0.0,162,162,0.48978111018692255,0.5306841046277666,0.5925925925925927,1,0.2603233155220893,0.2202574096490411,0.16598079561042517
777958,2025-05-11,2025,Seattle Mariners,Toronto Blue Jays,2025-05-11T17:00:00+00:00,2025-05-11T20:10:00+00:00,0.05321272670893651,0.0,162,162,0.5869894872171569,0.5306841046277666,0.6309523809523809,0,0.34455665810346087,0.2816256189045743,0.3981009070294784
777961,2025-05-11,2025,Los Angeles Angels,Baltimore Orioles,2025-05-11T17:00:00+00:00,2025-05-11T20:07:00+00:00,-0.043646275270207646,0.0,162,162,0.48790258405051545,0.5306841046277666,0.42999999999999994,0,0.2380489315231703,0.2816256189045743,0.18489999999999995
777962,2025-05-11,2025,Washington Nationals,St. Louis Cardinals,2025-05-11T17:00:00+00:00,2025-05-11T17:35:00+00:00,-0.058494846758933794,0.0,162,162,0.4726001789631109,0.5306841046277666,0.5603015075376885,0,0.22335092915596447,0.2816256189045743,0.3139377793490064
777963,2025-05-11,2025,Houston Astros,Cincinnati Reds,2025-05-11T17:00:00+00:00,2025-05-11T18:10:00+00:00,0.048159458989352255,0.0,162,162,0.5819220992898715,0.5306841046277666,0.5760598503740648,1,0.17478913106218807,0.2202574096490411,0.17972525046486032
777964,2025-05-11,2025,Tampa Bay Rays,Milwaukee Brewers,2025-05-11T17:00:00+00:00,2025-05-11T17:40:00+00:00,-0.034554510658754145,0.0,162,162,0.49728527387782606,0.5306841046277666,0.5614035087719298,0,0.24729264361574446,0.2816256189045743,0.3151738996614343
777965,2025-05-11,2025,Kansas City Royals,Boston Red Sox,2025-05-11T17:00:00+00:00,2025-05-11T18:10:00+00:00,0.03804780977897604,0.0,162,162,0.5717311189178745,0.5306841046277666,0.5443037974683544,0,0.3268764723390848,0.2816256189045743,0.2962666239384714
777966,2025-05-11,2025,Chicago White Sox,Miami Marlins,2025-05-11T17:00:00+00:00,2025-05-11T18:10:00+00:00,-0.011370946926694991,0.0,162,162,0.5212038848202125,0.5306841046277666,0.43969849246231163,1,0.22924571991125633,0.2202574096490411,0.31393777934900624
777967,2025-05-11,2025,Pittsburgh Pirates,Atlanta Braves,2025-05-11T17:00:00+00:00,2025-05-11T17:35:00+00:00,-0.09343477488218083,0.0,162,162,0.43684488409643296,0.5306841046277666,0.33031674208144796,1,0.31714368456836,0.2202574096490411,0.448475665936406
777969,2025-05-11,2025,Detroit Tigers,Texas Rangers,2025-05-11T17:00:00+00:00,2025-05-11T17:40:00+00:00,0.08831762984225444,0.0,162,162,0.6216324181189247,0.5306841046277666,0.5241730279898218,0,0.3864268632563816,0.2816256189045743,0.2747573632720185
777971,2025-05-11,2025,Cleveland Guardians,Philadelphia Phillies,2025-05-11T17:00:00+00:00,2025-05-11T23:10:00+00:00,-0.04595692948704966,0.0,162,162,0.48551908783607645,0.5306841046277666,0.383132530120482,0,0.2357287846531757,0.2816256189045743,0.14679053563652203
777939,2025-05-12,2025,San Francisco Giants,Arizona Diamondbacks,2025-05-12T17:00:00+00:00,2025-05-13T01:45:00+00:00,0.008414850152158482,0.0,162,162,0.5415446052682271,0.5306841046277666,0.4782608695652174,0,0.29327055949511993,0.2816256189045743,0.2287334593572779
777941,2025-05-12,2025,Seattle Mariners,New York Yankees,2025-05-12T17:00:00+00:00,2025-05-13T01:40:00+00:00,-0.031196021467690183,0.0,162,162,0.5007520657671611,0.5306841046277666,0.43576826196473545,0,0.25075263137007925,0.2816256189045743,0.1898939781357663
777947,2025-05-12,2025,San Diego Padres,Los Angeles Angels,2025-05-12T17:00:00+00:00,2025-05-13T01:40:00+00:00,0.12877128629872142,0.0,162,162,0.6600499536667925,0.5306841046277666,0.648711943793911,0,0.435665941335535,0.2816256189045743,0.42082718602087427
777948,2025-05-12,2025,Houston Astros,Kansas City Royals,2025-05-12T17:00:00+00:00,2025-05-13T00:10:00+00:00,0.012512665562204761,0.0,162,162,0.5457423440273433,0.5306841046277666,0.5306122448979592,0,0.29783470606445916,0.2816256189045743,0.2815493544356518
777949,2025-05-12,2025,Texas Rangers,Colorado Rockies,2025-05-12T17:00:00+00:00,2025-05-13T00:05:00+00:00,0.07756271643151413,0.0,162,162,0.6111325920285766,0.5306841046277666,0.6851441241685144,1,0.15121786098241344,0.2202574096490411,0.09913422254561186
777950,2025-05-12,2025,New York Mets,Pittsburgh Pirates,2025-05-12T17:00:00+00:00,2025-05-12T23:10:00+00:00,0.11270243115482936,0.0,162,162,0.6450081624208,0.5306841046277666,0.5950617283950618,1,0.12601920474785716,0.2202574096490411,0.16397500381039473
777951,2025-05-12,2025,Detroit Tigers,Boston Red Sox,2025-05-12T17:00:00+00:00,2025-05-12T22:40:00+00:00,0.05239259877932223,0.0,162,162,0.586168289395342,0.5306841046277666,0.4731457800511509,1,0.17125668470197736,0.2202574096490411,0.27757536907791025
777952,2025-05-12,2025,Chicago Cubs,Miami Marlins,2025-05-12T17:00:00+00:00,2025-05-12T23:40:00+00:00,0.15318488822345483,0.0,162,162,0.6822911640446985,0.5306841046277666,0.6956521739130435,1,0.10093890444407269,0.2202574096490411,0.09262759924385634
777953,2025-05-12,2025,Philadelphia Phillies,St. Louis Cardinals,2025-05-12T17:00:00+00:00,2025-05-12T22:45:00+00:00,0.015674085753057954,0.0,162,162,0.5489764477762962,0.5306841046277666,0.6088019559902201,0,0.30137514021308043,0.2816256189045743,0.3706398216175179
777959,2025-05-12,2025,Atlanta Braves,Washington Nationals,2025-05-12T17:00:00+00:00,2025-05-12T23:15:00+00:00,0.10418344933288975,0.0,162,162,0.6369135818981347,0.5306841046277666,0.625,1,0.13183174701004252,0.2202574096490411,0.140625
777960,2025-05-12,2025,Cleveland Guardians,Milwaukee Brewers,2025-05-12T17:00:00+00:00,2025-05-12T22:10:00+00:00,-0.05804669433003623,0.0,162,162,0.4730614208408589,0.5306841046277666,0.47193877551020413,1,0.2776642662062544,0.2202574096490411,0.2788486568096626
777926,2025-05-13,2025,Seattle Mariners,New York Yankees,2025-05-13T17:00:00+00:00,2025-05-14T01:40:00+00:00,-0.03966385180883769,0.0,162,162,0.49201178116280886,0.5306841046277666,0.4335839598997493,1,0.258052030477382,0.2202574096490411,0.32082713048284883
777930,2025-05-13,2025,San Francisco Giants,Arizona Diamondbacks,2025-05-13T17:00:00+00:00,2025-05-14T01:45:00+00:00,0.010682645175716599,0.0,162,162,0.5438684668407017,0.5306841046277666,0.49234693877551017,1,0.20805597554225208,0.2202574096490411,0.2577116305705956
777931,2025-05-13,2025,Houston Astros,Kansas City Royals,2025-05-13T17:00:00+00:00,2025-05-14T00:10:00+00:00,0.014201401124612434,0.0,162,162,0.5474704028473214,0.5306841046277666,0.5603015075376885,1,0.20478303629916558,0.2202574096490411,0.19333476427362942
777932,2025-05-13,2025,San Diego Padres,Los Angeles Angels,2025-05-13T17:00:00+00:00,2025-05-14T01:40:00+00:00,0.12917105333318163,0.0,162,162,0.660420234550296,0.5306841046277666,0.6621004566210046,1,0.115314417102876,0.2202574096490411,0.1141761014157336
777934,2025-05-13,2025,Texas Rangers,Colorado Rockies,2025-05-13T17:00:00+00:00,2025-05-14T00:05:00+00:00,0.08370725122894362,0.0,162,162,0.6171447059963757,0.5306841046277666,0.6822222222222223,1,0.1465781761466016,0.2202574096490411,0.10098271604938268
777935,2025-05-13,2025,Toronto Blue Jays,Tampa Bay Rays,2025-05-13T17:00:00+00:00,2025-05-13T23:07:00+00:00,-0.01351404544518392,0.0,162,162,0.5189952379730514,0.5306841046277666,0.5541561712846348,0,0.2693560570387042,0.2816256189045743,0.3070890621728455
777936,2025-05-13,2025,Chicago Cubs,Miami Marlins,2025-05-13T17:00:00+00:00,2025-05-13T23:40:00+00:00,0.1549854986901057,0.0,162,162,0.6839006079219275,0.5306841046277666,0.6934782608695652,1,0.09991882567212698,0.2202574096490411,0.09395557655954631
777940,2025-05-13,2025,Detroit Tigers,Boston Red Sox,2025-05-13T17:00:00+00:00,2025-05-13T22:40:00+00:00,0.06608549085222726,0.0,162,162,0.5998129496446848,0.5306841046277666,0.49234693877551017,1,0.1601496752720876,0.2202574096490411,0.2577116305705956
777942,2025-05-13,2025,Atlanta Braves,Washington Nationals,2025-05-13T17:00:00+00:00,2025-05-13T23:15:00+00:00,0.10778922191566936,0.0,162,162,0.6403495070213555,0.5306841046277666,0.6605504587155964,1,0.129348477099782,0.2202574096490411,0.11522599107819205
777943,2025-05-13,2025,New York Mets,Pittsburgh Pirates,2025-05-13T17:00:00+00:00,2025-05-13T23:10:00+00:00,0.11897283543619874,0.0,162,162,0.6509139079703968,0.5306841046277666,0.6843267108167771,1,0.12186109964850057,0.2202574096490411,0.09964962550375467
777944,2025-05-13,2025,Cleveland Guardians,Milwaukee Brewers,2025-05-13T17:00:00+00:00,2025-05-13T22:10:00+00:00,-0.056489802696935265,0.0,162,162,0.4746641378740565,0.5306841046277666,0.5367088607594936,1,0.27597776803560836,0.2202574096490411,0.21463867969876624
777945,2025-05-13,2025,Cincinnati Reds,Chicago White Sox,2025-05-13T17:00:00+00:00,2025-05-13T22:40:00+00:00,0.10160106665565055,0.0,162,162,0.6344441975508853,0.5306841046277666,0.6519721577726217,0,0.4025194398059868,0.2816256189045743,0.4250676945106884
777914,2025-05-14,2025,San Diego Padres,Los Angeles Angels,2025-05-14T17:00:00+00:00,2025-05-15T01:40:00+00:00,0.13162292353862792,0.0,162,162,0.6626869573769756,0.5306841046277666,0.6276849642004773,1,0.11378008872360229,0.2202574096490411,0.1386184858823999
777915,2025-05-14,2025,Seattle Mariners,New York Yankees,2025-05-14T17:00:00+00:00,2025-05-14T20:10:00+00:00,-0.03431214795650195,0.0,162,162,0.497535447407902,0.5306841046277666,0.48600508905852424,0,0.24754152142738123,0.2816256189045743,0.23620094659078408
777916,2025-05-14,2025,San Francisco Giants,Arizona Diamondbacks,2025-05-14T17:00:00+00:00,2025-05-14T19:45:00+00:00,0.013713763172842897,0.0,162,162,0.5469715255747606,0.5306841046277666,0.5076530612244898,0,0.29917784978958095,0.2816256189045743,0.2577116305705956
777918,2025-05-14,2025,Texas Rangers,Colorado Rockies,2025-05-14T17:00:00+00:00,2025-05-15T00:05:00+00:00,0.08747328607402027,0.0,162,162,0.6208120706191245,0.5306841046277666,0.6574712643678161,1,0.14378348578815586,0.2202574096490411,0.11732593473378253
777919,2025-05-14,2025,New York Mets,Pittsburgh Pirates,2025-05-14T17:00:00+00:00,2025-05-14T23:10:00+00:00,0.1208425309968118,0.0,162,162,0.6526660381795021,0.5306841046277666,0.7227926078028747,0,0.4259729573929273,0.2816256189045743,0.5224291538944802
777920,2025-05-14,2025,Houston Astros,Kansas City Royals,2025-05-14T17:00:00+00:00,2025-05-15T00:10:00+00:00,0.015576243694257474,0.0,162,162,0.548876416842109,0.5306841046277666,0.5355329949238579,1,0.20351248728121463,0.2202574096490411,0.21572959880440104
777921,2025-05-14,2025,Chicago Cubs,Miami Marlins,2025-05-14T17:00:00+00:00,2025-05-14T23:40:00+00:00,0.1555533582079212,0.0,162,162,0.684407268784015,0.5306841046277666,0.6574712643678161,0,0.468413309564395,0.2816256189045743,0.4322684634694147
777922,2025-05-14,2025,Philadelphia Phillies,St. Louis Cardinals,2025-05-14T17:00:00+00:00,2025-05-14T17:05:00+00:00,0.01484125698438532,0.0,162,162,0.5481248616154406,0.5306841046277666,0.6276849642004773,1,0.2041911406900647,0.2202574096490411,0.1386184858823999
777923,2025-05-14,2025,Toronto Blue Jays,Tampa Bay Rays,2025-05-14T17:00:00+00:00,2025-05-14T23:07:00+00:00,-0.0158578248590584,0.0,162,162,0.5165789251551977,0.5306841046277666,0.5955882352941176,1,0.23369593560410398,0.2202574096490411,0.16354887543252597
777925,2025-05-14,2025,Cleveland Guardians,Milwaukee Brewers,2025-05-14T17:00:00+00:00,2025-05-14T17:10:00+00:00,-0.054814152434836894,0.0,162,162,0.4763896915481516,0.5306841046277666,0.5279187817258882,0,0.226947138213343,0.2816256189045743,0.27869824009894606
777927,2025-05-14,2025,Detroit Tigers,Boston Red Sox,2025-05-14T17:00:00+00:00,2025-05-14T22:40:00+00:00,0.06304609195127298,0.0,162,162,0.5967968031247046,0.5306841046277666,0.6741573033707866,1,0.1625728179704582,0.2202574096490411,0.10617346294659759
777928,2025-05-14,2025,Cincinnati Reds,Chicago White Sox,2025-05-14T17:00:00+00:00,2025-05-14T23:14:00+00:00,0.10101890736445229,0.0,162,162,0.6338865287730446,0.5306841046277666,0.6741573033707866,0,0.40181213135993993,0.2816256189045743,0.4544880696881708
777929,2025-05-14,2025,Atlanta Braves,Washington Nationals,2025-05-14T17:00:00+00:00,2025-05-14T23:15:00+00:00,0.1106868215852122,0.0,162,162,0.6431002469177407,0.5306841046277666,0.5866336633663367,0,0.4135779275856591,0.2816256189045743,0.34413905499460845
777933,2025-05-14,2025,Philadelphia Phillies,St. Louis Cardinals,2025-05-14T17:00:00+00:00,2025-05-14T22:15:00+00:00,0.01484125698438532,0.0,162,162,0.5481248616154406,0.5306841046277666,0.57,0,0.30044086392094593,0.2816256189045743,0.32489999999999997
777910,2025-05-15,2025,Texas Rangers,Houston Astros,2025-05-15T17:00:00+00:00,2025-05-16T00:05:00+00:00,-0.07283126940254403,0.0,162,162,0.45787395300917116,0.5306841046277666,0.5516372795969774,1,0.29390065082590244,0.2202574096490411,0.20102912904719902
777913,2025-05-15,2025,Toronto Blue Jays,Tampa Bay Rays,2025-05-15T17:00:00+00:00,2025-05-15T19:07:00+00:00,-0.014720096835053764,0.0,162,162,0.5177519664993687,0.5306841046277666,0.6192771084337348,0,0.26806709881396346,0.2816256189045743,0.38350413703004776
777895,2025-05-16,2025,Texas Rangers,Houston Astros,2025-05-16T17:00:00+00:00,2025-05-17T00:05:00+00:00,-0.07255557636801191,0.0,162,162,0.4581565320892509,0.5306841046277666,0.635933806146572,0,0.20990740789604878,0.2816256189045743,0.40441180580006586
777896,2025-05-16,2025,San Diego Padres,Seattle Mariners,2025-05-16T17:00:00+00:00,2025-05-17T01:40:00+00:00,0.01583129963623342,0.0,162,162,0.549137170479219,0.5306841046277666,0.5866336633663367,0,0.30155163200192275,0.2816256189045743,0.34413905499460845
777897,2025-05-16,2025,Arizona Diamondbacks,Colorado Rockies,2025-05-16T17:00:00+00:00,2025-05-17T01:40:00+00:00,0.1484821725232694,0.0,162,162,0.6780671896764239,0.5306841046277666,0.7887563884156729,1,0.10364073436283565,0.2202574096490411,0.04462386343519007
777898,2025-05-16,2025,Milwaukee Brewers,Minnesota Twins,2025-05-16T17:00:00+00:00,2025-05-17T00:10:00+00:00,0.022692672401321445,1.0,162,162,0.48621230610436983,0.5306841046277666,0.47328244274809167,0,0.23640240660732942,0.2816256189045743,0.22399627061360067
777899,2025-05-16,2025,Los Angeles Dodgers,Los Angeles Angels,2025-05-16T17:00:00+00:00,2025-05-17T02:10:00+00:00,0.14745411936482788,-1.0,162,162,0.735233398609344,0.5306841046277666,0.7281947261663285,0,0.5405681504306465,0.2816256189045743,0.5302675592164542
777900,2025-05-16,2025,Chicago Cubs,Chicago White Sox,2025-05-16T17:00:00+00:00,2025-05-16T18:20:00+00:00,0.1665039855103871,1.0,162,162,0.6314949078242369,0.5306841046277666,0.6674208144796381,1,0.13579600295946767,0.2202574096490411,0.11060891464138731
777901,2025-05-16,2025,Kansas City Royals,St. Louis Cardinals,2025-05-16T17:00:00+00:00,2025-05-16T23:40:00+00:00,0.032676807286215914,0.0,162,162,0.5662925515212252,0.5306841046277666,0.5725,0,0.32068725390841946,0.2816256189045743,0.32775625
777902,2025-05-16,2025,Cincinnati Reds,Cleveland Guardians,2025-05-16T17:00:00+00:00,2025-05-16T21:10:00+00:00,0.024832372001335368,-1.0,162,162,0.6259852067590219,0.5306841046277666,0.4783715012722647,1,0.13988706556309158,0.2202574096490411,0.27209629068495095
777903,2025-05-16,2025,Miami Marlins,Tampa Bay Rays,2025-05-16T17:00:00+00:00,2025-05-16T23:10:00+00:00,-0.09222470621940282,1.0,162,162,0.3705959177778687,0.5306841046277666,0.4783715012722647,1,0.3961494987178834,0.2202574096490411,0.27209629068495095
777904,2025-05-16,2025,New York Yankees,New York Mets,2025-05-16T17:00:00+00:00,2025-05-16T23:05:00+00:00,0.0019087644175855845,0.0,162,162,0.534867977854374,0.5306841046277666,0.5725,1,0.2163477980252791,0.2202574096490411,0.18275624999999998
777905,2025-05-16,2025,Philadelphia Phillies,Pittsburgh Pirates,2025-05-16T17:00:00+00:00,2025-05-16T22:45:00+00:00,0.064412076071245,0.0,162,162,0.5981532573321184,0.5306841046277666,0.6778523489932886,1,0.16148080459278663,0.2202574096490411,0.10377910904914192
777906,2025-05-16,2025,Toronto Blue Jays,Detroit Tigers,2025-05-16T17:00:00+00:00,2025-05-16T23:07:00+00:00,-0.07746751675362579,-1.0,162,162,0.5231416728927245,0.5306841046277666,0.4872448979591837,0,0.27367720991699834,0.2816256189045743,0.23740759058725533
777907,2025-05-16,2025,Baltimore Orioles,Washington Nationals,2025-05-16T17:00:00+00:00,2025-05-16T23:05:00+00:00,0.02023233495319482,0.0,162,162,0.5536321507670706,0.5306841046277666,0.5406091370558376,0,0.3065085583629724,0.2816256189045743,0.2922582390682574
777908,2025-05-16,2025,Boston Red Sox,Atlanta Braves,2025-05-16T17:00:00+00:00,2025-05-16T23:10:00+00:00,-0.04545985722066581,1.0,162,162,0.4166433738327757,0.5306841046277666,0.5076530612244898,0,0.1735917009587581,0.2816256189045743,0.2577116305705956
777875,2025-05-17,2025,San Diego Padres,Seattle Mariners,2025-05-17T17:00:00+00:00,2025-05-18T00:40:00+00:00,0.01281396568764226,0.0,162,162,0.5460507421114604,0.5306841046277666,0.6431924882629109,0,0.29817141296047667,0.2816256189045743,0.41369657695783474
777881,2025-05-17,2025,Chicago Cubs,Chicago White Sox,2025-05-17T17:00:00+00:00,2025-05-17T18:20:00+00:00,0.17268063874996736,0.0,162,162,0.6994792922970917,0.5306841046277666,0.7201646090534979,1,0.09031269575825684,0.2202574096490411,0.07830784602618168
777882,2025-05-17,2025,Texas Rangers,Houston Astros,2025-05-17T17:00:00+00:00,2025-05-17T23:05:00+00:00,-0.07707353041789539,0.0,162,162,0.4535292571744167,0.5306841046277666,0.5216284987277354,1,0.2986302727643448,0.2202574096490411,0.22883929322948024
777883,2025-05-17,2025,Milwaukee Brewers,Minnesota Twins,2025-05-17T17:00:00+00:00,2025-05-17T23:15:00+00:00,0.018761174195231267,0.0,162,162,0.552130524916883,0.5306841046277666,0.46446700507614214,0,0.3048481165449927,0.2816256189045743,0.21572959880440104
777884,2025-05-17,2025,Los Angeles Dodgers,Los Angeles Angels,2025-05-17T17:00:00+00:00,2025-05-18T01:10:00+00:00,0.14463273578084346,0.0,162,162,0.6745877915507172,0.5306841046277666,0.6558891454965358,0,0.45506868850927396,0.2816256189045743,0.43019057118017584
777885,2025-05-17,2025,Kansas City Royals,St. Louis Cardinals,2025-05-17T17:00:00+00:00,2025-05-17T23:10:00+00:00,0.022684993360335692,0.0,162,162,0.5561334115213035,0.5306841046277666,0.5204081632653061,0,0.30928437141032344,0.2816256189045743,0.27082465639316955
777886,2025-05-17,2025,Toronto Blue Jays,Detroit Tigers,2025-05-17T17:00:00+00:00,2025-05-17T19:07:00+00:00,-0.07514105755318717,0.0,162,162,0.45550755471454824,0.5306841046277666,0.46938775510204084,1,0.29647202297293074,0.2202574096490411,0.2815493544356517
777887,2025-05-17,2025,Arizona Diamondbacks,Colorado Rockies,2025-05-17T17:00:00+00:00,2025-05-18T00:10:00+00:00,0.15242987360809096,0.0,162,162,0.681615006119757,0.5306841046277666,0.7547528517110266,0,0.46459901656763636,0.2816256189045743,0.5696518671659269
777888,2025-05-17,2025,New York Yankees,New York Mets,2025-05-17T17:00:00+00:00,2025-05-17T17:05:00+00:00,0.0014720483245317384,0.0,162,162,0.5344193394537288,0.5306841046277666,0.5505050505050506,0,0.28560403038215976,0.2816256189045743,0.30305581063156833
777889,2025-05-17,2025,Miami Marlins,Tampa Bay Rays,2025-05-17T17:00:00+00:00,2025-05-17T20:10:00+00:00,-0.08655730063753397,0.0,162,162,0.44384301113999847,0.5306841046277666,0.4158415841584158,0,0.1969966185378208,0.2816256189045743,0.17292422311538083
777890,2025-05-17,2025,Baltimore Orioles,Washington Nationals,2025-05-17T17:00:00+00:00,2025-05-17T20:05:00+00:00,0.018982470853810773,0.0,162,162,0.5523564656755013,0.5306841046277666,0.5796019900497512,0,0.30509766517353126,0.2816256189045743,0.3359384668696319
777892,2025-05-17,2025,Cincinnati Reds,Cleveland Guardians,2025-05-17T17:00:00+00:00,2025-05-17T22:40:00+00:00,0.02339223084554032,0.0,162,162,0.5568541412603838,0.5306841046277666,0.4783715012722647,1,0.1963782521180719,0.2202574096490411,0.27209629068495095
777893,2025-05-17,2025,Boston Red Sox,Atlanta Braves,2025-05-17T17:00:00+00:00,2025-05-17T23:15:00+00:00,-0.04271516796748992,0.0,162,162,0.4888632055910498,0.5306841046277666,0.5190839694656489,1,0.26126082259865746,0.2202574096490411,0.23128022842491688
777894,2025-05-17,2025,Philadelphia Phillies,Pittsburgh Pirates,2025-05-17T17:00:00+00:00,2025-05-17T22:05:00+00:00,0.06345195450460345,0.0,162,162,0.5971999897480013,0.5306841046277666,0.7256097560975608,1,0.16224784825901029,0.2202574096490411,0.07529000594884006
777864,2025-05-18,2025,Kansas City Royals,St. Louis Cardinals,2025-05-18T17:00:00+00:00,2025-05-18T18:10:00+00:00,0.02461352311098297,0.0,162,162,0.5580981675604989,0.5306841046277666,0.48346055979643765,1,0.1952772295133889,0.2202574096490411,0.26681299328580954
777865,2025-05-18,2025,Milwaukee Brewers,Minnesota Twins,2025-05-18T17:00:00+00:00,2025-05-18T18:10:00+00:00,0.010813390789878974,0.0,162,162,0.5440023876395322,0.5306841046277666,0.5603015075376885,1,0.2079338224784474,0.2202574096490411,0.19333476427362942
777866,2025-05-18,2025,Los Angeles Dodgers,Los Angeles Angels,2025-05-18T17:00:00+00:00,2025-05-18T20:10:00+00:00,0.14431085364534935,0.0,162,162,0.6742959701519108,0.5306841046277666,0.6689342403628117,0,0.45467505536310654,0.2816256189045743,0.4474730179297719
777868,2025-05-18,2025,San Diego Padres,Seattle Mariners,2025-05-18T17:00:00+00:00,2025-05-18T20:10:00+00:00,0.010741533237535683,0.0,162,162,0.5439287857977065,0.5306841046277666,0.5614035087719298,0,0.2958585240193673,0.2816256189045743,0.3151738996614343
777869,2025-05-18,2025,Texas Rangers,Houston Astros,2025-05-18T17:00:00+00:00,2025-05-18T17:05:00+00:00,-0.07432623502408642,0.0,162,162,0.4563421238077606,0.5306841046277666,0.49489795918367346,0,0.20824813396137754,0.2816256189045743,0.24492399000416493
777870,2025-05-18,2025,Arizona Diamondbacks,Colorado Rockies,2025-05-18T17:00:00+00:00,2025-05-18T20:10:00+00:00,0.1547225225014492,0.0,162,162,0.6836658247386517,0.5306841046277666,0.7292929292929292,1,0.10006731043827743,0.2202574096490411,0.07328231813080302
777871,2025-05-18,2025,Toronto Blue Jays,Detroit Tigers,2025-05-18T17:00:00+00:00,2025-05-18T17:37:00+00:00,-0.07581917316109671,0.0,162,162,0.45481319579151985,0.5306841046277666,0.530456852791878,0,0.20685504306609537,0.2816256189045743,0.2813844726738642
777872,2025-05-18,2025,Chicago Cubs,Chicago White Sox,2025-05-18T17:00:00+00:00,2025-05-18T18:20:00+00:00,0.17545839149380354,0.0,162,162,0.7018847228905492,0.5306841046277666,0.6989247311827957,1,0.08887271844604466,0.2202574096490411,0.09064631749335181
777873,2025-05-18,2025,Baltimore Orioles,Washington Nationals,2025-05-18T17:00:00+00:00,2025-05-18T17:35:00+00:00,0.01782587980130046,0.0,162,162,0.5511753659097685,0.5306841046277666,0.6276849642004773,0,0.30379428398576713,0.2816256189045743,0.3939884142833544
777874,2025-05-18,2025,Cincinnati Reds,Cleveland Guardians,2025-05-18T17:00:00+00:00,2025-05-18T17:40:00+00:00,0.0294022154417789,0.0,162,162,0.5629688275309143,0.5306841046277666,0.5505050505050506,1,0.19099624570970378,0.2202574096490411,0.20204570962146712
777876,2025-05-18,2025,Boston Red Sox,Atlanta Braves,2025-05-18T17:00:00+00:00,2025-05-18T17:35:00+00:00,-0.044571211200455596,0.0,162,162,0.48694841795209504,0.5306841046277666,0.47328244274809167,0,0.23711876174604823,0.2816256189045743,0.22399627061360067
777877,2025-05-18,2025,Miami Marlins,Tampa Bay Rays,2025-05-18T17:00:00+00:00,2025-05-18T17:40:00+00:00,-0.08944996852211057,0.0,162,162,0.44089671618217224,0.5306841046277666,0.39853300733496333,1,0.3125964819758785,0.2202574096490411,0.36176254326552326
777878,2025-05-18,2025,New York Yankees,New York Mets,2025-05-18T17:00:00+00:00,2025-05-18T23:10:00+00:00,0.0007996897137575454,0.0,162,162,0.5337285168931725,0.5306841046277666,0.5980392156862746,1,0.21740909595864055,0.2202574096490411,0.16157247212610526
777880,2025-05-18,2025,Philadelphia Phillies,Pittsburgh Pirates,2025-05-18T17:00:00+00:00,2025-05-18T17:35:00+00:00,0.06177841621199137,0.0,162,162,0.5955366452485353,0.5306841046277666,0.49234693877551017,1,0.16359060533680916,0.2202574096490411,0.2577116305705956
777852,2025-05-19,2025,Colorado Rockies,Philadelphia Phillies,2025-05-19T17:00:00+00:00,2025-05-20T00:40:00+00:00,-0.1184739360029271,0.0,162,162,0.4115977720783634,0.5306841046277666,0.32142857142857145,0,0.1694127259798724,0.2816256189045743,0.10331632653061226
777854,2025-05-19,2025,Los Angeles Dodgers,Arizona Diamondbacks,2025-05-19T17:00:00+00:00,2025-05-20T02:10:00+00:00,0.0152218064782631,0.0,162,162,0.5485140173098102,0.5306841046277666,0.5628140703517588,0,0.30086762718534676,0.2816256189045743,0.3167596777859145
777855,2025-05-19,2025,San Francisco Giants,Kansas City Royals,2025-05-19T17:00:00+00:00,2025-05-20T01:45:00+00:00,0.02670582319692727,0.0,162,162,0.5602277132744755,0.5306841046277666,0.5516372795969774,0,0.31385509072074796,0.2816256189045743,0.30430368824115384
777856,2025-05-19,2025,Boston Red Sox,New York Mets,2025-05-19T17:00:00+00:00,2025-05-19T22:45:00+00:00,-0.07983845696548203,0.0,162,162,0.4507013315459126,0.5306841046277666,0.45569620253164556,1,0.30172902716543354,0.2202574096490411,0.2962666239384714
777857,2025-05-19,2025,Chicago White Sox,Seattle Mariners,2025-05-19T17:00:00+00:00,2025-05-19T23:40:00+00:00,-0.13672798062396702,0.0,162,162,0.3934732994026477,0.5306841046277666,0.36492890995260663,0,0.15482123734280565,0.2816256189045743,0.13317310931919768
777858,2025-05-19,2025,Tampa Bay Rays,Houston Astros,2025-05-19T17:00:00+00:00,2025-05-19T23:05:00+00:00,-0.043315386671543,0.0,162,162,0.4882439512877745,0.5306841046277666,0.5664160401002506,0,0.2383821559690987,0.2816256189045743,0.32082713048284867
777859,2025-05-19,2025,Pittsburgh Pirates,Cincinnati Reds,2025-05-19T17:00:00+00:00,2025-05-19T22:40:00+00:00,-0.05188195310483179,0.0,162,162,0.47941054815099776,0.5306841046277666,0.49109414758269715,0,0.22983447367844015,0.2816256189045743,0.24117346178997592
777860,2025-05-19,2025,Milwaukee Brewers,Baltimore Orioles,2025-05-19T17:00:00+00:00,2025-05-19T23:40:00+00:00,0.08627917276831809,0.0,162,162,0.6196507147833583,0.5306841046277666,0.49489795918367346,1,0.14466557876481023,0.2202574096490411,0.25512807163681794
777862,2025-05-19,2025,St. Louis Cardinals,Detroit Tigers,2025-05-19T17:00:00+00:00,2025-05-19T23:45:00+00:00,-0.058802123781118265,0.0,162,162,0.4722839541018211,0.5306841046277666,0.5866336633663367,1,0.27848422509840887,0.2202574096490411,0.17087172826193503
777863,2025-05-19,2025,Miami Marlins,Chicago Cubs,2025-05-19T17:00:00+00:00,2025-05-19T22:40:00+00:00,-0.1545852202314355,0.0,162,162,0.3760217605970484,0.5306841046277666,0.39512195121951227,1,0.3893488432484072,0.2202574096490411,0.36587745389649
777836,2025-05-20,2025,San Francisco Giants,Kansas City Royals,2025-05-20T17:00:00+00:00,2025-05-21T01:45:00+00:00,0.02364215846610873,0.0,162,162,0.5571087797832158,0.5306841046277666,0.5796019900497512,1,0.196152632945112,0.2202574096490411,0.17673448677012948
777838,2025-05-20,2025,Los Angeles Dodgers,Arizona Diamondbacks,2025-05-20T17:00:00+00:00,2025-05-21T02:10:00+00:00,0.011313993577597548,0.0,162,162,0.5445150886887233,0.5306841046277666,0.6756152125279643,1,0.20746650443224157,0.2202574096490411,0.10522549034327777
777840,2025-05-20,2025,St. Louis Cardinals,Detroit Tigers,2025-05-20T17:00:00+00:00,2025-05-20T23:45:00+00:00,-0.054494913820082536,0.0,162,162,0.4767185027734139,0.5306841046277666,0.36904761904761907,0,0.22726053088652542,0.2816256189045743,0.13619614512471656
777841,2025-05-20,2025,Washington Nationals,Atlanta Braves,2025-05-20T17:00:00+00:00,2025-05-20T22:45:00+00:00,-0.104565932847065,0.0,162,162,0.42557270572673483,0.5306841046277666,0.37320574162679426,1,0.3299667164061043,0.2202574096490411,0.39287104232961706
777842,2025-05-20,2025,Colorado Rockies,Philadelphia Phillies,2025-05-20T17:00:00+00:00,2025-05-21T00:40:00+00:00,-0.12322754674733066,0.0,162,162,0.4068526068980812,0.5306841046277666,0.2777777777777778,0,0.1655290437397646,0.2816256189045743,0.0771604938271605
777844,2025-05-20,2025,Milwaukee Brewers,Baltimore Orioles,2025-05-20T17:00:00+00:00,2025-05-20T23:40:00+00:00,0.08590495933116787,0.0,162,162,0.6192864842327207,0.5306841046277666,0.5566750629722922,1,0.14494278108788242,0.2202574096490411,0.1965369997906211
777845,2025-05-20,2025,Toronto Blue Jays,San Diego Padres,2025-05-20T17:00:00+00:00,2025-05-20T23:07:00+00:00,-0.05031308242654736,0.0,162,162,0.4810274874871833,0.5306841046277666,0.4607594936708861,1,0.2693324687438656,0.2202574096490411,0.29078032366607914
777846,2025-05-20,2025,Chicago White Sox,Seattle Mariners,2025-05-20T17:00:00+00:00,2025-05-20T23:40:00+00:00,-0.14557868565894483,0.0,162,162,0.3847866015841923,0.5306841046277666,0.3681710213776722,1,0.37848752559032733,0.2202574096490411,0.39920785822693394
777847,2025-05-20,2025,Pittsburgh Pirates,Cincinnati Reds,2025-05-20T17:00:00+00:00,2025-05-20T22:40:00+00:00,-0.05805263084780515,0.0,162,162,0.47305531062948486,0.5306841046277666,0.42750000000000005,1,0.2776707056557888,0.2202574096490411,0.32775625
777848,2025-05-20,2025,Tampa Bay Rays,Houston Astros,2025-05-20T17:00:00+00:00,2025-05-20T23:05:00+00:00,-0.04204700427036101,0.0,162,162,0.4895525998483606,0.5306841046277666,0.547979797979798,1,0.26055654832156794,0.2202574096490411,0.20432226303438422
777849,2025-05-20,2025,New York Yankees,Texas Rangers,2025-05-20T17:00:00+00:00,2025-05-20T23:05:00+00:00,0.091976265977885,0.0,162,162,0.6251789878924863,0.5306841046277666,0.6456876456876457,1,0.14049079111730095,0.2202574096490411,0.12553724441836328
777850,2025-05-20,2025,Miami Marlins,Chicago Cubs,2025-05-20T17:00:00+00:00,2025-05-20T22:40:00+00:00,-0.15056286584559386,0.0,162,162,0.3799265277404182,0.5306841046277666,0.43609022556390975,0,0.14434416648089074,0.2816256189045743,0.19017468483238167
777851,2025-05-20,2025,Boston Red Sox,New York Mets,2025-05-20T17:00:00+00:00,2025-05-20T22:45:00+00:00,-0.07726461008081903,0.0,162,162,0.4533337251186022,0.5306841046277666,0.44584382871536526,1,0.2988440160927039,0.2202574096490411,0.3070890621728455
777819,2025-05-21,2025,San Francisco Giants,Kansas City Royals,2025-05-21T17:00:00+00:00,2025-05-21T19:45:00+00:00,0.028022441574386825,0.0,162,162,0.5615666385442938,0.5306841046277666,0.6496519721577726,0,0.3153570895259375,0.2816256189045743,0.4220476849284833
777823,2025-05-21,2025,Colorado Rockies,Philadelphia Phillies,2025-05-21T17:00:00+00:00,2025-05-22T00:40:00+00:00,-0.12144927150614582,0.0,162,162,0.4086257390783072,0.5306841046277666,0.34252873563218394,0,0.1669749946372928,0.2816256189045743,0.11732593473378256
777824,2025-05-21,2025,Los Angeles Dodgers,Arizona Diamondbacks,2025-05-21T17:00:00+00:00,2025-05-22T02:10:00+00:00,0.009314963965466161,0.0,162,162,0.5424671945766898,0.5306841046277666,0.5675,1,0.20933626803852465,0.2202574096490411,0.18705625
777826,2025-05-21,2025,Milwaukee Brewers,Baltimore Orioles,2025-05-21T17:00:00+00:00,2025-05-21T17:10:00+00:00,0.08590754081119356,0.0,162,162,0.6192889973070544,0.5306841046277666,0.5051020408163266,0,0.3835188621855769,0.2816256189045743,0.25512807163681805
777827,2025-05-21,2025,St. Louis Cardinals,Detroit Tigers,2025-05-21T17:00:00+00:00,2025-05-21T17:15:00+00:00,-0.056387879626231596,0.0,162,162,0.4747690795062555,0.5306841046277666,0.5178571428571429,0,0.22540567885521717,0.2816256189045743,0.2681760204081633
777830,2025-05-21,2025,Chicago White Sox,Seattle Mariners,2025-05-21T17:00:00+00:00,2025-05-21T18:10:00+00:00,-0.14275550237957285,0.0,162,162,0.3875497916809862,0.5306841046277666,0.43107769423558895,0,0.15019484103197578,0.2816256189045743,0.18582797846747193
777831,2025-05-21,2025,Boston Red Sox,New York Mets,2025-05-21T17:00:00+00:00,2025-05-21T22:45:00+00:00,-0.07315644439311125,0.0,162,162,0.45754069089786537,0.5306841046277666,0.5664160401002506,0,0.20934348382729598,0.2816256189045743,0.32082713048284867
777832,2025-05-21,2025,Tampa Bay Rays,Houston Astros,2025-05-21T17:00:00+00:00,2025-05-21T17:10:00+00:00,-0.039250193509511755,0.0,162,162,0.4924386789714672,0.5306841046277666,0.3941605839416058,1,0.2576184946042293,0.2202574096490411,0.36704139804997604
777833,2025-05-21,2025,Miami Marlins,Chicago Cubs,2025-05-21T17:00:00+00:00,2025-05-21T17:10:00+00:00,-0.1608420631930088,0.0,162,162,0.3699798815278953,0.5306841046277666,0.42643391521197016,0,0.13688511273539544,0.2816256189045743,0.18184588404300975
777835,2025-05-21,2025,New York Yankees,Texas Rangers,2025-05-21T17:00:00+00:00,2025-05-21T23:05:00+00:00,0.09552330595991565,0.0,162,162,0.6286046014969978,0.5306841046277666,0.5216284987277354,1,0.1379345420292038,0.2202574096490411,0.22883929322948024
777837,2025-05-21,2025,Toronto Blue Jays,San Diego Padres,2025-05-21T17:00:00+00:00,2025-05-21T23:07:00+00:00,-0.046954374909742136,0.0,162,162,0.48449039569050767,0.5306841046277666,0.5911330049261084,1,0.2657501521353294,0.2202574096490411,0.16717221966075368
777814,2025-05-22,2025,Pittsburgh Pirates,Milwaukee Brewers,2025-05-22T17:00:00+00:00,2025-05-22T22:40:00+00:00,-0.07770157717485321,0.0,162,162,0.45288663035553056,0.5306841046277666,0.4809160305343511,0,0.20510629995478696,0.2816256189045743,0.23128022842491694
777816,2025-05-22,2025,Toronto Blue Jays,San Diego Padres,2025-05-22T17:00:00+00:00,2025-05-22T17:07:00+00:00,-0.03274450722622957,0.0,162,162,0.49915363411253066,0.5306841046277666,0.4809160305343511,1,0.2508470822226848,0.2202574096490411,0.26944816735621463
777817,2025-05-22,2025,Colorado Rockies,Philadelphia Phillies,2025-05-22T17:00:00+00:00,2025-05-22T19:10:00+00:00,-0.12490236463681725,0.0,162,162,0.40518484843972996,0.5306841046277666,0.2923728813559322,0,0.16417476140512693,0.2816256189045743,0.08548190175237001
777820,2025-05-22,2025,Washington Nationals,Atlanta Braves,2025-05-22T17:00:00+00:00,2025-05-22T22:45:00+00:00,-0.10352190911592202,0.0,162,162,0.4266268622842835,0.5306841046277666,0.41234567901234565,1,0.328756755053966,0.2202574096490411,0.3453376009754611
777821,2025-05-22,2025,Detroit Tigers,Cleveland Guardians,2025-05-22T17:00:00+00:00,2025-05-22T22:40:00+00:00,0.09016242658861084,0.0,162,162,0.6234223604304008,0.5306841046277666,0.5454545454545454,0,0.38865543948461256,0.2816256189045743,0.29752066115702475
777822,2025-05-22,2025,Houston Astros,Seattle Mariners,2025-05-22T17:00:00+00:00,2025-05-23T00:10:00+00:00,0.00279101807582538,0.0,162,162,0.5357741441111934,0.5306841046277666,0.4422110552763819,1,0.21550564527569505,0.2202574096490411,0.31112850685588755
777797,2025-05-23,2025,St. Louis Cardinals,Arizona Diamondbacks,2025-05-23T17:00:00+00:00,2025-05-24T00:15:00+00:00,-0.04646498292043877,0.0,162,162,0.48499510285982944,0.5306841046277666,0.46329113924050636,1,0.2652300440783577,0.2202574096490411,0.28805640121775355
777798,2025-05-23,2025,Los Angeles Angels,Miami Marlins,2025-05-23T17:00:00+00:00,2025-05-24T01:38:00+00:00,0.010859386201474364,-1.0,162,162,0.6123821584369442,0.5306841046277666,0.5891089108910892,1,0.15024759109800223,0.2202574096490411,0.1688314871091069
777799,2025-05-23,2025,Minnesota Twins,Kansas City Royals,2025-05-23T17:00:00+00:00,2025-05-24T00:10:00+00:00,-0.024346681260299485,0.0,162,162,0.5078216977047719,0.5306841046277666,0.635933806146572,1,0.2422394812502129,0.2202574096490411,0.1325441935069218
777800,2025-05-23,2025,Houston Astros,Seattle Mariners,2025-05-23T17:00:00+00:00,2025-05-24T00:10:00+00:00,0.01528673184996121,0.0,162,162,0.5485804050700281,0.5306841046277666,0.5406091370558376,0,0.30094046082679615,0.2816256189045743,0.2922582390682574
777801,2025-05-23,2025,Washington Nationals,San Francisco Giants,2025-05-23T17:00:00+00:00,2025-05-23T22:45:00+00:00,-0.12391530582112609,-1.0,162,162,0.4752325173614149,0.5306841046277666,0.5153061224489797,0,0.22584594555766754,0.2816256189045743,0.26554039983340283
777802,2025-05-23,2025,Colorado Rockies,New York Yankees,2025-05-23T17:00:00+00:00,2025-05-24T00:40:00+00:00,-0.1771543599484769,0.0,162,162,0.35442218007388127,0.5306841046277666,0.2854166666666666,1,0.41677072158056017,0.2202574096490411,0.5106293402777778
777805,2025-05-23,2025,Chicago White Sox,Texas Rangers,2025-05-23T17:00:00+00:00,2025-05-23T23:40:00+00:00,-0.08522264125069323,1.0,162,162,0.37736455204593844,0.5306841046277666,0.3681710213776722,1,0.3876749010489549,0.2202574096490411,0.39920785822693394
777806,2025-05-23,2025,Pittsburgh Pirates,Milwaukee Brewers,2025-05-23T17:00:00+00:00,2025-05-23T22:40:00+00:00,-0.07985873999358395,0.0,162,162,0.45068059790333564,0.5306841046277666,0.5343511450381679,1,0.30175180551983677,0.2202574096490411,0.2168288561272653
777807,2025-05-23,2025,Detroit Tigers,Cleveland Guardians,2025-05-23T17:00:00+00:00,2025-05-23T23:10:00+00:00,0.08408311635240012,0.0,162,162,0.6175113308300318,0.5306841046277666,0.5241730279898218,0,0.38132024370347706,0.2816256189045743,0.2747573632720185
777808,2025-05-23,2025,New York Mets,Los Angeles Dodgers,2025-05-23T17:00:00+00:00,2025-05-23T23:10:00+00:00,0.006053945032388541,0.0,162,162,0.539123411458537,0.5306841046277666,0.49489795918367346,0,0.290654052782691,0.2816256189045743,0.24492399000416493
777810,2025-05-23,2025,Tampa Bay Rays,Toronto Blue Jays,2025-05-23T17:00:00+00:00,2025-05-23T23:05:00+00:00,0.008091271154054835,1.0,162,162,0.4711684513769544,0.5306841046277666,0.5566750629722922,1,0.27966280681904865,0.2202574096490411,0.1965369997906211
777811,2025-05-23,2025,Cincinnati Reds,Chicago Cubs,2025-05-23T17:00:00+00:00,2025-05-23T22:40:00+00:00,-0.07342754243484273,0.0,162,162,0.45726287966238766,0.5306841046277666,0.49744897959183665,0,0.20908934111713923,0.2816256189045743,0.24745548729695951
777813,2025-05-23,2025,Atlanta Braves,San Diego Padres,2025-05-23T17:00:00+00:00,2025-05-23T23:15:00+00:00,0.00630274058080138,0.0,162,162,0.5393786493646244,0.5306841046277666,0.6168674698795181,0,0.29092932739040644,0.2816256189045743,0.3805254753955582
777815,2025-05-23,2025,Boston Red Sox,Baltimore Orioles,2025-05-23T17:00:00+00:00,2025-05-23T17:35:00+00:00,0.04625846616173673,0.0,162,162,0.5800112480303102,0.5306841046277666,0.5165394402035622,1,0.1763905517810576,0.2202574096490411,0.23373411287868498
777781,2025-05-24,2025,Los Angeles Angels,Miami Marlins,2025-05-24T17:00:00+00:00,2025-05-25T02:07:00+00:00,0.012461823396925087,0.0,162,162,0.5456903006663887,0.5306841046277666,0.6318289786223278,0,0.2977779042413737,0.2816256189045743,0.39920785822693394
777782,2025-05-24,2025,Colorado Rockies,New York Yankees,2025-05-24T17:00:00+00:00,2025-05-24T20:10:00+00:00,-0.17814167692913285,0.0,162,162,0.35348996728741383,0.5306841046277666,0.26706827309236947,0,0.1249551569728569,0.2816256189045743,0.07132546249254043
777786,2025-05-24,2025,St. Louis Cardinals,Arizona Diamondbacks,2025-05-24T17:00:00+00:00,2025-05-24T18:15:00+00:00,-0.04906229332492451,0.0,162,162,0.48231688595660555,0.5306841046277666,0.5329949238578681,1,0.2679958065656661,0.2202574096490411,0.21809374114251845
777787,2025-05-24,2025,Houston Astros,Seattle Mariners,2025-05-24T17:00:00+00:00,2025-05-24T20:10:00+00:00,0.011358739810724439,0.0,162,162,0.5445609117439874,0.5306841046277666,0.5,1,0.20742476311146807,0.2202574096490411,0.25
777788,2025-05-24,2025,Minnesota Twins,Kansas City Royals,2025-05-24T17:00:00+00:00,2025-05-24T18:10:00+00:00,-0.024844112487552916,0.0,162,162,0.5073083391449877,0.5306841046277666,0.5267175572519084,1,0.24274507267607043,0.2202574096490411,0.2239962706136006
777789,2025-05-24,2025,New York Mets,Los Angeles Dodgers,2025-05-24T17:00:00+00:00,2025-05-24T23:15:00+00:00,-0.0002182815245610481,0.0,162,162,0.5326823452946576,0.5306841046277666,0.5253807106598984,1,0.2183857903993016,0.2202574096490411,0.22526346981370304
777790,2025-05-24,2025,Boston Red Sox,Baltimore Orioles,2025-05-24T17:00:00+00:00,2025-05-24T22:35:00+00:00,0.061123160246379094,0.0,162,162,0.5948847799223216,0.5306841046277666,0.48979591836734687,0,0.353887901383229,0.2816256189045743,0.23990004164931272
777791,2025-05-24,2025,Cincinnati Reds,Chicago Cubs,2025-05-24T17:00:00+00:00,2025-05-24T20:10:00+00:00,-0.07737714036329635,0.0,162,162,0.45321857947364885,0.5306841046277666,0.49234693877551017,1,0.29896992183281446,0.2202574096490411,0.2577116305705956
777792,2025-05-24,2025,Chicago White Sox,Texas Rangers,2025-05-24T17:00:00+00:00,2025-05-24T20:10:00+00:00,-0.08261859277893097,0.0,162,162,0.4478610581109568,0.5306841046277666,0.40987654320987654,1,0.30485741115035225,0.2202574096490411,0.3482456942539247
777793,2025-05-24,2025,Washington Nationals,San Francisco Giants,2025-05-24T17:00:00+00:00,2025-05-24T20:05:00+00:00,-0.12666994103868373,0.0,162,162,0.40342709367730833,0.5306841046277666,0.4133663366336633,1,0.355899232558303,0.2202574096490411,0.34413905499460845
777794,2025-05-24,2025,Pittsburgh Pirates,Milwaukee Brewers,2025-05-24T17:00:00+00:00,2025-05-24T20:05:00+00:00,-0.07704356216202374,0.0,162,162,0.4535599250300429,0.5306841046277666,0.5089058524173028,1,0.2985967555331724,0.2202574096490411,0.24117346178997598
777795,2025-05-24,2025,Tampa Bay Rays,Toronto Blue Jays,2025-05-24T17:00:00+00:00,2025-05-24T23:05:00+00:00,0.009063400999605176,0.0,162,162,0.5422093792307477,0.5306841046277666,0.5139949109414759,1,0.20957225246429734,0.2202574096490411,0.23620094659078397
777796,2025-05-24,2025,Detroit Tigers,Cleveland Guardians,2025-05-24T17:00:00+00:00,2025-05-24T23:15:00+00:00,0.07986091126486877,0.0,162,162,0.6133853267230283,0.5306841046277666,0.5541561712846348,0,0.3762415590391161,0.2816256189045743,0.3070890621728455
777803,2025-05-24,2025,Atlanta Braves,San Diego Padres,2025-05-24T17:00:00+00:00,2025-05-24T20:10:00+00:00,0.00805186688677939,0.0,162,162,0.5411724774755599,0.5306841046277666,0.5089058524173028,1,0.21052269542591562,0.2202574096490411,0.24117346178997598
777766,2025-05-25,2025,St. Louis Cardinals,Arizona Diamondbacks,2025-05-25T17:00:00+00:00,2025-05-25T18:15:00+00:00,-0.043711897923816245,0.0,162,162,0.48783488457787666,0.5306841046277666,0.5355329949238579,1,0.26231310545535697,0.2202574096490411,0.21572959880440104
777767,2025-05-25,2025,Los Angeles Angels,Miami Marlins,2025-05-25T17:00:00+00:00,2025-05-25T20:07:00+00:00,0.007354352051526514,0.0,162,162,0.5404572617851122,0.5306841046277666,0.5178571428571429,0,0.2920940518162613,0.2816256189045743,0.2681760204081633
777768,2025-05-25,2025,Colorado Rockies,New York Yankees,2025-05-25T17:00:00+00:00,2025-05-25T19:10:00+00:00,-0.1892293024183756,0.0,162,162,0.34309891482102844,0.5306841046277666,0.2929936305732484,0,0.11771686535136733,0.2816256189045743,0.08584526755649316
777772,2025-05-25,2025,Minnesota Twins,Kansas City Royals,2025-05-25T17:00:00+00:00,2025-05-25T18:10:00+00:00,-0.024309443213662685,0.0,162,162,0.5078601274323997,0.5306841046277666,0.5114503816793893,0,0.25792190903565326,0.2816256189045743,0.261581492919993
777773,2025-05-25,2025,New York Mets,Los Angeles Dodgers,2025-05-25T17:00:00+00:00,2025-05-25T23:10:00+00:00,0.00015938311429963825,0.0,162,162,0.533070506220489,0.5306841046277666,0.5139949109414759,1,0.2180231521611904,0.2202574096490411,0.23620094659078397
777774,2025-05-25,2025,Houston Astros,Seattle Mariners,2025-05-25T17:00:00+00:00,2025-05-25T18:10:00+00:00,0.00969374508355425,0.0,162,162,0.5428553470236375,0.5306841046277666,0.44332493702770776,1,0.20898123374487892,0.2202574096490411,0.3098871257352056
777775,2025-05-25,2025,Tampa Bay Rays,Toronto Blue Jays,2025-05-25T17:00:00+00:00,2025-05-25T17:40:00+00:00,0.009707164002223712,0.0,162,162,0.5428690969849035,0.5306841046277666,0.5,1,0.20896866249139756,0.2202574096490411,0.25
777776,2025-05-25,2025,Pittsburgh Pirates,Milwaukee Brewers,2025-05-25T17:00:00+00:00,2025-05-25T17:35:00+00:00,-0.07530416650801935,0.0,162,162,0.4553405228077848,0.5306841046277666,0.40640394088669946,0,0.2073349917108668,0.2816256189045743,0.1651641631682399
777777,2025-05-25,2025,Chicago White Sox,Texas Rangers,2025-05-25T17:00:00+00:00,2025-05-25T18:10:00+00:00,-0.07618757291552636,0.0,162,162,0.45443604501050344,0.5306841046277666,0.4821428571428572,0,0.2065121190047883,0.2816256189045743,0.23246173469387763
777778,2025-05-25,2025,Washington Nationals,San Francisco Giants,2025-05-25T17:00:00+00:00,2025-05-25T17:35:00+00:00,-0.12128398236390597,0.0,162,162,0.4087906717718581,0.5306841046277666,0.42643391521197016,0,0.16710981332768704,0.2816256189045743,0.18184588404300975
777779,2025-05-25,2025,Cincinnati Reds,Chicago Cubs,2025-05-25T17:00:00+00:00,2025-05-25T17:40:00+00:00,-0.07749888994940901,0.0,162,162,0.45309400589338056,0.5306841046277666,0.4531645569620253,0,0.20529417817651077,0.2816256189045743,0.20535811568658865
777783,2025-05-25,2025,Atlanta Braves,San Diego Padres,2025-05-25T17:00:00+00:00,2025-05-25T20:10:00+00:00,0.01707847272067564,0.0,162,162,0.550411812954343,0.5306841046277666,0.5566750629722922,0,0.30295316383968673,0.2816256189045743,0.3098871257352055
777785,2025-05-25,2025,Boston Red Sox,Baltimore Orioles,2025-05-25T17:00:00+00:00,2025-05-25T17:35:00+00:00,0.0580908289810767,0.0,162,162,0.5918638137966983,0.5306841046277666,0.5429292929292929,0,0.35030277408197275,0.2816256189045743,0.29477221712070195
777756,2025-05-26,2025,San Diego Padres,Miami Marlins,2025-05-26T17:00:00+00:00,2025-05-27T00:40:00+00:00,0.10096015473404135,0.0,162,162,0.6338302278037878,0.5306841046277666,0.582089552238806,1,0.13408030207022592,0.2202574096490411,0.17464914234796167
777757,2025-05-26,2025,Chicago Cubs,Colorado Rockies,2025-05-26T17:00:00+00:00,2025-05-26T18:20:00+00:00,0.19467263564952686,0.0,162,162,0.7182150755779121,0.5306841046277666,0.7355864811133201,1,0.0794027436315618,0.2202574096490411,0.0699145089700366
777758,2025-05-26,2025,New York Mets,Chicago White Sox,2025-05-26T17:00:00+00:00,2025-05-26T20:10:00+00:00,0.16448930660268324,0.0,162,162,0.692321989643081,0.5306841046277666,0.6969696969696969,1,0.09466575805719235,0.2202574096490411,0.09182736455463732
777759,2025-05-26,2025,Texas Rangers,Toronto Blue Jays,2025-05-26T17:00:00+00:00,2025-05-26T20:05:00+00:00,-0.01266734307536932,0.0,162,162,0.5198679309144405,0.5306841046277666,0.5516372795969774,0,0.2702626655932615,0.2816256189045743,0.30430368824115384
777760,2025-05-26,2025,Kansas City Royals,Cincinnati Reds,2025-05-26T17:00:00+00:00,2025-05-26T20:10:00+00:00,0.0329947243746509,0.0,162,162,0.566614926235367,0.5306841046277666,0.5102040816326531,0,0.3210524746327104,0.2816256189045743,0.2603082049146189
777761,2025-05-26,2025,Arizona Diamondbacks,Pittsburgh Pirates,2025-05-26T17:00:00+00:00,2025-05-27T00:10:00+00:00,0.10241750751603951,0.0,162,162,0.6352256847430735,0.5306841046277666,0.6350710900473934,1,0.1330603010711596,0.2202574096490411,0.13317310931919768
777762,2025-05-26,2025,Tampa Bay Rays,Minnesota Twins,2025-05-26T17:00:00+00:00,2025-05-26T23:05:00+00:00,0.003113872498567871,0.0,162,162,0.53610569047019,0.5306841046277666,0.5267175572519084,1,0.2151979304141392,0.2202574096490411,0.2239962706136006
777763,2025-05-26,2025,Los Angeles Angels,New York Yankees,2025-05-26T17:00:00+00:00,2025-05-27T01:38:00+00:00,-0.15840065554354305,0.0,162,162,0.37233268668204544,0.5306841046277666,0.38072289156626504,0,0.13863162957187022,0.2816256189045743,0.14494992016257802
777764,2025-05-26,2025,Milwaukee Brewers,Boston Red Sox,2025-05-26T17:00:00+00:00,2025-05-26T18:10:00+00:00,0.028033098860265615,0.0,162,162,0.5615774727618672,0.5306841046277666,0.4054054054054054,1,0.1922143123898713,0.2202574096490411,0.35354273192111035
777769,2025-05-26,2025,Cleveland Guardians,Los Angeles Dodgers,2025-05-26T17:00:00+00:00,2025-05-26T22:10:00+00:00,-0.08662748717166241,0.0,162,162,0.4437714757857419,0.5306841046277666,0.39853300733496333,0,0.1969331227210553,0.2816256189045743,0.15882855793544995
777770,2025-05-26,2025,Detroit Tigers,San Francisco Giants,2025-05-26T17:00:00+00:00,2025-05-26T17:10:00+00:00,0.005548636109121263,0.0,162,162,0.5386049549602121,0.5306841046277666,0.5076530612244898,1,0.2128853875872679,0.2202574096490411,0.24240550812161596
777771,2025-05-26,2025,Baltimore Orioles,St. Louis Cardinals,2025-05-26T17:00:00+00:00,2025-05-26T19:05:00+00:00,-0.0697124414677519,0.0,162,162,0.46107221846361507,0.5306841046277666,0.5063938618925831,1,0.2904431537117294,0.2202574096490411,0.24364701957731835
777741,2025-05-27,2025,Texas Rangers,Toronto Blue Jays,2025-05-27T17:00:00+00:00,2025-05-28T00:05:00+00:00,-0.021620706814613977,0.0,162,162,0.5106346340274718,0.5306841046277666,0.5664160401002506,1,0.2394784614134265,0.2202574096490411,0.1879950502823475
777742,2025-05-27,2025,San Diego Padres,Miami Marlins,2025-05-27T17:00:00+00:00,2025-05-28T01:40:00+00:00,0.10411143224302372,0.0,162,162,0.6368448131717237,0.5306841046277666,0.597051597051597,1,0.13188168972028028,0.2202574096490411,0.1623674154386685
777743,2025-05-27,2025,Seattle Mariners,Washington Nationals,2025-05-27T17:00:00+00:00,2025-05-28T01:40:00+00:00,0.09773560253666752,0.0,162,162,0.6307346610053863,0.5306841046277666,0.5911330049261084,1,0.13635689058280695,0.2202574096490411,0.16717221966075368
777744,2025-05-27,2025,Arizona Diamondbacks,Pittsburgh Pirates,2025-05-27T17:00:00+00:00,2025-05-28T01:40:00+00:00,0.10598585100808217,0.0,162,162,0.6386328556126613,0.5306841046277666,0.6899563318777293,0,0.4078519242679822,0.2816256189045743,0.47603973989817133
777745,2025-05-27,2025,Los Angeles Angels,New York Yankees,2025-05-27T17:00:00+00:00,2025-05-28T01:38:00+00:00,-0.16301829264000323,0.0,162,162,0.36788782019595184,0.5306841046277666,0.34722222222222227,0,0.135341448248529,0.2816256189045743,0.12056327160493831
777746,2025-05-27,2025,Tampa Bay Rays,Minnesota Twins,2025-05-27T17:00:00+00:00,2025-05-27T23:05:00+00:00,0.010055039050217207,0.0,162,162,0.5432255311993587,0.5306841046277666,0.46700507614213205,0,0.2950939777468254,0.2816256189045743,0.21809374114251856
777747,2025-05-27,2025,Milwaukee Brewers,Boston Red Sox,2025-05-27T17:00:00+00:00,2025-05-27T23:40:00+00:00,0.029777530186534507,0.0,162,162,0.5633500663775175,0.5306841046277666,0.5329949238578681,1,0.1906631645325184,0.2202574096490411,0.21809374114251845
777748,2025-05-27,2025,Philadelphia Phillies,Atlanta Braves,2025-05-27T17:00:00+00:00,2025-05-27T22:45:00+00:00,-0.019930525934210297,0.0,162,162,0.5123784068700594,0.5306841046277666,0.5153061224489797,1,0.23777481808658132,0.2202574096490411,0.2349281549354435
777749,2025-05-27,2025,New York Mets,Chicago White Sox,2025-05-27T17:00:00+00:00,2025-05-27T23:10:00+00:00,0.16647566961322863,0.0,162,162,0.6940662989134448,0.5306841046277666,0.7036247334754797,1,0.09359542946051767,0.2202574096490411,0.08783829860748044
777750,2025-05-27,2025,Kansas City Royals,Cincinnati Reds,2025-05-27T17:00:00+00:00,2025-05-27T23:40:00+00:00,0.029777932356281844,0.0,162,162,0.5633504748551892,0.5306841046277666,0.5253807106598984,0,0.31736375751956714,0.2816256189045743,0.27602489113349993
777751,2025-05-27,2025,Chicago Cubs,Colorado Rockies,2025-05-27T17:00:00+00:00,2025-05-28T00:05:00+00:00,0.19236673375454377,0.0,162,162,0.7162841733549612,0.5306841046277666,0.7495183044315993,1,0.08049467028887772,0.2202574096490411,0.06274107981482098
777753,2025-05-27,2025,Cleveland Guardians,Los Angeles Dodgers,2025-05-27T17:00:00+00:00,2025-05-27T22:10:00+00:00,-0.08954934168305484,0.0,162,162,0.44079557344680603,0.5306841046277666,0.4582278481012658,0,0.19430073757029856,0.2816256189045743,0.20997276077551674
777754,2025-05-27,2025,Baltimore Orioles,St. Louis Cardinals,2025-05-27T17:00:00+00:00,2025-05-27T22:35:00+00:00,-0.06971574629730248,0.0,162,162,0.46106882771508206,0.5306841046277666,0.4809160305343511,0,0.21258446389056002,0.2816256189045743,0.23128022842491694
777755,2025-05-27,2025,Detroit Tigers,San Francisco Giants,2025-05-27T17:00:00+00:00,2025-05-27T22:40:00+00:00,0.005560368970365159,0.0,162,162,0.5386169940489102,0.5306841046277666,0.48600508905852424,1,0.2128742781804634,0.2202574096490411,0.26419076847373557
777724,2025-05-28,2025,Texas Rangers,Toronto Blue Jays,2025-05-28T17:00:00+00:00,2025-05-29T00:05:00+00:00,-0.016277748207926157,0.0,162,162,0.5161459211796104,0.5306841046277666,0.547979797979798,0,0.26640661195034865,0.2816256189045743,0.30028185899398024
777726,2025-05-28,2025,San Diego Padres,Miami Marlins,2025-05-28T17:00:00+00:00,2025-05-28T20:10:00+00:00,0.10737877237198074,0.0,162,162,0.6399591086956039,0.5306841046277666,0.5911330049261084,0,0.4095476608024718,0.2816256189045743,0.34943822951297054
777728,2025-05-28,2025,Los Angeles Angels,New York Yankees,2025-05-28T17:00:00+00:00,2025-05-29T01:38:00+00:00,-0.16251284097837848,0.0,162,162,0.3683732830679933,0.5306841046277666,0.4133663366336633,0,0.1356988756782919,0.2816256189045743,0.17087172826193503
777729,2025-05-28,2025,Arizona Diamondbacks,Pittsburgh Pirates,2025-05-28T17:00:00+00:00,2025-05-28T19:40:00+00:00,0.10065519893127456,0.0,162,162,0.6335379386542538,0.5306841046277666,0.5541561712846348,0,0.40137031971428105,0.2816256189045743,0.3070890621728455
777730,2025-05-28,2025,Seattle Mariners,Washington Nationals,2025-05-28T17:00:00+00:00,2025-05-29T01:40:00+00:00,0.10622806705125515,0.0,162,162,0.6388636311663201,0.5306841046277666,0.6621004566210046,0,0.40814673922701583,0.2816256189045743,0.43837701465774276
777731,2025-05-28,2025,Chicago Cubs,Colorado Rockies,2025-05-28T17:00:00+00:00,2025-05-29T00:05:00+00:00,0.19486398278162814,0.0,162,162,0.718374945424625,0.5306841046277666,0.7509578544061303,1,0.07931267136458295,0.2202574096490411,0.0620219902819982
777732,2025-05-28,2025,Tampa Bay Rays,Minnesota Twins,2025-05-28T17:00:00+00:00,2025-05-28T17:10:00+00:00,0.007199130679841348,0.0,162,162,0.540298078578606,0.5306841046277666,0.5392405063291139,1,0.21132585655852149,0.2202574096490411,0.21229931100785132
777733,2025-05-28,2025,Kansas City Royals,Cincinnati Reds,2025-05-28T17:00:00+00:00,2025-05-28T23:40:00+00:00,0.02434242741543091,0.0,162,162,0.5578220878817008,0.5306841046277666,0.4783715012722647,1,0.1955213059652983,0.2202574096490411,0.27209629068495095
777736,2025-05-28,2025,Milwaukee Brewers,Boston Red Sox,2025-05-28T17:00:00+00:00,2025-05-28T17:10:00+00:00,0.03541443764074731,0.0,162,162,0.5690667007539765,0.5306841046277666,0.5760598503740648,1,0.18570350839906286,0.2202574096490411,0.17972525046486032
777737,2025-05-28,2025,New York Mets,Chicago White Sox,2025-05-28T17:00:00+00:00,2025-05-28T17:10:00+00:00,0.1702720934474617,0.0,162,162,0.6973846487318036,0.5306841046277666,0.6734234234234234,0,0.4863453482867811,0.2816256189045743,0.45349910721532344
777738,2025-05-28,2025,Detroit Tigers,San Francisco Giants,2025-05-28T17:00:00+00:00,2025-05-28T17:10:00+00:00,0.006449541915719448,0.0,162,162,0.5395292423220716,0.5306841046277666,0.5051020408163266,1,0.2120333186764855,0.2202574096490411,0.24492399000416487
777739,2025-05-28,2025,Cleveland Guardians,Los Angeles Dodgers,2025-05-28T17:00:00+00:00,2025-05-28T17:10:00+00:00,-0.09489213022687731,0.0,162,162,0.4353650888015392,0.5306841046277666,0.3840579710144928,1,0.31881258294409365,0.2202574096490411,0.3793845830707834
777740,2025-05-28,2025,Baltimore Orioles,St. Louis Cardinals,2025-05-28T17:00:00+00:00,2025-05-28T22:35:00+00:00,-0.07179155796070014,0.0,162,162,0.4589397736772126,0.5306841046277666,0.5267175572519084,0,0.21062571586289114,0.2816256189045743,0.2774313851174174
777722,2025-05-29,2025,Seattle Mariners,Washington Nationals,2025-05-29T17:00:00+00:00,2025-05-30T01:40:00+00:00,0.09573282571388636,0.0,162,162,0.6288065487398239,0.5306841046277666,0.5190839694656489,0,0.39539767573808854,0.2816256189045743,0.26944816735621474
777723,2025-05-29,2025,Philadelphia Phillies,Atlanta Braves,2025-05-29T17:00:00+00:00,2025-05-29T22:45:00+00:00,-0.018489999723831807,0.0,162,162,0.5138643728928698,0.5306841046277666,0.6004901960784313,0,0.2640565937285823,0.2816256189045743,0.3605884755863129
777725,2025-05-29,2025,Houston Astros,Tampa Bay Rays,2025-05-29T17:00:00+00:00,2025-05-30T00:10:00+00:00,0.03410509044617571,0.0,162,162,0.5677404171303557,0.5306841046277666,0.5216284987277354,0,0.3223291812433503,0.2816256189045743,0.27209629068495106
777735,2025-05-29,2025,Philadelphia Phillies,Atlanta Braves,2025-05-29T17:00:00+00:00,2025-05-29T17:05:00+00:00,-0.018489999723831807,0.0,162,162,0.5138643728928698,0.5306841046277666,0.5076530612244898,1,0.23632784794284276,0.2202574096490411,0.24240550812161596
777707,2025-05-30,2025,San Diego Padres,Pittsburgh Pirates,2025-05-30T17:00:00+00:00,2025-05-31T01:40:00+00:00,0.06990797840283769,0.0,162,162,0.6035954548649914,0.5306841046277666,0.647196261682243,1,0.15713656340369303,0.2202574096490411,0.12447047777098437
777708,2025-05-30,2025,Los Angeles Dodgers,New York Yankees,2025-05-30T17:00:00+00:00,2025-05-31T02:10:00+00:00,-0.00502715630760564,0.0,162,162,0.5277365193777762,0.5306841046277666,0.46700507614213205,1,0.22303279512941754,0.2202574096490411,0.28408358885825447
777709,2025-05-30,2025,Texas Rangers,St. Louis Cardinals,2025-05-30T17:00:00+00:00,2025-05-31T00:05:00+00:00,-0.03825375311510559,0.0,162,162,0.493467055417643,0.5306841046277666,0.4325,1,0.2565756239472731,0.2202574096490411,0.32205625
777710,2025-05-30,2025,Arizona Diamondbacks,Washington Nationals,2025-05-30T17:00:00+00:00,2025-05-31T01:40:00+00:00,0.10323841137459444,1.0,162,162,0.5689112315387675,0.5306841046277666,0.6666666666666666,0,0.3236599893709572,0.2816256189045743,0.4444444444444444
777711,2025-05-30,2025,Kansas City Royals,Detroit Tigers,2025-05-30T17:00:00+00:00,2025-05-31T00:10:00+00:00,-0.038212343608925003,0.0,162,162,0.49350979336082057,0.5306841046277666,0.46954314720812185,0,0.2435519161430398,0.2816256189045743,0.220470767090108
777712,2025-05-30,2025,Chicago Cubs,Cincinnati Reds,2025-05-30T17:00:00+00:00,2025-05-30T18:20:00+00:00,0.08352640071947959,0.0,162,162,0.6169682539927576,0.5306841046277666,0.6014669926650367,0,0.38064982643487183,0.2816256189045743,0.36176254326552326
777713,2025-05-30,2025,Seattle Mariners,Minnesota Twins,2025-05-30T17:00:00+00:00,2025-05-31T02:10:00+00:00,0.030966465074942218,-1.0,162,162,0.6318959717741457,0.5306841046277666,0.5664160401002506,0,0.39929251914439196,0.2816256189045743,0.32082713048284867
777714,2025-05-30,2025,Houston Astros,Tampa Bay Rays,2025-05-30T17:00:00+00:00,2025-05-31T00:10:00+00:00,0.02196170453089541,0.0,162,162,0.5553960798132902,0.5306841046277666,0.5980392156862746,1,0.1976726458453902,0.2202574096490411,0.16157247212610526
777715,2025-05-30,2025,Philadelphia Phillies,Milwaukee Brewers,2025-05-30T17:00:00+00:00,2025-05-30T22:45:00+00:00,-0.012260841583963789,-1.0,162,162,0.5894936826280113,0.5306841046277666,0.5541561712846348,0,0.3475028018583345,0.2816256189045743,0.3070890621728455
777717,2025-05-30,2025,Miami Marlins,San Francisco Giants,2025-05-30T17:00:00+00:00,2025-05-30T23:10:00+00:00,-0.14098177308108156,0.0,162,162,0.3892895492200105,0.5306841046277666,0.39077669902912626,0,0.151546353131919,0.2816256189045743,0.15270642850410032
777718,2025-05-30,2025,New York Mets,Colorado Rockies,2025-05-30T17:00:00+00:00,2025-05-30T23:10:00+00:00,0.17789246831346367,0.0,162,162,0.7039834094381641,0.5306841046277666,0.7436399217221136,1,0.08762582188785362,0.2202574096490411,0.06572048973464406
777719,2025-05-30,2025,Atlanta Braves,Boston Red Sox,2025-05-30T17:00:00+00:00,2025-05-30T23:15:00+00:00,0.042840326672466345,-1.0,162,162,0.643224398647206,0.5306841046277666,0.5990220048899756,0,0.41373762701505984,0.2816256189045743,0.3588273623424059
777720,2025-05-30,2025,Baltimore Orioles,Chicago White Sox,2025-05-30T17:00:00+00:00,2025-05-30T20:30:00+00:00,0.04409624471799861,0.0,162,162,0.5778348971279321,0.5306841046277666,0.6666666666666666,1,0.17822337408298367,0.2202574096490411,0.11111111111111113
777721,2025-05-30,2025,Cleveland Guardians,Los Angeles Angels,2025-05-30T17:00:00+00:00,2025-05-30T23:10:00+00:00,0.06450632091622827,0.0,162,162,0.5982467895336612,0.5306841046277666,0.568922305764411,0,0.3578992211873327,0.2816256189045743,0.323672589996294
777691,2025-05-31,2025,San Diego Padres,Pittsburgh Pirates,2025-05-31T17:00:00+00:00,2025-06-01T01:40:00+00:00,0.07569097638953992,0.0,162,162,0.60929435822468,0.5306841046277666,0.669683257918552,0,0.3712396149644247,0.2816256189045743,0.4484756659364058
777693,2025-05-31,2025,Houston Astros,Tampa Bay Rays,2025-05-31T17:00:00+00:00,2025-05-31T20:10:00+00:00,0.023864885758617338,0.0,162,162,0.557335679991005,0.5306841046277666,0.5491183879093199,0,0.3106230601910359,0.2816256189045743,0.3015310039401303
777694,2025-05-31,2025,Kansas City Royals,Detroit Tigers,2025-05-31T17:00:00+00:00,2025-05-31T20:10:00+00:00,-0.03843733432222152,0.0,162,162,0.49327758599507654,0.5306841046277666,0.3640661938534279,1,0.25676760485497707,0.2202574096490411,0.40441180580006586
777695,2025-05-31,2025,Seattle Mariners,Minnesota Twins,2025-05-31T17:00:00+00:00,2025-05-31T23:15:00+00:00,0.027254355202057212,0.0,162,162,0.5607856464890102,0.5306841046277666,0.5051020408163266,1,0.19290924833007672,0.2202574096490411,0.24492399000416487
777696,2025-05-31,2025,Arizona Diamondbacks,Washington Nationals,2025-05-31T17:00:00+00:00,2025-06-01T02:10:00+00:00,0.10009880407872446,0.0,162,162,0.6330044010471687,0.5306841046277666,0.6225961538461539,0,0.4006945717450848,0.2816256189045743,0.38762597078402367
777697,2025-05-31,2025,Texas Rangers,St. Louis Cardinals,2025-05-31T17:00:00+00:00,2025-05-31T20:05:00+00:00,-0.030833150462315717,0.0,162,162,0.5011266400395665,0.5306841046277666,0.43107769423558895,0,0.2511279093573453,0.2816256189045743,0.18582797846747193
777698,2025-05-31,2025,Los Angeles Dodgers,New York Yankees,2025-05-31T17:00:00+00:00,2025-05-31T23:15:00+00:00,-0.004362588954254787,0.0,162,162,0.5284203592366817,0.5306841046277666,0.4707379134860051,1,0.2223873575824603,0.2202574096490411,0.2801183562211475
777699,2025-05-31,2025,Baltimore Orioles,Chicago White Sox,2025-05-31T17:00:00+00:00,2025-05-31T20:05:00+00:00,0.04422563783120337,0.0,162,162,0.5779652217309253,0.5306841046277666,0.6004901960784313,1,0.178113354068627,0.2202574096490411,0.15960808342945024
777700,2025-05-31,2025,New York Mets,Colorado Rockies,2025-05-31T17:00:00+00:00,2025-05-31T20:10:00+00:00,0.1814244661497586,0.0,162,162,0.7070134498223895,0.5306841046277666,0.7669724770642201,1,0.0858411185849775,0.2202574096490411,0.05430182644558542
777702,2025-05-31,2025,Philadelphia Phillies,Milwaukee Brewers,2025-05-31T17:00:00+00:00,2025-05-31T20:05:00+00:00,-0.011006859465922947,0.0,162,162,0.5215790281940803,0.5306841046277666,0.6192771084337348,0,0.2720446826518812,0.2816256189045743,0.38350413703004776
777703,2025-05-31,2025,Cleveland Guardians,Los Angeles Angels,2025-05-31T17:00:00+00:00,2025-05-31T20:10:00+00:00,0.056316711364479966,0.0,162,162,0.5900931058868147,0.5306841046277666,0.6092233009708737,1,0.16802366184151807,0.2202574096490411,0.15270642850410032
777704,2025-05-31,2025,Chicago Cubs,Cincinnati Reds,2025-05-31T17:00:00+00:00,2025-05-31T18:20:00+00:00,0.08123846742412522,0.0,162,162,0.6147333179932247,0.5306841046277666,0.6159420289855072,1,0.1484304162645097,0.2202574096490411,0.147500525099769
777705,2025-05-31,2025,Miami Marlins,San Francisco Giants,2025-05-31T17:00:00+00:00,2025-05-31T20:10:00+00:00,-0.13879837084955815,0.0,162,162,0.39143500617073496,0.5306841046277666,0.4239401496259351,1,0.37035135171441336,0.2202574096490411,0.33184495121298996
777706,2025-05-31,2025,Atlanta Braves,Boston Red Sox,2025-05-31T17:00:00+00:00,2025-05-31T20:10:00+00:00,0.03955426513232929,0.0,162,162,0.5732534766093976,0.5306841046277666,0.6267942583732058,1,0.18211259522596593,0.2202574096490411,0.13928252558320547
777677,2025-06-01,2025,Kansas City Royals,Detroit Tigers,2025-06-01T17:00:00+00:00,2025-06-01T18:10:00+00:00,-0.036728167653125476,0.0,162,162,0.49504164023558106,0.5306841046277666,0.5935960591133005,0,0.24506622556713448,0.2816256189045743,0.35235628139484093
777678,2025-06-01,2025,Texas Rangers,St. Louis Cardinals,2025-06-01T17:00:00+00:00,2025-06-01T17:05:00+00:00,-0.03274029803802153,0.0,162,162,0.49915797905806564,0.5306841046277666,0.597051597051597,1,0.25084272994120105,0.2202574096490411,0.1623674154386685
777679,2025-06-01,2025,Arizona Diamondbacks,Washington Nationals,2025-06-01T17:00:00+00:00,2025-06-01T20:10:00+00:00,0.09663238840166727,0.0,162,162,0.6296730870904136,0.5306841046277666,0.6829268292682927,1,0.1371420224251444,0.2202574096490411,0.10053539559785839
777680,2025-06-01,2025,Seattle Mariners,Minnesota Twins,2025-06-01T17:00:00+00:00,2025-06-01T20:10:00+00:00,0.029825758780098077,0.0,162,162,0.5633990508106406,0.5306841046277666,0.5760598503740648,1,0.19062038883304963,0.2202574096490411,0.17972525046486032
777681,2025-06-01,2025,San Diego Padres,Pittsburgh Pirates,2025-06-01T17:00:00+00:00,2025-06-01T21:10:00+00:00,0.06902168274501902,0.0,162,162,0.6027195143360834,0.5306841046277666,0.582089552238806,1,0.15783178428935746,0.2202574096490411,0.17464914234796167
777682,2025-06-01,2025,Los Angeles Dodgers,New York Yankees,2025-06-01T17:00:00+00:00,2025-06-01T23:10:00+00:00,0.01069991254652225,0.0,162,162,0.5438861539171966,0.5306841046277666,0.6039119804400979,0,0.2958121484228405,0.2816256189045743,0.36470968011908117
777683,2025-06-01,2025,Cleveland Guardians,Los Angeles Angels,2025-06-01T17:00:00+00:00,2025-06-01T17:40:00+00:00,0.05898146569855783,0.0,162,162,0.5927518435695452,0.5306841046277666,0.6574712643678161,1,0.16585106091600416,0.2202574096490411,0.11732593473378253
777684,2025-06-01,2025,Baltimore Orioles,Chicago White Sox,2025-06-01T17:00:00+00:00,2025-06-01T17:35:00+00:00,0.04766862983794329,0.0,162,162,0.5814289577424041,0.5306841046277666,0.565,1,0.17520171741661011,0.2202574096490411,0.18922500000000006
777686,2025-06-01,2025,New York Mets,Colorado Rockies,2025-06-01T17:00:00+00:00,2025-06-01T17:40:00+00:00,0.18226815843183197,0.0,162,162,0.7077345459056257,0.5306841046277666,0.7733812949640287,1,0.08541909565699082,0.2202574096490411,0.051356037472180545
777687,2025-06-01,2025,Chicago Cubs,Cincinnati Reds,2025-06-01T17:00:00+00:00,2025-06-01T18:20:00+00:00,0.08267160895724301,0.0,162,162,0.6161338353184556,0.5306841046277666,0.5911330049261084,1,0.1473532323873186,0.2202574096490411,0.16717221966075368
777688,2025-06-01,2025,Philadelphia Phillies,Milwaukee Brewers,2025-06-01T17:00:00+00:00,2025-06-01T17:35:00+00:00,-0.021370741209807753,0.0,162,162,0.510892542831174,0.5306841046277666,0.5876543209876544,0,0.26101119032050296,0.2816256189045743,0.3453376009754611
777689,2025-06-01,2025,Miami Marlins,San Francisco Giants,2025-06-01T17:00:00+00:00,2025-06-01T17:40:00+00:00,-0.13873644442876398,0.0,162,162,0.3914959180338449,0.5306841046277666,0.48346055979643765,0,0.15326905383716302,0.2816256189045743,0.23373411287868487
777690,2025-06-01,2025,Houston Astros,Tampa Bay Rays,2025-06-01T17:00:00+00:00,2025-06-01T18:10:00+00:00,0.010685924571558592,0.0,162,162,0.543871825954996,0.5306841046277666,0.5901234567901236,1,0.2080529111576295,0.2202574096490411,0.1679987806736777
777692,2025-06-01,2025,Atlanta Braves,Boston Red Sox,2025-06-01T17:00:00+00:00,2025-06-01T17:35:00+00:00,0.046247774386769525,0.0,162,162,0.5800004939657406,0.5306841046277666,0.4809160305343511,0,0.3364005730005031,0.2816256189045743,0.23128022842491694
777670,2025-06-02,2025,Boston Red Sox,Los Angeles Angels,2025-06-02T17:00:00+00:00,2025-06-02T23:10:00+00:00,0.0741162604580945,0.0,162,162,0.6077454221823879,0.5306841046277666,0.568922305764411,0,0.3693544981836489,0.2816256189045743,0.323672589996294
777671,2025-06-02,2025,Cincinnati Reds,Milwaukee Brewers,2025-06-02T17:00:00+00:00,2025-06-02T23:10:00+00:00,-0.0322042425757979,0.0,162,162,0.49971132452422995,0.5306841046277666,0.5139949109414759,0,0.24971140785776025,0.2816256189045743,0.26419076847373574
777673,2025-06-02,2025,Miami Marlins,Colorado Rockies,2025-06-02T17:00:00+00:00,2025-06-02T22:40:00+00:00,0.030921537890675477,0.0,162,162,0.564511667896766,0.5306841046277666,0.6350710900473934,0,0.3186734231915886,0.2816256189045743,0.4033152894139844
777674,2025-06-02,2025,Chicago White Sox,Detroit Tigers,2025-06-02T17:00:00+00:00,2025-06-02T23:40:00+00:00,-0.16607789322995825,0.0,162,162,0.3649549588731194,0.5306841046277666,0.32142857142857145,0,0.13319212200608027,0.2816256189045743,0.10331632653061226
777675,2025-06-02,2025,Los Angeles Dodgers,New York Mets,2025-06-02T17:00:00+00:00,2025-06-03T02:10:00+00:00,0.004768362456178732,0.0,162,162,0.5378042157820558,0.5306841046277666,0.5911330049261084,0,0.28923337451295206,0.2816256189045743,0.34943822951297054
777676,2025-06-02,2025,San Francisco Giants,San Diego Padres,2025-06-02T17:00:00+00:00,2025-06-03T01:45:00+00:00,0.037220647905662596,0.0,162,162,0.5708946456485241,0.5306841046277666,0.6244019138755981,0,0.3259206964301539,0.2816256189045743,0.38987775005150976
777655,2025-06-03,2025,Seattle Mariners,Baltimore Orioles,2025-06-03T17:00:00+00:00,2025-06-04T01:40:00+00:00,0.08994993581350652,0.0,162,162,0.6232163585382051,0.5306841046277666,0.568922305764411,0,0.3883986295496206,0.2816256189045743,0.323672589996294
777656,2025-06-03,2025,San Francisco Giants,San Diego Padres,2025-06-03T17:00:00+00:00,2025-06-04T01:45:00+00:00,0.03175357102122278,0.0,162,162,0.5653560531085894,0.5306841046277666,0.5945945945945945,0,0.31962746678652215,0.2816256189045743,0.3535427319211102
777657,2025-06-03,2025,Los Angeles Dodgers,New York Mets,2025-06-03T17:00:00+00:00,2025-06-04T02:10:00+00:00,0.00426253019661893,0.0,162,162,0.53728501174494,0.5306841046277666,0.5566750629722922,1,0.2141051603558803,0.2202574096490411,0.1965369997906211
777659,2025-06-03,2025,Washington Nationals,Chicago Cubs,2025-06-03T17:00:00+00:00,2025-06-03T22:45:00+00:00,-0.14232576909010852,0.0,162,162,0.38797103309554315,0.5306841046277666,0.40987654320987654,0,0.15052152252122303,0.2816256189045743,0.1679987806736778
777660,2025-06-03,2025,St. Louis Cardinals,Kansas City Royals,2025-06-03T17:00:00+00:00,2025-06-03T23:45:00+00:00,-0.02073901773411513,0.0,162,162,0.5115443145319503,0.5306841046277666,0.5760598503740648,0,0.26167758572996286,0.2816256189045743,0.33184495121298996
777661,2025-06-03,2025,Chicago White Sox,Detroit Tigers,2025-06-03T17:00:00+00:00,2025-06-03T23:40:00+00:00,-0.17729088813369814,0.0,162,162,0.35429320571397066,0.5306841046277666,0.3883495145631068,1,0.41693726418714055,0.2202574096490411,0.37411631633518705
777662,2025-06-03,2025,Tampa Bay Rays,Texas Rangers,2025-06-03T17:00:00+00:00,2025-06-03T23:35:00+00:00,0.050499814925896724,0.0,162,162,0.5842712135880848,0.5306841046277666,0.5639097744360902,1,0.17283042385152383,0.2202574096490411,0.19017468483238167
777663,2025-06-03,2025,Pittsburgh Pirates,Houston Astros,2025-06-03T17:00:00+00:00,2025-06-03T22:40:00+00:00,-0.08659082815417385,0.0,162,162,0.44380883901268386,0.5306841046277666,0.5901234567901236,0,0.19696628558578635,0.2816256189045743,0.3482456942539248
777664,2025-06-03,2025,New York Yankees,Cleveland Guardians,2025-06-03T17:00:00+00:00,2025-06-03T23:05:00+00:00,0.09042437423463584,0.0,162,162,0.6236762475169156,0.5306841046277666,0.6488372093023256,1,0.14161956668294975,0.2202574096490411,0.1233153055705787
777665,2025-06-03,2025,Toronto Blue Jays,Philadelphia Phillies,2025-06-03T17:00:00+00:00,2025-06-03T23:07:00+00:00,-0.004381128487632724,0.0,162,162,0.5284012834896649,0.5306841046277666,0.4545454545454545,0,0.27920791639352516,0.2816256189045743,0.2066115702479338
777666,2025-06-03,2025,Miami Marlins,Colorado Rockies,2025-06-03T17:00:00+00:00,2025-06-03T22:40:00+00:00,0.02703327888497231,0.0,162,162,0.5605607995788383,0.5306841046277666,0.6168674698795181,0,0.31422841002446655,0.2816256189045743,0.3805254753955582
777667,2025-06-03,2025,Boston Red Sox,Los Angeles Angels,2025-06-03T17:00:00+00:00,2025-06-03T23:10:00+00:00,0.0731631786612395,0.0,162,162,0.6068068866128484,0.5306841046277666,0.5566750629722922,0,0.3682145976407783,0.2816256189045743,0.3098871257352055
777668,2025-06-03,2025,Cincinnati Reds,Milwaukee Brewers,2025-06-03T17:00:00+00:00,2025-06-03T23:10:00+00:00,-0.03611053602837361,0.0,162,162,0.49567913893052057,0.5306841046277666,0.5417721518987342,1,0.2543395309098611,0.2202574096490411,0.20997276077551674
777672,2025-06-03,2025,Atlanta Braves,Arizona Diamondbacks,2025-06-03T17:00:00+00:00,2025-06-03T23:15:00+00:00,0.0012863119136047318,0.0,162,162,0.5342285155346055,0.5306841046277666,0.5796019900497512,0,0.2854001068103082,0.2816256189045743,0.3359384668696319
777638,2025-06-04,2025,Los Angeles Dodgers,New York Mets,2025-06-04T17:00:00+00:00,2025-06-05T02:10:00+00:00,0.004473424793974945,0.0,162,162,0.537501491277086,0.5306841046277666,0.5796019900497512,0,0.2889078531250914,0.2816256189045743,0.3359384668696319
777639,2025-06-04,2025,Chicago White Sox,Detroit Tigers,2025-06-04T17:00:00+00:00,2025-06-04T23:40:00+00:00,-0.16974846026707469,0.0,162,162,0.36144963693072607,0.5306841046277666,0.3551401869158879,0,0.1306458400373537,0.2816256189045743,0.1261245523626518
777641,2025-06-04,2025,San Francisco Giants,San Diego Padres,2025-06-04T17:00:00+00:00,2025-06-05T01:45:00+00:00,0.027544788539323628,0.0,162,162,0.56108099541187,0.5306841046277666,0.48600508905852424,1,0.19264989258863494,0.2202574096490411,0.26419076847373557
777645,2025-06-04,2025,Seattle Mariners,Baltimore Orioles,2025-06-04T17:00:00+00:00,2025-06-05T01:40:00+00:00,0.0852743419833627,0.0,162,162,0.6186723862088327,0.5306841046277666,0.5025510204081632,0,0.38275552145733105,0.2816256189045743,0.2525575281132861
777646,2025-06-04,2025,Tampa Bay Rays,Texas Rangers,2025-06-04T17:00:00+00:00,2025-06-04T23:35:00+00:00,0.054799426848435584,0.0,162,162,0.5885768804274002,0.5306841046277666,0.5392405063291139,1,0.16926898331884976,0.2202574096490411,0.21229931100785132
777648,2025-06-04,2025,Pittsburgh Pirates,Houston Astros,2025-06-04T17:00:00+00:00,2025-06-04T22:40:00+00:00,-0.09193914875856385,0.0,162,162,0.4383647090955945,0.5306841046277666,0.46700507614213205,1,0.31543419998927624,0.2202574096490411,0.28408358885825447
777649,2025-06-04,2025,Boston Red Sox,Los Angeles Angels,2025-06-04T17:00:00+00:00,2025-06-04T17:35:00+00:00,0.072155383415895,0.0,162,162,0.6058136142169064,0.5306841046277666,0.5505050505050506,1,0.1553829067367379,0.2202574096490411,0.20204570962146712
777650,2025-06-04,2025,Washington Nationals,Chicago Cubs,2025-06-04T17:00:00+00:00,2025-06-04T22:45:00+00:00,-0.14680977023995,0.0,162,162,0.3835839893022294,0.5306841046277666,0.4483627204030227,1,0.3799686982445539,0.2202574096490411,0.30430368824115367
777651,2025-06-04,2025,Toronto Blue Jays,Philadelphia Phillies,2025-06-04T17:00:00+00:00,2025-06-04T23:07:00+00:00,-0.00783159919732268,0.0,162,162,0.5248496310313188,0.5306841046277666,0.49109414758269715,1,0.2257678731310739,0.2202574096490411,0.2589851666245817
777653,2025-06-04,2025,New York Yankees,Cleveland Guardians,2025-06-04T17:00:00+00:00,2025-06-04T23:05:00+00:00,0.08957460683662072,0.0,162,162,0.6228523822844959,0.5306841046277666,0.6318289786223278,0,0.38794509011747186,0.2816256189045743,0.39920785822693394
777654,2025-06-04,2025,Atlanta Braves,Arizona Diamondbacks,2025-06-04T17:00:00+00:00,2025-06-04T23:15:00+00:00,-0.005374618757141958,0.0,162,162,0.5273789388855691,0.5306841046277666,0.608272506082725,0,0.2781285451800688,0.2816256189045743,0.3699954416561587
777628,2025-06-05,2025,Seattle Mariners,Baltimore Orioles,2025-06-05T17:00:00+00:00,2025-06-05T19:40:00+00:00,0.07991947816211842,0.0,162,162,0.6134426722097652,0.5306841046277666,0.5796019900497512,0,0.37631191208785747,0.2816256189045743,0.3359384668696319
777629,2025-06-05,2025,Tampa Bay Rays,Texas Rangers,2025-06-05T17:00:00+00:00,2025-06-05T23:35:00+00:00,0.05718606372470553,0.0,162,162,0.5909610823118028,0.5306841046277666,0.5639097744360902,1,0.1673128361835318,0.2202574096490411,0.19017468483238167
777630,2025-06-05,2025,Pittsburgh Pirates,Houston Astros,2025-06-05T17:00:00+00:00,2025-06-05T22:40:00+00:00,-0.09043847445843656,0.0,162,162,0.43989082719478717,0.5306841046277666,0.42750000000000005,0,0.1935039398501141,0.2816256189045743,0.18275625000000004
777631,2025-06-05,2025,Los Angeles Dodgers,New York Mets,2025-06-05T17:00:00+00:00,2025-06-05T20:10:00+00:00,0.006193765499335591,0.0,162,162,0.5392668549960702,0.5306841046277666,0.5392405063291139,1,0.21227503090521221,0.2202574096490411,0.21229931100785132
777632,2025-06-05,2025,Washington Nationals,Chicago Cubs,2025-06-05T17:00:00+00:00,2025-06-05T22:45:00+00:00,-0.1484772940324542,0.0,162,162,0.38195730244562315,0.5306841046277666,0.42144638403990026,0,0.14589138089153725,0.2816256189045743,0.1776170546203071
777633,2025-06-05,2025,San Francisco Giants,San Diego Padres,2025-06-05T17:00:00+00:00,2025-06-05T19:45:00+00:00,0.02811255061362483,0.0,162,162,0.5616582417178339,0.5306841046277666,0.5139949109414759,1,0.19214349705390096,0.2202574096490411,0.23620094659078397
777634,2025-06-05,2025,Chicago White Sox,Detroit Tigers,2025-06-05T17:00:00+00:00,2025-06-05T18:10:00+00:00,-0.1689290798879856,0.0,162,162,0.3622308669781879,0.5306841046277666,0.35116279069767437,1,0.4067494670353938,0.2202574096490411,0.42098972417522984
777635,2025-06-05,2025,St. Louis Cardinals,Kansas City Royals,2025-06-05T17:00:00+00:00,2025-06-05T23:45:00+00:00,-0.01743543466715891,0.0,162,162,0.5149520491604818,0.5306841046277666,0.5468354430379747,0,0.26517561293457925,0.2816256189045743,0.2990290017625381
777637,2025-06-05,2025,Toronto Blue Jays,Philadelphia Phillies,2025-06-05T17:00:00+00:00,2025-06-05T19:07:00+00:00,-0.005735279896425971,0.0,162,162,0.5270077456514863,0.5306841046277666,0.4821428571428572,1,0.22372167267368903,0.2202574096490411,0.2681760204081632
777642,2025-06-05,2025,St. Louis Cardinals,Kansas City Royals,2025-06-05T17:00:00+00:00,2025-06-05T17:45:00+00:00,-0.01743543466715891,0.0,162,162,0.5149520491604818,0.5306841046277666,0.5216284987277354,1,0.2352715146136157,0.2202574096490411,0.22883929322948024
777644,2025-06-05,2025,New York Yankees,Cleveland Guardians,2025-06-05T17:00:00+00:00,2025-06-05T23:05:00+00:00,0.08336465988499137,0.0,162,162,0.6168104207792346,0.5306841046277666,0.7178423236514522,1,0.1468342536233872,0.2202574096490411,0.07961295432241186
777614,2025-06-06,2025,Los Angeles Angels,Seattle Mariners,2025-06-06T17:00:00+00:00,2025-06-07T01:38:00+00:00,-0.10504675003020081,1.0,162,162,0.35833370819856364,0.5306841046277666,0.4531645569620253,1,0.41173563003420616,0.2202574096490411,0.2990290017625381
777615,2025-06-06,2025,Minnesota Twins,Toronto Blue Jays,2025-06-06T17:00:00+00:00,2025-06-07T00:10:00+00:00,-0.0071260533502163215,0.0,162,162,0.5255760826278102,0.5306841046277666,0.5617128463476071,0,0.27623021863039476,0.2816256189045743,0.3155213217519305
777616,2025-06-06,2025,Colorado Rockies,New York Mets,2025-06-06T17:00:00+00:00,2025-06-07T00:40:00+00:00,-0.17252771709033765,1.0,162,162,0.29708157360773707,0.5306841046277666,0.29052631578947363,0,0.0882574613772493,0.2816256189045743,0.08440554016620495
777617,2025-06-06,2025,Milwaukee Brewers,San Diego Padres,2025-06-06T17:00:00+00:00,2025-06-07T00:10:00+00:00,0.008647875957156104,1.0,162,162,0.47174113704785725,0.5306841046277666,0.568922305764411,0,0.22253970038320522,0.2816256189045743,0.323672589996294
777618,2025-06-06,2025,Chicago White Sox,Kansas City Royals,2025-06-06T17:00:00+00:00,2025-06-06T23:40:00+00:00,-0.12475431425504696,0.0,162,162,0.40533218724079073,0.5306841046277666,0.42999999999999994,1,0.35362980753182205,0.2202574096490411,0.3249000000000001
777619,2025-06-06,2025,San Francisco Giants,Atlanta Braves,2025-06-06T17:00:00+00:00,2025-06-07T02:15:00+00:00,0.026778420445215834,0.0,162,162,0.5603015635267828,0.5306841046277666,0.4520202020202021,1,0.1933347150369918,0.2202574096490411,0.30028185899398013
777620,2025-06-06,2025,St. Louis Cardinals,Los Angeles Dodgers,2025-06-06T17:00:00+00:00,2025-06-07T00:15:00+00:00,-0.07267746591863222,0.0,162,162,0.4580315947458626,0.5306841046277666,0.5406091370558376,1,0.29372975229371284,0.2202574096490411,0.21103996495658223
777621,2025-06-06,2025,Pittsburgh Pirates,Philadelphia Phillies,2025-06-06T17:00:00+00:00,2025-06-06T22:40:00+00:00,-0.06439287557680184,0.0,162,162,0.46653453622685176,0.5306841046277666,0.44584382871536526,1,0.28458540103870006,0.2202574096490411,0.3070890621728455
777622,2025-06-06,2025,Cleveland Guardians,Houston Astros,2025-06-06T17:00:00+00:00,2025-06-06T23:10:00+00:00,-0.051884958481770826,0.0,162,162,0.47940745109534655,0.5306841046277666,0.4582278481012658,0,0.22983150416573708,0.2816256189045743,0.20997276077551674
777624,2025-06-06,2025,Washington Nationals,Texas Rangers,2025-06-06T17:00:00+00:00,2025-06-06T22:45:00+00:00,-0.03063059740866203,0.0,162,162,0.5013357252841268,0.5306841046277666,0.4707379134860051,1,0.24866605887790783,0.2202574096490411,0.2801183562211475
777625,2025-06-06,2025,Tampa Bay Rays,Miami Marlins,2025-06-06T17:00:00+00:00,2025-06-06T17:10:00+00:00,0.10505235039147648,-1.0,162,162,0.6997823114035491,0.5306841046277666,0.5703517587939698,1,0.09013066054619558,0.2202574096490411,0.18459761117143508
777626,2025-06-06,2025,Detroit Tigers,Chicago Cubs,2025-06-06T17:00:00+00:00,2025-06-06T23:10:00+00:00,-0.030467016580469797,0.0,162,162,0.5015045811393171,0.5306841046277666,0.6365795724465559,1,0.24849768262508773,0.2202574096490411,0.13207440716312807
777627,2025-06-06,2025,New York Yankees,Boston Red Sox,2025-06-06T17:00:00+00:00,2025-06-06T23:05:00+00:00,0.07743879241315738,-1.0,162,162,0.6752976122711579,0.5306841046277666,0.6408450704225352,1,0.1054316405968113,0.2202574096490411,0.12899226343979367
777597,2025-06-07,2025,Milwaukee Brewers,San Diego Padres,2025-06-07T17:00:00+00:00,2025-06-07T23:35:00+00:00,0.006225329144125213,0.0,162,162,0.5392992356287186,0.5306841046277666,0.5204081632653061,1,0.21224519429228292,0.2202574096490411,0.23000832986255726
777598,2025-06-07,2025,San Francisco Giants,Atlanta Braves,2025-06-07T17:00:00+00:00,2025-06-07T20:05:00+00:00,0.029093350628431103,0.0,162,162,0.5626550316502952,0.5306841046277666,0.5785536159600998,1,0.1912706213408043,0.2202574096490411,0.17761705462030705
777600,2025-06-07,2025,Minnesota Twins,Toronto Blue Jays,2025-06-07T17:00:00+00:00,2025-06-07T18:10:00+00:00,-0.010297519351532003,0.0,162,162,0.5223098379115098,0.5306841046277666,0.5114503816793893,0,0.2728075667791476,0.2816256189045743,0.261581492919993
777601,2025-06-07,2025,St. Louis Cardinals,Los Angeles Dodgers,2025-06-07T17:00:00+00:00,2025-06-07T18:15:00+00:00,-0.06953298464512114,0.0,162,162,0.4612563462065178,0.5306841046277666,0.3681710213776722,1,0.2902447245027514,0.2202574096490411,0.39920785822693394
777603,2025-06-07,2025,Los Angeles Angels,Seattle Mariners,2025-06-07T17:00:00+00:00,2025-06-08T01:38:00+00:00,-0.10419793527398874,0.0,162,162,0.42594419822073476,0.5306841046277666,0.4029484029484029,1,0.329540063556435,0.2202574096490411,0.3564706095418626
777604,2025-06-07,2025,Colorado Rockies,New York Mets,2025-06-07T17:00:00+00:00,2025-06-08T01:40:00+00:00,-0.17258301722931646,0.0,162,162,0.35875272519059176,0.5306841046277666,0.29113924050632906,0,0.12870351783167625,0.2816256189045743,0.08476205736260212
777605,2025-06-07,2025,New York Yankees,Boston Red Sox,2025-06-07T17:00:00+00:00,2025-06-07T23:35:00+00:00,0.08415959359169095,0.0,162,162,0.6175859115908874,0.5306841046277666,0.5038363171355499,0,0.38141235819554736,0.2816256189045743,0.2538510344647144
777606,2025-06-07,2025,Chicago White Sox,Kansas City Royals,2025-06-07T17:00:00+00:00,2025-06-07T20:10:00+00:00,-0.12267207975605326,0.0,162,162,0.4074062090976777,0.5306841046277666,0.4483627204030227,1,0.3511674010159852,0.2202574096490411,0.30430368824115367
777607,2025-06-07,2025,Pittsburgh Pirates,Philadelphia Phillies,2025-06-07T17:00:00+00:00,2025-06-07T20:05:00+00:00,-0.06124406080266037,0.0,162,162,0.4697717197881825,0.5306841046277666,0.4335839598997493,1,0.2811420291363816,0.2202574096490411,0.32082713048284883
777608,2025-06-07,2025,Cleveland Guardians,Houston Astros,2025-06-07T17:00:00+00:00,2025-06-07T20:10:00+00:00,-0.05097771532630757,0.0,162,162,0.48034244040231727,0.5306841046277666,0.4885496183206107,0,0.23072886005165372,0.2816256189045743,0.23868072956121442
777609,2025-06-07,2025,Detroit Tigers,Chicago Cubs,2025-06-07T17:00:00+00:00,2025-06-07T17:10:00+00:00,-0.0314736723852419,0.0,162,162,0.5004654594971404,0.5306841046277666,0.47582697201017815,0,0.25046567614968385,0.2816256189045743,0.22641130729237485
777610,2025-06-07,2025,Washington Nationals,Texas Rangers,2025-06-07T17:00:00+00:00,2025-06-07T20:05:00+00:00,-0.02767612192530572,0.0,162,162,0.5043853897430697,0.5306841046277666,0.37320574162679426,0,0.2544046213862683,0.2816256189045743,0.13928252558320553
777611,2025-06-07,2025,Tampa Bay Rays,Miami Marlins,2025-06-07T17:00:00+00:00,2025-06-07T20:10:00+00:00,0.10545304591602278,0.0,162,162,0.6381249911683671,0.5306841046277666,0.5831265508684863,0,0.40720350435362856,0.2816256189045743,0.34003657432777734
777582,2025-06-08,2025,St. Louis Cardinals,Los Angeles Dodgers,2025-06-08T17:00:00+00:00,2025-06-08T18:15:00+00:00,-0.06802397537418647,0.0,162,162,0.462805045490224,0.5306841046277666,0.4582278481012658,0,0.2141885101312083,0.2816256189045743,0.20997276077551674
777583,2025-06-08,2025,Colorado Rockies,New York Mets,2025-06-08T17:00:00+00:00,2025-06-08T19:10:00+00:00,-0.17884251734315865,0.0,162,162,0.352828917258676,0.5306841046277666,0.297644539614561,0,0.12448824485392963,0.2816256189045743,0.08859227196236397
777585,2025-06-08,2025,Minnesota Twins,Toronto Blue Jays,2025-06-08T17:00:00+00:00,2025-06-08T18:10:00+00:00,-0.008522694409300147,0.0,162,162,0.5241379562536951,0.5306841046277666,0.6235011990407675,1,0.22644468467841022,0.2202574096490411,0.14175134712373977
777586,2025-06-08,2025,Milwaukee Brewers,San Diego Padres,2025-06-08T17:00:00+00:00,2025-06-08T17:05:00+00:00,0.004056377054252991,0.0,162,162,0.5370733856439789,0.5306841046277666,0.6125907990314771,0,0.28844782156708604,0.2816256189045743,0.37526748705802354
777587,2025-06-08,2025,San Francisco Giants,Atlanta Braves,2025-06-08T17:00:00+00:00,2025-06-08T20:05:00+00:00,0.031236883004498228,0.0,162,162,0.5648317388282096,0.5306841046277666,0.47959183673469385,1,0.1893714155312796,0.2202574096490411,0.27082465639316955
777589,2025-06-08,2025,Los Angeles Angels,Seattle Mariners,2025-06-08T17:00:00+00:00,2025-06-08T20:07:00+00:00,-0.10224504103541893,0.0,162,162,0.4279170289579724,0.5306841046277666,0.46954314720812185,0,0.18311298367221818,0.2816256189045743,0.220470767090108
777590,2025-06-08,2025,Chicago White Sox,Kansas City Royals,2025-06-08T17:00:00+00:00,2025-06-08T18:10:00+00:00,-0.12046169862391015,0.0,162,162,0.4096114867499557,0.5306841046277666,0.4743589743589744,0,0.16778157007750913,0.2816256189045743,0.2250164365548981
777591,2025-06-08,2025,Cleveland Guardians,Houston Astros,2025-06-08T17:00:00+00:00,2025-06-08T17:40:00+00:00,-0.054136260714186535,0.0,162,162,0.47708793442251846,0.5306841046277666,0.5566750629722922,1,0.2734370283265083,0.2202574096490411,0.1965369997906211
777593,2025-06-08,2025,New York Yankees,Boston Red Sox,2025-06-08T17:00:00+00:00,2025-06-08T23:10:00+00:00,0.0811718813225622,0.0,162,162,0.6146682012439514,0.5306841046277666,0.6651480637813212,0,0.3778169976204747,0.2816256189045743,0.4424219467520405
777594,2025-06-08,2025,Detroit Tigers,Chicago Cubs,2025-06-08T17:00:00+00:00,2025-06-08T17:40:00+00:00,-0.036258453751190745,0.0,162,162,0.49552646184943816,0.5306841046277666,0.5241730279898218,1,0.25449355069414636,0.2202574096490411,0.2264113072923749
777595,2025-06-08,2025,Pittsburgh Pirates,Philadelphia Phillies,2025-06-08T17:00:00+00:00,2025-06-08T17:35:00+00:00,-0.06821378491157543,0.0,162,162,0.4626102034898187,0.5306841046277666,0.530456852791878,1,0.288787793393254,0.2202574096490411,0.2204707670901081
777596,2025-06-08,2025,Washington Nationals,Texas Rangers,2025-06-08T17:00:00+00:00,2025-06-08T17:35:00+00:00,-0.03106795812856128,0.0,162,162,0.5008842595059783,0.5306841046277666,0.4582278481012658,0,0.25088504142085216,0.2816256189045743,0.20997276077551674
777602,2025-06-08,2025,Cincinnati Reds,Arizona Diamondbacks,2025-06-08T17:00:00+00:00,2025-06-08T17:40:00+00:00,-0.041223683963538316,0.0,162,162,0.4904021351146926,0.5306841046277666,0.46954314720812185,1,0.25968998389566406,0.2202574096490411,0.2813844726738643
777574,2025-06-09,2025,Pittsburgh Pirates,Miami Marlins,2025-06-09T17:00:00+00:00,2025-06-09T22:40:00+00:00,0.020521844478211537,0.0,162,162,0.5539275411776738,0.5306841046277666,0.5216284987277354,1,0.19898063851979586,0.2202574096490411,0.22883929322948024
777575,2025-06-09,2025,Milwaukee Brewers,Atlanta Braves,2025-06-09T17:00:00+00:00,2025-06-09T23:40:00+00:00,0.004794801810484306,0.0,162,162,0.537831351821085,0.5306841046277666,0.4239401496259351,0,0.2892625630016957,0.2816256189045743,0.17972525046486026
777577,2025-06-09,2025,Arizona Diamondbacks,Seattle Mariners,2025-06-09T17:00:00+00:00,2025-06-10T01:40:00+00:00,0.006668702003389315,0.0,162,162,0.5397540494959201,0.5306841046277666,0.6116504854368933,1,0.21182633495540396,0.2202574096490411,0.15081534546140066
777578,2025-06-09,2025,Philadelphia Phillies,Chicago Cubs,2025-06-09T17:00:00+00:00,2025-06-09T22:45:00+00:00,-0.07895136642886158,0.0,162,162,0.4516082964828118,0.5306841046277666,0.5355329949238579,1,0.3007334604864836,0.2202574096490411,0.21572959880440104
777579,2025-06-09,2025,San Diego Padres,Los Angeles Dodgers,2025-06-09T17:00:00+00:00,2025-06-10T01:40:00+00:00,-0.03815927134417341,0.0,162,162,0.493564568348109,0.5306841046277666,0.47328244274809167,0,0.2436059831286552,0.2816256189045743,0.22399627061360067
777580,2025-06-09,2025,Cleveland Guardians,Cincinnati Reds,2025-06-09T17:00:00+00:00,2025-06-09T22:40:00+00:00,-0.008684212060197538,0.0,162,162,0.5239716146583718,0.5306841046277666,0.5945945945945945,0,0.2745462529677013,0.2816256189045743,0.3535427319211102
777581,2025-06-09,2025,St. Louis Cardinals,Toronto Blue Jays,2025-06-09T17:00:00+00:00,2025-06-09T23:45:00+00:00,-0.0003718087707015316,0.0,162,162,0.5325245397872805,0.5306841046277666,0.5204081632653061,0,0.28358238547565495,0.2816256189045743,0.27082465639316955
777584,2025-06-09,2025,Boston Red Sox,Tampa Bay Rays,2025-06-09T17:00:00+00:00,2025-06-09T23:10:00+00:00,-0.03544540531773138,0.0,162,162,0.4963656802447787,0.5306841046277666,0.5165394402035622,0,0.24637888852486187,0.2816256189045743,0.26681299328580943
777557,2025-06-10,2025,Minnesota Twins,Texas Rangers,2025-06-10T17:00:00+00:00,2025-06-10T23:40:00+00:00,0.029065672981227753,0.0,162,162,0.5626269096738012,0.5306841046277666,0.5329949238578681,0,0.3165490394890917,0.2816256189045743,0.2840835888582546
777558,2025-06-10,2025,St. Louis Cardinals,Toronto Blue Jays,2025-06-10T17:00:00+00:00,2025-06-10T23:45:00+00:00,-0.005335664317747346,0.0,162,162,0.5274190290760112,0.5306841046277666,0.5178571428571429,0,0.27817083223148237,0.2816256189045743,0.2681760204081633
777559,2025-06-10,2025,Arizona Diamondbacks,Seattle Mariners,2025-06-10T17:00:00+00:00,2025-06-11T01:40:00+00:00,0.015152327578668245,0.0,162,162,0.548442971544674,0.5306841046277666,0.5417721518987342,1,0.20390374994740407,0.2202574096490411,0.20997276077551674
777560,2025-06-10,2025,San Diego Padres,Los Angeles Dodgers,2025-06-10T17:00:00+00:00,2025-06-11T01:40:00+00:00,-0.042607233297720315,0.0,162,162,0.48897456702967534,0.5306841046277666,0.5292620865139949,1,0.2611469931425078,0.2202574096490411,0.22159418319315766
777563,2025-06-10,2025,Colorado Rockies,San Francisco Giants,2025-06-10T17:00:00+00:00,2025-06-11T00:40:00+00:00,-0.17553200820458337,0.0,162,162,0.3559563866275105,0.5306841046277666,0.34722222222222227,0,0.12670494918091374,0.2816256189045743,0.12056327160493831
777565,2025-06-10,2025,Boston Red Sox,Tampa Bay Rays,2025-06-10T17:00:00+00:00,2025-06-10T23:10:00+00:00,-0.034858372676070615,0.0,162,162,0.49697162097762015,0.5306841046277666,0.5139949109414759,1,0.25303755010188306,0.2202574096490411,0.23620094659078397
777566,2025-06-10,2025,Pittsburgh Pirates,Miami Marlins,2025-06-10T17:00:00+00:00,2025-06-10T22:40:00+00:00,0.024448663907680357,0.0,162,162,0.5579302817561036,0.5306841046277666,0.5725,0,0.31128619930044515,0.2816256189045743,0.32775625
777567,2025-06-10,2025,Houston Astros,Chicago White Sox,2025-06-10T17:00:00+00:00,2025-06-11T00:10:00+00:00,0.13685982478121567,0.0,162,162,0.6675033425292222,0.5306841046277666,0.608272506082725,0,0.44556071228768407,0.2816256189045743,0.3699954416561587
777568,2025-06-10,2025,Milwaukee Brewers,Atlanta Braves,2025-06-10T17:00:00+00:00,2025-06-10T23:40:00+00:00,0.002516421021507065,0.0,162,162,0.5354921294144804,0.5306841046277666,0.46700507614213205,1,0.2157675618358938,0.2202574096490411,0.28408358885825447
777569,2025-06-10,2025,Cleveland Guardians,Cincinnati Reds,2025-06-10T17:00:00+00:00,2025-06-10T22:40:00+00:00,-0.012320322727158717,0.0,162,162,0.5202255687576687,0.5306841046277666,0.5102040816326531,0,0.27063464238923984,0.2816256189045743,0.2603082049146189
777570,2025-06-10,2025,New York Mets,Washington Nationals,2025-06-10T17:00:00+00:00,2025-06-10T23:10:00+00:00,0.13609535847627663,0.0,162,162,0.6668024109617818,0.5306841046277666,0.5806451612903225,1,0.11102063334088132,0.2202574096490411,0.17585848074921961
777571,2025-06-10,2025,Philadelphia Phillies,Chicago Cubs,2025-06-10T17:00:00+00:00,2025-06-10T22:45:00+00:00,-0.07509382815454357,0.0,162,162,0.45555592190339433,0.5306841046277666,0.49744897959183665,0,0.20753119798125153,0.2816256189045743,0.24745548729695951
777572,2025-06-10,2025,Kansas City Royals,New York Yankees,2025-06-10T17:00:00+00:00,2025-06-10T23:40:00+00:00,-0.055871351287261395,0.0,162,162,0.4753009394616555,0.5306841046277666,0.3568075117370892,0,0.22591098305313234,0.2816256189045743,0.12731160043201303
777573,2025-06-10,2025,Baltimore Orioles,Detroit Tigers,2025-06-10T17:00:00+00:00,2025-06-10T22:35:00+00:00,-0.10313237225183236,0.0,162,162,0.4270203511850154,0.5306841046277666,0.5417721518987342,0,0.1823463803261739,0.2816256189045743,0.2935170645729851
777543,2025-06-11,2025,San Diego Padres,Los Angeles Dodgers,2025-06-11T17:00:00+00:00,2025-06-11T20:10:00+00:00,-0.03735783977420437,0.0,162,162,0.49439173035359346,0.5306841046277666,0.42999999999999994,0,0.24442318304202026,0.2816256189045743,0.18489999999999995
777545,2025-06-11,2025,St. Louis Cardinals,Toronto Blue Jays,2025-06-11T17:00:00+00:00,2025-06-11T18:15:00+00:00,-0.011531392822281605,0.0,162,162,0.5210385591927121,0.5306841046277666,0.5628140703517588,0,0.2714811801656174,0.2816256189045743,0.3167596777859145
777547,2025-06-11,2025,Colorado Rockies,San Francisco Giants,2025-06-11T17:00:00+00:00,2025-06-12T00:40:00+00:00,-0.1750471736858445,0.0,162,162,0.3564154555858595,0.5306841046277666,0.35597189695550346,0,0.1270319769804758,0.2816256189045743,0.12671599142209958
777548,2025-06-11,2025,Arizona Diamondbacks,Seattle Mariners,2025-06-11T17:00:00+00:00,2025-06-11T19:40:00+00:00,0.019233563733980885,0.0,162,162,0.5526128017711153,0.5306841046277666,0.5089058524173028,1,0.2001553051390914,0.2202574096490411,0.24117346178997598
777549,2025-06-11,2025,Cleveland Guardians,Cincinnati Reds,2025-06-11T17:00:00+00:00,2025-06-11T17:10:00+00:00,-0.016525968432884564,0.0,162,162,0.5158899574433322,0.5306841046277666,0.46700507614213205,1,0.2343625333042187,0.2202574096490411,0.28408358885825447
777550,2025-06-11,2025,Houston Astros,Chicago White Sox,2025-06-11T17:00:00+00:00,2025-06-12T00:10:00+00:00,0.13181768359342,0.0,162,162,0.6628666920346751,0.5306841046277666,0.6058394160583942,1,0.11365886733964262,0.2202574096490411,0.15536256593318767
777551,2025-06-11,2025,Kansas City Royals,New York Yankees,2025-06-11T17:00:00+00:00,2025-06-11T23:40:00+00:00,-0.05804102898257235,0.0,162,162,0.47306725195541643,0.5306841046277666,0.4593908629441624,0,0.22379262487264945,0.2816256189045743,0.21103996495658223
777553,2025-06-11,2025,Philadelphia Phillies,Chicago Cubs,2025-06-11T17:00:00+00:00,2025-06-11T17:05:00+00:00,-0.08379497257164137,0.0,162,162,0.44666024442048546,0.5306841046277666,0.49489795918367346,1,0.3061848851047969,0.2202574096490411,0.25512807163681794
777554,2025-06-11,2025,Milwaukee Brewers,Atlanta Braves,2025-06-11T17:00:00+00:00,2025-06-11T18:10:00+00:00,0.0028782337894093235,0.0,162,162,0.5358637109892619,0.5306841046277666,0.3883495145631068,0,0.2871499167551832,0.2816256189045743,0.15081534546140068
777555,2025-06-11,2025,New York Mets,Washington Nationals,2025-06-11T17:00:00+00:00,2025-06-11T23:10:00+00:00,0.12816984546142424,0.0,162,162,0.6594925055273205,0.5306841046277666,0.7036247334754797,1,0.11594535379206185,0.2202574096490411,0.08783829860748044
777556,2025-06-11,2025,Minnesota Twins,Texas Rangers,2025-06-11T17:00:00+00:00,2025-06-11T23:40:00+00:00,0.016861699202420144,0.0,162,162,0.5501903119739796,0.5306841046277666,0.5785536159600998,1,0.2023287554420658,0.2202574096490411,0.17761705462030705
777561,2025-06-11,2025,Boston Red Sox,Tampa Bay Rays,2025-06-11T17:00:00+00:00,2025-06-11T23:10:00+00:00,-0.03313909106533741,0.0,162,162,0.4987463245704978,0.5306841046277666,0.5204081632653061,1,0.2512552471315848,0.2202574096490411,0.23000832986255726
777562,2025-06-11,2025,Baltimore Orioles,Detroit Tigers,2025-06-11T17:00:00+00:00,2025-06-11T22:35:00+00:00,-0.10408397257141916,0.0,162,162,0.4260592602170653,0.5306841046277666,0.5429292929292929,1,0.3294079727825824,0.2202574096490411,0.20891363126211612
777532,2025-06-12,2025,Milwaukee Brewers,St. Louis Cardinals,2025-06-12T17:00:00+00:00,2025-06-12T23:40:00+00:00,0.030299627967529552,0.0,162,162,0.563880280562462,0.5306841046277666,0.4335839598997493,1,0.1902004096822769,0.2202574096490411,0.32082713048284883
777533,2025-06-12,2025,Minnesota Twins,Texas Rangers,2025-06-12T17:00:00+00:00,2025-06-12T17:10:00+00:00,0.017822172767639866,0.0,162,162,0.5511715793869755,0.5306841046277666,0.5796019900497512,0,0.303790109923933,0.2816256189045743,0.3359384668696319
777534,2025-06-12,2025,Colorado Rockies,San Francisco Giants,2025-06-12T17:00:00+00:00,2025-06-12T19:10:00+00:00,-0.17818663447357602,0.0,162,162,0.3534475453643618,0.5306841046277666,0.3480278422273782,1,0.41803007659536906,0.2202574096490411,0.42506769451068854
777536,2025-06-12,2025,Kansas City Royals,New York Yankees,2025-06-12T17:00:00+00:00,2025-06-12T23:40:00+00:00,-0.054896829220390186,0.0,162,162,0.4763045389618866,0.5306841046277666,0.4133663366336633,0,0.22686601383569538,0.2816256189045743,0.17087172826193503
777540,2025-06-12,2025,Baltimore Orioles,Detroit Tigers,2025-06-12T17:00:00+00:00,2025-06-12T22:35:00+00:00,-0.09409763509363145,0.0,162,162,0.4361716763167086,0.5306841046277666,0.351981351981352,0,0.19024573122092764,0.2816256189045743,0.1238908721426204
777541,2025-06-12,2025,Chicago Cubs,Pittsburgh Pirates,2025-06-12T17:00:00+00:00,2025-06-13T00:05:00+00:00,0.14688273274558122,0.0,162,162,0.6766238700224941,0.5306841046277666,0.6408450704225352,1,0.10457212143922877,0.2202574096490411,0.12899226343979367
777544,2025-06-12,2025,New York Mets,Washington Nationals,2025-06-12T17:00:00+00:00,2025-06-12T17:10:00+00:00,0.1329548559631512,0.0,162,162,0.663915192414984,0.5306841046277666,0.6431924882629109,1,0.11295299788945724,0.2202574096490411,0.127311600432013
777546,2025-06-12,2025,Houston Astros,Chicago White Sox,2025-06-12T17:00:00+00:00,2025-06-13T00:10:00+00:00,0.13595183975129183,0.0,162,162,0.6666707376624309,0.5306841046277666,0.6892778993435448,1,0.11110839713050796,0.2202574096490411,0.09654822383636029
777520,2025-06-13,2025,Seattle Mariners,Cleveland Guardians,2025-06-13T17:00:00+00:00,2025-06-14T02:10:00+00:00,0.03153131966189138,0.0,162,162,0.5651305391924684,0.5306841046277666,0.5114503816793893,1,0.1891114479430333,0.2202574096490411,0.23868072956121442
777521,2025-06-13,2025,Arizona Diamondbacks,San Diego Padres,2025-06-13T17:00:00+00:00,2025-06-14T01:40:00+00:00,0.003483820706232099,0.0,162,162,0.536485559226406,0.5306841046277666,0.5541561712846348,1,0.21484563680565763,0.2202574096490411,0.1987767196035759
777522,2025-06-13,2025,Los Angeles Dodgers,San Francisco Giants,2025-06-13T17:00:00+00:00,2025-06-14T02:10:00+00:00,0.013317255677105955,1.0,162,162,0.47654820406510195,0.5306841046277666,0.6276849642004773,0,0.22709819079767404,0.2816256189045743,0.3939884142833544
777524,2025-06-13,2025,Texas Rangers,Chicago White Sox,2025-06-13T17:00:00+00:00,2025-06-14T00:05:00+00:00,0.08402769449817676,0.0,162,162,0.6174572798646883,0.5306841046277666,0.6267942583732058,1,0.14633893272852339,0.2202574096490411,0.13928252558320547
777525,2025-06-13,2025,Milwaukee Brewers,St. Louis Cardinals,2025-06-13T17:00:00+00:00,2025-06-14T00:10:00+00:00,0.03697602286835927,0.0,162,162,0.5706471890193909,0.5306841046277666,0.5831265508684863,1,0.18434383629695061,0.2202574096490411,0.17378347259080473
777526,2025-06-13,2025,Chicago Cubs,Pittsburgh Pirates,2025-06-13T17:00:00+00:00,2025-06-13T18:20:00+00:00,0.14231952906071882,0.0,162,162,0.6724876165455268,0.5306841046277666,0.5114503816793893,0,0.4522395944070835,0.2816256189045743,0.261581492919993
777527,2025-06-13,2025,Houston Astros,Minnesota Twins,2025-06-13T17:00:00+00:00,2025-06-14T00:10:00+00:00,0.04448559010482206,0.0,162,162,0.5782270125457519,0.5306841046277666,0.5025510204081632,1,0.1778924529460813,0.2202574096490411,0.24745548729695963
777528,2025-06-13,2025,New York Mets,Tampa Bay Rays,2025-06-13T17:00:00+00:00,2025-06-13T23:10:00+00:00,0.04586538306013388,-1.0,162,162,0.6460856530876617,0.5306841046277666,0.6244019138755981,0,0.4174266711257104,0.2816256189045743,0.38987775005150976
777530,2025-06-13,2025,Washington Nationals,Miami Marlins,2025-06-13T17:00:00+00:00,2025-06-13T22:45:00+00:00,0.02233983712624593,-1.0,162,162,0.6235725199449113,0.5306841046277666,0.5216284987277354,0,0.3888426876304467,0.2816256189045743,0.27209629068495106
777531,2025-06-13,2025,Philadelphia Phillies,Toronto Blue Jays,2025-06-13T17:00:00+00:00,2025-06-13T22:45:00+00:00,0.0008282891514029833,0.0,162,162,0.5337579043664441,0.5306841046277666,0.5241730279898218,1,0.21738169174076988,0.2202574096490411,0.2264113072923749
777535,2025-06-13,2025,Atlanta Braves,Colorado Rockies,2025-06-13T17:00:00+00:00,2025-06-13T23:15:00+00:00,0.14590695616583066,1.0,162,162,0.6114923908154829,0.5306841046277666,0.734,1,0.15093816239426947,0.2202574096490411,0.07075600000000001
777537,2025-06-13,2025,Boston Red Sox,New York Yankees,2025-06-13T17:00:00+00:00,2025-06-13T23:10:00+00:00,-0.07510142917027746,1.0,162,162,0.3872328591649803,0.5306841046277666,0.568922305764411,1,0.37548356888712486,0.2202574096490411,0.18582797846747193
777538,2025-06-13,2025,Detroit Tigers,Cincinnati Reds,2025-06-13T17:00:00+00:00,2025-06-13T23:10:00+00:00,0.06099228117138189,-1.0,162,162,0.6602338396625264,0.5306841046277666,0.5468354430379747,1,0.11544104371046984,0.2202574096490411,0.20535811568658865
777539,2025-06-13,2025,Baltimore Orioles,Los Angeles Angels,2025-06-13T17:00:00+00:00,2025-06-13T23:08:00+00:00,0.03118749481171995,-1.0,162,162,0.6321082286560574,0.5306841046277666,0.6267942583732058,1,0.13534435542258372,0.2202574096490411,0.13928252558320547
777506,2025-06-14,2025,Los Angeles Dodgers,San Francisco Giants,2025-06-14T17:00:00+00:00,2025-06-15T02:10:00+00:00,0.003902873533705997,0.0,162,162,0.5369157982283099,0.5306841046277666,0.6125907990314771,1,0.21444697793052336,0.2202574096490411,0.1500858889950694
777507,2025-06-14,2025,Seattle Mariners,Cleveland Guardians,2025-06-14T17:00:00+00:00,2025-06-15T01:40:00+00:00,0.03972795950910796,0.0,162,162,0.573428915888648,0.5306841046277666,0.5555555555555556,1,0.18196288979993416,0.2202574096490411,0.19753086419753085
777508,2025-06-14,2025,Texas Rangers,Chicago White Sox,2025-06-14T17:00:00+00:00,2025-06-14T20:05:00+00:00,0.08324902375494436,0.0,162,162,0.6166975632919853,0.5306841046277666,0.7133891213389122,1,0.14692075798630158,0.2202574096490411,0.0821457957668808
777509,2025-06-14,2025,Philadelphia Phillies,Toronto Blue Jays,2025-06-14T17:00:00+00:00,2025-06-14T20:05:00+00:00,0.006030540990242139,0.0,162,162,0.5390994003299642,0.5306841046277666,0.5925925925925927,1,0.21242936277619862,0.2202574096490411,0.16598079561042517
777510,2025-06-14,2025,Houston Astros,Minnesota Twins,2025-06-14T17:00:00+00:00,2025-06-14T20:10:00+00:00,0.050827613332411314,0.0,162,162,0.5845999357974627,0.5306841046277666,0.5089058524173028,1,0.1725572133394721,0.2202574096490411,0.24117346178997598
777512,2025-06-14,2025,Milwaukee Brewers,St. Louis Cardinals,2025-06-14T17:00:00+00:00,2025-06-14T20:10:00+00:00,0.04153815150163703,0.0,162,162,0.5752561851665798,0.5306841046277666,0.5329949238578681,0,0.3309196785724064,0.2816256189045743,0.2840835888582546
777513,2025-06-14,2025,Chicago Cubs,Pittsburgh Pirates,2025-06-14T17:00:00+00:00,2025-06-14T18:20:00+00:00,0.14025308656137386,0.0,162,162,0.6706056168008627,0.5306841046277666,0.6741573033707866,1,0.10850065968314009,0.2202574096490411,0.10617346294659759
777514,2025-06-14,2025,Washington Nationals,Miami Marlins,2025-06-14T17:00:00+00:00,2025-06-14T17:05:00+00:00,0.019907583841400678,0.0,162,162,0.5533007578324693,0.5306841046277666,0.5367088607594936,0,0.3061417286179849,0.2816256189045743,0.28805640121775355
777515,2025-06-14,2025,Arizona Diamondbacks,San Diego Padres,2025-06-14T17:00:00+00:00,2025-06-14T23:15:00+00:00,0.011158871351114263,0.0,162,162,0.5443562276008783,0.5306841046277666,0.6014669926650367,1,0.20761124732610262,0.2202574096490411,0.15882855793544995
777516,2025-06-14,2025,Boston Red Sox,New York Yankees,2025-06-14T17:00:00+00:00,2025-06-14T23:15:00+00:00,-0.06871614273135962,0.0,162,162,0.4620945818029663,0.5306841046277666,0.383132530120482,1,0.28934223892572575,0.2202574096490411,0.3805254753955581
777517,2025-06-14,2025,Detroit Tigers,Cincinnati Reds,2025-06-14T17:00:00+00:00,2025-06-14T17:10:00+00:00,0.06780499859411959,0.0,162,162,0.6015159735498359,0.5306841046277666,0.6235011990407675,0,0.36182146643560686,0.2816256189045743,0.3887537452052748
777518,2025-06-14,2025,New York Mets,Tampa Bay Rays,2025-06-14T17:00:00+00:00,2025-06-14T20:10:00+00:00,0.04300269662196965,0.0,162,162,0.576733045475651,0.5306841046277666,0.5541561712846348,0,0.3326210057436193,0.2816256189045743,0.3070890621728455
777519,2025-06-14,2025,Baltimore Orioles,Los Angeles Angels,2025-06-14T17:00:00+00:00,2025-06-14T20:05:00+00:00,0.025477639539394137,0.0,162,162,0.5589779299773675,0.5306841046277666,0.5841584158415841,1,0.19450046624704775,0.2202574096490411,0.1729242231153809
777523,2025-06-14,2025,Atlanta Braves,Colorado Rockies,2025-06-14T17:00:00+00:00,2025-06-14T20:10:00+00:00,0.15272828737503297,0.0,162,162,0.6818823440490086,0.5306841046277666,0.746615087040619,1,0.10119884302775334,0.2202574096490411,0.06420391411543311
777491,2025-06-15,2025,Arizona Diamondbacks,San Diego Padres,2025-06-15T17:00:00+00:00,2025-06-15T20:10:00+00:00,0.015813122000571056,0.0,162,162,0.5491185876647467,0.5306841046277666,0.5516372795969774,0,0.3015312233189262,0.2816256189045743,0.30430368824115384
777492,2025-06-15,2025,Milwaukee Brewers,St. Louis Cardinals,2025-06-15T17:00:00+00:00,2025-06-15T18:10:00+00:00,0.038824733823929036,0.0,162,162,0.5725164157360801,0.5306841046277666,0.5603015075376885,1,0.18274221481512787,0.2202574096490411,0.19333476427362942
777493,2025-06-15,2025,Texas Rangers,Chicago White Sox,2025-06-15T17:00:00+00:00,2025-06-15T18:35:00+00:00,0.08217243521268724,0.0,162,162,0.6156462420954056,0.5306841046277666,0.5831265508684863,1,0.14772781121538353,0.2202574096490411,0.17378347259080473
777494,2025-06-15,2025,Houston Astros,Minnesota Twins,2025-06-15T17:00:00+00:00,2025-06-15T18:10:00+00:00,0.054267018493113606,0.0,162,162,0.5880444432472439,0.5306841046277666,0.5216284987277354,1,0.16970738073947322,0.2202574096490411,0.22883929322948024
777495,2025-06-15,2025,Seattle Mariners,Cleveland Guardians,2025-06-15T17:00:00+00:00,2025-06-15T20:10:00+00:00,0.04381600309969591,0.0,162,162,0.577552600936799,0.5306841046277666,0.530456852791878,1,0.17846180497526334,0.2202574096490411,0.2204707670901081
777497,2025-06-15,2025,Chicago Cubs,Pittsburgh Pirates,2025-06-15T17:00:00+00:00,2025-06-15T18:20:00+00:00,0.13749190163025693,0.0,162,162,0.6680823281422974,0.5306841046277666,0.5639097744360902,1,0.11016934089143754,0.2202574096490411,0.19017468483238167
777498,2025-06-15,2025,Los Angeles Dodgers,San Francisco Giants,2025-06-15T17:00:00+00:00,2025-06-15T23:10:00+00:00,0.008225959542387584,0.0,162,162,0.5413509617514466,0.5306841046277666,0.6276849642004773,1,0.21035894028632302,0.2202574096490411,0.1386184858823999
777499,2025-06-15,2025,Philadelphia Phillies,Toronto Blue Jays,2025-06-15T17:00:00+00:00,2025-06-15T17:35:00+00:00,0.00555257723932201,0.0,162,162,0.538608998958859,0.5306841046277666,0.608272506082725,1,0.21288165584174612,0.2202574096490411,0.15345042949070872
777500,2025-06-15,2025,Boston Red Sox,New York Yankees,2025-06-15T17:00:00+00:00,2025-06-15T17:35:00+00:00,-0.07019091491552332,0.0,162,162,0.4605813433102158,0.5306841046277666,0.37980769230769235,1,0.29097248718501134,0.2202574096490411,0.3846384985207101
777501,2025-06-15,2025,Baltimore Orioles,Los Angeles Angels,2025-06-15T17:00:00+00:00,2025-06-15T17:35:00+00:00,0.021963524191225103,0.0,162,162,0.5553979351103878,0.5306841046277666,0.5051020408163266,1,0.19767099610410693,0.2202574096490411,0.24492399000416487
777502,2025-06-15,2025,New York Mets,Tampa Bay Rays,2025-06-15T17:00:00+00:00,2025-06-15T17:40:00+00:00,0.03867763286478343,0.0,162,162,0.5723677574138324,0.5306841046277666,0.5841584158415841,0,0.3276048497269397,0.2816256189045743,0.3412410547985491
777503,2025-06-15,2025,Washington Nationals,Miami Marlins,2025-06-15T17:00:00+00:00,2025-06-15T17:35:00+00:00,0.016475132911147328,0.0,162,162,0.5497952659941446,0.5306841046277666,0.5911330049261084,0,0.30227483450957227,0.2816256189045743,0.34943822951297054
777504,2025-06-15,2025,Atlanta Braves,Colorado Rockies,2025-06-15T17:00:00+00:00,2025-06-15T17:35:00+00:00,0.15500468652499938,0.0,162,162,0.6839177350094285,0.5306841046277666,0.746615087040619,0,0.4677434682604269,0.2816256189045743,0.5574340881966711
777483,2025-06-16,2025,Miami Marlins,Philadelphia Phillies,2025-06-16T17:00:00+00:00,2025-06-16T22:40:00+00:00,-0.09585196610233071,0.0,162,162,0.43439110053682894,0.5306841046277666,0.48600508905852424,0,0.18869562822559743,0.2816256189045743,0.23620094659078408
777484,2025-06-16,2025,Tampa Bay Rays,Baltimore Orioles,2025-06-16T17:00:00+00:00,2025-06-16T23:35:00+00:00,0.0756083581500393,0.0,162,162,0.6092131469765748,0.5306841046277666,0.5,1,0.15271436449595213,0.2202574096490411,0.25
777486,2025-06-16,2025,Seattle Mariners,Boston Red Sox,2025-06-16T17:00:00+00:00,2025-06-17T01:40:00+00:00,0.019793358300026598,0.0,162,162,0.5531841848691156,0.5306841046277666,0.6135265700483092,0,0.30601274238930787,0.2816256189045743,0.3764148521552429
777487,2025-06-16,2025,New York Yankees,Los Angeles Angels,2025-06-16T17:00:00+00:00,2025-06-16T23:05:00+00:00,0.13986401333126192,0.0,162,162,0.670250655587345,0.5306841046277666,0.6294536817102138,0,0.44923594131526573,0.2816256189045743,0.3962119374185431
777488,2025-06-16,2025,Washington Nationals,Colorado Rockies,2025-06-16T17:00:00+00:00,2025-06-16T22:45:00+00:00,0.05734115585816657,0.0,162,162,0.5911158695643847,0.5306841046277666,0.6116504854368933,0,0.3494179712508586,0.2816256189045743,0.37411631633518716
777490,2025-06-16,2025,Los Angeles Dodgers,San Diego Padres,2025-06-16T17:00:00+00:00,2025-06-17T02:10:00+00:00,0.04391644848392007,0.0,162,162,0.5776537885647552,0.5306841046277666,0.5866336633663367,1,0.17837632231370446,0.2202574096490411,0.17087172826193503
777467,2025-06-17,2025,Chicago White Sox,St. Louis Cardinals,2025-06-17T17:00:00+00:00,2025-06-17T23:40:00+00:00,-0.09180687617365613,0.0,162,162,0.43849917793102905,0.5306841046277666,0.42999999999999994,0,0.19228152904618828,0.2816256189045743,0.18489999999999995
777468,2025-06-17,2025,Texas Rangers,Kansas City Royals,2025-06-17T17:00:00+00:00,2025-06-18T00:05:00+00:00,-0.020537247192418784,0.0,162,162,0.5117524802506175,0.5306841046277666,0.5577889447236182,0,0.26189060104265866,0.2816256189045743,0.31112850685588755
777471,2025-06-17,2025,Los Angeles Dodgers,San Diego Padres,2025-06-17T17:00:00+00:00,2025-06-18T02:10:00+00:00,0.05027860776659476,0.0,162,162,0.584049340623669,0.5306841046277666,0.6605504587155964,1,0.17301495103560455,0.2202574096490411,0.11522599107819205
777472,2025-06-17,2025,San Francisco Giants,Cleveland Guardians,2025-06-17T17:00:00+00:00,2025-06-18T01:45:00+00:00,0.0867882407051998,0.0,162,162,0.6201459860735454,0.5306841046277666,0.5806451612903225,0,0.38458104404313,0.2816256189045743,0.33714880332986463
777473,2025-06-17,2025,Seattle Mariners,Boston Red Sox,2025-06-17T17:00:00+00:00,2025-06-18T01:40:00+00:00,0.0147489062346845,0.0,162,162,0.5480304134428052,0.5306841046277666,0.6125907990314771,1,0.2042765071726816,0.2202574096490411,0.1500858889950694
777475,2025-06-17,2025,Detroit Tigers,Pittsburgh Pirates,2025-06-17T17:00:00+00:00,2025-06-17T22:40:00+00:00,0.11325688359516678,0.0,162,162,0.6455321859143546,0.5306841046277666,0.6448598130841121,1,0.1256474312226557,0.2202574096490411,0.1261245523626518
777476,2025-06-17,2025,New York Yankees,Los Angeles Angels,2025-06-17T17:00:00+00:00,2025-06-17T23:05:00+00:00,0.13975515355636153,0.0,162,162,0.6701513053132429,0.5306841046277666,0.6850220264317181,0,0.4491027720130432,0.2816256189045743,0.4692551766966174
777477,2025-06-17,2025,Tampa Bay Rays,Baltimore Orioles,2025-06-17T17:00:00+00:00,2025-06-17T23:35:00+00:00,0.08220891776817918,0.0,162,162,0.6156818861640103,0.5306841046277666,0.5165394402035622,0,0.37906418495047334,0.2816256189045743,0.26681299328580943
777478,2025-06-17,2025,Cincinnati Reds,Minnesota Twins,2025-06-17T17:00:00+00:00,2025-06-17T23:10:00+00:00,0.007462411299923477,0.0,162,162,0.5405680742412866,0.5306841046277666,0.5165394402035622,1,0.21107769440635993,0.2202574096490411,0.23373411287868498
777479,2025-06-17,2025,Toronto Blue Jays,Arizona Diamondbacks,2025-06-17T17:00:00+00:00,2025-06-17T23:07:00+00:00,-0.028793078366535108,0.0,162,162,0.503232472669748,0.5306841046277666,0.5241730279898218,1,0.24677797620981265,0.2202574096490411,0.2264113072923749
777480,2025-06-17,2025,Washington Nationals,Colorado Rockies,2025-06-17T17:00:00+00:00,2025-06-17T22:45:00+00:00,0.051864189716122056,0.0,162,162,0.5856389367965171,0.5306841046277666,0.64,0,0.34297296429215496,0.2816256189045743,0.4096
777481,2025-06-17,2025,Miami Marlins,Philadelphia Phillies,2025-06-17T17:00:00+00:00,2025-06-17T22:10:00+00:00,-0.09366087651183558,0.0,162,162,0.4366152266325479,0.5306841046277666,0.37649880095923266,1,0.3174024028622953,0.2202574096490411,0.3887537452052745
777482,2025-06-17,2025,Chicago Cubs,Milwaukee Brewers,2025-06-17T17:00:00+00:00,2025-06-18T00:05:00+00:00,0.04706703901667697,0.0,162,162,0.5808243107607712,0.5306841046277666,0.5901234567901236,1,0.17570825844918248,0.2202574096490411,0.1679987806736777
777489,2025-06-17,2025,Atlanta Braves,New York Mets,2025-06-17T17:00:00+00:00,2025-06-17T23:15:00+00:00,-0.032139485132537726,0.0,162,162,0.4997781707374128,0.5306841046277666,0.5541561712846348,1,0.2502218784708089,0.2202574096490411,0.1987767196035759
777453,2025-06-18,2025,Seattle Mariners,Boston Red Sox,2025-06-18T17:00:00+00:00,2025-06-18T20:10:00+00:00,0.02539020415414811,0.0,162,162,0.5588889282007422,0.5306841046277666,0.47715736040609136,0,0.3123568340653744,0.2816256189045743,0.22767914658970856
777454,2025-06-18,2025,San Francisco Giants,Cleveland Guardians,2025-06-18T17:00:00+00:00,2025-06-19T01:45:00+00:00,0.0845472857115292,0.0,162,162,0.6179639044769094,0.5306841046277666,0.5541561712846348,0,0.3818793872363468,0.2816256189045743,0.3070890621728455
777457,2025-06-18,2025,Los Angeles Dodgers,San Diego Padres,2025-06-18T17:00:00+00:00,2025-06-19T02:10:00+00:00,0.053042981350598484,0.0,162,162,0.5868195599707995,0.5306841046277666,0.6448598130841121,1,0.17071807602272376,0.2202574096490411,0.1261245523626518
777460,2025-06-18,2025,Texas Rangers,Kansas City Royals,2025-06-18T17:00:00+00:00,2025-06-19T00:05:00+00:00,-0.022342930665086913,0.0,162,162,0.5098894286227444,0.5306841046277666,0.4582278481012658,0,0.2599872294212288,0.2816256189045743,0.20997276077551674
777461,2025-06-18,2025,Washington Nationals,Colorado Rockies,2025-06-18T17:00:00+00:00,2025-06-18T22:45:00+00:00,0.048774959486299174,0.0,162,162,0.5825402680412499,0.5306841046277666,0.5876543209876544,0,0.3393531638895713,0.2816256189045743,0.3453376009754611
777462,2025-06-18,2025,Toronto Blue Jays,Arizona Diamondbacks,2025-06-18T17:00:00+00:00,2025-06-18T23:07:00+00:00,-0.02637611467490497,0.0,162,162,0.5057271914140513,0.5306841046277666,0.49744897959183665,1,0.24430560930744186,0.2202574096490411,0.25255752811328624
777463,2025-06-18,2025,Tampa Bay Rays,Baltimore Orioles,2025-06-18T17:00:00+00:00,2025-06-18T23:35:00+00:00,0.07356296740325513,0.0,162,162,0.6072006701201156,0.5306841046277666,0.5165394402035622,1,0.15429131355408626,0.2202574096490411,0.23373411287868498
777465,2025-06-18,2025,Miami Marlins,Philadelphia Phillies,2025-06-18T17:00:00+00:00,2025-06-18T22:40:00+00:00,-0.09010386416356975,0.0,162,162,0.4402312668251916,0.5306841046277666,0.39268292682926825,0,0.19380356829051304,0.2816256189045743,0.15419988102320045
777466,2025-06-18,2025,New York Yankees,Los Angeles Angels,2025-06-18T17:00:00+00:00,2025-06-18T23:05:00+00:00,0.13686700457051298,0.0,162,162,0.667509922098929,0.5306841046277666,0.6613272311212814,0,0.44556949610051827,0.2816256189045743,0.4373537066225408
777470,2025-06-18,2025,Atlanta Braves,New York Mets,2025-06-18T17:00:00+00:00,2025-06-18T23:15:00+00:00,-0.026986090938847185,0.0,162,162,0.5050976138890917,0.5306841046277666,0.6276849642004773,1,0.24492837177827056,0.2202574096490411,0.1386184858823999
777474,2025-06-18,2025,Cincinnati Reds,Minnesota Twins,2025-06-18T17:00:00+00:00,2025-06-18T23:10:00+00:00,0.006515246159935428,0.0,162,162,0.5395966412562513,0.5306841046277666,0.5468354430379747,1,0.21197125274252498,0.2202574096490411,0.20535811568658865
777440,2025-06-19,2025,San Francisco Giants,Cleveland Guardians,2025-06-19T17:00:00+00:00,2025-06-19T20:05:00+00:00,0.0837262301231339,0.0,162,162,0.6171632215116761,0.5306841046277666,0.6159420289855072,1,0.14656399896331795,0.2202574096490411,0.147500525099769
777442,2025-06-19,2025,Los Angeles Dodgers,San Diego Padres,2025-06-19T17:00:00+00:00,2025-06-20T02:10:00+00:00,0.05293933236763293,0.0,162,162,0.586715789752178,0.5306841046277666,0.6934782608695652,0,0.3442354179445219,0.2816256189045743,0.48091209829867676
777443,2025-06-19,2025,Texas Rangers,Kansas City Royals,2025-06-19T17:00:00+00:00,2025-06-19T18:35:00+00:00,-0.025195070088186333,0.0,162,162,0.5069461348383593,0.5306841046277666,0.5367088607594936,0,0.25699438362755195,0.2816256189045743,0.28805640121775355
777444,2025-06-19,2025,Miami Marlins,Philadelphia Phillies,2025-06-19T17:00:00+00:00,2025-06-19T22:40:00+00:00,-0.09705455233122184,0.0,162,162,0.43317149820303746,0.5306841046277666,0.43500000000000005,0,0.18763754685546408,0.2816256189045743,0.18922500000000006
777445,2025-06-19,2025,Washington Nationals,Colorado Rockies,2025-06-19T17:00:00+00:00,2025-06-19T17:05:00+00:00,0.048629638039133005,0.0,162,162,0.5823943399260237,0.5306841046277666,0.5980392156862746,1,0.1743944873258214,0.2202574096490411,0.16157247212610526
777446,2025-06-19,2025,Tampa Bay Rays,Baltimore Orioles,2025-06-19T17:00:00+00:00,2025-06-19T23:35:00+00:00,0.07634019068271747,0.0,162,162,0.6099323053041926,0.5306841046277666,0.5541561712846348,0,0.37201741705368685,0.2816256189045743,0.3070890621728455
777447,2025-06-19,2025,Chicago White Sox,St. Louis Cardinals,2025-06-19T17:00:00+00:00,2025-06-19T18:10:00+00:00,-0.09953927223169706,0.0,162,162,0.4306541995426769,0.5306841046277666,0.43969849246231163,0,0.1854630395837438,0.2816256189045743,0.19333476427362953
777448,2025-06-19,2025,Toronto Blue Jays,Arizona Diamondbacks,2025-06-19T17:00:00+00:00,2025-06-19T19:07:00+00:00,-0.02146916658036735,0.0,162,162,0.510790990465658,0.5306841046277666,0.5876543209876544,0,0.26090743594088794,0.2816256189045743,0.3453376009754611
777449,2025-06-19,2025,New York Yankees,Los Angeles Angels,2025-06-19T17:00:00+00:00,2025-06-19T17:05:00+00:00,0.13913556863625065,0.0,162,162,0.6695855553322329,0.5306841046277666,0.7082452431289641,1,0.10917370524510896,0.2202574096490411,0.08512083815687728
777450,2025-06-19,2025,Chicago Cubs,Milwaukee Brewers,2025-06-19T17:00:00+00:00,2025-06-19T18:20:00+00:00,0.05067811923145715,0.0,162,162,0.5844500297113444,0.5306841046277666,0.5329949238578681,0,0.34158183722959135,0.2816256189045743,0.2840835888582546
777451,2025-06-19,2025,Detroit Tigers,Pittsburgh Pirates,2025-06-19T17:00:00+00:00,2025-06-19T17:10:00+00:00,0.11833790087136498,0.0,162,162,0.6503179660993208,0.5306841046277666,0.7519083969465647,1,0.12227752483291576,0.2202574096490411,0.06154944350562328
777455,2025-06-19,2025,Atlanta Braves,New York Mets,2025-06-19T17:00:00+00:00,2025-06-19T23:15:00+00:00,-0.021342597552877707,0.0,162,162,0.5109215804531397,0.5306841046277666,0.5541561712846348,1,0.23919770046645467,0.2202574096490411,0.1987767196035759
777458,2025-06-19,2025,Chicago White Sox,St. Louis Cardinals,2025-06-19T17:00:00+00:00,2025-06-19T18:15:00+00:00,-0.09953927223169706,0.0,162,162,0.4306541995426769,0.5306841046277666,0.3995098039215686,0,0.1854630395837438,0.2816256189045743,0.15960808342945018
777464,2025-06-19,2025,Detroit Tigers,Pittsburgh Pirates,2025-06-19T17:00:00+00:00,2025-06-19T22:10:00+00:00,0.11833790087136498,0.0,162,162,0.6503179660993208,0.5306841046277666,0.4494949494949495,0,0.42291345703155736,0.2816256189045743,0.2020457096214672
777425,2025-06-20,2025,San Francisco Giants,Boston Red Sox,2025-06-20T17:00:00+00:00,2025-06-21T02:15:00+00:00,0.057103675897202666,-1.0,162,162,0.6566228321225163,0.5306841046277666,0.5406091370558376,0,0.4311535436645942,0.2816256189045743,0.2922582390682574
777426,2025-06-20,2025,San Diego Padres,Kansas City Royals,2025-06-20T17:00:00+00:00,2025-06-21T01:40:00+00:00,0.013486970245430774,0.0,162,162,0.5467394731998708,0.5306841046277666,0.5876543209876544,0,0.2989240515548723,0.2816256189045743,0.3453376009754611
777427,2025-06-20,2025,Los Angeles Dodgers,Washington Nationals,2025-06-20T17:00:00+00:00,2025-06-21T02:10:00+00:00,0.1319826282122945,0.0,162,162,0.6630188746505111,0.5306841046277666,0.6367924528301887,1,0.11355627884180794,0.2202574096490411,0.1319197223211107
777428,2025-06-20,2025,Los Angeles Angels,Houston Astros,2025-06-20T17:00:00+00:00,2025-06-21T01:38:00+00:00,-0.12210928796542236,0.0,162,162,0.40796735135633727,0.5306841046277666,0.4088669950738916,0,0.16643735977270516,0.2816256189045743,0.1671722196607537
777430,2025-06-20,2025,Colorado Rockies,Arizona Diamondbacks,2025-06-20T17:00:00+00:00,2025-06-21T00:40:00+00:00,-0.14203689596990166,0.0,162,162,0.38825429202982104,0.5306841046277666,0.37740384615384615,0,0.15074139527957756,0.2816256189045743,0.14243366309171596
777431,2025-06-20,2025,Tampa Bay Rays,Detroit Tigers,2025-06-20T17:00:00+00:00,2025-06-20T23:05:00+00:00,-0.025658093948429883,0.0,162,162,0.5064682619285359,0.5306841046277666,0.5127551020408163,1,0.24357357648384026,0.2202574096490411,0.23740759058725533
777432,2025-06-20,2025,Pittsburgh Pirates,Texas Rangers,2025-06-20T17:00:00+00:00,2025-06-20T22:40:00+00:00,-0.040184721230307474,0.0,162,162,0.49147425748811185,0.5306841046277666,0.3723150357995227,0,0.24154694577349087,0.2816256189045743,0.13861848588239986
777433,2025-06-20,2025,St. Louis Cardinals,Cincinnati Reds,2025-06-20T17:00:00+00:00,2025-06-20T23:15:00+00:00,0.008441613894618172,0.0,162,162,0.5415720414322355,0.5306841046277666,0.57356608478803,1,0.21015619319660803,0.2202574096490411,0.18184588404300966
777434,2025-06-20,2025,Minnesota Twins,Milwaukee Brewers,2025-06-20T17:00:00+00:00,2025-06-21T00:10:00+00:00,-0.047402861945825936,0.0,162,162,0.4840279013199746,0.5306841046277666,0.5901234567901236,0,0.23428300925621906,0.2816256189045743,0.3482456942539248
777435,2025-06-20,2025,Toronto Blue Jays,Chicago White Sox,2025-06-20T17:00:00+00:00,2025-06-20T23:07:00+00:00,0.11062557136737827,0.0,162,162,0.643042197816795,0.5306841046277666,0.6276849642004773,0,0.41350326817305405,0.2816256189045743,0.3939884142833544
777436,2025-06-20,2025,Chicago Cubs,Seattle Mariners,2025-06-20T17:00:00+00:00,2025-06-20T18:20:00+00:00,0.05803050781462571,-1.0,162,162,0.6574851647863967,0.5306841046277666,0.568922305764411,0,0.43228674191419525,0.2816256189045743,0.323672589996294
777437,2025-06-20,2025,Philadelphia Phillies,New York Mets,2025-06-20T17:00:00+00:00,2025-06-20T23:15:00+00:00,-0.03716314897785167,0.0,162,162,0.4945926766210018,0.5306841046277666,0.6440281030444964,1,0.25543656252512326,0.2202574096490411,0.12671599142209966
777438,2025-06-20,2025,New York Yankees,Baltimore Orioles,2025-06-20T17:00:00+00:00,2025-06-20T23:05:00+00:00,0.10932104921283214,0.0,162,162,0.6418048587453933,0.5306841046277666,0.71900826446281,0,0.4119134767091942,0.2816256189045743,0.5169728843658221
777439,2025-06-20,2025,Miami Marlins,Atlanta Braves,2025-06-20T17:00:00+00:00,2025-06-20T23:10:00+00:00,-0.12069054688827852,0.0,162,162,0.4093829964611676,0.5306841046277666,0.428927680798005,1,0.3488284448691892,0.2202574096490411,0.32612359375874533
777410,2025-06-21,2025,Colorado Rockies,Arizona Diamondbacks,2025-06-21T17:00:00+00:00,2025-06-22T01:10:00+00:00,-0.14553417439872246,0.0,162,162,0.3848301098760336,0.5306841046277666,0.34252873563218394,0,0.14809421346720011,0.2816256189045743,0.11732593473378256
777412,2025-06-21,2025,Minnesota Twins,Milwaukee Brewers,2025-06-21T17:00:00+00:00,2025-06-21T18:10:00+00:00,-0.05242097579219729,0.0,162,162,0.4788551081725841,0.5306841046277666,0.5454545454545454,0,0.2293022146229772,0.2816256189045743,0.29752066115702475
777413,2025-06-21,2025,San Diego Padres,Kansas City Royals,2025-06-21T17:00:00+00:00,2025-06-21T23:15:00+00:00,0.011974331160156781,0.0,162,162,0.5451912404332261,0.5306841046277666,0.5876543209876544,1,0.20685100777866755,0.2202574096490411,0.17002895900015239
777414,2025-06-21,2025,Los Angeles Angels,Houston Astros,2025-06-21T17:00:00+00:00,2025-06-22T01:38:00+00:00,-0.12462392241774933,0.0,162,162,0.4054619664955123,0.5306841046277666,0.530456852791878,1,0.35347547328338325,0.2202574096490411,0.2204707670901081
777415,2025-06-21,2025,St. Louis Cardinals,Cincinnati Reds,2025-06-21T17:00:00+00:00,2025-06-21T18:15:00+00:00,0.020544353068575105,0.0,162,162,0.5539505053982877,0.5306841046277666,0.6327014218009479,1,0.19896015163444294,0.2202574096490411,0.1349082455470452
777416,2025-06-21,2025,Los Angeles Dodgers,Washington Nationals,2025-06-21T17:00:00+00:00,2025-06-22T02:10:00+00:00,0.13343911951416199,0.0,162,162,0.6643612059394558,0.5306841046277666,0.6948051948051949,0,0.441375811957328,0.2816256189045743,0.4827542587282848
777417,2025-06-21,2025,San Francisco Giants,Boston Red Sox,2025-06-21T17:00:00+00:00,2025-06-21T20:05:00+00:00,0.056599203145696,0.0,162,162,0.5903752124021808,0.5306841046277666,0.5267175572519084,1,0.16779246661455846,0.2202574096490411,0.2239962706136006
777418,2025-06-21,2025,Toronto Blue Jays,Chicago White Sox,2025-06-21T17:00:00+00:00,2025-06-21T19:07:00+00:00,0.10033306987321633,0.0,162,162,0.6332290827901065,0.5306841046277666,0.6350710900473934,1,0.13452090571098657,0.2202574096490411,0.13317310931919768
777419,2025-06-21,2025,Chicago Cubs,Seattle Mariners,2025-06-21T17:00:00+00:00,2025-06-21T18:20:00+00:00,0.05126012627572707,0.0,162,162,0.5850335524249239,0.5306841046277666,0.6073170731707317,1,0.17219715261307836,0.2202574096490411,0.15419988102320048
777421,2025-06-21,2025,Pittsburgh Pirates,Texas Rangers,2025-06-21T17:00:00+00:00,2025-06-21T20:05:00+00:00,-0.04666149571565542,0.0,162,162,0.4847924365989228,0.5306841046277666,0.5,0,0.23502370658352056,0.2816256189045743,0.25
777422,2025-06-21,2025,New York Yankees,Baltimore Orioles,2025-06-21T17:00:00+00:00,2025-06-21T17:05:00+00:00,0.10205252511549295,0.0,162,162,0.6348764158755043,0.5306841046277666,0.6048780487804878,1,0.13331523168391773,0.2202574096490411,0.15612135633551458
777423,2025-06-21,2025,Philadelphia Phillies,New York Mets,2025-06-21T17:00:00+00:00,2025-06-21T23:15:00+00:00,-0.02580960055656145,0.0,162,162,0.5063118939356788,0.5306841046277666,0.5076530612244898,0,0.256351733940734,0.2816256189045743,0.2577116305705956
777424,2025-06-21,2025,Miami Marlins,Atlanta Braves,2025-06-21T17:00:00+00:00,2025-06-21T20:10:00+00:00,-0.1198642348569312,0.0,162,162,0.41020819968323774,0.5306841046277666,0.41234567901234565,0,0.16827076708736305,0.2816256189045743,0.17002895900015239
777395,2025-06-22,2025,San Francisco Giants,Boston Red Sox,2025-06-22T17:00:00+00:00,2025-06-22T20:05:00+00:00,0.056632380831767914,0.0,162,162,0.5904083409410035,0.5306841046277666,0.5945945945945945,1,0.16776532717070125,0.2202574096490411,0.16435354273192118
777396,2025-06-22,2025,San Diego Padres,Kansas City Royals,2025-06-22T17:00:00+00:00,2025-06-22T20:10:00+00:00,0.014736532652028456,0.0,162,162,0.5480177585747043,0.5306841046277666,0.49744897959183665,1,0.20428794656383434,0.2202574096490411,0.25255752811328624
777397,2025-06-22,2025,Los Angeles Angels,Houston Astros,2025-06-22T17:00:00+00:00,2025-06-22T20:07:00+00:00,-0.11579877437554159,0.0,162,162,0.4142754875963567,0.5306841046277666,0.5076530612244898,0,0.1716241796231991,0.2816256189045743,0.2577116305705956
777398,2025-06-22,2025,Los Angeles Dodgers,Washington Nationals,2025-06-22T17:00:00+00:00,2025-06-22T20:10:00+00:00,0.1337754564426185,0.0,162,162,0.6646708045501019,0.5306841046277666,0.6885964912280702,1,0.11244566932107598,0.2202574096490411,0.09697214527546935
777399,2025-06-22,2025,Colorado Rockies,Arizona Diamondbacks,2025-06-22T17:00:00+00:00,2025-06-22T19:10:00+00:00,-0.14701676070000208,0.0,162,162,0.38338192541774735,0.5306841046277666,0.3840579710144928,1,0.3802178499015246,0.2202574096490411,0.3793845830707834
777401,2025-06-22,2025,Minnesota Twins,Milwaukee Brewers,2025-06-22T17:00:00+00:00,2025-06-22T18:10:00+00:00,-0.06349809268327172,0.0,162,162,0.4674541558019001,0.5306841046277666,0.5505050505050506,0,0.2185133877764671,0.2816256189045743,0.30305581063156833
777402,2025-06-22,2025,Miami Marlins,Atlanta Braves,2025-06-22T17:00:00+00:00,2025-06-22T17:40:00+00:00,-0.12332529218923727,0.0,162,162,0.40675521403517867,0.5306841046277666,0.41687344913151364,1,0.3519393760744467,0.2202574096490411,0.34003657432777745
777403,2025-06-22,2025,Chicago Cubs,Seattle Mariners,2025-06-22T17:00:00+00:00,2025-06-22T18:20:00+00:00,0.05905705484005053,0.0,162,162,0.5928271836533092,0.5306841046277666,0.46700507614213205,0,0.35144406967831443,0.2816256189045743,0.21809374114251856
777404,2025-06-22,2025,Pittsburgh Pirates,Texas Rangers,2025-06-22T17:00:00+00:00,2025-06-22T17:35:00+00:00,-0.048104984786862204,0.0,162,162,0.4833039047250089,0.5306841046277666,0.5165394402035622,1,0.2669748548724226,0.2202574096490411,0.23373411287868498
777405,2025-06-22,2025,Philadelphia Phillies,New York Mets,2025-06-22T17:00:00+00:00,2025-06-22T23:10:00+00:00,-0.031212726513430433,0.0,162,162,0.5007348219289803,0.5306841046277666,0.5343511450381679,1,0.249265718034287,0.2202574096490411,0.2168288561272653
777407,2025-06-22,2025,St. Louis Cardinals,Cincinnati Reds,2025-06-22T17:00:00+00:00,2025-06-22T18:15:00+00:00,0.022274341596412228,0.0,162,162,0.5557148169514112,0.5306841046277666,0.49109414758269715,0,0.3088189577793405,0.2816256189045743,0.24117346178997592
777408,2025-06-22,2025,Toronto Blue Jays,Chicago White Sox,2025-06-22T17:00:00+00:00,2025-06-22T17:37:00+00:00,0.10263904252826306,0.0,162,162,0.6354376126500303,0.5306841046277666,0.6391509433962265,0,0.4037809595703699,0.2816256189045743,0.4085139284442863
777381,2025-06-23,2025,Los Angeles Angels,Boston Red Sox,2025-06-23T17:00:00+00:00,2025-06-24T01:38:00+00:00,-0.07020655049622188,0.0,162,162,0.4605653037507357,0.5306841046277666,0.4707379134860051,1,0.29098979151753607,0.2202574096490411,0.2801183562211475
777382,2025-06-23,2025,San Diego Padres,Washington Nationals,2025-06-23T17:00:00+00:00,2025-06-24T01:40:00+00:00,0.08442704425079134,0.0,162,162,0.6178466864523527,0.5306841046277666,0.6058394160583942,0,0.3817345279601519,0.2816256189045743,0.36704139804997604
777388,2025-06-23,2025,Minnesota Twins,Seattle Mariners,2025-06-23T17:00:00+00:00,2025-06-23T23:40:00+00:00,-0.040033876126220724,0.0,162,162,0.4916299237333591,0.5306841046277666,0.4531645569620253,0,0.2416999819100685,0.2816256189045743,0.20535811568658865
777389,2025-06-23,2025,New York Mets,Atlanta Braves,2025-06-23T17:00:00+00:00,2025-06-23T23:10:00+00:00,0.014366496826550779,0.0,162,162,0.5476392821987326,0.5306841046277666,0.4371859296482412,0,0.29990878340714305,0.2816256189045743,0.1911315370823969
777390,2025-06-23,2025,Cincinnati Reds,New York Yankees,2025-06-23T17:00:00+00:00,2025-06-23T23:10:00+00:00,-0.0790124032269483,0.0,162,162,0.4515458818452612,0.5306841046277666,0.46446700507614214,1,0.30080191972089226,0.2202574096490411,0.2867955886521168
777391,2025-06-23,2025,Milwaukee Brewers,Pittsburgh Pirates,2025-06-23T17:00:00+00:00,2025-06-23T23:40:00+00:00,0.10648299196183947,0.0,162,162,0.6391064460894846,0.5306841046277666,0.6125907990314771,0,0.4084570494331313,0.2816256189045743,0.37526748705802354
777392,2025-06-23,2025,St. Louis Cardinals,Chicago Cubs,2025-06-23T17:00:00+00:00,2025-06-23T23:45:00+00:00,-0.06771900448756907,0.0,162,162,0.463118125902895,0.5306841046277666,0.49489795918367346,1,0.28824214673401977,0.2202574096490411,0.25512807163681794
777393,2025-06-23,2025,Chicago White Sox,Arizona Diamondbacks,2025-06-23T17:00:00+00:00,2025-06-23T23:40:00+00:00,-0.11597463037800704,0.0,162,162,0.414099306218083,0.5306841046277666,0.42999999999999994,0,0.17147823541029766,0.2816256189045743,0.18489999999999995
777394,2025-06-23,2025,Baltimore Orioles,Texas Rangers,2025-06-23T17:00:00+00:00,2025-06-23T22:35:00+00:00,-0.02725471947048075,0.0,162,162,0.5048203478777052,0.5306841046277666,0.5367088607594936,1,0.24520288787595684,0.2202574096490411,0.21463867969876624
777364,2025-06-24,2025,San Francisco Giants,Miami Marlins,2025-06-24T17:00:00+00:00,2025-06-25T01:45:00+00:00,0.13459235599963015,0.0,162,162,0.6654221718409342,0.5306841046277666,0.6092233009708737,0,0.4427866667775058,0.2816256189045743,0.3711530304458478
777372,2025-06-24,2025,San Diego Padres,Washington Nationals,2025-06-24T17:00:00+00:00,2025-06-25T01:40:00+00:00,0.07768985004596657,0.0,162,162,0.611257335912347,0.5306841046277666,0.6048780487804878,1,0.15112085888196583,0.2202574096490411,0.15612135633551458
777373,2025-06-24,2025,St. Louis Cardinals,Chicago Cubs,2025-06-24T17:00:00+00:00,2025-06-24T23:45:00+00:00,-0.06500678731877063,0.0,162,162,0.4659037151485398,0.5306841046277666,0.49489795918367346,1,0.28525884149213215,0.2202574096490411,0.25512807163681794
777374,2025-06-24,2025,Milwaukee Brewers,Pittsburgh Pirates,2025-06-24T17:00:00+00:00,2025-06-24T23:40:00+00:00,0.1010647413376421,0.0,162,162,0.63393044762243,0.5306841046277666,0.6519721577726217,1,0.13400691717791446,0.2202574096490411,0.1211233789654449
777375,2025-06-24,2025,Minnesota Twins,Seattle Mariners,2025-06-24T17:00:00+00:00,2025-06-24T23:40:00+00:00,-0.045578209311871454,0.0,162,162,0.48590970469524997,0.5306841046277666,0.5051020408163266,0,0.23610824111702503,0.2816256189045743,0.25512807163681805
777376,2025-06-24,2025,Los Angeles Angels,Boston Red Sox,2025-06-24T17:00:00+00:00,2025-06-25T01:38:00+00:00,-0.06600996302701184,0.0,162,162,0.4648731439372496,0.5306841046277666,0.39853300733496333,1,0.28636075207960365,0.2202574096490411,0.36176254326552326
777377,2025-06-24,2025,Houston Astros,Philadelphia Phillies,2025-06-24T17:00:00+00:00,2025-06-25T00:10:00+00:00,0.017144823056143066,0.0,162,162,0.5504796062865707,0.5306841046277666,0.5866336633663367,1,0.20206858436427652,0.2202574096490411,0.17087172826193503
777378,2025-06-24,2025,Kansas City Royals,Tampa Bay Rays,2025-06-24T17:00:00+00:00,2025-06-24T23:40:00+00:00,-0.030712559790579963,0.0,162,162,0.5012511197262416,0.5306841046277666,0.547979797979798,0,0.251252685026811,0.2816256189045743,0.30028185899398024
777379,2025-06-24,2025,Colorado Rockies,Los Angeles Dodgers,2025-06-24T17:00:00+00:00,2025-06-25T00:40:00+00:00,-0.18131899093377518,0.0,162,162,0.350497567961035,0.5306841046277666,0.297644539614561,0,0.12284854514660033,0.2816256189045743,0.08859227196236397
777380,2025-06-24,2025,Baltimore Orioles,Texas Rangers,2025-06-24T17:00:00+00:00,2025-06-24T22:35:00+00:00,-0.024454218056693067,0.0,162,162,0.5077107190302295,0.5306841046277666,0.5603015075376885,0,0.2577701742181926,0.2816256189045743,0.3139377793490064
777383,2025-06-24,2025,Chicago White Sox,Arizona Diamondbacks,2025-06-24T17:00:00+00:00,2025-06-24T23:40:00+00:00,-0.12279002936393085,0.0,162,162,0.40728863575372937,0.5306841046277666,0.4607594936708861,0,0.16588403281413402,0.2816256189045743,0.21229931100785132
777384,2025-06-24,2025,Cleveland Guardians,Toronto Blue Jays,2025-06-24T17:00:00+00:00,2025-06-24T22:40:00+00:00,-0.026626762221200917,0.0,162,162,0.5054684915275223,0.5306841046277666,0.46700507614213205,0,0.2554983959271088,0.2816256189045743,0.21809374114251856
777385,2025-06-24,2025,Cincinnati Reds,New York Yankees,2025-06-24T17:00:00+00:00,2025-06-24T23:10:00+00:00,-0.07789316611805103,0.0,162,162,0.4526906248446622,0.5306841046277666,0.40640394088669946,1,0.2995475521329262,0.2202574096490411,0.35235628139484093
777387,2025-06-24,2025,New York Mets,Atlanta Braves,2025-06-24T17:00:00+00:00,2025-06-24T23:10:00+00:00,0.01627787676379,0.0,162,162,0.5495936586209226,0.5306841046277666,0.42643391521197016,0,0.3020531895963312,0.2816256189045743,0.18184588404300975
777355,2025-06-25,2025,San Francisco Giants,Miami Marlins,2025-06-25T17:00:00+00:00,2025-06-26T01:45:00+00:00,0.13176127162895745,0.0,162,162,0.6628146369955364,0.5306841046277666,0.6711711711711711,0,0.4393232430155247,0.2816256189045743,0.45047074101128143
777357,2025-06-25,2025,St. Louis Cardinals,Chicago Cubs,2025-06-25T17:00:00+00:00,2025-06-25T23:45:00+00:00,-0.06701079346570504,0.0,162,162,0.46384528083702065,0.5306841046277666,0.4193548387096774,0,0.21515244455477456,0.2816256189045743,0.17585848074921953
777358,2025-06-25,2025,Colorado Rockies,Los Angeles Dodgers,2025-06-25T17:00:00+00:00,2025-06-26T00:40:00+00:00,-0.18386640045647368,0.0,162,162,0.3481068662934578,0.5306841046277666,0.2608695652173913,0,0.12117839036065128,0.2816256189045743,0.06805293005671077
777359,2025-06-25,2025,Kansas City Royals,Tampa Bay Rays,2025-06-25T17:00:00+00:00,2025-06-25T23:40:00+00:00,-0.0335522045080896,0.0,162,162,0.49831988961953316,0.5306841046277666,0.457070707070707,0,0.24832271239042372,0.2816256189045743,0.20891363126211607
777360,2025-06-25,2025,San Diego Padres,Washington Nationals,2025-06-25T17:00:00+00:00,2025-06-25T20:10:00+00:00,0.0711343856521589,0.0,162,162,0.6048064372351696,0.5306841046277666,0.5806451612903225,1,0.15617795205075996,0.2202574096490411,0.17585848074921961
777361,2025-06-25,2025,Milwaukee Brewers,Pittsburgh Pirates,2025-06-25T17:00:00+00:00,2025-06-25T18:10:00+00:00,0.1058875696102633,0.0,162,162,0.638539198040687,0.5306841046277666,0.5,1,0.13065391135306967,0.2202574096490411,0.25
777362,2025-06-25,2025,Los Angeles Angels,Boston Red Sox,2025-06-25T17:00:00+00:00,2025-06-25T20:07:00+00:00,-0.06288597919863093,0.0,162,162,0.46808338763744367,0.5306841046277666,0.547979797979798,1,0.28293528250725797,0.2202574096490411,0.20432226303438422
777363,2025-06-25,2025,Minnesota Twins,Seattle Mariners,2025-06-25T17:00:00+00:00,2025-06-25T23:40:00+00:00,-0.05178765868606722,0.0,162,162,0.479507719813803,0.5306841046277666,0.5443037974683544,1,0.27091221373342655,0.2202574096490411,0.20765902900176253
777365,2025-06-25,2025,Baltimore Orioles,Texas Rangers,2025-06-25T17:00:00+00:00,2025-06-25T22:35:00+00:00,-0.029302402030908947,0.0,162,162,0.5027067390805159,0.5306841046277666,0.42144638403990026,0,0.2527140655169659,0.2816256189045743,0.1776170546203071
777366,2025-06-25,2025,Houston Astros,Philadelphia Phillies,2025-06-25T17:00:00+00:00,2025-06-26T00:10:00+00:00,0.02300776696092155,0.0,162,162,0.5564623722974167,0.5306841046277666,0.40987654320987654,1,0.1967256271880354,0.2202574096490411,0.3482456942539247
777367,2025-06-25,2025,Cincinnati Reds,New York Yankees,2025-06-25T17:00:00+00:00,2025-06-25T23:10:00+00:00,-0.07643703701654492,0.0,162,162,0.4541806847582619,0.5306841046277666,0.34722222222222227,0,0.20628009440748368,0.2816256189045743,0.12056327160493831
777368,2025-06-25,2025,Cleveland Guardians,Toronto Blue Jays,2025-06-25T17:00:00+00:00,2025-06-25T22:40:00+00:00,-0.03331706816193136,0.0,162,162,0.4985626080559301,0.5306841046277666,0.5253807106598984,1,0.25143945803967077,0.2202574096490411,0.22526346981370304
777369,2025-06-25,2025,New York Mets,Atlanta Braves,2025-06-25T17:00:00+00:00,2025-06-25T23:10:00+00:00,0.017847081504713258,0.0,162,162,0.5511970221227895,0.5306841046277666,0.582089552238806,1,0.20142411295145185,0.2202574096490411,0.17464914234796167
777370,2025-06-25,2025,Chicago White Sox,Arizona Diamondbacks,2025-06-25T17:00:00+00:00,2025-06-25T18:10:00+00:00,-0.12471978103177322,0.0,162,162,0.4053665569394075,0.5306841046277666,0.41687344913151364,1,0.35358893160609495,0.2202574096490411,0.34003657432777745
777344,2025-06-26,2025,Colorado Rockies,Los Angeles Dodgers,2025-06-26T17:00:00+00:00,2025-06-26T19:10:00+00:00,-0.18975198216232492,0.0,162,162,0.34261266997459755,0.5306841046277666,0.2821576763485477,0,0.1173834416271225,0.2816256189045743,0.0796129543224118
777347,2025-06-26,2025,San Francisco Giants,Miami Marlins,2025-06-26T17:00:00+00:00,2025-06-26T19:45:00+00:00,0.12818306868218576,0.0,162,162,0.6595047662826892,0.5306841046277666,0.6276849642004773,0,0.43494653674958444,0.2816256189045743,0.3939884142833544
777348,2025-06-26,2025,St. Louis Cardinals,Chicago Cubs,2025-06-26T17:00:00+00:00,2025-06-26T18:15:00+00:00,-0.07367249043327051,0.0,162,162,0.4570118888752538,0.5306841046277666,0.4422110552763819,0,0.2088598665733273,0.2816256189045743,0.19555061740865126
777350,2025-06-26,2025,Houston Astros,Philadelphia Phillies,2025-06-26T17:00:00+00:00,2025-06-26T18:10:00+00:00,0.02431838623608673,0.0,162,162,0.5577976029874117,0.5306841046277666,0.5725,1,0.1955429599236788,0.2202574096490411,0.18275624999999998
777352,2025-06-26,2025,New York Mets,Atlanta Braves,2025-06-26T17:00:00+00:00,2025-06-26T23:10:00+00:00,0.01979385823942048,0.0,162,162,0.5531846950953968,0.5306841046277666,0.5089058524173028,1,0.19964391669699352,0.2202574096490411,0.24117346178997598
777353,2025-06-26,2025,Kansas City Royals,Tampa Bay Rays,2025-06-26T17:00:00+00:00,2025-06-26T18:10:00+00:00,-0.03694502952835482,0.0,162,162,0.4948178063827636,0.5306841046277666,0.46954314720812185,0,0.24484466151345016,0.2816256189045743,0.220470767090108
777354,2025-06-26,2025,Cleveland Guardians,Toronto Blue Jays,2025-06-26T17:00:00+00:00,2025-06-26T17:10:00+00:00,-0.03157907581230651,0.0,162,162,0.5003566562977261,0.5306841046277666,0.5603015075376885,0,0.2503567835014408,0.2816256189045743,0.3139377793490064
777356,2025-06-26,2025,Minnesota Twins,Seattle Mariners,2025-06-26T17:00:00+00:00,2025-06-26T17:10:00+00:00,-0.0522356823694915,0.0,162,162,0.47904603934495094,0.5306841046277666,0.5329949238578681,1,0.2713930291221824,0.2202574096490411,0.21809374114251845
777331,2025-06-27,2025,Los Angeles Angels,Washington Nationals,2025-06-27T17:00:00+00:00,2025-06-28T01:38:00+00:00,-0.00946559748889958,0.0,162,162,0.5231668176500447,0.5306841046277666,0.5980392156862746,0,0.2737035190900751,0.2816256189045743,0.35765090349865447
777332,2025-06-27,2025,Arizona Diamondbacks,Miami Marlins,2025-06-27T17:00:00+00:00,2025-06-28T01:40:00+00:00,0.10577545302070224,1.0,162,162,0.5714784845343192,0.5306841046277666,0.6285714285714284,0,0.32658765828564207,0.2816256189045743,0.3951020408163264
777334,2025-06-27,2025,Detroit Tigers,Minnesota Twins,2025-06-27T17:00:00+00:00,2025-06-27T23:10:00+00:00,0.0888091988228602,0.0,162,162,0.6221096966638772,0.5306841046277666,0.530456852791878,0,0.38702047468322126,0.2816256189045743,0.2813844726738642
777335,2025-06-27,2025,Kansas City Royals,Los Angeles Dodgers,2025-06-27T17:00:00+00:00,2025-06-28T00:10:00+00:00,-0.07425693080968743,0.0,162,162,0.45641311893342756,0.5306841046277666,0.41791044776119407,0,0.2083129351345391,0.2816256189045743,0.17464914234796172
777336,2025-06-27,2025,Houston Astros,Chicago Cubs,2025-06-27T17:00:00+00:00,2025-06-28T00:10:00+00:00,-0.02787595740634352,0.0,162,162,0.5041791235909979,0.5306841046277666,0.5114503816793893,1,0.2458383414829909,0.2202574096490411,0.23868072956121442
777338,2025-06-27,2025,Chicago White Sox,San Francisco Giants,2025-06-27T17:00:00+00:00,2025-06-27T23:40:00+00:00,-0.1378197147791525,1.0,162,162,0.327850301318004,0.5306841046277666,0.4193548387096774,0,0.10748582007430603,0.2816256189045743,0.17585848074921953
777339,2025-06-27,2025,Milwaukee Brewers,Colorado Rockies,2025-06-27T17:00:00+00:00,2025-06-28T00:10:00+00:00,0.15151680902171388,1.0,162,162,0.6169808416900107,0.5306841046277666,0.6659090909090909,1,0.14670367563249267,0.2202574096490411,0.11161673553719009
777340,2025-06-27,2025,Texas Rangers,Seattle Mariners,2025-06-27T17:00:00+00:00,2025-06-28T00:05:00+00:00,-0.03574690123715962,1.0,162,162,0.4264223444871864,0.5306841046277666,0.48600508905852424,0,0.18183601587794868,0.2816256189045743,0.23620094659078408
777341,2025-06-27,2025,Pittsburgh Pirates,New York Mets,2025-06-27T17:00:00+00:00,2025-06-27T22:40:00+00:00,-0.12940902033138707,1.0,162,162,0.33554835518589166,0.5306841046277666,0.43609022556390975,1,0.441495988296174,0.2202574096490411,0.3179942337045622
777342,2025-06-27,2025,Atlanta Braves,Philadelphia Phillies,2025-06-27T17:00:00+00:00,2025-06-27T23:15:00+00:00,0.013523204909298814,0.0,162,162,0.5467765495307667,0.5306841046277666,0.6168674698795181,0,0.298964595116771,0.2816256189045743,0.3805254753955582
777343,2025-06-27,2025,Baltimore Orioles,Tampa Bay Rays,2025-06-27T17:00:00+00:00,2025-06-27T23:05:00+00:00,-0.08559206998820806,1.0,162,162,0.3770062151534619,0.5306841046277666,0.4520202020202021,1,0.38812125595741465,0.2202574096490411,0.30028185899398013
777345,2025-06-27,2025,Boston Red Sox,Toronto Blue Jays,2025-06-27T17:00:00+00:00,2025-06-27T23:10:00+00:00,-0.02379237004544482,1.0,162,162,0.43853679212268193,0.5306841046277666,0.5204081632653061,0,0.19231451804525235,0.2816256189045743,0.27082465639316955
777346,2025-06-27,2025,Cincinnati Reds,San Diego Padres,2025-06-27T17:00:00+00:00,2025-06-27T23:10:00+00:00,-0.015918949921930492,0.0,162,162,0.5165158975771573,0.5306841046277666,0.4582278481012658,1,0.23375687729562183,0.2202574096490411,0.2935170645729851
777349,2025-06-27,2025,Cleveland Guardians,St. Louis Cardinals,2025-06-27T17:00:00+00:00,2025-06-27T23:10:00+00:00,-0.02795460298651742,0.0,162,162,0.5040979468157519,0.5306841046277666,0.4619289340101523,0,0.25411473998385664,0.2816256189045743,0.21337834007575562
777315,2025-06-28,2025,Los Angeles Angels,Washington Nationals,2025-06-28T17:00:00+00:00,2025-06-29T01:38:00+00:00,-0.014862489460407469,0.0,162,162,0.5176051646721428,0.5306841046277666,0.5204081632653061,1,0.23270477715099047,0.2202574096490411,0.23000832986255726
777318,2025-06-28,2025,Arizona Diamondbacks,Miami Marlins,2025-06-28T17:00:00+00:00,2025-06-28T20:10:00+00:00,0.10586006961786643,0.0,162,162,0.6385129899491727,0.5306841046277666,0.5935960591133005,0,0.40769883833383236,0.2816256189045743,0.35235628139484093
777319,2025-06-28,2025,Kansas City Royals,Los Angeles Dodgers,2025-06-28T17:00:00+00:00,2025-06-28T20:10:00+00:00,-0.07140043906779181,0.0,162,162,0.45934081214059186,0.5306841046277666,0.40987654320987654,1,0.2923123574167948,0.2202574096490411,0.3482456942539247
777320,2025-06-28,2025,Houston Astros,Chicago Cubs,2025-06-28T17:00:00+00:00,2025-06-28T23:15:00+00:00,-0.02859055709810654,0.0,162,162,0.5034415170598776,0.5306841046277666,0.5253807106598984,0,0.253453361099551,0.2816256189045743,0.27602489113349993
777321,2025-06-28,2025,Milwaukee Brewers,Colorado Rockies,2025-06-28T17:00:00+00:00,2025-06-28T20:10:00+00:00,0.15342817649927804,0.0,162,162,0.682508878810752,0.5306841046277666,0.6976241900647947,1,0.1008006120340058,0.2202574096490411,0.0914311304339714
777322,2025-06-28,2025,Texas Rangers,Seattle Mariners,2025-06-28T17:00:00+00:00,2025-06-28T20:05:00+00:00,-0.03082876666120754,0.0,162,162,0.5011311652195559,0.5306841046277666,0.4707379134860051,1,0.248870114315198,0.2202574096490411,0.2801183562211475
777323,2025-06-28,2025,Boston Red Sox,Toronto Blue Jays,2025-06-28T17:00:00+00:00,2025-06-28T20:10:00+00:00,-0.032697044445300305,0.0,162,162,0.4992026276995116,0.5306841046277666,0.4783715012722647,1,0.25079800810307395,0.2202574096490411,0.27209629068495095
777324,2025-06-28,2025,Detroit Tigers,Minnesota Twins,2025-06-28T17:00:00+00:00,2025-06-28T17:10:00+00:00,0.08938989663103475,0.0,162,162,0.6226732081628847,0.5306841046277666,0.5841584158415841,1,0.14237550783808972,0.2202574096490411,0.1729242231153809
777325,2025-06-28,2025,Pittsburgh Pirates,New York Mets,2025-06-28T17:00:00+00:00,2025-06-28T20:05:00+00:00,-0.11713612743998397,0.0,162,162,0.41293621402192315,0.5306841046277666,0.43500000000000005,1,0.3446438888069132,0.2202574096490411,0.3192249999999999
777327,2025-06-28,2025,Chicago White Sox,San Francisco Giants,2025-06-28T17:00:00+00:00,2025-06-28T20:10:00+00:00,-0.1357657675842393,0.0,162,162,0.3944218640278126,0.5306841046277666,0.39853300733496333,1,0.36672487876754917,0.2202574096490411,0.36176254326552326
777328,2025-06-28,2025,Cincinnati Reds,San Diego Padres,2025-06-28T17:00:00+00:00,2025-06-28T20:10:00+00:00,-0.01087651648000354,0.0,162,162,0.5217133232926561,0.5306841046277666,0.5760598503740648,0,0.27218479170106746,0.2816256189045743,0.33184495121298996
777329,2025-06-28,2025,Cleveland Guardians,St. Louis Cardinals,2025-06-28T17:00:00+00:00,2025-06-28T20:10:00+00:00,-0.0325917932366358,0.0,162,162,0.49931127360423183,0.5306841046277666,0.5216284987277354,0,0.24931174794828007,0.2816256189045743,0.27209629068495106
777330,2025-06-28,2025,Baltimore Orioles,Tampa Bay Rays,2025-06-28T17:00:00+00:00,2025-06-28T20:05:00+00:00,-0.06640972438855475,0.0,162,162,0.46446254864793,0.5306841046277666,0.5076530612244898,0,0.21572545909653076,0.2816256189045743,0.2577116305705956
777333,2025-06-28,2025,Atlanta Braves,Philadelphia Phillies,2025-06-28T17:00:00+00:00,2025-06-28T23:15:00+00:00,0.002948582091570451,0.0,162,162,0.5359359540582432,0.5306841046277666,0.5841584158415841,1,0.21535543873583293,0.2202574096490411,0.1729242231153809
777301,2025-06-29,2025,Milwaukee Brewers,Colorado Rockies,2025-06-29T17:00:00+00:00,2025-06-29T18:10:00+00:00,0.1564489564475975,0.0,162,162,0.6852054573577688,0.5306841046277666,0.6892778993435448,0,0.46950651879286914,0.2816256189045743,0.47510402252344985
777302,2025-06-29,2025,Texas Rangers,Seattle Mariners,2025-06-29T17:00:00+00:00,2025-06-29T18:35:00+00:00,-0.03003475179925813,0.0,162,162,0.5019507835049608,0.5306841046277666,0.4707379134860051,0,0.251954589061244,0.2816256189045743,0.2215941831931576
777303,2025-06-29,2025,Arizona Diamondbacks,Miami Marlins,2025-06-29T17:00:00+00:00,2025-06-29T20:10:00+00:00,0.10279207617943609,0.0,162,162,0.6355839791739208,0.5306841046277666,0.6350710900473934,0,0.40396699458255503,0.2816256189045743,0.4033152894139844
777304,2025-06-29,2025,Kansas City Royals,Los Angeles Dodgers,2025-06-29T17:00:00+00:00,2025-06-29T18:10:00+00:00,-0.06858284843653373,0.0,162,162,0.46223138763985677,0.5306841046277666,0.4531645569620253,0,0.21365785571946755,0.2816256189045743,0.20535811568658865
777305,2025-06-29,2025,Los Angeles Angels,Washington Nationals,2025-06-29T17:00:00+00:00,2025-06-29T20:07:00+00:00,-0.009196453330162113,0.0,162,162,0.5234440396005045,0.5306841046277666,0.5591939546599496,0,0.2739936625932945,0.2816256189045743,0.31269787892823375
777308,2025-06-29,2025,Houston Astros,Chicago Cubs,2025-06-29T17:00:00+00:00,2025-06-29T18:10:00+00:00,-0.035401373851088325,0.0,162,162,0.49641112959948047,0.5306841046277666,0.5505050505050506,1,0.2536017503912713,0.2202574096490411,0.20204570962146712
777310,2025-06-29,2025,Boston Red Sox,Toronto Blue Jays,2025-06-29T17:00:00+00:00,2025-06-29T17:35:00+00:00,-0.017291776422830973,0.0,162,162,0.5151002072523237,0.5306841046277666,0.49744897959183665,0,0.2653282235113869,0.2816256189045743,0.24745548729695951
777311,2025-06-29,2025,Chicago White Sox,San Francisco Giants,2025-06-29T17:00:00+00:00,2025-06-29T18:10:00+00:00,-0.13191170496128612,0.0,162,162,0.3982291741707364,0.5306841046277666,0.41234567901234565,1,0.36212812681923384,0.2202574096490411,0.3453376009754611
777312,2025-06-29,2025,Cincinnati Reds,San Diego Padres,2025-06-29T17:00:00+00:00,2025-06-29T17:40:00+00:00,-0.014906113894369022,0.0,162,162,0.5175601887938942,0.5306841046277666,0.5516372795969774,1,0.232748171436583,0.2202574096490411,0.20102912904719902
777313,2025-06-29,2025,Pittsburgh Pirates,New York Mets,2025-06-29T17:00:00+00:00,2025-06-29T17:35:00+00:00,-0.10825068785266367,0.0,162,162,0.4218576545460094,0.5306841046277666,0.43969849246231163,1,0.3342485716070415,0.2202574096490411,0.31393777934900624
777314,2025-06-29,2025,Detroit Tigers,Minnesota Twins,2025-06-29T17:00:00+00:00,2025-06-29T23:10:00+00:00,0.0956465721701577,0.0,162,162,0.628723418037741,0.5306841046277666,0.7345309381237526,1,0.13784630031357803,0.2202574096490411,0.07047382281345488
777316,2025-06-29,2025,Atlanta Braves,Philadelphia Phillies,2025-06-29T17:00:00+00:00,2025-06-29T17:35:00+00:00,0.008736891229872867,0.0,162,162,0.5418747206486263,0.5306841046277666,0.5935960591133005,0,0.29362821287802676,0.2816256189045743,0.35235628139484093
777317,2025-06-29,2025,Baltimore Orioles,Tampa Bay Rays,2025-06-29T17:00:00+00:00,2025-06-29T17:35:00+00:00,-0.07365091979401422,0.0,162,162,0.4570339907807831,0.5306841046277666,0.5190839694656489,1,0.2948120871674427,0.2202574096490411,0.23128022842491688
777291,2025-06-30,2025,Arizona Diamondbacks,San Francisco Giants,2025-06-30T17:00:00+00:00,2025-07-01T01:40:00+00:00,-0.02092859470002273,0.0,162,162,0.5113487252181974,0.5306841046277666,0.4520202020202021,1,0.23878006834588075,0.2202574096490411,0.30028185899398013
777292,2025-06-30,2025,Texas Rangers,Baltimore Orioles,2025-06-30T17:00:00+00:00,2025-07-01T00:05:00+00:00,0.03079978841269393,0.0,162,162,0.5643880794566685,0.5306841046277666,0.4885496183206107,0,0.3185339042327867,0.2816256189045743,0.23868072956121442
777295,2025-06-30,2025,Toronto Blue Jays,New York Yankees,2025-06-30T17:00:00+00:00,2025-06-30T23:07:00+00:00,-0.05683226142815201,0.0,162,162,0.47431155330334307,0.5306841046277666,0.42750000000000005,1,0.2763483429903439,0.2202574096490411,0.32775625
777297,2025-06-30,2025,Seattle Mariners,Kansas City Royals,2025-06-30T17:00:00+00:00,2025-07-01T01:40:00+00:00,0.02450877033038945,0.0,162,162,0.5579914931904807,0.5306841046277666,0.5876543209876544,1,0.1953715200919809,0.2202574096490411,0.17002895900015239
777299,2025-06-30,2025,Pittsburgh Pirates,St. Louis Cardinals,2025-06-30T17:00:00+00:00,2025-06-30T22:40:00+00:00,-0.06566568704238629,0.0,162,162,0.4652267883231323,0.5306841046277666,0.5089058524173028,1,0.285982387927192,0.2202574096490411,0.24117346178997598
777300,2025-06-30,2025,Boston Red Sox,Cincinnati Reds,2025-06-30T17:00:00+00:00,2025-06-30T23:10:00+00:00,0.001894805581677761,0.0,162,162,0.534853638812494,0.5306841046277666,0.6004901960784313,1,0.21636113732597775,0.2202574096490411,0.15960808342945024
777306,2025-06-30,2025,Philadelphia Phillies,San Diego Padres,2025-06-30T17:00:00+00:00,2025-06-30T22:35:00+00:00,0.016735768922534255,0.0,162,162,0.5500616262240052,0.5306841046277666,0.6674208144796381,1,0.20244454019618677,0.2202574096490411,0.11060891464138731
777278,2025-07-01,2025,Arizona Diamondbacks,San Francisco Giants,2025-07-01T17:00:00+00:00,2025-07-02T01:40:00+00:00,-0.017235216657729646,0.0,162,162,0.5151585379280974,0.5306841046277666,0.5516372795969774,1,0.23507124334402016,0.2202574096490411,0.20102912904719902
777280,2025-07-01,2025,Los Angeles Dodgers,Chicago White Sox,2025-07-01T17:00:00+00:00,2025-07-02T02:10:00+00:00,0.15397191495304396,0.0,162,162,0.6829951729773874,0.5306841046277666,0.7471042471042472,1,0.10049206035563651,0.2202574096490411,0.06395626183270968
777281,2025-07-01,2025,Seattle Mariners,Kansas City Royals,2025-07-01T17:00:00+00:00,2025-07-02T01:40:00+00:00,0.0348061785229275,0.0,162,162,0.5684506958232665,0.5306841046277666,0.568922305764411,0,0.32313619358195583,0.2816256189045743,0.323672589996294
777282,2025-07-01,2025,Texas Rangers,Baltimore Orioles,2025-07-01T17:00:00+00:00,2025-07-02T00:05:00+00:00,0.02985453177428843,0.0,162,162,0.5634282741468118,0.5306841046277666,0.6258992805755395,1,0.19059487181443127,0.2202574096490411,0.13995134827389896
777283,2025-07-01,2025,Toronto Blue Jays,New York Yankees,2025-07-01T17:00:00+00:00,2025-07-01T19:07:00+00:00,-0.05743694370379848,0.0,162,162,0.47368905450642146,0.5306841046277666,0.41234567901234565,1,0.27700321134634465,0.2202574096490411,0.3453376009754611
777285,2025-07-01,2025,Colorado Rockies,Houston Astros,2025-07-01T17:00:00+00:00,2025-07-02T00:40:00+00:00,-0.16051925465882683,0.0,162,162,0.37029062353179976,0.5306841046277666,0.4239401496259351,0,0.13711514587556906,0.2816256189045743,0.17972525046486026
777287,2025-07-01,2025,Chicago Cubs,Cleveland Guardians,2025-07-01T17:00:00+00:00,2025-07-02T00:05:00+00:00,0.11263226360281792,0.0,162,162,0.6449418209085113,0.5306841046277666,0.6225961538461539,1,0.1260663105397637,0.2202574096490411,0.14243366309171596
777288,2025-07-01,2025,Pittsburgh Pirates,St. Louis Cardinals,2025-07-01T17:00:00+00:00,2025-07-01T22:40:00+00:00,-0.05707195997931813,0.0,162,162,0.47406478254887,0.5306841046277666,0.6004901960784313,1,0.27660785295536744,0.2202574096490411,0.15960808342945024
777293,2025-07-01,2025,Miami Marlins,Minnesota Twins,2025-07-01T17:00:00+00:00,2025-07-01T22:40:00+00:00,-0.044447513564775165,0.0,162,162,0.48707601936868034,0.5306841046277666,0.41234567901234565,1,0.26309100990667844,0.2202574096490411,0.3453376009754611
777298,2025-07-01,2025,Atlanta Braves,Los Angeles Angels,2025-07-01T17:00:00+00:00,2025-07-01T23:15:00+00:00,0.10346121847687934,0.0,162,162,0.6362236744928541,0.5306841046277666,0.64,0,0.4047805639851892,0.2816256189045743,0.4096
777262,2025-07-02,2025,Seattle Mariners,Kansas City Royals,2025-07-02T17:00:00+00:00,2025-07-03T01:40:00+00:00,0.03716246233123233,0.0,162,162,0.5708357897701098,0.5306841046277666,0.6235011990407675,1,0.18418191934224534,0.2202574096490411,0.14175134712373977
777265,2025-07-02,2025,Washington Nationals,Detroit Tigers,2025-07-02T17:00:00+00:00,2025-07-02T22:45:00+00:00,-0.1257430938861392,0.0,162,162,0.4043484846124327,0.5306841046277666,0.41687344913151364,1,0.35480072778350524,0.2202574096490411,0.34003657432777745
777266,2025-07-02,2025,Chicago Cubs,Cleveland Guardians,2025-07-02T17:00:00+00:00,2025-07-03T00:05:00+00:00,0.11726782290891008,0.0,162,162,0.649312541414984,0.5306841046277666,0.5945945945945945,1,0.12298169360881735,0.2202574096490411,0.16435354273192118
777267,2025-07-02,2025,Los Angeles Dodgers,Chicago White Sox,2025-07-02T17:00:00+00:00,2025-07-03T02:10:00+00:00,0.1552649713019003,0.0,162,162,0.6841500162346232,0.5306841046277666,0.7345309381237526,1,0.09976121224458877,0.2202574096490411,0.07047382281345488
777268,2025-07-02,2025,Texas Rangers,Baltimore Orioles,2025-07-02T17:00:00+00:00,2025-07-03T00:05:00+00:00,0.03938448678815892,0.0,162,162,0.5730819748860575,0.5306841046277666,0.5639097744360902,1,0.18225900016718885,0.2202574096490411,0.19017468483238167
777269,2025-07-02,2025,Colorado Rockies,Houston Astros,2025-07-02T17:00:00+00:00,2025-07-03T00:40:00+00:00,-0.16130199593564248,0.0,162,162,0.36953732706569137,0.5306841046277666,0.3114035087719298,0,0.13655783609485575,0.2816256189045743,0.09697214527546935
777270,2025-07-02,2025,Arizona Diamondbacks,San Francisco Giants,2025-07-02T17:00:00+00:00,2025-07-03T01:40:00+00:00,-0.009776403030316239,0.0,162,162,0.5228466661895432,0.5306841046277666,0.5603015075376885,0,0.27336863634551967,0.2816256189045743,0.3139377793490064
777273,2025-07-02,2025,Philadelphia Phillies,San Diego Padres,2025-07-02T17:00:00+00:00,2025-07-02T17:05:00+00:00,0.025190352494461554,0.0,162,162,0.5586854820274613,0.5306841046277666,0.48346055979643765,0,0.31212946782825673,0.2816256189045743,0.23373411287868487
777274,2025-07-02,2025,Toronto Blue Jays,New York Yankees,2025-07-02T17:00:00+00:00,2025-07-02T23:07:00+00:00,-0.0493790976753552,0.0,162,162,0.4819902795371935,0.5306841046277666,0.45569620253164556,1,0.2683340704939549,0.2202574096490411,0.2962666239384714
777275,2025-07-02,2025,Miami Marlins,Minnesota Twins,2025-07-02T17:00:00+00:00,2025-07-02T22:40:00+00:00,-0.047153501048804114,0.0,162,162,0.48428504703447384,0.5306841046277666,0.47582697201017815,0,0.23453200678118252,0.2816256189045743,0.22641130729237485
777276,2025-07-02,2025,New York Mets,Milwaukee Brewers,2025-07-02T17:00:00+00:00,2025-07-02T23:10:00+00:00,0.008657618707922698,0.0,162,162,0.5417934639838479,0.5306841046277666,0.5343511450381679,1,0.20995322964792132,0.2202574096490411,0.2168288561272653
777279,2025-07-02,2025,Atlanta Braves,Los Angeles Angels,2025-07-02T17:00:00+00:00,2025-07-02T23:15:00+00:00,0.10346690627719762,0.0,162,162,0.6362291099294028,0.5306841046277666,0.5417721518987342,1,0.13232926046275448,0.2202574096490411,0.20997276077551674
777284,2025-07-02,2025,Washington Nationals,Detroit Tigers,2025-07-02T17:00:00+00:00,2025-07-02T17:05:00+00:00,-0.1257430938861392,0.0,162,162,0.4043484846124327,0.5306841046277666,0.5,0,0.16349769700837075,0.2816256189045743,0.25
777289,2025-07-02,2025,New York Mets,Milwaukee Brewers,2025-07-02T17:00:00+00:00,2025-07-02T17:10:00+00:00,0.008657618707922698,0.0,162,162,0.5417934639838479,0.5306841046277666,0.4846153846153846,0,0.2935401576156171,0.2816256189045743,0.23485207100591715
777290,2025-07-02,2025,Philadelphia Phillies,San Diego Padres,2025-07-02T17:00:00+00:00,2025-07-02T22:15:00+00:00,0.025190352494461554,0.0,162,162,0.5586854820274613,0.5306841046277666,0.5785536159600998,1,0.1947585037733342,0.2202574096490411,0.17761705462030705
777251,2025-07-03,2025,Seattle Mariners,Kansas City Royals,2025-07-03T17:00:00+00:00,2025-07-04T02:10:00+00:00,0.03865765982680913,0.0,162,162,0.5723475719123058,0.5306841046277666,0.5190839694656489,0,0.327581743073912,0.2816256189045743,0.26944816735621474
777253,2025-07-03,2025,Los Angeles Dodgers,Chicago White Sox,2025-07-03T17:00:00+00:00,2025-07-04T02:10:00+00:00,0.1563610370087956,0.0,162,162,0.6851271487808468,0.5306841046277666,0.7139874739039667,1,0.099144912434879,0.2202574096490411,0.08180316508383415
777256,2025-07-03,2025,Arizona Diamondbacks,San Francisco Giants,2025-07-03T17:00:00+00:00,2025-07-04T01:40:00+00:00,-0.014025542073635489,0.0,162,162,0.5184679838224364,0.5306841046277666,0.46954314720812185,0,0.26880905024890217,0.2816256189045743,0.220470767090108
777257,2025-07-03,2025,New York Mets,Milwaukee Brewers,2025-07-03T17:00:00+00:00,2025-07-03T23:10:00+00:00,0.005779944786647451,0.0,162,162,0.5388422924648794,0.5306841046277666,0.5841584158415841,1,0.21266643121904785,0.2202574096490411,0.1729242231153809
777258,2025-07-03,2025,Washington Nationals,Detroit Tigers,2025-07-03T17:00:00+00:00,2025-07-03T22:45:00+00:00,-0.12344499482074595,0.0,162,162,0.40663595317043283,0.5306841046277666,0.42999999999999994,1,0.35208089206996074,0.2202574096490411,0.3249000000000001
777259,2025-07-03,2025,Chicago Cubs,Cleveland Guardians,2025-07-03T17:00:00+00:00,2025-07-04T00:05:00+00:00,0.11831475474669545,0.0,162,162,0.6502962325418602,0.5306841046277666,0.57356608478803,1,0.12229272497441672,0.2202574096490411,0.18184588404300966
777260,2025-07-03,2025,Toronto Blue Jays,New York Yankees,2025-07-03T17:00:00+00:00,2025-07-03T23:07:00+00:00,-0.04289949784627467,0.0,162,162,0.4886730260685479,0.5306841046277666,0.4531645569620253,1,0.2614552742698959,0.2202574096490411,0.2990290017625381
777261,2025-07-03,2025,Atlanta Braves,Los Angeles Angels,2025-07-03T17:00:00+00:00,2025-07-03T23:15:00+00:00,0.11200721782553746,0.0,162,162,0.6443506114776097,0.5306841046277666,0.5901234567901236,0,0.4151877105115696,0.2816256189045743,0.3482456942539248
777264,2025-07-03,2025,Colorado Rockies,Houston Astros,2025-07-03T17:00:00+00:00,2025-07-03T19:10:00+00:00,-0.15874456524483044,0.0,162,162,0.3720008888635674,0.5306841046277666,0.37320574162679426,1,0.3943828835881494,0.2202574096490411,0.39287104232961706
777235,2025-07-04,2025,Los Angeles Dodgers,Houston Astros,2025-07-04T17:00:00+00:00,2025-07-05T01:10:00+00:00,0.03321249389249292,0.0,162,162,0.5668357166571738,0.5306841046277666,0.6235011990407675,0,0.3213027296782518,0.2816256189045743,0.3887537452052748
777236,2025-07-04,2025,Seattle Mariners,Pittsburgh Pirates,2025-07-04T17:00:00+00:00,2025-07-04T20:10:00+00:00,0.06574285548868769,-1.0,162,162,0.6646201009818843,0.5306841046277666,0.6391509433962265,1,0.1124796766654015,0.2202574096490411,0.13021204165183337
777239,2025-07-04,2025,San Diego Padres,Texas Rangers,2025-07-04T17:00:00+00:00,2025-07-04T22:40:00+00:00,0.003273796531092832,0.0,162,162,0.5362699082005424,0.5306841046277666,0.48469387755102045,1,0.21504559804033335,0.2202574096490411,0.2655403998334027
777242,2025-07-04,2025,Toronto Blue Jays,Los Angeles Angels,2025-07-04T17:00:00+00:00,2025-07-04T23:07:00+00:00,0.09361303078576294,0.0,162,162,0.6267613027175135,0.5306841046277666,0.6048780487804878,1,0.13930712514912758,0.2202574096490411,0.15612135633551458
777243,2025-07-04,2025,Colorado Rockies,Chicago White Sox,2025-07-04T17:00:00+00:00,2025-07-05T00:10:00+00:00,-0.031548175963621916,0.0,162,162,0.5003885528205366,0.5306841046277666,0.457070707070707,0,0.250388703793831,0.2816256189045743,0.20891363126211607
777246,2025-07-04,2025,Chicago Cubs,St. Louis Cardinals,2025-07-04T17:00:00+00:00,2025-07-04T18:20:00+00:00,0.07441244603665287,-1.0,162,162,0.672551658322271,0.5306841046277666,0.5639097744360902,1,0.10722241646749472,0.2202574096490411,0.19017468483238167
777247,2025-07-04,2025,Minnesota Twins,Tampa Bay Rays,2025-07-04T17:00:00+00:00,2025-07-04T20:10:00+00:00,-0.05642114322931846,-1.0,162,162,0.5447632834002127,0.5306841046277666,0.5102040816326531,1,0.20724046814055502,0.2202574096490411,0.23990004164931278
777248,2025-07-04,2025,Arizona Diamondbacks,Kansas City Royals,2025-07-04T17:00:00+00:00,2025-07-05T01:40:00+00:00,0.03199181234432752,0.0,162,162,0.5655977616737257,0.5306841046277666,0.5114503816793893,0,0.3199008280103286,0.2816256189045743,0.261581492919993
777249,2025-07-04,2025,Cleveland Guardians,Detroit Tigers,2025-07-04T17:00:00+00:00,2025-07-04T23:10:00+00:00,-0.0979311790974946,0.0,162,162,0.432282976609648,0.5306841046277666,0.4520202020202021,0,0.18686857186649747,0.2816256189045743,0.2043222630343843
777250,2025-07-04,2025,New York Mets,New York Yankees,2025-07-04T17:00:00+00:00,2025-07-04T19:10:00+00:00,-0.014941192208394183,0.0,162,162,0.5175240235799999,0.5306841046277666,0.5468354430379747,1,0.23278306782243247,0.2202574096490411,0.20535811568658865
777252,2025-07-04,2025,Atlanta Braves,Baltimore Orioles,2025-07-04T17:00:00+00:00,2025-07-04T23:15:00+00:00,0.09180753995615709,-1.0,162,162,0.6881690586173939,0.5306841046277666,0.6192771084337348,0,0.4735766532383501,0.2816256189045743,0.38350413703004776
777254,2025-07-04,2025,Miami Marlins,Milwaukee Brewers,2025-07-04T17:00:00+00:00,2025-07-04T23:10:00+00:00,-0.11088965192838823,0.0,162,162,0.4192023918734976,0.5306841046277666,0.457070707070707,0,0.17573064535246147,0.2816256189045743,0.20891363126211607
777255,2025-07-04,2025,Philadelphia Phillies,Cincinnati Reds,2025-07-04T17:00:00+00:00,2025-07-04T17:05:00+00:00,0.04482455525974299,0.0,162,162,0.5785683090166032,0.5306841046277666,0.5866336633663367,0,0.3347412881983316,0.2816256189045743,0.34413905499460845
777221,2025-07-05,2025,Los Angeles Dodgers,Houston Astros,2025-07-05T17:00:00+00:00,2025-07-05T23:15:00+00:00,0.019655478499199908,0.0,162,162,0.5530434637440242,0.5306841046277666,0.568922305764411,0,0.30585707278998786,0.2816256189045743,0.323672589996294
777223,2025-07-05,2025,San Diego Padres,Texas Rangers,2025-07-05T17:00:00+00:00,2025-07-06T01:40:00+00:00,0.005597754342447303,0.0,162,162,0.5386553548779807,0.5306841046277666,0.5216284987277354,0,0.2901495913387233,0.2816256189045743,0.27209629068495106
777225,2025-07-05,2025,Seattle Mariners,Pittsburgh Pirates,2025-07-05T17:00:00+00:00,2025-07-06T02:10:00+00:00,0.06886211485578564,0.0,162,162,0.6025617406454269,0.5306841046277666,0.5980392156862746,1,0.15795716999879292,0.2202574096490411,0.16157247212610526
777228,2025-07-05,2025,Washington Nationals,Boston Red Sox,2025-07-05T17:00:00+00:00,2025-07-05T20:05:00+00:00,-0.06216120084373655,0.0,162,162,0.4688285662428458,0.5306841046277666,0.5102040816326531,0,0.21980022452532244,0.2816256189045743,0.2603082049146189
777229,2025-07-05,2025,Chicago Cubs,St. Louis Cardinals,2025-07-05T17:00:00+00:00,2025-07-05T18:20:00+00:00,0.08212062370757856,0.0,162,162,0.6155956192517548,0.5306841046277666,0.6004901960784313,0,0.3789579664419514,0.2816256189045743,0.3605884755863129
777230,2025-07-05,2025,Minnesota Twins,Tampa Bay Rays,2025-07-05T17:00:00+00:00,2025-07-05T18:10:00+00:00,-0.05639073898936531,0.0,162,162,0.4747661354295765,0.5306841046277666,0.49744897959183665,1,0.275870612491582,0.2202574096490411,0.25255752811328624
777231,2025-07-05,2025,Toronto Blue Jays,Los Angeles Angels,2025-07-05T17:00:00+00:00,2025-07-05T19:07:00+00:00,0.09306300449608346,0.0,162,162,0.6262298747989934,0.5306841046277666,0.6391509433962265,1,0.13970410649277615,0.2202574096490411,0.13021204165183337
777232,2025-07-05,2025,Colorado Rockies,Chicago White Sox,2025-07-05T17:00:00+00:00,2025-07-06T01:10:00+00:00,-0.03234134489339696,0.0,162,162,0.4995697999690062,0.5306841046277666,0.5216284987277354,0,0.24956998504107286,0.2816256189045743,0.27209629068495106
777233,2025-07-05,2025,Philadelphia Phillies,Cincinnati Reds,2025-07-05T17:00:00+00:00,2025-07-05T20:05:00+00:00,0.04086461924172313,0.0,162,162,0.5745765362858003,0.5306841046277666,0.6225961538461539,1,0.180985123478587,0.2202574096490411,0.14243366309171596
777234,2025-07-05,2025,Arizona Diamondbacks,Kansas City Royals,2025-07-05T17:00:00+00:00,2025-07-05T20:10:00+00:00,0.025455460528188534,0.0,162,162,0.5589553539911528,0.5306841046277666,0.5831265508684863,1,0.19452037977306932,0.2202574096490411,0.17378347259080473
777237,2025-07-05,2025,Atlanta Braves,Baltimore Orioles,2025-07-05T17:00:00+00:00,2025-07-05T20:10:00+00:00,0.09126128550971374,0.0,162,162,0.6244869499462004,0.5306841046277666,0.5796019900497512,0,0.38998395065310815,0.2816256189045743,0.3359384668696319
777238,2025-07-05,2025,Miami Marlins,Milwaukee Brewers,2025-07-05T17:00:00+00:00,2025-07-05T20:10:00+00:00,-0.11111012829760053,0.0,162,162,0.41898076324058514,0.5306841046277666,0.44332493702770776,1,0.33758335348449303,0.2202574096490411,0.3098871257352056
777240,2025-07-05,2025,Cleveland Guardians,Detroit Tigers,2025-07-05T17:00:00+00:00,2025-07-05T23:15:00+00:00,-0.09699336340849607,0.0,162,162,0.43323353350659866,0.5306841046277666,0.4582278481012658,0,0.18769129455461314,0.2816256189045743,0.20997276077551674
777241,2025-07-05,2025,New York Mets,New York Yankees,2025-07-05T17:00:00+00:00,2025-07-05T20:10:00+00:00,-0.019387736883288875,0.0,162,162,0.5129383447101912,0.5306841046277666,0.4371859296482412,1,0.23722905605364855,0.2202574096490411,0.3167596777859145
777205,2025-07-06,2025,Seattle Mariners,Pittsburgh Pirates,2025-07-06T17:00:00+00:00,2025-07-06T20:10:00+00:00,0.06380058702585911,0.0,162,162,0.5975462188305013,0.5306841046277666,0.5114503816793893,1,0.16196904597762674,0.2202574096490411,0.23868072956121442
777206,2025-07-06,2025,Los Angeles Dodgers,Houston Astros,2025-07-06T17:00:00+00:00,2025-07-06T20:10:00+00:00,0.017598145584602265,0.0,162,162,0.5509427374418091,0.5306841046277666,0.64,0,0.3035378999398742,0.2816256189045743,0.4096
777207,2025-07-06,2025,San Diego Padres,Texas Rangers,2025-07-06T17:00:00+00:00,2025-07-07T01:10:00+00:00,1.8051397562224292e-05,0.0,162,162,0.5329252511885623,0.5306841046277666,0.5357142857142857,1,0.21815882097726766,0.2202574096490411,0.21556122448979592
777213,2025-07-06,2025,Washington Nationals,Boston Red Sox,2025-07-06T17:00:00+00:00,2025-07-06T17:35:00+00:00,-0.07006809134222075,0.0,162,162,0.46070734313094364,0.5306841046277666,0.3251121076233184,0,0.21225125601477304,0.2816256189045743,0.10569788252327615
777214,2025-07-06,2025,Toronto Blue Jays,Los Angeles Angels,2025-07-06T17:00:00+00:00,2025-07-06T17:37:00+00:00,0.09393911733623772,0.0,162,162,0.6270762187456188,0.5306841046277666,0.6192771084337348,1,0.13907214662506556,0.2202574096490411,0.1449499201625781
777215,2025-07-06,2025,Colorado Rockies,Chicago White Sox,2025-07-06T17:00:00+00:00,2025-07-06T19:10:00+00:00,-0.03904486268687957,0.0,162,162,0.49265058572739484,0.5306841046277666,0.47959183673469385,1,0.2574034281627555,0.2202574096490411,0.27082465639316955
777216,2025-07-06,2025,New York Mets,New York Yankees,2025-07-06T17:00:00+00:00,2025-07-06T17:40:00+00:00,-0.00788182008734195,0.0,162,162,0.5247979180198219,0.5306841046277666,0.37740384615384615,0,0.2754128547579397,0.2816256189045743,0.14243366309171596
777217,2025-07-06,2025,Philadelphia Phillies,Cincinnati Reds,2025-07-06T17:00:00+00:00,2025-07-06T17:35:00+00:00,0.04237756687877792,0.0,162,162,0.5761028252051272,0.5306841046277666,0.6711711711711711,1,0.17968881479907492,0.2202574096490411,0.10812839866893927
777218,2025-07-06,2025,Arizona Diamondbacks,Kansas City Royals,2025-07-06T17:00:00+00:00,2025-07-06T20:10:00+00:00,0.031803379203443394,0.0,162,162,0.5654065887470142,0.5306841046277666,0.5935960591133005,0,0.31968461059853526,0.2816256189045743,0.35235628139484093
777219,2025-07-06,2025,Chicago Cubs,St. Louis Cardinals,2025-07-06T17:00:00+00:00,2025-07-06T22:10:00+00:00,0.07668558616173804,0.0,162,162,0.6102715533332835,0.5306841046277666,0.6527777777777778,1,0.15188826214125167,0.2202574096490411,0.12056327160493827
777220,2025-07-06,2025,Minnesota Twins,Tampa Bay Rays,2025-07-06T17:00:00+00:00,2025-07-06T18:10:00+00:00,-0.053564433900470665,0.0,162,162,0.4776769979400987,0.5306841046277666,0.5406091370558376,0,0.22817531436106506,0.2816256189045743,0.2922582390682574
777224,2025-07-06,2025,Miami Marlins,Milwaukee Brewers,2025-07-06T17:00:00+00:00,2025-07-06T17:40:00+00:00,-0.11145345595871525,0.0,162,162,0.41863570638447356,0.5306841046277666,0.5076530612244898,0,0.17525585466002716,0.2816256189045743,0.2577116305705956
777226,2025-07-06,2025,Cleveland Guardians,Detroit Tigers,2025-07-06T17:00:00+00:00,2025-07-06T17:40:00+00:00,-0.09343176024059607,0.0,162,162,0.4368479463315737,0.5306841046277666,0.34174311926605505,0,0.1908361282141135,0.2816256189045743,0.11678835956569313
777199,2025-07-07,2025,San Francisco Giants,Philadelphia Phillies,2025-07-07T17:00:00+00:00,2025-07-08T01:45:00+00:00,0.0077822534128419996,0.0,162,162,0.5408960419611711,0.5306841046277666,0.45569620253164556,1,0.21077644428691875,0.2202574096490411,0.2962666239384714
777200,2025-07-07,2025,Los Angeles Angels,Texas Rangers,2025-07-07T17:00:00+00:00,2025-07-08T01:38:00+00:00,-0.07209234437836004,0.0,162,162,0.4586313948536221,0.5306841046277666,0.4531645569620253,1,0.2930799666381349,0.2202574096490411,0.2990290017625381
777201,2025-07-07,2025,Milwaukee Brewers,Los Angeles Dodgers,2025-07-07T17:00:00+00:00,2025-07-07T23:40:00+00:00,-0.024360125736112237,0.0,162,162,0.507807822960073,0.5306841046277666,0.4483627204030227,1,0.24225313913930285,0.2202574096490411,0.30430368824115367
777202,2025-07-07,2025,Houston Astros,Cleveland Guardians,2025-07-07T17:00:00+00:00,2025-07-08T00:10:00+00:00,0.08210098238593166,0.0,162,162,0.6155764278874793,0.5306841046277666,0.5468354430379747,0,0.3789343385707091,0.2816256189045743,0.2990290017625381
777203,2025-07-07,2025,San Diego Padres,Arizona Diamondbacks,2025-07-07T17:00:00+00:00,2025-07-08T01:40:00+00:00,-0.016311139296796395,0.0,162,162,0.5161114889080551,0.5306841046277666,0.5165394402035622,0,0.26637106898288954,0.2816256189045743,0.26681299328580943
777204,2025-07-07,2025,Kansas City Royals,Pittsburgh Pirates,2025-07-07T17:00:00+00:00,2025-07-07T23:40:00+00:00,0.03507754414651448,0.0,162,162,0.5687255434058901,0.5306841046277666,0.57356608478803,1,0.1859976569105448,0.2202574096490411,0.18184588404300966
777208,2025-07-07,2025,Cincinnati Reds,Miami Marlins,2025-07-07T17:00:00+00:00,2025-07-07T23:10:00+00:00,0.05811864717859738,0.0,162,162,0.591891559677412,0.5306841046277666,0.5541561712846348,0,0.3503356184173594,0.2816256189045743,0.3070890621728455
777209,2025-07-07,2025,Boston Red Sox,Colorado Rockies,2025-07-07T17:00:00+00:00,2025-07-07T23:10:00+00:00,0.12424094687687864,0.0,162,162,0.6558401742155211,0.5306841046277666,0.6621004566210046,1,0.11844598568400287,0.2202574096490411,0.1141761014157336
777211,2025-07-07,2025,Detroit Tigers,Tampa Bay Rays,2025-07-07T17:00:00+00:00,2025-07-07T22:40:00+00:00,0.034134696898501016,0.0,162,162,0.5677704173501616,0.5306841046277666,0.47959183673469385,1,0.18682241211765344,0.2202574096490411,0.27082465639316955
777212,2025-07-07,2025,Chicago White Sox,Toronto Blue Jays,2025-07-07T17:00:00+00:00,2025-07-07T23:40:00+00:00,-0.11134783325965214,0.0,162,162,0.41874185259850005,0.5306841046277666,0.40196078431372556,0,0.17534473911762394,0.2816256189045743,0.1615724721261054
777180,2025-07-08,2025,Los Angeles Angels,Texas Rangers,2025-07-08T17:00:00+00:00,2025-07-09T01:38:00+00:00,-0.06919291919777204,0.0,162,162,0.46160529187020255,0.5306841046277666,0.47959183673469385,0,0.21307944548257488,0.2816256189045743,0.23000832986255726
777185,2025-07-08,2025,San Diego Padres,Arizona Diamondbacks,2025-07-08T17:00:00+00:00,2025-07-09T01:40:00+00:00,-0.01709327502615171,0.0,162,162,0.5153049219912269,0.5306841046277666,0.5541561712846348,1,0.23492931864593064,0.2202574096490411,0.1987767196035759
777186,2025-07-08,2025,San Francisco Giants,Philadelphia Phillies,2025-07-08T17:00:00+00:00,2025-07-09T01:45:00+00:00,0.011882148157726036,0.0,162,162,0.5450968597264361,0.5306841046277666,0.57356608478803,1,0.2069368670307498,0.2202574096490411,0.18184588404300966
777187,2025-07-08,2025,New York Yankees,Seattle Mariners,2025-07-08T17:00:00+00:00,2025-07-08T23:05:00+00:00,0.0316044149098873,0.0,162,162,0.5652047104276752,0.5306841046277666,0.5443037974683544,1,0.1890469438342818,0.2202574096490411,0.20765902900176253
777188,2025-07-08,2025,Chicago White Sox,Toronto Blue Jays,2025-07-08T17:00:00+00:00,2025-07-08T23:40:00+00:00,-0.11230716999657225,0.0,162,162,0.417778038250454,0.5306841046277666,0.36170212765957444,0,0.17453848924439783,0.2816256189045743,0.13082842915346307
777190,2025-07-08,2025,Minnesota Twins,Chicago Cubs,2025-07-08T17:00:00+00:00,2025-07-08T23:40:00+00:00,-0.11649485453234093,0.0,162,162,0.41357824835356866,0.5306841046277666,0.45569620253164556,1,0.34389047080406887,0.2202574096490411,0.2962666239384714
777191,2025-07-08,2025,St. Louis Cardinals,Washington Nationals,2025-07-08T17:00:00+00:00,2025-07-08T23:45:00+00:00,0.06545584060537413,0.0,162,162,0.5991887292753005,0.5306841046277666,0.6574712643678161,1,0.16064967473994832,0.2202574096490411,0.11732593473378253
777192,2025-07-08,2025,Houston Astros,Cleveland Guardians,2025-07-08T17:00:00+00:00,2025-07-09T00:10:00+00:00,0.08171446134523191,0.0,162,162,0.6151986884100265,0.5306841046277666,0.6391509433962265,0,0.3784694262214168,0.2816256189045743,0.4085139284442863
777193,2025-07-08,2025,Milwaukee Brewers,Los Angeles Dodgers,2025-07-08T17:00:00+00:00,2025-07-08T23:40:00+00:00,-0.01793528492311769,0.0,162,162,0.5144365216415652,0.5306841046277666,0.47959183673469385,1,0.2357718915155422,0.2202574096490411,0.27082465639316955
777194,2025-07-08,2025,Kansas City Royals,Pittsburgh Pirates,2025-07-08T17:00:00+00:00,2025-07-08T23:40:00+00:00,0.045619873218763485,0.0,162,162,0.5793688017888805,0.5306841046277666,0.5541561712846348,1,0.17693060490852208,0.2202574096490411,0.1987767196035759
777195,2025-07-08,2025,Detroit Tigers,Tampa Bay Rays,2025-07-08T17:00:00+00:00,2025-07-08T22:40:00+00:00,0.03762028094453018,0.0,162,162,0.5712988282450463,0.5306841046277666,0.5367088607594936,1,0.18378469466407032,0.2202574096490411,0.21463867969876624
777196,2025-07-08,2025,Boston Red Sox,Colorado Rockies,2025-07-08T17:00:00+00:00,2025-07-08T23:10:00+00:00,0.1290715548312566,0.0,162,162,0.6603280932035835,0.5306841046277666,0.7076271186440679,1,0.11537700426671343,0.2202574096490411,0.08548190175236994
777197,2025-07-08,2025,Cincinnati Reds,Miami Marlins,2025-07-08T17:00:00+00:00,2025-07-08T23:10:00+00:00,0.0492885750291423,0.0,162,162,0.5830559117728265,0.5306841046277666,0.5204081632653061,0,0.33995419625324197,0.2816256189045743,0.27082465639316955
777198,2025-07-08,2025,Baltimore Orioles,New York Mets,2025-07-08T17:00:00+00:00,2025-07-08T22:35:00+00:00,-0.09405810323426339,0.0,162,162,0.436211818716849,0.5306841046277666,0.46446700507614214,0,0.19028075078826112,0.2816256189045743,0.21572959880440104
777162,2025-07-09,2025,San Diego Padres,Arizona Diamondbacks,2025-07-09T17:00:00+00:00,2025-07-10T01:40:00+00:00,-0.017618556872293356,0.0,162,162,0.5147631871603979,0.5306841046277666,0.5725,0,0.2649811388555309,0.2816256189045743,0.32775625
777163,2025-07-09,2025,San Francisco Giants,Philadelphia Phillies,2025-07-09T17:00:00+00:00,2025-07-09T19:45:00+00:00,0.012215778181710601,0.0,162,162,0.5454384283069041,0.5306841046277666,0.45569620253164556,0,0.29750307907390583,0.2816256189045743,0.20765902900176253
777171,2025-07-09,2025,Los Angeles Angels,Texas Rangers,2025-07-09T17:00:00+00:00,2025-07-10T01:38:00+00:00,-0.07812401919903617,0.0,162,162,0.4524544695608709,0.5306841046277666,0.4783715012722647,1,0.2998061079038673,0.2202574096490411,0.27209629068495095
777172,2025-07-09,2025,Chicago White Sox,Toronto Blue Jays,2025-07-09T17:00:00+00:00,2025-07-09T18:10:00+00:00,-0.11112929904460017,0.0,162,162,0.41896149384615444,0.5306841046277666,0.4371859296482412,1,0.33760574563349244,0.2202574096490411,0.3167596777859145
777173,2025-07-09,2025,Minnesota Twins,Chicago Cubs,2025-07-09T17:00:00+00:00,2025-07-09T23:40:00+00:00,-0.11337618144790118,0.0,162,162,0.416704776936737,0.5306841046277666,0.49489795918367346,1,0.3402333172484217,0.2202574096490411,0.25512807163681794
777174,2025-07-09,2025,Houston Astros,Cleveland Guardians,2025-07-09T17:00:00+00:00,2025-07-10T00:10:00+00:00,0.07750448747201455,0.0,162,162,0.6110754527380317,0.5306841046277666,0.5796019900497512,0,0.3734132089389904,0.2816256189045743,0.3359384668696319
777175,2025-07-09,2025,Milwaukee Brewers,Los Angeles Dodgers,2025-07-09T17:00:00+00:00,2025-07-09T18:10:00+00:00,-0.015618954373303406,0.0,162,162,0.5168252253986574,0.5306841046277666,0.4088669950738916,1,0.23345786281105824,0.2202574096490411,0.3494382295129704
777177,2025-07-09,2025,Kansas City Royals,Pittsburgh Pirates,2025-07-09T17:00:00+00:00,2025-07-09T23:40:00+00:00,0.048505800491434825,0.0,162,162,0.5822699740096516,0.5306841046277666,0.6276849642004773,1,0.1744983746138971,0.2202574096490411,0.1386184858823999
777178,2025-07-09,2025,St. Louis Cardinals,Washington Nationals,2025-07-09T17:00:00+00:00,2025-07-09T23:45:00+00:00,0.06783136760809805,0.0,162,162,0.6015420707786107,0.5306841046277666,0.5491183879093199,0,0.36185286291661906,0.2816256189045743,0.3015310039401303
777179,2025-07-09,2025,Boston Red Sox,Colorado Rockies,2025-07-09T17:00:00+00:00,2025-07-09T23:10:00+00:00,0.1345084154580602,0.0,162,162,0.6653450036517348,0.5306841046277666,0.7222222222222222,1,0.11199396658085742,0.2202574096490411,0.0771604938271605
777182,2025-07-09,2025,Detroit Tigers,Tampa Bay Rays,2025-07-09T17:00:00+00:00,2025-07-09T21:10:00+00:00,0.0373941135195488,0.0,162,162,0.5710700977003634,0.5306841046277666,0.5675,0,0.3261210564875026,0.2816256189045743,0.32205625
777183,2025-07-09,2025,Cincinnati Reds,Miami Marlins,2025-07-09T17:00:00+00:00,2025-07-09T23:10:00+00:00,0.0442042638060825,0.0,162,162,0.577943694584161,0.5306841046277666,0.5603015075376885,1,0.17813152494126802,0.2202574096490411,0.19333476427362942
777184,2025-07-09,2025,New York Yankees,Seattle Mariners,2025-07-09T17:00:00+00:00,2025-07-09T23:05:00+00:00,0.03795420176361686,0.0,162,162,0.5716364776294229,0.5306841046277666,0.5760598503740648,1,0.18349530729772787,0.2202574096490411,0.17972525046486032
777158,2025-07-10,2025,San Diego Padres,Arizona Diamondbacks,2025-07-10T17:00:00+00:00,2025-07-11T01:40:00+00:00,-0.02146219230155444,0.0,162,162,0.5107981863482117,0.5306841046277666,0.4783715012722647,1,0.23931841448019897,0.2202574096490411,0.27209629068495095
777159,2025-07-10,2025,Los Angeles Angels,Texas Rangers,2025-07-10T17:00:00+00:00,2025-07-11T01:38:00+00:00,-0.07256078272362998,0.0,162,162,0.45815119544338373,0.5306841046277666,0.5153061224489797,0,0.2099025178862016,0.2816256189045743,0.26554039983340283
777166,2025-07-10,2025,Minnesota Twins,Chicago Cubs,2025-07-10T17:00:00+00:00,2025-07-10T17:10:00+00:00,-0.11138272564812918,0.0,162,162,0.41870678643457476,0.5306841046277666,0.4809160305343511,0,0.1753153730063686,0.2816256189045743,0.23128022842491694
777167,2025-07-10,2025,St. Louis Cardinals,Washington Nationals,2025-07-10T17:00:00+00:00,2025-07-10T23:45:00+00:00,0.06834012764989411,0.0,162,162,0.60204547390392,0.5306841046277666,0.568922305764411,1,0.1583678048403556,0.2202574096490411,0.18582797846747193
777168,2025-07-10,2025,Cincinnati Reds,Miami Marlins,2025-07-10T17:00:00+00:00,2025-07-10T21:10:00+00:00,0.05138434193247915,0.0,162,162,0.5851580607434858,0.5306841046277666,0.6004901960784313,1,0.17209383456610547,0.2202574096490411,0.15960808342945024
777169,2025-07-10,2025,New York Yankees,Seattle Mariners,2025-07-10T17:00:00+00:00,2025-07-10T23:05:00+00:00,0.04127037613569162,0.0,162,162,0.5749860119480653,0.5306841046277666,0.49234693877551017,1,0.1806368900398101,0.2202574096490411,0.2577116305705956
777170,2025-07-10,2025,Boston Red Sox,Tampa Bay Rays,2025-07-10T17:00:00+00:00,2025-07-10T23:10:00+00:00,-0.01378117181117422,0.0,162,162,0.518719887529021,0.5306841046277666,0.5153061224489797,1,0.2316305466600782,0.2202574096490411,0.2349281549354435
777181,2025-07-10,2025,Baltimore Orioles,New York Mets,2025-07-10T17:00:00+00:00,2025-07-10T21:05:00+00:00,-0.09455868863416034,0.0,162,162,0.4357035640384448,0.5306841046277666,0.48346055979643765,1,0.3184304676389136,0.2202574096490411,0.26681299328580954
777139,2025-07-11,2025,San Diego Padres,Philadelphia Phillies,2025-07-11T17:00:00+00:00,2025-07-12T01:40:00+00:00,-0.03471095279812286,-1.0,162,162,0.5668905236686331,0.5306841046277666,0.4088669950738916,1,0.18758381848803085,0.2202574096490411,0.3494382295129704
777143,2025-07-11,2025,San Francisco Giants,Los Angeles Dodgers,2025-07-11T17:00:00+00:00,2025-07-12T02:15:00+00:00,-0.02071103354309567,0.0,162,162,0.5115731859309784,0.5306841046277666,0.5392405063291139,1,0.23856075270161456,0.2202574096490411,0.21229931100785132
777146,2025-07-11,2025,Chicago White Sox,Cleveland Guardians,2025-07-11T17:00:00+00:00,2025-07-12T00:10:00+00:00,-0.051618415964326314,0.0,162,162,0.4796821305919141,0.5306841046277666,0.48469387755102045,1,0.2707306852253699,0.2202574096490411,0.2655403998334027
777147,2025-07-11,2025,St. Louis Cardinals,Atlanta Braves,2025-07-11T17:00:00+00:00,2025-07-12T00:15:00+00:00,-0.025572359447602167,0.0,162,162,0.5065567468291791,0.5306841046277666,0.5216284987277354,0,0.25659973775816103,0.2816256189045743,0.27209629068495106
777148,2025-07-11,2025,Minnesota Twins,Pittsburgh Pirates,2025-07-11T17:00:00+00:00,2025-07-12T00:10:00+00:00,0.013097907206662318,-1.0,162,162,0.6145738564337155,0.5306841046277666,0.5505050505050506,1,0.1485533121443781,0.2202574096490411,0.20204570962146712
777149,2025-07-11,2025,Milwaukee Brewers,Washington Nationals,2025-07-11T17:00:00+00:00,2025-07-12T00:10:00+00:00,0.10862353611406861,1.0,162,162,0.5743558994462463,0.5306841046277666,0.6488372093023256,1,0.18117290033621397,0.2202574096490411,0.1233153055705787
777150,2025-07-11,2025,Los Angeles Angels,Arizona Diamondbacks,2025-07-11T17:00:00+00:00,2025-07-12T01:38:00+00:00,-0.092057642239188,0.0,162,162,0.43824425583912224,0.5306841046277666,0.48469387755102045,1,0.3155695160977416,0.2202574096490411,0.2655403998334027
777151,2025-07-11,2025,Kansas City Royals,New York Mets,2025-07-11T17:00:00+00:00,2025-07-12T00:10:00+00:00,-0.04607719634937307,1.0,162,162,0.416023965365809,0.5306841046277666,0.4607594936708861,0,0.17307593975869184,0.2816256189045743,0.21229931100785132
777153,2025-07-11,2025,New York Yankees,Chicago Cubs,2025-07-11T17:00:00+00:00,2025-07-11T23:05:00+00:00,-0.020484454853506473,0.0,162,162,0.5118069451884428,0.5306841046277666,0.6125907990314771,1,0.23833245876624007,0.2202574096490411,0.1500858889950694
777154,2025-07-11,2025,Houston Astros,Texas Rangers,2025-07-11T17:00:00+00:00,2025-07-12T00:10:00+00:00,0.03304418231325712,1.0,162,162,0.496894253359069,0.5306841046277666,0.5355329949238579,0,0.24690389902126667,0.2816256189045743,0.2867955886521168
777155,2025-07-11,2025,Boston Red Sox,Tampa Bay Rays,2025-07-11T17:00:00+00:00,2025-07-11T23:10:00+00:00,-0.013716404567887697,0.0,162,162,0.5187866498262358,0.5306841046277666,0.5165394402035622,1,0.2315662883854578,0.2202574096490411,0.23373411287868498
777157,2025-07-11,2025,Baltimore Orioles,Miami Marlins,2025-07-11T17:00:00+00:00,2025-07-11T23:05:00+00:00,0.021881033087841006,0.0,162,162,0.5553138269255383,0.5306841046277666,0.5555555555555556,1,0.19774579252361008,0.2202574096490411,0.19753086419753085
777160,2025-07-11,2025,Cincinnati Reds,Colorado Rockies,2025-07-11T17:00:00+00:00,2025-07-11T23:10:00+00:00,0.1174099265321869,-1.0,162,162,0.7103914904935157,0.5306841046277666,0.6892778993435448,0,0.5046560697655987,0.2816256189045743,0.47510402252344985
777161,2025-07-11,2025,Detroit Tigers,Seattle Mariners,2025-07-11T17:00:00+00:00,2025-07-11T23:10:00+00:00,0.04290079351559983,1.0,162,162,0.5070682842040698,0.5306841046277666,0.6899563318777293,0,0.2571182448456593,0.2816256189045743,0.47603973989817133
777164,2025-07-11,2025,Chicago White Sox,Cleveland Guardians,2025-07-11T17:00:00+00:00,2025-07-11T19:10:00+00:00,-0.051618415964326314,0.0,162,162,0.4796821305919141,0.5306841046277666,0.4531645569620253,0,0.23009494640919814,0.2816256189045743,0.20535811568658865
777126,2025-07-12,2025,San Diego Padres,Philadelphia Phillies,2025-07-12T17:00:00+00:00,2025-07-12T23:35:00+00:00,-0.035721293462573245,0.0,162,162,0.49608090942992406,0.5306841046277666,0.4029484029484029,1,0.25393444984097235,0.2202574096490411,0.3564706095418626
777127,2025-07-12,2025,San Francisco Giants,Los Angeles Dodgers,2025-07-12T17:00:00+00:00,2025-07-12T20:05:00+00:00,-0.013860415517533364,0.0,162,162,0.5186382019348433,0.5306841046277666,0.3995098039215686,0,0.26898558450620735,0.2816256189045743,0.15960808342945018
777131,2025-07-12,2025,Los Angeles Angels,Arizona Diamondbacks,2025-07-12T17:00:00+00:00,2025-07-13T01:38:00+00:00,-0.0867374816985702,0.0,162,162,0.44365937211348844,0.5306841046277666,0.5216284987277354,1,0.3095148942371579,0.2202574096490411,0.22883929322948024
777133,2025-07-12,2025,St. Louis Cardinals,Atlanta Braves,2025-07-12T17:00:00+00:00,2025-07-12T18:15:00+00:00,-0.03065772681368828,0.0,162,162,0.5013077210007105,0.5306841046277666,0.4885496183206107,0,0.2513094311349262,0.2816256189045743,0.23868072956121442
777134,2025-07-12,2025,Minnesota Twins,Pittsburgh Pirates,2025-07-12T17:00:00+00:00,2025-07-12T18:10:00+00:00,0.013127300839603617,0.0,162,162,0.5463714212573357,0.5306841046277666,0.5491183879093199,1,0.20577888745208955,0.2202574096490411,0.20329422812149053
777135,2025-07-12,2025,Milwaukee Brewers,Washington Nationals,2025-07-12T17:00:00+00:00,2025-07-12T20:10:00+00:00,0.10992815093883884,0.0,162,162,0.642380930792538,0.5306841046277666,0.701716738197425,1,0.1278913986608115,0.2202574096490411,0.08897290427158351
777136,2025-07-12,2025,Kansas City Royals,New York Mets,2025-07-12T17:00:00+00:00,2025-07-12T20:10:00+00:00,-0.052676859981287016,0.0,162,162,0.4785914486021364,0.5306841046277666,0.46446700507614214,0,0.22904977467509138,0.2816256189045743,0.21572959880440104
777137,2025-07-12,2025,Houston Astros,Texas Rangers,2025-07-12T17:00:00+00:00,2025-07-12T23:35:00+00:00,0.030279223780267817,0.0,162,162,0.5638595619107405,0.5306841046277666,0.5217391304347826,1,0.1902184817366912,0.2202574096490411,0.2287334593572779
777138,2025-07-12,2025,Chicago White Sox,Cleveland Guardians,2025-07-12T17:00:00+00:00,2025-07-12T20:10:00+00:00,-0.05372341281964027,0.0,162,162,0.47751322058161877,0.5306841046277666,0.4133663366336633,0,0.2280188758302297,0.2816256189045743,0.17087172826193503
777140,2025-07-12,2025,Cincinnati Reds,Colorado Rockies,2025-07-12T17:00:00+00:00,2025-07-12T20:10:00+00:00,0.11596922981156405,0.0,162,162,0.648090626032402,0.5306841046277666,0.7121848739495799,1,0.12384020748626676,0.2202574096490411,0.08283754678341923
777141,2025-07-12,2025,Baltimore Orioles,Miami Marlins,2025-07-12T17:00:00+00:00,2025-07-12T20:05:00+00:00,0.022584790580465475,0.0,162,162,0.5560312779509234,0.5306841046277666,0.6039119804400979,0,0.3091707820597371,0.2816256189045743,0.36470968011908117
777142,2025-07-12,2025,New York Yankees,Chicago Cubs,2025-07-12T17:00:00+00:00,2025-07-12T17:05:00+00:00,-0.008319556016272767,0.0,162,162,0.5243471540435569,0.5306841046277666,0.5785536159600998,0,0.27493993795357763,0.2816256189045743,0.3347242865405066
777144,2025-07-12,2025,Boston Red Sox,Tampa Bay Rays,2025-07-12T17:00:00+00:00,2025-07-12T20:10:00+00:00,-0.01450990387459794,0.0,162,162,0.5179686624981577,0.5306841046277666,0.6235011990407675,1,0.23235421033381504,0.2202574096490411,0.14175134712373977
777145,2025-07-12,2025,Detroit Tigers,Seattle Mariners,2025-07-12T17:00:00+00:00,2025-07-12T17:10:00+00:00,0.03132771248710675,0.0,162,162,0.5649239194858373,0.5306841046277666,0.5051020408163266,0,0.3191390348072408,0.2816256189045743,0.25512807163681805
777113,2025-07-13,2025,Minnesota Twins,Pittsburgh Pirates,2025-07-13T17:00:00+00:00,2025-07-13T18:10:00+00:00,0.020920524832135357,0.0,162,162,0.5543342576620766,0.5306841046277666,0.5866336633663367,0,0.3072864692177655,0.2816256189045743,0.34413905499460845
777115,2025-07-13,2025,Los Angeles Angels,Arizona Diamondbacks,2025-07-13T17:00:00+00:00,2025-07-13T20:07:00+00:00,-0.08054279012174298,0.0,162,162,0.4499814514349089,0.5306841046277666,0.5216284987277354,0,0.2024833066354673,0.2816256189045743,0.27209629068495106
777117,2025-07-13,2025,San Diego Padres,Philadelphia Phillies,2025-07-13T17:00:00+00:00,2025-07-13T20:10:00+00:00,-0.03239077719000871,0.0,162,162,0.4995187732485342,0.5306841046277666,0.4531645569620253,0,0.24951900482772055,0.2816256189045743,0.20535811568658865
777118,2025-07-13,2025,St. Louis Cardinals,Atlanta Braves,2025-07-13T17:00:00+00:00,2025-07-13T18:15:00+00:00,-0.031487147750243305,0.0,162,162,0.5004515494884245,0.5306841046277666,0.6039119804400979,1,0.24954865440851598,0.2202574096490411,0.15688571923888542
777119,2025-07-13,2025,San Francisco Giants,Los Angeles Dodgers,2025-07-13T17:00:00+00:00,2025-07-13T20:05:00+00:00,-0.022261850644015646,0.0,162,162,0.5099730909054687,0.5306841046277666,0.4371859296482412,0,0.26007255344767743,0.2816256189045743,0.1911315370823969
777120,2025-07-13,2025,Chicago White Sox,Cleveland Guardians,2025-07-13T17:00:00+00:00,2025-07-13T18:10:00+00:00,-0.05554784493248682,0.0,162,162,0.475634076760844,0.5306841046277666,0.45088161209068006,0,0.22622777497614047,0.2816256189045743,0.20329422812149048
777121,2025-07-13,2025,Detroit Tigers,Seattle Mariners,2025-07-13T17:00:00+00:00,2025-07-13T17:40:00+00:00,0.023225384709172348,0.0,162,162,0.5566841335894699,0.5306841046277666,0.49489795918367346,0,0.30989722459025876,0.2816256189045743,0.24492399000416493
777122,2025-07-13,2025,New York Yankees,Chicago Cubs,2025-07-13T17:00:00+00:00,2025-07-13T17:35:00+00:00,-0.007196687841597327,0.0,162,162,0.5255033600192486,0.5306841046277666,0.5367088607594936,0,0.27615378139151997,0.2816256189045743,0.28805640121775355
777123,2025-07-13,2025,Milwaukee Brewers,Washington Nationals,2025-07-13T17:00:00+00:00,2025-07-13T18:10:00+00:00,0.10677932679770746,0.0,162,162,0.6393886144303217,0.5306841046277666,0.7070063694267517,1,0.1300405714024832,0.2202574096490411,0.08584526755649313
777124,2025-07-13,2025,Kansas City Royals,New York Mets,2025-07-13T17:00:00+00:00,2025-07-13T18:10:00+00:00,-0.051826014791153785,0.0,162,162,0.479468193145746,0.5306841046277666,0.49234693877551017,1,0.2709533619469543,0.2202574096490411,0.2577116305705956
777125,2025-07-13,2025,Houston Astros,Texas Rangers,2025-07-13T17:00:00+00:00,2025-07-13T18:10:00+00:00,0.03297444229667712,0.0,162,162,0.5665943614561059,0.5306841046277666,0.5417721518987342,0,0.3210291704338523,0.2816256189045743,0.2935170645729851
777128,2025-07-13,2025,Cincinnati Reds,Colorado Rockies,2025-07-13T17:00:00+00:00,2025-07-13T17:40:00+00:00,0.11786653034498984,0.0,162,162,0.6498752394577918,0.5306841046277666,0.6921397379912664,1,0.12258734794473863,0.2202574096490411,0.09477794092408612
777129,2025-07-13,2025,Baltimore Orioles,Miami Marlins,2025-07-13T17:00:00+00:00,2025-07-13T17:35:00+00:00,0.018696317968299903,0.0,162,162,0.5520643035435984,0.5306841046277666,0.5429292929292929,0,0.3047749952470783,0.2816256189045743,0.29477221712070195
777130,2025-07-13,2025,Boston Red Sox,Tampa Bay Rays,2025-07-13T17:00:00+00:00,2025-07-13T17:35:00+00:00,-0.008856944431746117,0.0,162,162,0.5237937175150256,0.5306841046277666,0.5292620865139949,1,0.22677242347815926,0.2202574096490411,0.22159418319315766
777098,2025-07-18,2025,Texas Rangers,Detroit Tigers,2025-07-18T17:00:00+00:00,2025-07-19T00:05:00+00:00,-0.03638204095062425,0.0,162,162,0.4953988987822291,0.5306841046277666,0.5076530612244898,1,0.25462227135018706,0.2202574096490411,0.24240550812161596
777099,2025-07-18,2025,Seattle Mariners,Houston Astros,2025-07-18T17:00:00+00:00,2025-07-19T02:10:00+00:00,-0.004652662043707956,0.0,162,162,0.5281218869709458,0.5306841046277666,0.547979797979798,1,0.2226689535558609,0.2202574096490411,0.20432226303438422
777100,2025-07-18,2025,Arizona Diamondbacks,St. Louis Cardinals,2025-07-18T17:00:00+00:00,2025-07-19T01:40:00+00:00,0.00853044502582001,0.0,162,162,0.5416631025798105,0.5306841046277666,0.5443037974683544,1,0.21007271153676527,0.2202574096490411,0.20765902900176253
777101,2025-07-18,2025,Chicago Cubs,Boston Red Sox,2025-07-18T17:00:00+00:00,2025-07-18T18:20:00+00:00,0.05421453632026885,0.0,162,162,0.5879919470519768,0.5306841046277666,0.5566750629722922,1,0.1697506356940211,0.2202574096490411,0.1965369997906211
777102,2025-07-18,2025,Colorado Rockies,Minnesota Twins,2025-07-18T17:00:00+00:00,2025-07-19T00:40:00+00:00,-0.09182513244722429,0.0,162,162,0.43848061799297156,0.5306841046277666,0.3995098039215686,1,0.31530401636955513,0.2202574096490411,0.3605884755863131
777103,2025-07-18,2025,Los Angeles Dodgers,Milwaukee Brewers,2025-07-18T17:00:00+00:00,2025-07-19T02:10:00+00:00,0.014449035366102425,0.0,162,162,0.5477237082395016,0.5306841046277666,0.6327014218009479,0,0.30000126056763066,0.2816256189045743,0.400311089148941
777107,2025-07-18,2025,Pittsburgh Pirates,Chicago White Sox,2025-07-18T17:00:00+00:00,2025-07-18T22:40:00+00:00,0.031851394476849704,0.0,162,162,0.5654553040039144,0.5306841046277666,0.5935960591133005,0,0.31973970082615927,0.2816256189045743,0.35235628139484093
777108,2025-07-18,2025,Toronto Blue Jays,San Francisco Giants,2025-07-18T17:00:00+00:00,2025-07-18T23:07:00+00:00,-0.016034105551990252,0.0,162,162,0.5163971563068386,0.5306841046277666,0.5806451612903225,1,0.2338717104281123,0.2202574096490411,0.17585848074921961
777110,2025-07-18,2025,Tampa Bay Rays,Baltimore Orioles,2025-07-18T17:00:00+00:00,2025-07-18T23:35:00+00:00,0.07433736302357213,0.0,162,162,0.6079630367539206,0.5306841046277666,0.5355329949238579,1,0.1536929805512078,0.2202574096490411,0.21572959880440104
777111,2025-07-18,2025,New York Mets,Cincinnati Reds,2025-07-18T17:00:00+00:00,2025-07-18T23:10:00+00:00,0.049929214557713264,0.0,162,162,0.583698826418351,0.5306841046277666,0.5760598503740648,0,0.3407043199621603,0.2816256189045743,0.33184495121298996
777112,2025-07-18,2025,Washington Nationals,San Diego Padres,2025-07-18T17:00:00+00:00,2025-07-18T22:45:00+00:00,-0.06493108220752053,0.0,162,162,0.4659814995974127,0.5306841046277666,0.4335839598997493,0,0.21713875796705354,0.2816256189045743,0.1879950502823474
777080,2025-07-19,2025,Colorado Rockies,Minnesota Twins,2025-07-19T17:00:00+00:00,2025-07-20T00:10:00+00:00,-0.08943373239498126,0.0,162,162,0.44091324189844505,0.5306841046277666,0.36170212765957444,1,0.3125780030845066,0.2202574096490411,0.40742417383431423
777081,2025-07-19,2025,Arizona Diamondbacks,St. Louis Cardinals,2025-07-19T17:00:00+00:00,2025-07-19T23:15:00+00:00,0.009764137964265007,0.0,162,162,0.5429274757578978,0.5306841046277666,0.47328244274809167,1,0.20891529241704712,0.2202574096490411,0.2774313851174173
777085,2025-07-19,2025,Los Angeles Dodgers,Milwaukee Brewers,2025-07-19T17:00:00+00:00,2025-07-20T01:10:00+00:00,0.010756403586226981,0.0,162,162,0.5439440172707721,0.5306841046277666,0.5603015075376885,0,0.29587509392466604,0.2816256189045743,0.3139377793490064
777086,2025-07-19,2025,Seattle Mariners,Houston Astros,2025-07-19T17:00:00+00:00,2025-07-20T01:40:00+00:00,4.701384082972382e-05,0.0,162,162,0.5329550180738734,0.5306841046277666,0.5541561712846348,1,0.21813101514237596,0.2202574096490411,0.1987767196035759
777088,2025-07-19,2025,Texas Rangers,Detroit Tigers,2025-07-19T17:00:00+00:00,2025-07-19T23:05:00+00:00,-0.03382742287556528,0.0,162,162,0.498035797710866,0.5306841046277666,0.5216284987277354,1,0.2519680603797666,0.2202574096490411,0.22883929322948024
777089,2025-07-19,2025,Philadelphia Phillies,Los Angeles Angels,2025-07-19T17:00:00+00:00,2025-07-19T22:05:00+00:00,0.09938777240040292,0.0,162,162,0.6323221046742015,0.5306841046277666,0.5516372795969774,1,0.13518703471120885,0.2202574096490411,0.20102912904719902
777090,2025-07-19,2025,Pittsburgh Pirates,Chicago White Sox,2025-07-19T17:00:00+00:00,2025-07-19T22:40:00+00:00,0.021984384054530293,0.0,162,162,0.5554192033891007,0.5306841046277666,0.5505050505050506,0,0.3084904914933832,0.2816256189045743,0.30305581063156833
777091,2025-07-19,2025,Washington Nationals,San Diego Padres,2025-07-19T17:00:00+00:00,2025-07-19T22:45:00+00:00,-0.0688785062955225,0.0,162,162,0.4619279486007994,0.5306841046277666,0.4239401496259351,1,0.2895215324969439,0.2202574096490411,0.33184495121298996
777092,2025-07-19,2025,New York Mets,Cincinnati Reds,2025-07-19T17:00:00+00:00,2025-07-19T20:10:00+00:00,0.04202790774333803,0.0,162,162,0.5757502106197946,0.5306841046277666,0.6168674698795181,0,0.33148830502873783,0.2816256189045743,0.3805254753955582
777093,2025-07-19,2025,Miami Marlins,Kansas City Royals,2025-07-19T17:00:00+00:00,2025-07-19T20:10:00+00:00,-0.05513136655502199,0.0,162,162,0.4760629857943277,0.5306841046277666,0.4619289340101523,1,0.27450999485475486,0.2202574096490411,0.2895204720554511
777094,2025-07-19,2025,Toronto Blue Jays,San Francisco Giants,2025-07-19T17:00:00+00:00,2025-07-19T19:07:00+00:00,-0.010124765471805741,0.0,162,162,0.5224878061919828,0.5306841046277666,0.4707379134860051,1,0.2280178952353454,0.2202574096490411,0.2801183562211475
777095,2025-07-19,2025,Tampa Bay Rays,Baltimore Orioles,2025-07-19T17:00:00+00:00,2025-07-19T23:05:00+00:00,0.08357184827417458,0.0,162,162,0.6170125991088887,0.5306841046277666,0.5417721518987342,1,0.14667934924132878,0.2202574096490411,0.20997276077551674
777096,2025-07-19,2025,Chicago Cubs,Boston Red Sox,2025-07-19T17:00:00+00:00,2025-07-19T23:15:00+00:00,0.05666311594193418,0.0,162,162,0.5904390297899995,0.5306841046277666,0.571072319201995,1,0.16774018831935691,0.2202574096490411,0.18397895535475528
777097,2025-07-19,2025,Atlanta Braves,New York Yankees,2025-07-19T17:00:00+00:00,2025-07-19T23:15:00+00:00,-0.032287296480824734,0.0,162,162,0.4996255917070879,0.5306841046277666,0.45569620253164556,0,0.24962573188865772,0.2816256189045743,0.20765902900176253
777067,2025-07-20,2025,Seattle Mariners,Houston Astros,2025-07-20T17:00:00+00:00,2025-07-20T20:10:00+00:00,0.0022871456938998724,0.0,162,162,0.5352566433168295,0.5306841046277666,0.5566750629722922,0,0.28649967421479966,0.2816256189045743,0.3098871257352055
777070,2025-07-20,2025,Los Angeles Dodgers,Milwaukee Brewers,2025-07-20T17:00:00+00:00,2025-07-20T20:10:00+00:00,0.01315915635892606,0.0,162,162,0.5464040212605902,0.5306841046277666,0.5945945945945945,0,0.29855735444974346,0.2816256189045743,0.3535427319211102
777071,2025-07-20,2025,Arizona Diamondbacks,St. Louis Cardinals,2025-07-20T17:00:00+00:00,2025-07-20T20:10:00+00:00,0.01750251055798041,0.0,162,162,0.5508450404656131,0.5306841046277666,0.5806451612903225,1,0.20174017767433672,0.2202574096490411,0.17585848074921961
777072,2025-07-20,2025,Colorado Rockies,Minnesota Twins,2025-07-20T17:00:00+00:00,2025-07-20T19:10:00+00:00,-0.08952513470790668,0.0,162,162,0.44082021103206503,0.5306841046277666,0.32142857142857145,0,0.19432245845435436,0.2816256189045743,0.10331632653061226
777073,2025-07-20,2025,Texas Rangers,Detroit Tigers,2025-07-20T17:00:00+00:00,2025-07-20T23:10:00+00:00,-0.030227105364367013,0.0,162,162,0.5017522281936425,0.5306841046277666,0.37649880095923266,0,0.2517552984972851,0.2816256189045743,0.14175134712373988
777074,2025-07-20,2025,Pittsburgh Pirates,Chicago White Sox,2025-07-20T17:00:00+00:00,2025-07-20T17:35:00+00:00,0.014346687995567264,0.0,162,162,0.5476190199689279,0.5306841046277666,0.5639097744360902,0,0.2998865910317291,0.2816256189045743,0.3179942337045622
777075,2025-07-20,2025,Chicago Cubs,Boston Red Sox,2025-07-20T17:00:00+00:00,2025-07-20T18:20:00+00:00,0.06075856332173912,0.0,162,162,0.5945219245164011,0.5306841046277666,0.43969849246231163,0,0.3534563187306853,0.2816256189045743,0.19333476427362953
777077,2025-07-20,2025,Washington Nationals,San Diego Padres,2025-07-20T17:00:00+00:00,2025-07-20T17:35:00+00:00,-0.0652362394256285,0.0,162,162,0.46566797099006313,0.5306841046277666,0.46446700507614214,0,0.21684665920600227,0.2816256189045743,0.21572959880440104
777078,2025-07-20,2025,Philadelphia Phillies,Los Angeles Angels,2025-07-20T17:00:00+00:00,2025-07-20T17:35:00+00:00,0.09771063583760997,0.0,162,162,0.6307106506027748,0.5306841046277666,0.5945945945945945,0,0.3977959247837754,0.2816256189045743,0.3535427319211102
777082,2025-07-20,2025,Miami Marlins,Kansas City Royals,2025-07-20T17:00:00+00:00,2025-07-20T17:40:00+00:00,-0.053296060009908275,0.0,162,162,0.4779534829958953,0.5306841046277666,0.4809160305343511,0,0.22843953190790758,0.2816256189045743,0.23128022842491694
777083,2025-07-20,2025,Atlanta Braves,New York Yankees,2025-07-20T17:00:00+00:00,2025-07-20T17:35:00+00:00,-0.03779507376561264,0.0,162,162,0.4939404546107353,0.5306841046277666,0.5417721518987342,0,0.2439771727010599,0.2816256189045743,0.2935170645729851
777087,2025-07-20,2025,New York Mets,Cincinnati Reds,2025-07-20T17:00:00+00:00,2025-07-20T17:40:00+00:00,0.037433073520803495,0.0,162,162,0.5711095013964751,0.5306841046277666,0.5566750629722922,1,0.18394705979238019,0.2202574096490411,0.1965369997906211
777050,2025-07-21,2025,Seattle Mariners,Milwaukee Brewers,2025-07-21T17:00:00+00:00,2025-07-22T01:40:00+00:00,-0.01324781271290365,0.0,162,162,0.5192696557912945,0.5306841046277666,0.5139949109414759,0,0.26964097542560944,0.2816256189045743,0.26419076847373574
777051,2025-07-21,2025,Los Angeles Dodgers,Minnesota Twins,2025-07-21T17:00:00+00:00,2025-07-22T02:10:00+00:00,0.09275421013536722,0.0,162,162,0.6259313882297446,0.5306841046277666,0.5980392156862746,1,0.13992732631172605,0.2202574096490411,0.16157247212610526
777053,2025-07-21,2025,Colorado Rockies,St. Louis Cardinals,2025-07-21T17:00:00+00:00,2025-07-22T00:40:00+00:00,-0.11615901143749274,0.0,162,162,0.41391460761078985,0.5306841046277666,0.4108910891089109,0,0.17132530239359414,0.2816256189045743,0.16883148710910698
777055,2025-07-21,2025,Arizona Diamondbacks,Houston Astros,2025-07-21T17:00:00+00:00,2025-07-22T01:40:00+00:00,-0.021386251226999886,0.0,162,162,0.5108765401168991,0.5306841046277666,0.5566750629722922,0,0.2609948392418136,0.2816256189045743,0.3098871257352055
777059,2025-07-21,2025,Tampa Bay Rays,Chicago White Sox,2025-07-21T17:00:00+00:00,2025-07-21T23:35:00+00:00,0.09983147050887087,0.0,162,162,0.6327479337318923,0.5306841046277666,0.6748878923766817,0,0.4003699476419792,0.2816256189045743,0.45547366727663946
777060,2025-07-21,2025,Pittsburgh Pirates,Detroit Tigers,2025-07-21T17:00:00+00:00,2025-07-21T22:40:00+00:00,-0.10290488834021277,0.0,162,162,0.42725018578974855,0.5306841046277666,0.5406091370558376,1,0.3280423496778775,0.2202574096490411,0.21103996495658223
777061,2025-07-21,2025,New York Mets,Los Angeles Angels,2025-07-21T17:00:00+00:00,2025-07-21T23:10:00+00:00,0.10025717865052308,0.0,162,162,0.6331563026909439,0.5306841046277666,0.6285714285714284,1,0.13457429825537837,0.2202574096490411,0.1379591836734695
777062,2025-07-21,2025,Miami Marlins,San Diego Padres,2025-07-21T17:00:00+00:00,2025-07-21T22:40:00+00:00,-0.06084522325304148,0.0,162,162,0.47018193762333776,0.5306841046277666,0.5577889447236182,0,0.2210710544672363,0.2816256189045743,0.31112850685588755
777063,2025-07-21,2025,Philadelphia Phillies,Boston Red Sox,2025-07-21T17:00:00+00:00,2025-07-21T22:45:00+00:00,0.0009949287568725707,0.0,162,162,0.5339291309324633,0.5306841046277666,0.6659090909090909,1,0.21722205499336894,0.2202574096490411,0.11161673553719009
777064,2025-07-21,2025,Washington Nationals,Cincinnati Reds,2025-07-21T17:00:00+00:00,2025-07-21T22:45:00+00:00,-0.06666947378366667,0.0,162,162,0.464195785569677,0.5306841046277666,0.46954314720812185,1,0.2870861562012956,0.2202574096490411,0.2813844726738643
777065,2025-07-21,2025,Chicago Cubs,Kansas City Royals,2025-07-21T17:00:00+00:00,2025-07-22T00:05:00+00:00,0.08325747916501425,0.0,162,162,0.6167058159517196,0.5306841046277666,0.5664160401002506,0,0.38032606342867625,0.2816256189045743,0.32082713048284867
777066,2025-07-21,2025,Toronto Blue Jays,New York Yankees,2025-07-21T17:00:00+00:00,2025-07-21T23:07:00+00:00,-0.04383115355926548,0.0,162,162,0.48771185589650845,0.5306841046277666,0.48346055979643765,1,0.2624391425889997,0.2202574096490411,0.26681299328580954
777068,2025-07-21,2025,Cleveland Guardians,Baltimore Orioles,2025-07-21T17:00:00+00:00,2025-07-21T22:40:00+00:00,0.02503742818042981,0.0,162,162,0.5585297939191485,0.5306841046277666,0.5566750629722922,1,0.19489594285706952,0.2202574096490411,0.1965369997906211
777069,2025-07-21,2025,Atlanta Braves,San Francisco Giants,2025-07-21T17:00:00+00:00,2025-07-21T23:15:00+00:00,0.0017782766421646778,0.0,162,162,0.5347339336521741,0.5306841046277666,0.530456852791878,1,0.2164725124947795,0.2202574096490411,0.2204707670901081
777035,2025-07-22,2025,Seattle Mariners,Milwaukee Brewers,2025-07-22T17:00:00+00:00,2025-07-23T01:40:00+00:00,-0.015342883617667225,0.0,162,162,0.5171098727874588,0.5306841046277666,0.5355329949238579,1,0.23318287495934423,0.2202574096490411,0.21572959880440104
777039,2025-07-22,2025,Los Angeles Dodgers,Minnesota Twins,2025-07-22T17:00:00+00:00,2025-07-23T02:10:00+00:00,0.09108865706700214,0.0,162,162,0.6243197845064988,0.5306841046277666,0.6613272311212814,0,0.38977519332624116,0.2816256189045743,0.4373537066225408
777040,2025-07-22,2025,Arizona Diamondbacks,Houston Astros,2025-07-22T17:00:00+00:00,2025-07-23T01:40:00+00:00,-0.022325747376607752,0.0,162,162,0.5099071592163431,0.5306841046277666,0.4783715012722647,0,0.26000531102008106,0.2816256189045743,0.22883929322948032
777042,2025-07-22,2025,Washington Nationals,Cincinnati Reds,2025-07-22T17:00:00+00:00,2025-07-22T22:45:00+00:00,-0.06727934459779139,0.0,162,162,0.4635695279748694,0.5306841046277666,0.43609022556390975,1,0.28775765131710446,0.2202574096490411,0.3179942337045622
777044,2025-07-22,2025,Pittsburgh Pirates,Detroit Tigers,2025-07-22T17:00:00+00:00,2025-07-22T22:40:00+00:00,-0.10208019791756134,0.0,162,162,0.42808366077219506,0.5306841046277666,0.4520202020202021,1,0.32708829907573367,0.2202574096490411,0.30028185899398013
777045,2025-07-22,2025,Philadelphia Phillies,Boston Red Sox,2025-07-22T17:00:00+00:00,2025-07-22T22:45:00+00:00,0.0009400639265361166,0.0,162,162,0.5338727567608427,0.5306841046277666,0.64,1,0.21727460688973654,0.2202574096490411,0.1296
777046,2025-07-22,2025,Toronto Blue Jays,New York Yankees,2025-07-22T17:00:00+00:00,2025-07-22T23:07:00+00:00,-0.0411139204420069,0.0,162,162,0.4905153978607511,0.5306841046277666,0.5367088607594936,0,0.24060535553849094,0.2816256189045743,0.28805640121775355
777047,2025-07-22,2025,Chicago Cubs,Kansas City Royals,2025-07-22T17:00:00+00:00,2025-07-23T00:05:00+00:00,0.0744567384694288,0.0,162,162,0.6080805111714894,0.5306841046277666,0.6792873051224944,1,0.15360088572360103,0.2202574096490411,0.10285663265559203
777048,2025-07-22,2025,Tampa Bay Rays,Chicago White Sox,2025-07-22T17:00:00+00:00,2025-07-22T23:05:00+00:00,0.09190050138551747,0.0,162,162,0.6251056786354646,0.5306841046277666,0.6704288939051919,1,0.14054575219137552,0.2202574096490411,0.10861711397255526
777049,2025-07-22,2025,Colorado Rockies,St. Louis Cardinals,2025-07-22T17:00:00+00:00,2025-07-23T00:40:00+00:00,-0.12251086212938839,0.0,162,162,0.4075669295841595,0.5306841046277666,0.40987654320987654,1,0.3509769429223402,0.2202574096490411,0.3482456942539247
777052,2025-07-22,2025,Miami Marlins,San Diego Padres,2025-07-22T17:00:00+00:00,2025-07-22T22:40:00+00:00,-0.06359417083971991,0.0,162,162,0.46735540007398374,0.5306841046277666,0.5417721518987342,1,0.283710269830346,0.2202574096490411,0.20997276077551674
777054,2025-07-22,2025,New York Mets,Los Angeles Angels,2025-07-22T17:00:00+00:00,2025-07-22T23:10:00+00:00,0.09918674275243311,0.0,162,162,0.6321291030798329,0.5306841046277666,0.6039119804400979,1,0.13532899680084817,0.2202574096490411,0.15688571923888542
777056,2025-07-22,2025,Cleveland Guardians,Baltimore Orioles,2025-07-22T17:00:00+00:00,2025-07-22T22:40:00+00:00,0.02616565516028546,0.0,162,162,0.5596781385988583,0.5306841046277666,0.5876543209876544,1,0.19388334162776624,0.2202574096490411,0.17002895900015239
777058,2025-07-22,2025,Atlanta Braves,San Francisco Giants,2025-07-22T17:00:00+00:00,2025-07-22T23:15:00+00:00,0.0031321333198508494,0.0,162,162,0.536124441961239,0.5306841046277666,0.5190839694656489,0,0.2874294172682499,0.2816256189045743,0.26944816735621474
777022,2025-07-23,2025,Los Angeles Dodgers,Minnesota Twins,2025-07-23T17:00:00+00:00,2025-07-23T20:10:00+00:00,0.08912516827773465,0.0,162,162,0.6224163557218777,0.5306841046277666,0.6535796766743649,1,0.1425694084263476,0.2202574096490411,0.12000704041303757
777024,2025-07-23,2025,Seattle Mariners,Milwaukee Brewers,2025-07-23T17:00:00+00:00,2025-07-23T19:40:00+00:00,-0.014565087626577267,0.0,162,162,0.517911772098978,0.5306841046277666,0.547979797979798,0,0.2682326036787037,0.2816256189045743,0.30028185899398024
777027,2025-07-23,2025,Toronto Blue Jays,New York Yankees,2025-07-23T17:00:00+00:00,2025-07-23T23:07:00+00:00,-0.04266572505502908,0.0,162,162,0.48891421810756275,0.5306841046277666,0.43859649122807015,1,0.2612086764526039,0.2202574096490411,0.3151738996614343
777028,2025-07-23,2025,Colorado Rockies,St. Louis Cardinals,2025-07-23T17:00:00+00:00,2025-07-23T19:10:00+00:00,-0.11852619854909002,0.0,162,162,0.41154551118582056,0.5306841046277666,0.37980769230769235,1,0.3462786854055572,0.2202574096490411,0.3846384985207101
777030,2025-07-23,2025,Tampa Bay Rays,Chicago White Sox,2025-07-23T17:00:00+00:00,2025-07-23T23:35:00+00:00,0.0923920938919402,0.0,162,162,0.6255812375882919,0.5306841046277666,0.6566820276497696,0,0.3913518848224989,0.2816256189045743,0.4312312854382127
777031,2025-07-23,2025,Chicago Cubs,Kansas City Royals,2025-07-23T17:00:00+00:00,2025-07-23T18:20:00+00:00,0.07649521463361175,0.0,162,162,0.6100845832705909,0.5306841046277666,0.6116504854368933,0,0.37220319874445057,0.2816256189045743,0.37411631633518716
777032,2025-07-23,2025,Arizona Diamondbacks,Houston Astros,2025-07-23T17:00:00+00:00,2025-07-23T19:40:00+00:00,-0.027459659951233895,0.0,162,162,0.5046088157394303,0.5306841046277666,0.530456852791878,0,0.2546300569219503,0.2816256189045743,0.2813844726738642
777034,2025-07-23,2025,New York Mets,Los Angeles Angels,2025-07-23T17:00:00+00:00,2025-07-23T17:10:00+00:00,0.09836759475600843,0.0,162,162,0.6313422302936124,0.5306841046277666,0.6116504854368933,1,0.13590855116488795,0.2202574096490411,0.15081534546140066
777036,2025-07-23,2025,Cleveland Guardians,Baltimore Orioles,2025-07-23T17:00:00+00:00,2025-07-23T22:40:00+00:00,0.02771338966062642,0.0,162,162,0.5612524302729793,0.5306841046277666,0.5392405063291139,1,0.19249942994136687,0.2202574096490411,0.21229931100785132
777038,2025-07-23,2025,Philadelphia Phillies,Boston Red Sox,2025-07-23T17:00:00+00:00,2025-07-23T23:10:00+00:00,0.009287200869583123,0.0,162,162,0.5424387425671154,0.5306841046277666,0.5639097744360902,0,0.29423978943779333,0.2816256189045743,0.3179942337045622
777018,2025-07-24,2025,Los Angeles Angels,Seattle Mariners,2025-07-24T17:00:00+00:00,2025-07-25T01:38:00+00:00,-0.08942744588819773,0.0,162,162,0.44091964056713706,0.5306841046277666,0.5841584158415841,0,0.19441012943785335,0.2816256189045743,0.3412410547985491
777019,2025-07-24,2025,Cleveland Guardians,Baltimore Orioles,2025-07-24T17:00:00+00:00,2025-07-24T17:10:00+00:00,0.02870547268257939,0.0,162,162,0.5622608901745944,0.5306841046277666,0.5216284987277354,0,0.3161373086199272,0.2816256189045743,0.27209629068495106
777021,2025-07-24,2025,Detroit Tigers,Toronto Blue Jays,2025-07-24T17:00:00+00:00,2025-07-24T22:40:00+00:00,0.01403612037051516,0.0,162,162,0.5473013232542124,0.5306841046277666,0.5380710659898477,0,0.2995387384358119,0.2816256189045743,0.289520472055451
777023,2025-07-24,2025,St. Louis Cardinals,San Diego Padres,2025-07-24T17:00:00+00:00,2025-07-24T23:45:00+00:00,-0.007871950829016539,0.0,162,162,0.524808080547397,0.5306841046277666,0.5841584158415841,1,0.2258073603130491,0.2202574096490411,0.1729242231153809
777004,2025-07-25,2025,San Francisco Giants,New York Mets,2025-07-25T17:00:00+00:00,2025-07-26T02:15:00+00:00,0.002994150407662599,0.0,162,162,0.5359827489103435,0.5306841046277666,0.5603015075376885,0,0.2872775071294883,0.2816256189045743,0.3139377793490064
777005,2025-07-25,2025,St. Louis Cardinals,San Diego Padres,2025-07-25T17:00:00+00:00,2025-07-25T23:15:00+00:00,-0.0046411455559506876,0.0,162,162,0.5281337373076712,0.5306841046277666,0.46329113924050636,1,0.22265776986722582,0.2202574096490411,0.28805640121775355
777006,2025-07-25,2025,Los Angeles Angels,Seattle Mariners,2025-07-25T17:00:00+00:00,2025-07-26T01:38:00+00:00,-0.08988271519625946,0.0,162,162,0.4404562993695566,0.5306841046277666,0.4593908629441624,1,0.3130891529152112,0.2202574096490411,0.2922582390682574
777008,2025-07-25,2025,Milwaukee Brewers,Miami Marlins,2025-07-25T17:00:00+00:00,2025-07-25T20:10:00+00:00,0.0990444556777717,0.0,162,162,0.63199247260105,0.5306841046277666,0.6582568807339451,0,0.3994144854243889,0.2816256189045743,0.4333021210335832
777009,2025-07-25,2025,Texas Rangers,Atlanta Braves,2025-07-25T17:00:00+00:00,2025-07-26T00:05:00+00:00,-0.003725005948051918,0.0,162,162,0.5290763319892448,0.5306841046277666,0.5806451612903225,1,0.22176910109270404,0.2202574096490411,0.17585848074921961
777011,2025-07-25,2025,Minnesota Twins,Washington Nationals,2025-07-25T17:00:00+00:00,2025-07-26T00:10:00+00:00,0.03792652691735854,0.0,162,162,0.5716084962958922,0.5306841046277666,0.6039119804400979,1,0.18351928044586663,0.2202574096490411,0.15688571923888542
777012,2025-07-25,2025,Boston Red Sox,Los Angeles Dodgers,2025-07-25T17:00:00+00:00,2025-07-25T23:10:00+00:00,-0.03721741736003281,0.0,162,162,0.4945366644017651,0.5306841046277666,0.4809160305343511,0,0.24456651243762403,0.2816256189045743,0.23128022842491694
777013,2025-07-25,2025,Cincinnati Reds,Tampa Bay Rays,2025-07-25T17:00:00+00:00,2025-07-25T23:10:00+00:00,-0.03185275404651222,0.0,162,162,0.5000741504794108,0.5306841046277666,0.5025510204081632,1,0.24992585501888276,0.2202574096490411,0.24745548729695963
777014,2025-07-25,2025,Pittsburgh Pirates,Arizona Diamondbacks,2025-07-25T17:00:00+00:00,2025-07-25T22:40:00+00:00,-0.06391500014461932,0.0,162,162,0.4670256482541796,0.5306841046277666,0.49744897959183665,0,0.21811295612723666,0.2816256189045743,0.24745548729695951
777015,2025-07-25,2025,New York Yankees,Philadelphia Phillies,2025-07-25T17:00:00+00:00,2025-07-25T23:05:00+00:00,0.03373788889622553,0.0,162,162,0.5673682905487742,0.5306841046277666,0.5866336633663367,0,0.3219067771202383,0.2816256189045743,0.34413905499460845
777016,2025-07-25,2025,Detroit Tigers,Toronto Blue Jays,2025-07-25T17:00:00+00:00,2025-07-25T23:10:00+00:00,0.008940835217166154,0.0,162,162,0.5420837589824714,0.5306841046277666,0.5153061224489797,0,0.2938548017525662,0.2816256189045743,0.26554039983340283
777017,2025-07-25,2025,Chicago White Sox,Chicago Cubs,2025-07-25T17:00:00+00:00,2025-07-25T23:40:00+00:00,-0.14046096562286792,0.0,162,162,0.3898009198159158,0.5306841046277666,0.3840579710144928,1,0.3723429174575024,0.2202574096490411,0.3793845830707834
777020,2025-07-25,2025,Baltimore Orioles,Colorado Rockies,2025-07-25T17:00:00+00:00,2025-07-25T23:05:00+00:00,0.06539060002514036,-1.0,162,162,0.664295821566156,0.5306841046277666,0.6448598130841121,0,0.44128893855025414,0.2816256189045743,0.415844178530876
776985,2025-07-26,2025,San Francisco Giants,New York Mets,2025-07-26T17:00:00+00:00,2025-07-27T01:05:00+00:00,-0.003882081931315118,0.0,162,162,0.5289147347135323,0.5306841046277666,0.5089058524173028,0,0.2797507965970863,0.2816256189045743,0.2589851666245816
776990,2025-07-26,2025,Kansas City Royals,Cleveland Guardians,2025-07-26T17:00:00+00:00,2025-07-26T23:15:00+00:00,0.029966947772242236,1.0,162,162,0.49371805152804765,0.5306841046277666,0.5153846153846154,0,0.2437575144046519,0.2816256189045743,0.265621301775148
776992,2025-07-26,2025,St. Louis Cardinals,San Diego Padres,2025-07-26T17:00:00+00:00,2025-07-26T23:15:00+00:00,-0.0009193615460693638,0.0,162,162,0.53196167588074,0.5306841046277666,0.5760598503740648,0,0.2829832246058454,0.2816256189045743,0.33184495121298996
776993,2025-07-26,2025,Texas Rangers,Atlanta Braves,2025-07-26T17:00:00+00:00,2025-07-26T23:05:00+00:00,-0.0014130062980639568,0.0,162,162,0.531454157646932,0.5306841046277666,0.5089058524173028,1,0.21953520638634602,0.2202574096490411,0.24117346178997598
776994,2025-07-26,2025,Chicago White Sox,Chicago Cubs,2025-07-26T17:00:00+00:00,2025-07-26T23:10:00+00:00,-0.13229948215547532,0.0,162,162,0.39784553509832415,0.5306841046277666,0.3681710213776722,0,0.15828106979767187,0.2816256189045743,0.13554990098227837
776995,2025-07-26,2025,Los Angeles Angels,Seattle Mariners,2025-07-26T17:00:00+00:00,2025-07-27T01:38:00+00:00,-0.0869531390851298,0.0,162,162,0.44343959615669726,0.5306841046277666,0.4531645569620253,0,0.19663867543961475,0.2816256189045743,0.20535811568658865
776996,2025-07-26,2025,Milwaukee Brewers,Miami Marlins,2025-07-26T17:00:00+00:00,2025-07-26T23:10:00+00:00,0.09473145050863369,0.0,162,162,0.6278409600855444,0.5306841046277666,0.5945945945945945,0,0.3941842711611381,0.2816256189045743,0.3535427319211102
776997,2025-07-26,2025,Minnesota Twins,Washington Nationals,2025-07-26T17:00:00+00:00,2025-07-26T23:10:00+00:00,0.042242481997540826,0.0,162,162,0.5759666077013502,0.5306841046277666,0.6836283185840709,0,0.33173753318700105,0.2816256189045743,0.467347677970084
776998,2025-07-26,2025,Boston Red Sox,Los Angeles Dodgers,2025-07-26T17:00:00+00:00,2025-07-26T23:15:00+00:00,-0.04179231857293797,0.0,162,162,0.4898153886573587,0.5306841046277666,0.5603015075376885,1,0.260288337650842,0.2202574096490411,0.19333476427362942
776999,2025-07-26,2025,Baltimore Orioles,Colorado Rockies,2025-07-26T17:00:00+00:00,2025-07-26T23:05:00+00:00,0.06473382476181933,0.0,162,162,0.5984725436016012,0.5306841046277666,0.7002141327623127,1,0.16122429824176807,0.2202574096490411,0.08987156619545228
777000,2025-07-26,2025,Cincinnati Reds,Tampa Bay Rays,2025-07-26T17:00:00+00:00,2025-07-26T22:40:00+00:00,-0.027400748779730977,0.0,162,162,0.5046696218883301,0.5306841046277666,0.5380710659898477,1,0.24535218348024987,0.2202574096490411,0.21337834007575568
777001,2025-07-26,2025,New York Yankees,Philadelphia Phillies,2025-07-26T17:00:00+00:00,2025-07-26T17:05:00+00:00,0.02746116680023658,0.0,162,162,0.5609959628006407,0.5306841046277666,0.4483627204030227,0,0.3147164702786178,0.2816256189045743,0.20102912904719913
777002,2025-07-26,2025,Pittsburgh Pirates,Arizona Diamondbacks,2025-07-26T17:00:00+00:00,2025-07-26T22:40:00+00:00,-0.0639792592314834,0.0,162,162,0.46695960552518206,0.5306841046277666,0.44584382871536526,1,0.2841320621418695,0.2202574096490411,0.3070890621728455
777003,2025-07-26,2025,Detroit Tigers,Toronto Blue Jays,2025-07-26T17:00:00+00:00,2025-07-26T22:10:00+00:00,0.008001366702767743,0.0,162,162,0.5411207014069563,0.5306841046277666,0.5935960591133005,0,0.2928116134911564,0.2816256189045743,0.35235628139484093
777010,2025-07-26,2025,Kansas City Royals,Cleveland Guardians,2025-07-26T17:00:00+00:00,2025-07-26T18:40:00+00:00,0.029966947772242236,1.0,162,162,0.49371805152804765,0.5306841046277666,0.5516372795969774,1,0.25632141134855657,0.2202574096490411,0.20102912904719902
776974,2025-07-27,2025,San Francisco Giants,New York Mets,2025-07-27T17:00:00+00:00,2025-07-27T23:10:00+00:00,-0.004746565400653213,0.0,162,162,0.5280252602883283,0.5306841046277666,0.47715736040609136,0,0.27881067550255684,0.2816256189045743,0.22767914658970856
776975,2025-07-27,2025,Kansas City Royals,Cleveland Guardians,2025-07-27T17:00:00+00:00,2025-07-27T18:10:00+00:00,0.025537073330822557,0.0,162,162,0.5590384263525695,0.5306841046277666,0.547979797979798,1,0.19444710943361826,0.2202574096490411,0.20432226303438422
776977,2025-07-27,2025,Los Angeles Angels,Seattle Mariners,2025-07-27T17:00:00+00:00,2025-07-27T20:07:00+00:00,-0.09068073777668634,0.0,162,162,0.4396443786120698,0.5306841046277666,0.39512195121951227,1,0.31399842242105336,0.2202574096490411,0.36587745389649
776978,2025-07-27,2025,Milwaukee Brewers,Miami Marlins,2025-07-27T17:00:00+00:00,2025-07-27T18:10:00+00:00,0.09124435277756454,0.0,162,162,0.6244705543791682,0.5306841046277666,0.5866336633663367,1,0.14102236452828926,0.2202574096490411,0.17087172826193503
776979,2025-07-27,2025,Minnesota Twins,Washington Nationals,2025-07-27T17:00:00+00:00,2025-07-27T18:10:00+00:00,0.036424663725041384,0.0,162,162,0.5700893184353438,0.5306841046277666,0.608272506082725,0,0.32500183099407487,0.2816256189045743,0.3699954416561587
776980,2025-07-27,2025,St. Louis Cardinals,San Diego Padres,2025-07-27T17:00:00+00:00,2025-07-27T18:15:00+00:00,-0.0036352957255445517,0.0,162,162,0.5291686217084387,0.5306841046277666,0.5355329949238579,0,0.2800194302008087,0.2816256189045743,0.2867955886521168
776981,2025-07-27,2025,Texas Rangers,Atlanta Braves,2025-07-27T17:00:00+00:00,2025-07-27T18:35:00+00:00,0.0046009652323625305,0.0,162,162,0.5376324024005673,0.5306841046277666,0.5367088607594936,1,0.2137837953098709,0.2202574096490411,0.21463867969876624
776982,2025-07-27,2025,Cincinnati Reds,Tampa Bay Rays,2025-07-27T17:00:00+00:00,2025-07-27T17:40:00+00:00,-0.024168251085458614,0.0,162,162,0.5080058371018394,0.5306841046277666,0.5076530612244898,1,0.24205825632586175,0.2202574096490411,0.24240550812161596
776983,2025-07-27,2025,Boston Red Sox,Los Angeles Dodgers,2025-07-27T17:00:00+00:00,2025-07-27T17:35:00+00:00,-0.03924679550583898,0.0,162,162,0.49244218577784526,0.5306841046277666,0.49744897959183665,1,0.2576149347779713,0.2202574096490411,0.25255752811328624
776984,2025-07-27,2025,Pittsburgh Pirates,Arizona Diamondbacks,2025-07-27T17:00:00+00:00,2025-07-27T17:35:00+00:00,-0.06252644418845305,0.0,162,162,0.46845302485139606,0.5306841046277666,0.5577889447236182,1,0.28254218678963056,0.2202574096490411,0.19555061740865123
776986,2025-07-27,2025,Baltimore Orioles,Colorado Rockies,2025-07-27T17:00:00+00:00,2025-07-27T17:35:00+00:00,0.07823469179455889,0.0,162,162,0.611791771069938,0.5306841046277666,0.6519721577726217,1,0.15070562900901543,0.2202574096490411,0.1211233789654449
776987,2025-07-27,2025,Detroit Tigers,Toronto Blue Jays,2025-07-27T17:00:00+00:00,2025-07-27T17:40:00+00:00,0.005784723562626715,0.0,162,162,0.5388471956095434,0.5306841046277666,0.5127551020408163,1,0.2126619089971827,0.2202574096490411,0.23740759058725533
776988,2025-07-27,2025,New York Yankees,Philadelphia Phillies,2025-07-27T17:00:00+00:00,2025-07-27T17:35:00+00:00,0.0240500592092886,0.0,162,162,0.5575243045539128,0.5306841046277666,0.4531645569620253,1,0.19578474106049853,0.2202574096490411,0.2990290017625381
776989,2025-07-27,2025,Chicago White Sox,Chicago Cubs,2025-07-27T17:00:00+00:00,2025-07-27T18:10:00+00:00,-0.1386594691098202,0.0,162,162,0.3915716369564886,0.5306841046277666,0.39608801955990225,0,0.1533283468687841,0.2816256189045743,0.1568857192388855
776958,2025-07-28,2025,Los Angeles Angels,Texas Rangers,2025-07-28T17:00:00+00:00,2025-07-29T01:38:00+00:00,-0.09058727617039447,0.0,162,162,0.43973945131248443,0.5306841046277666,0.3568075117370892,1,0.3138918824156361,0.2202574096490411,0.41369657695783457
776959,2025-07-28,2025,San Diego Padres,New York Mets,2025-07-28T17:00:00+00:00,2025-07-29T01:40:00+00:00,-0.03637473957793125,0.0,162,162,0.4954064350275874,0.5306841046277666,0.5417721518987342,1,0.2546146658115684,0.2202574096490411,0.20997276077551674
776960,2025-07-28,2025,St. Louis Cardinals,Miami Marlins,2025-07-28T17:00:00+00:00,2025-07-28T23:45:00+00:00,0.041258651497597776,0.0,162,162,0.574974181294233,0.5306841046277666,0.5089058524173028,1,0.18064694656650748,0.2202574096490411,0.24117346178997598
776961,2025-07-28,2025,Minnesota Twins,Boston Red Sox,2025-07-28T17:00:00+00:00,2025-07-28T23:40:00+00:00,-0.0559637048946271,0.0,162,162,0.4752058404620091,0.5306841046277666,0.49489795918367346,1,0.27540890988518624,0.2202574096490411,0.25512807163681794
776964,2025-07-28,2025,San Francisco Giants,Pittsburgh Pirates,2025-07-28T17:00:00+00:00,2025-07-29T01:45:00+00:00,0.07807047464108685,0.0,162,162,0.6116307187394061,0.5306841046277666,0.5443037974683544,0,0.3740921361056825,0.2816256189045743,0.2962666239384714
776965,2025-07-28,2025,Milwaukee Brewers,Chicago Cubs,2025-07-28T17:00:00+00:00,2025-07-28T23:40:00+00:00,-0.03831164973208645,0.0,162,162,0.49340730160937707,0.5306841046277666,0.48346055979643765,1,0.25663616206269263,0.2202574096490411,0.26681299328580954
776966,2025-07-28,2025,Baltimore Orioles,Toronto Blue Jays,2025-07-28T17:00:00+00:00,2025-07-28T22:35:00+00:00,-0.07063420457294006,0.0,162,162,0.4601266320901662,0.5306841046277666,0.5051020408163266,1,0.2914632533783067,0.2202574096490411,0.24492399000416487
776967,2025-07-28,2025,Cincinnati Reds,Los Angeles Dodgers,2025-07-28T17:00:00+00:00,2025-07-28T23:10:00+00:00,-0.05385331295144691,0.0,162,162,0.4773794032793235,0.5306841046277666,0.4133663366336633,0,0.22789109467532298,0.2816256189045743,0.17087172826193503
776968,2025-07-28,2025,Cleveland Guardians,Colorado Rockies,2025-07-28T17:00:00+00:00,2025-07-28T22:40:00+00:00,0.10038922235967551,0.0,162,162,0.6332829294215896,0.5306841046277666,0.7088607594936709,0,0.40104726869679,0.2816256189045743,0.5024835763499439
776969,2025-07-28,2025,Houston Astros,Washington Nationals,2025-07-28T17:00:00+00:00,2025-07-29T00:10:00+00:00,0.08841874517919429,0.0,162,162,0.6217306132080104,0.5306841046277666,0.6948051948051949,0,0.3865489554000086,0.2816256189045743,0.4827542587282848
776970,2025-07-28,2025,New York Yankees,Tampa Bay Rays,2025-07-28T17:00:00+00:00,2025-07-28T23:05:00+00:00,0.03227191342492641,0.0,162,162,0.5658818992988429,0.5306841046277666,0.5468354430379747,0,0.3202223239540658,0.2816256189045743,0.2990290017625381
776971,2025-07-28,2025,Kansas City Royals,Atlanta Braves,2025-07-28T17:00:00+00:00,2025-07-28T23:40:00+00:00,-0.015447716979921644,0.0,162,162,0.5170017838863893,0.5306841046277666,0.39172749391727496,0,0.26729084454170876,0.2816256189045743,0.1534504294907087
776972,2025-07-28,2025,Chicago White Sox,Philadelphia Phillies,2025-07-28T17:00:00+00:00,2025-07-28T23:40:00+00:00,-0.09229655023570354,0.0,162,162,0.4380014186649755,0.5306841046277666,0.3394495412844037,1,0.31584240542258024,0.2202574096490411,0.43632690850938477
776973,2025-07-28,2025,Detroit Tigers,Arizona Diamondbacks,2025-07-28T17:00:00+00:00,2025-07-28T22:40:00+00:00,0.025946204905403225,0.0,162,162,0.5594548249037536,0.5306841046277666,0.5468354430379747,1,0.19408005130058237,0.2202574096490411,0.20535811568658865
776943,2025-07-29,2025,San Francisco Giants,Pittsburgh Pirates,2025-07-29T17:00:00+00:00,2025-07-30T01:45:00+00:00,0.0772895059294958,0.0,162,162,0.6108644678339128,0.5306841046277666,0.6039119804400979,0,0.3731553980620095,0.2816256189045743,0.36470968011908117
776945,2025-07-29,2025,Los Angeles Angels,Texas Rangers,2025-07-29T17:00:00+00:00,2025-07-30T01:38:00+00:00,-0.08826251243567523,0.0,162,162,0.44210569498482577,0.5306841046277666,0.5367088607594936,1,0.31124605556836427,0.2202574096490411,0.21463867969876624
776946,2025-07-29,2025,St. Louis Cardinals,Miami Marlins,2025-07-29T17:00:00+00:00,2025-07-29T23:45:00+00:00,0.04810912551667984,0.0,162,162,0.581871536204047,0.5306841046277666,0.597051597051597,0,0.33857448464445755,0.2816256189045743,0.3564706095418626
776947,2025-07-29,2025,San Diego Padres,New York Mets,2025-07-29T17:00:00+00:00,2025-07-30T01:40:00+00:00,-0.03540148854181002,0.0,162,162,0.4964110112154452,0.5306841046277666,0.46329113924050636,1,0.2536018696250505,0.2202574096490411,0.28805640121775355
776949,2025-07-29,2025,New York Yankees,Tampa Bay Rays,2025-07-29T17:00:00+00:00,2025-07-29T23:05:00+00:00,0.03063222602025184,0.0,162,162,0.5642179730416794,0.5306841046277666,0.6350710900473934,1,0.18990597501990245,0.2202574096490411,0.13317310931919768
776950,2025-07-29,2025,Houston Astros,Washington Nationals,2025-07-29T17:00:00+00:00,2025-07-30T00:10:00+00:00,0.08989590535597836,0.0,162,162,0.6231639709160731,0.5306841046277666,0.5577889447236182,1,0.14200539281574218,0.2202574096490411,0.19555061740865123
776951,2025-07-29,2025,Cleveland Guardians,Colorado Rockies,2025-07-29T17:00:00+00:00,2025-07-29T22:40:00+00:00,0.09531102136209679,0.0,162,162,0.6283999435035046,0.5306841046277666,0.6480186480186481,1,0.13808660198819858,0.2202574096490411,0.12389087214262037
776952,2025-07-29,2025,Chicago White Sox,Philadelphia Phillies,2025-07-29T17:00:00+00:00,2025-07-29T23:40:00+00:00,-0.08755087947298201,0.0,162,162,0.4428305562421959,0.5306841046277666,0.3840579710144928,0,0.19609890154177265,0.2816256189045743,0.147500525099769
776953,2025-07-29,2025,Detroit Tigers,Arizona Diamondbacks,2025-07-29T17:00:00+00:00,2025-07-29T22:40:00+00:00,0.027872561664920803,0.0,162,162,0.5614142641229543,0.5306841046277666,0.5614035087719298,1,0.19235744771480973,0.2202574096490411,0.19236688211757466
776954,2025-07-29,2025,Minnesota Twins,Boston Red Sox,2025-07-29T17:00:00+00:00,2025-07-29T23:40:00+00:00,-0.057115759707255076,0.0,162,162,0.47401969189406457,0.5306841046277666,0.4707379134860051,0,0.2246946683033439,0.2816256189045743,0.2215941831931576
776955,2025-07-29,2025,Kansas City Royals,Atlanta Braves,2025-07-29T17:00:00+00:00,2025-07-29T23:40:00+00:00,-0.013433218617761256,0.0,162,162,0.5190785509677097,0.5306841046277666,0.5443037974683544,1,0.2312854401393178,0.2202574096490411,0.20765902900176253
776956,2025-07-29,2025,Milwaukee Brewers,Chicago Cubs,2025-07-29T17:00:00+00:00,2025-07-29T23:40:00+00:00,-0.03227832726266955,0.0,162,162,0.4996348502273122,0.5306841046277666,0.5367088607594936,1,0.25036528310704426,0.2202574096490411,0.21463867969876624
776963,2025-07-29,2025,Cincinnati Reds,Los Angeles Dodgers,2025-07-29T17:00:00+00:00,2025-07-29T23:10:00+00:00,-0.05973022324129251,0.0,162,162,0.4713289646486967,0.5306841046277666,0.4133663366336633,0,0.2221509929168124,0.2816256189045743,0.17087172826193503
776929,2025-07-30,2025,Milwaukee Brewers,Chicago Cubs,2025-07-30T17:00:00+00:00,2025-07-30T18:10:00+00:00,-0.022064297900085905,0.0,162,162,0.5101769330221854,0.5306841046277666,0.5279187817258882,0,0.26028050298792343,0.2816256189045743,0.27869824009894606
776931,2025-07-30,2025,San Diego Padres,New York Mets,2025-07-30T17:00:00+00:00,2025-07-30T20:10:00+00:00,-0.02482020443025712,0.0,162,162,0.5073330130795328,0.5306841046277666,0.5025510204081632,1,0.24272076000129178,0.2202574096490411,0.24745548729695963
776932,2025-07-30,2025,Los Angeles Angels,Texas Rangers,2025-07-30T17:00:00+00:00,2025-07-31T01:38:00+00:00,-0.08761712276950123,0.0,162,162,0.4427630712448409,0.5306841046277666,0.47328244274809167,0,0.19603913725816405,0.2816256189045743,0.22399627061360067
776933,2025-07-30,2025,San Francisco Giants,Pittsburgh Pirates,2025-07-30T17:00:00+00:00,2025-07-30T19:45:00+00:00,0.07550534290985428,0.0,162,162,0.609111877612973,0.5306841046277666,0.6440281030444964,0,0.37101727944920143,0.2816256189045743,0.4147721975110925
776934,2025-07-30,2025,St. Louis Cardinals,Miami Marlins,2025-07-30T17:00:00+00:00,2025-07-30T23:45:00+00:00,0.04015445977483173,0.0,162,162,0.5738596222255279,0.5306841046277666,0.568922305764411,0,0.3293148660208256,0.2816256189045743,0.323672589996294
776935,2025-07-30,2025,Minnesota Twins,Boston Red Sox,2025-07-30T17:00:00+00:00,2025-07-30T17:10:00+00:00,-0.05508042298926036,0.0,162,162,0.4761154523123638,0.5306841046277666,0.5292620865139949,0,0.22668592393060677,0.2816256189045743,0.2801183562211474
776936,2025-07-30,2025,Kansas City Royals,Atlanta Braves,2025-07-30T17:00:00+00:00,2025-07-30T18:10:00+00:00,-0.013427528241945708,0.0,162,162,0.5190844163349192,0.5306841046277666,0.5228426395939086,1,0.23127979861192532,0.2202574096490411,0.22767914658970856
776937,2025-07-30,2025,Houston Astros,Washington Nationals,2025-07-30T17:00:00+00:00,2025-07-30T18:10:00+00:00,0.09543946845365198,0.0,162,162,0.6285237814725184,0.5306841046277666,0.5139949109414759,1,0.13799458093147726,0.2202574096490411,0.23620094659078397
776938,2025-07-30,2025,New York Yankees,Tampa Bay Rays,2025-07-30T17:00:00+00:00,2025-07-30T23:05:00+00:00,0.033035767349387624,0.0,162,162,0.5666565405846645,0.5306841046277666,0.5516372795969774,1,0.1877865538180505,0.2202574096490411,0.20102912904719902
776939,2025-07-30,2025,Chicago White Sox,Philadelphia Phillies,2025-07-30T17:00:00+00:00,2025-07-30T18:10:00+00:00,-0.08818558432962026,0.0,162,162,0.44218404124704985,0.5306841046277666,0.43859649122807015,1,0.3111586438394729,0.2202574096490411,0.3151738996614343
776940,2025-07-30,2025,Detroit Tigers,Arizona Diamondbacks,2025-07-30T17:00:00+00:00,2025-07-30T17:10:00+00:00,0.03617401083457594,0.0,162,162,0.5698356464291825,0.5306841046277666,0.5392405063291139,1,0.18504137108299928,0.2202574096490411,0.21229931100785132
776941,2025-07-30,2025,Cincinnati Reds,Los Angeles Dodgers,2025-07-30T17:00:00+00:00,2025-07-30T23:10:00+00:00,-0.05825846315958583,0.0,162,162,0.47284346097701563,0.5306841046277666,0.40987654320987654,1,0.2778940166346913,0.2202574096490411,0.3482456942539247
776942,2025-07-30,2025,Cleveland Guardians,Colorado Rockies,2025-07-30T17:00:00+00:00,2025-07-30T22:40:00+00:00,0.10021514442280494,0.0,162,162,0.6331159890219198,0.5306841046277666,0.6258992805755395,1,0.13460387751136407,0.2202574096490411,0.13995134827389896
776923,2025-07-31,2025,Seattle Mariners,Texas Rangers,2025-07-31T17:00:00+00:00,2025-08-01T01:40:00+00:00,-0.002470900317779301,0.0,162,162,0.5303663145416612,0.5306841046277666,0.6125907990314771,1,0.22055579851718193,0.2202574096490411,0.1500858889950694
776927,2025-07-31,2025,New York Yankees,Tampa Bay Rays,2025-07-31T17:00:00+00:00,2025-07-31T17:05:00+00:00,0.02875187931705303,0.0,162,162,0.5623080503420306,0.5306841046277666,0.47582697201017815,1,0.19157424279539445,0.2202574096490411,0.2747573632720185
776928,2025-07-31,2025,Cincinnati Reds,Atlanta Braves,2025-07-31T17:00:00+00:00,2025-07-31T23:10:00+00:00,-0.0058673928516972396,0.0,162,162,0.5268717672149692,0.5306841046277666,0.6235011990407675,0,0.2775938590882247,0.2816256189045743,0.3887537452052748
776906,2025-08-01,2025,San Diego Padres,St. Louis Cardinals,2025-08-01T17:00:00+00:00,2025-08-02T01:40:00+00:00,0.0163000485019143,0.0,162,162,0.5496163202537631,0.5306841046277666,0.6350710900473934,1,0.20284545898176093,0.2202574096490411,0.13317310931919768
776908,2025-08-01,2025,Seattle Mariners,Texas Rangers,2025-08-01T17:00:00+00:00,2025-08-02T02:10:00+00:00,-0.0007674209475910798,0.0,162,162,0.5321178733857563,0.5306841046277666,0.6276849642004773,1,0.21891368440506714,0.2202574096490411,0.1386184858823999
776913,2025-08-01,2025,Philadelphia Phillies,Detroit Tigers,2025-08-01T17:00:00+00:00,2025-08-01T22:45:00+00:00,-0.010802252501976861,0.0,162,162,0.5217898376167162,0.5306841046277666,0.5841584158415841,1,0.2286849594066467,0.2202574096490411,0.1729242231153809
776915,2025-08-01,2025,Chicago Cubs,Baltimore Orioles,2025-08-01T17:00:00+00:00,2025-08-01T18:20:00+00:00,0.10865265691350018,0.0,162,162,0.641170154986564,0.5306841046277666,0.5841584158415841,1,0.12875885767236647,0.2202574096490411,0.1729242231153809
776916,2025-08-01,2025,Los Angeles Angels,Chicago White Sox,2025-08-01T17:00:00+00:00,2025-08-02T01:38:00+00:00,-0.011969413074346458,0.0,162,162,0.5205871938238736,0.5306841046277666,0.5541561712846348,0,0.2710110263734154,0.2816256189045743,0.3070890621728455
776917,2025-08-01,2025,Washington Nationals,Milwaukee Brewers,2025-08-01T17:00:00+00:00,2025-08-01T22:45:00+00:00,-0.11313680664446069,0.0,162,162,0.41694503516779985,0.5306841046277666,0.4158415841584158,0,0.17384316235107786,0.2816256189045743,0.17292422311538083
776918,2025-08-01,2025,Tampa Bay Rays,Los Angeles Dodgers,2025-08-01T17:00:00+00:00,2025-08-01T23:35:00+00:00,-0.03271919826277614,-1.0,162,162,0.5689086048368551,0.5306841046277666,0.4607594936708861,0,0.323657000657417,0.2816256189045743,0.21229931100785132
776919,2025-08-01,2025,Colorado Rockies,Pittsburgh Pirates,2025-08-01T17:00:00+00:00,2025-08-02T00:10:00+00:00,-0.08246113849309084,0.0,162,162,0.44802182925209055,0.5306841046277666,0.4483627204030227,1,0.30467990098220826,0.2202574096490411,0.30430368824115367
776920,2025-08-01,2025,Toronto Blue Jays,Kansas City Royals,2025-08-01T17:00:00+00:00,2025-08-01T23:07:00+00:00,0.00867592636686687,0.0,162,162,0.5418122300699024,0.5306841046277666,0.5866336633663367,0,0.29356049265332085,0.2816256189045743,0.34413905499460845
776922,2025-08-01,2025,Boston Red Sox,Houston Astros,2025-08-01T17:00:00+00:00,2025-08-01T23:10:00+00:00,0.004478557431324193,0.0,162,162,0.5375067596616194,0.5306841046277666,0.46329113924050636,1,0.21389999735869505,0.2202574096490411,0.28805640121775355
776924,2025-08-01,2025,Cleveland Guardians,Minnesota Twins,2025-08-01T17:00:00+00:00,2025-08-01T23:10:00+00:00,0.010974276740745192,0.0,162,162,0.5441671720060001,0.5306841046277666,0.530456852791878,1,0.20778356707700754,0.2202574096490411,0.2204707670901081
776925,2025-08-01,2025,Miami Marlins,New York Yankees,2025-08-01T17:00:00+00:00,2025-08-01T23:10:00+00:00,-0.10655884070777727,1.0,162,162,0.35689941949286696,0.5306841046277666,0.39512195121951227,1,0.4135783566486115,0.2202574096490411,0.36587745389649
776926,2025-08-01,2025,New York Mets,San Francisco Giants,2025-08-01T17:00:00+00:00,2025-08-01T23:10:00+00:00,-0.002980908702690077,0.0,162,162,0.5298417640214222,0.5306841046277666,0.5639097744360902,0,0.2807322949013325,0.2816256189045743,0.3179942337045622
776896,2025-08-02,2025,San Diego Padres,St. Louis Cardinals,2025-08-02T17:00:00+00:00,2025-08-03T02:10:00+00:00,0.01860012479337836,0.0,162,162,0.551966082217059,0.5306841046277666,0.5771144278606966,0,0.30466655591804914,0.2816256189045743,0.3330610628449791
776897,2025-08-02,2025,Seattle Mariners,Texas Rangers,2025-08-02T17:00:00+00:00,2025-08-02T20:10:00+00:00,0.000276044622294469,0.0,162,162,0.5331904019852101,0.5306841046277666,0.5417721518987342,0,0.2842920047691499,0.2816256189045743,0.2935170645729851
776898,2025-08-02,2025,Los Angeles Angels,Chicago White Sox,2025-08-02T17:00:00+00:00,2025-08-03T02:07:00+00:00,-0.022673024956709253,0.0,162,162,0.5095488157165234,0.5306841046277666,0.5796019900497512,0,0.2596399955981116,0.2816256189045743,0.3359384668696319
776900,2025-08-02,2025,Toronto Blue Jays,Kansas City Royals,2025-08-02T17:00:00+00:00,2025-08-02T19:07:00+00:00,0.006010532057281193,0.0,162,162,0.5390788722337374,0.5306841046277666,0.5675,1,0.21244828602132337,0.2202574096490411,0.18705625
776901,2025-08-02,2025,Tampa Bay Rays,Los Angeles Dodgers,2025-08-02T17:00:00+00:00,2025-08-02T17:10:00+00:00,-0.0378260841883723,0.0,162,162,0.49390844865585803,0.5306841046277666,0.46446700507614214,1,0.2561286583419203,0.2202574096490411,0.2867955886521168
776902,2025-08-02,2025,Chicago Cubs,Baltimore Orioles,2025-08-02T17:00:00+00:00,2025-08-02T18:20:00+00:00,0.11061937696386215,0.0,162,162,0.6430363269171749,0.5306841046277666,0.6704288939051919,0,0.4134957177351319,0.2816256189045743,0.44947490178293903
776903,2025-08-02,2025,Washington Nationals,Milwaukee Brewers,2025-08-02T17:00:00+00:00,2025-08-02T20:05:00+00:00,-0.11163043678519241,0.0,162,162,0.4184578652494375,0.5306841046277666,0.3705463182897863,0,0.1751069849891164,0.2816256189045743,0.1373045739981156
776904,2025-08-02,2025,Colorado Rockies,Pittsburgh Pirates,2025-08-02T17:00:00+00:00,2025-08-02T19:10:00+00:00,-0.08701867234321337,0.0,162,162,0.4433728157426435,0.5306841046277666,0.31208791208791203,1,0.3098338222542731,0.2202574096490411,0.47322304069556814
776905,2025-08-02,2025,Cleveland Guardians,Minnesota Twins,2025-08-02T17:00:00+00:00,2025-08-02T20:10:00+00:00,0.010042914441188988,0.0,162,162,0.5432131090170551,0.5306841046277666,0.5990220048899756,1,0.20865426377386478,0.2202574096490411,0.16078335256245477
776909,2025-08-02,2025,Boston Red Sox,Houston Astros,2025-08-02T17:00:00+00:00,2025-08-02T20:10:00+00:00,0.00810330309402929,0.0,162,162,0.5412252123021035,0.5306841046277666,0.530456852791878,1,0.21047430582725,0.2202574096490411,0.2204707670901081
776910,2025-08-02,2025,Miami Marlins,New York Yankees,2025-08-02T17:00:00+00:00,2025-08-02T20:10:00+00:00,-0.1018565608119546,0.0,162,162,0.4283097506143292,0.5306841046277666,0.5089058524173028,1,0.32682974124265046,0.2202574096490411,0.24117346178997598
776911,2025-08-02,2025,New York Mets,San Francisco Giants,2025-08-02T17:00:00+00:00,2025-08-02T20:10:00+00:00,-0.0045282192243376596,0.0,162,162,0.5282499355544082,0.5306841046277666,0.6456876456876457,1,0.22254812330441998,0.2202574096490411,0.12553724441836328
776912,2025-08-02,2025,Philadelphia Phillies,Detroit Tigers,2025-08-02T17:00:00+00:00,2025-08-02T20:05:00+00:00,-0.010936517533363221,0.0,162,162,0.5216515033438878,0.5306841046277666,0.5178571428571429,0,0.27212029094093815,0.2816256189045743,0.2681760204081633
776883,2025-08-03,2025,Seattle Mariners,Texas Rangers,2025-08-03T17:00:00+00:00,2025-08-03T20:10:00+00:00,-0.005504109411448854,0.0,162,162,0.5272456702821363,0.5306841046277666,0.43107769423558895,1,0.22349665626698656,0.2202574096490411,0.323672589996294
776884,2025-08-03,2025,San Diego Padres,St. Louis Cardinals,2025-08-03T17:00:00+00:00,2025-08-03T20:10:00+00:00,0.017628208537504908,0.0,162,162,0.5509734477587038,0.5306841046277666,0.6225961538461539,1,0.20162484461770547,0.2202574096490411,0.14243366309171596
776885,2025-08-03,2025,Los Angeles Angels,Chicago White Sox,2025-08-03T17:00:00+00:00,2025-08-03T20:07:00+00:00,-0.019387698603383408,0.0,162,162,0.5129383841983771,0.5306841046277666,0.5443037974683544,1,0.2372290175872877,0.2202574096490411,0.20765902900176253
776886,2025-08-03,2025,Colorado Rockies,Pittsburgh Pirates,2025-08-03T17:00:00+00:00,2025-08-03T19:10:00+00:00,-0.08192235044101437,0.0,162,162,0.44857204915814897,0.5306841046277666,0.42039800995024873,0,0.2012168832859408,0.2816256189045743,0.17673448677012943
776887,2025-08-03,2025,New York Mets,San Francisco Giants,2025-08-03T17:00:00+00:00,2025-08-03T17:40:00+00:00,-8.967573349338842e-05,0.0,162,162,0.532814529842756,0.5306841046277666,0.6048780487804878,0,0.28389132321155713,0.2816256189045743,0.3658774538964902
776888,2025-08-03,2025,Chicago Cubs,Baltimore Orioles,2025-08-03T17:00:00+00:00,2025-08-03T18:20:00+00:00,0.11217421558255236,0.0,162,162,0.644508612147362,0.5306841046277666,0.6235011990407675,1,0.1263741268373947,0.2202574096490411,0.14175134712373977
776890,2025-08-03,2025,Philadelphia Phillies,Detroit Tigers,2025-08-03T17:00:00+00:00,2025-08-03T23:10:00+00:00,-0.00958086692781046,0.0,162,162,0.5230480842672522,0.5306841046277666,0.6235011990407675,1,0.22748312992113812,0.2202574096490411,0.14175134712373977
776891,2025-08-03,2025,Miami Marlins,New York Yankees,2025-08-03T17:00:00+00:00,2025-08-03T17:40:00+00:00,-0.10272951985368017,0.0,162,162,0.4274273878846046,0.5306841046277666,0.49109414758269715,1,0.32783939614464697,0.2202574096490411,0.2589851666245817
776892,2025-08-03,2025,Cleveland Guardians,Minnesota Twins,2025-08-03T17:00:00+00:00,2025-08-03T17:40:00+00:00,0.009560586191281861,0.0,162,162,0.5427188995869682,0.5306841046277666,0.6058394160583942,0,0.29454380396888963,0.2816256189045743,0.36704139804997604
776893,2025-08-03,2025,Toronto Blue Jays,Kansas City Royals,2025-08-03T17:00:00+00:00,2025-08-03T17:37:00+00:00,0.010265810908253625,0.0,162,162,0.5434414674095942,0.5306841046277666,0.57,0,0.295328628500293,0.2816256189045743,0.32489999999999997
776894,2025-08-03,2025,Washington Nationals,Milwaukee Brewers,2025-08-03T17:00:00+00:00,2025-08-03T17:35:00+00:00,-0.11953550423445702,0.0,162,162,0.4105366300597713,0.5306841046277666,0.42999999999999994,0,0.16854032462083351,0.2816256189045743,0.18489999999999995
776867,2025-08-04,2025,Los Angeles Angels,Tampa Bay Rays,2025-08-04T17:00:00+00:00,2025-08-05T01:38:00+00:00,-0.09088897438685539,0.0,162,162,0.4394325683486177,0.5306841046277666,0.5367088607594936,1,0.3142358454282271,0.2202574096490411,0.21463867969876624
776870,2025-08-04,2025,Los Angeles Dodgers,St. Louis Cardinals,2025-08-04T17:00:00+00:00,2025-08-05T02:10:00+00:00,0.06331217910362497,0.0,162,162,0.5970611507137995,0.5306841046277666,0.6276849642004773,0,0.3564820176916864,0.2816256189045743,0.3939884142833544
776871,2025-08-04,2025,Texas Rangers,New York Yankees,2025-08-04T17:00:00+00:00,2025-08-05T00:05:00+00:00,-0.031035390622261794,0.0,162,162,0.5009178773861606,0.5306841046277666,0.43500000000000005,1,0.24908296511273548,0.2202574096490411,0.3192249999999999
776872,2025-08-04,2025,Colorado Rockies,Toronto Blue Jays,2025-08-04T17:00:00+00:00,2025-08-05T00:40:00+00:00,-0.13478595437008983,0.0,162,162,0.395388597220963,0.5306841046277666,0.34642032332563516,0,0.15633214281236088,0.2816256189045743,0.1200070404130376
776873,2025-08-04,2025,Arizona Diamondbacks,San Diego Padres,2025-08-04T17:00:00+00:00,2025-08-05T01:40:00+00:00,0.0007750383746839562,0.0,162,162,0.5337031861174485,0.5306841046277666,0.4582278481012658,1,0.21743271863701888,0.2202574096490411,0.2935170645729851
776874,2025-08-04,2025,Detroit Tigers,Minnesota Twins,2025-08-04T17:00:00+00:00,2025-08-04T22:40:00+00:00,0.06554867103605971,0.0,162,162,0.5992807794529622,0.5306841046277666,0.6155717761557177,1,0.1605758937158255,0.2202574096490411,0.14778505928806965
776875,2025-08-04,2025,Miami Marlins,Houston Astros,2025-08-04T17:00:00+00:00,2025-08-04T22:40:00+00:00,-0.06613493659602016,0.0,162,162,0.4647447783190517,0.5306841046277666,0.5443037974683544,0,0.2159877089748245,0.2816256189045743,0.2962666239384714
776876,2025-08-04,2025,New York Mets,Cleveland Guardians,2025-08-04T17:00:00+00:00,2025-08-04T23:10:00+00:00,0.04994084583723024,0.0,162,162,0.583710496379849,0.5306841046277666,0.6327014218009479,0,0.34071794358400964,0.2816256189045743,0.400311089148941
776877,2025-08-04,2025,Philadelphia Phillies,Baltimore Orioles,2025-08-04T17:00:00+00:00,2025-08-04T22:45:00+00:00,0.07293980434597375,0.0,162,162,0.6065868071017513,0.5306841046277666,0.6496519721577726,1,0.15477394034639466,0.2202574096490411,0.12274374061293815
776878,2025-08-04,2025,Chicago Cubs,Cincinnati Reds,2025-08-04T17:00:00+00:00,2025-08-05T00:05:00+00:00,0.06273707245638249,-1.0,162,162,0.6618480706619231,0.5306841046277666,0.5603015075376885,0,0.43804286863890995,0.2816256189045743,0.3139377793490064
776879,2025-08-04,2025,Pittsburgh Pirates,San Francisco Giants,2025-08-04T17:00:00+00:00,2025-08-04T22:40:00+00:00,-0.07624540066987828,0.0,162,162,0.45437684834250625,0.5306841046277666,0.46329113924050636,1,0.29770462362465644,0.2202574096490411,0.28805640121775355
776880,2025-08-04,2025,Boston Red Sox,Kansas City Royals,2025-08-04T17:00:00+00:00,2025-08-04T23:10:00+00:00,0.036945942445141045,0.0,162,162,0.5706167579673681,0.5306841046277666,0.5901234567901236,1,0.18436996853845375,0.2202574096490411,0.1679987806736777
776882,2025-08-04,2025,Atlanta Braves,Milwaukee Brewers,2025-08-04T17:00:00+00:00,2025-08-04T23:15:00+00:00,-0.03661477613861541,1.0,162,162,0.42554610752114663,0.5306841046277666,0.4335839598997493,0,0.18108948962639929,0.2816256189045743,0.1879950502823474
776848,2025-08-05,2025,Los Angeles Angels,Tampa Bay Rays,2025-08-05T17:00:00+00:00,2025-08-06T01:38:00+00:00,-0.08432391179341775,0.0,162,162,0.4461205208263364,0.5306841046277666,0.5329949238578681,0,0.19902351910236166,0.2816256189045743,0.2840835888582546
776852,2025-08-05,2025,Arizona Diamondbacks,San Diego Padres,2025-08-05T17:00:00+00:00,2025-08-06T01:40:00+00:00,0.005653203560472053,0.0,162,162,0.5387122500306596,0.5306841046277666,0.4531645569620253,0,0.2902108883330959,0.2816256189045743,0.20535811568658865
776854,2025-08-05,2025,Colorado Rockies,Toronto Blue Jays,2025-08-05T17:00:00+00:00,2025-08-06T00:40:00+00:00,-0.1477024947860615,0.0,162,162,0.3827128005415392,0.5306841046277666,0.3251121076233184,0,0.146469087698348,0.2816256189045743,0.10569788252327615
776855,2025-08-05,2025,Texas Rangers,New York Yankees,2025-08-05T17:00:00+00:00,2025-08-06T00:05:00+00:00,-0.02553320661251135,0.0,162,162,0.5065971555678387,0.5306841046277666,0.5406091370558376,1,0.24344636689374757,0.2202574096490411,0.21103996495658223
776857,2025-08-05,2025,Seattle Mariners,Chicago White Sox,2025-08-05T17:00:00+00:00,2025-08-06T01:40:00+00:00,0.0653585490044884,0.0,162,162,0.5990922479120968,0.5306841046277666,0.6836283185840709,1,0.16072702568417566,0.2202574096490411,0.10009104080194213
776858,2025-08-05,2025,Los Angeles Dodgers,St. Louis Cardinals,2025-08-05T17:00:00+00:00,2025-08-06T02:10:00+00:00,0.06262644977742154,0.0,162,162,0.596379790174685,0.5306841046277666,0.6294536817102138,1,0.1629092737794313,0.2202574096490411,0.13730457399811558
776860,2025-08-05,2025,Chicago Cubs,Cincinnati Reds,2025-08-05T17:00:00+00:00,2025-08-06T00:05:00+00:00,0.05987873243685082,0.0,162,162,0.5936458715734954,0.5306841046277666,0.6201923076923077,0,0.35241542083625493,0.2816256189045743,0.3846384985207101
776861,2025-08-05,2025,Detroit Tigers,Minnesota Twins,2025-08-05T17:00:00+00:00,2025-08-05T22:40:00+00:00,0.06807896560917459,0.0,162,162,0.6017870886235578,0.5306841046277666,0.5639097744360902,0,0.3621477000340178,0.2816256189045743,0.3179942337045622
776862,2025-08-05,2025,Miami Marlins,Houston Astros,2025-08-05T17:00:00+00:00,2025-08-05T22:40:00+00:00,-0.07219799296948198,0.0,162,162,0.4585230870038444,0.5306841046277666,0.5051282051282052,0,0.21024342131553508,0.2816256189045743,0.2551545036160422
776863,2025-08-05,2025,New York Mets,Cleveland Guardians,2025-08-05T17:00:00+00:00,2025-08-05T23:10:00+00:00,0.04291576506293954,0.0,162,162,0.5766454209164639,0.5306841046277666,0.5935960591133005,0,0.33251994146392577,0.2816256189045743,0.35235628139484093
776864,2025-08-05,2025,Boston Red Sox,Kansas City Royals,2025-08-05T17:00:00+00:00,2025-08-05T23:10:00+00:00,0.03537431585693607,0.0,162,162,0.5690260746055857,0.5306841046277666,0.68,1,0.18573852436987015,0.2202574096490411,0.10239999999999996
776866,2025-08-05,2025,Pittsburgh Pirates,San Francisco Giants,2025-08-05T17:00:00+00:00,2025-08-05T22:40:00+00:00,-0.07389263473367724,0.0,162,162,0.4567863323029937,0.5306841046277666,0.44584382871536526,0,0.208653753378821,0.2816256189045743,0.19877671960357596
776868,2025-08-05,2025,Philadelphia Phillies,Baltimore Orioles,2025-08-05T17:00:00+00:00,2025-08-05T22:45:00+00:00,0.08140289480231405,0.0,162,162,0.6148940993588443,0.5306841046277666,0.5541561712846348,1,0.14830655470863569,0.2202574096490411,0.1987767196035759
776869,2025-08-05,2025,Atlanta Braves,Milwaukee Brewers,2025-08-05T17:00:00+00:00,2025-08-05T23:15:00+00:00,-0.04473507161432333,0.0,162,162,0.4867793888800249,0.5306841046277666,0.43859649122807015,0,0.23695417343841052,0.2816256189045743,0.1923668821175746
776836,2025-08-06,2025,Colorado Rockies,Toronto Blue Jays,2025-08-06T17:00:00+00:00,2025-08-06T19:10:00+00:00,-0.1464085339514571,0.0,162,162,0.38397579024602974,0.5306841046277666,0.3114035087719298,0,0.147437407495063,0.2816256189045743,0.09697214527546935
776838,2025-08-06,2025,Arizona Diamondbacks,San Diego Padres,2025-08-06T17:00:00+00:00,2025-08-07T01:40:00+00:00,-0.0007327039737305974,0.0,162,162,0.5321535621397192,0.5306841046277666,0.42643391521197016,0,0.283187413697992,0.2816256189045743,0.18184588404300975
776839,2025-08-06,2025,Los Angeles Dodgers,St. Louis Cardinals,2025-08-06T17:00:00+00:00,2025-08-06T20:10:00+00:00,0.06611346501207616,0.0,162,162,0.5998406750647468,0.5306841046277666,0.6527777777777778,0,0.35980883546213116,0.2816256189045743,0.4261188271604938
776841,2025-08-06,2025,Seattle Mariners,Chicago White Sox,2025-08-06T17:00:00+00:00,2025-08-07T01:40:00+00:00,0.06635744815411748,0.0,162,162,0.6000824616370006,0.5306841046277666,0.6976241900647947,1,0.15993403749032106,0.2202574096490411,0.0914311304339714
776843,2025-08-06,2025,Los Angeles Angels,Tampa Bay Rays,2025-08-06T17:00:00+00:00,2025-08-06T20:07:00+00:00,-0.08707335353912377,0.0,162,162,0.44331709548122405,0.5306841046277666,0.47959183673469385,0,0.19653004714590872,0.2816256189045743,0.23000832986255726
776845,2025-08-06,2025,Texas Rangers,New York Yankees,2025-08-06T17:00:00+00:00,2025-08-06T18:35:00+00:00,-0.019841218822171713,0.0,162,162,0.5124705377093538,0.5306841046277666,0.46446700507614214,0,0.26262605202011424,0.2816256189045743,0.21572959880440104
776846,2025-08-06,2025,New York Mets,Cleveland Guardians,2025-08-06T17:00:00+00:00,2025-08-06T17:10:00+00:00,0.04077045439037735,0.0,162,162,0.57448149376207,0.5306841046277666,0.6201923076923077,0,0.3300289866750993,0.2816256189045743,0.3846384985207101
776847,2025-08-06,2025,Chicago Cubs,Cincinnati Reds,2025-08-06T17:00:00+00:00,2025-08-06T18:20:00+00:00,0.056492299239013444,0.0,162,162,0.5902684612773691,0.5306841046277666,0.547979797979798,1,0.16787993382401478,0.2202574096490411,0.20432226303438422
776849,2025-08-06,2025,Miami Marlins,Houston Astros,2025-08-06T17:00:00+00:00,2025-08-06T20:40:00+00:00,-0.07703647197789992,0.0,162,162,0.45356718078391145,0.5306841046277666,0.5216284987277354,1,0.29858882591644254,0.2202574096490411,0.22883929322948024
776853,2025-08-06,2025,Atlanta Braves,Milwaukee Brewers,2025-08-06T17:00:00+00:00,2025-08-06T23:15:00+00:00,-0.04683843255809428,0.0,162,162,0.4846099635557448,0.5306841046277666,0.5505050505050506,0,0.23484681677750033,0.2816256189045743,0.30305581063156833
776856,2025-08-06,2025,Boston Red Sox,Kansas City Royals,2025-08-06T17:00:00+00:00,2025-08-06T23:10:00+00:00,0.03890177336461442,0.0,162,162,0.5725942656739283,0.5306841046277666,0.5516372795969774,0,0.32786419308266523,0.2816256189045743,0.30430368824115384
776859,2025-08-06,2025,Detroit Tigers,Minnesota Twins,2025-08-06T17:00:00+00:00,2025-08-06T17:10:00+00:00,0.06390321106476926,0.0,162,162,0.5976481168824663,0.5306841046277666,0.6448598130841121,0,0.35718327161315816,0.2816256189045743,0.415844178530876
776830,2025-08-07,2025,Seattle Mariners,Chicago White Sox,2025-08-07T17:00:00+00:00,2025-08-07T20:10:00+00:00,0.07197805539079871,0.0,162,162,0.6056387508334845,0.5306841046277666,0.723360655737705,1,0.15552079484417453,0.2202574096490411,0.07652932679387256
776840,2025-08-07,2025,Pittsburgh Pirates,Cincinnati Reds,2025-08-07T17:00:00+00:00,2025-08-07T22:40:00+00:00,-0.04847711187862658,0.0,162,162,0.4829202127050594,0.5306841046277666,0.6039119804400979,1,0.26737150642898105,0.2202574096490411,0.15688571923888542
776842,2025-08-07,2025,Atlanta Braves,Miami Marlins,2025-08-07T17:00:00+00:00,2025-08-07T23:15:00+00:00,0.05559200275861259,0.0,162,162,0.5893691148729973,0.5306841046277666,0.46700507614213205,1,0.16861772382018572,0.2202574096490411,0.28408358885825447
776820,2025-08-08,2025,San Diego Padres,Boston Red Sox,2025-08-08T17:00:00+00:00,2025-08-09T01:40:00+00:00,-0.032582016984017526,0.0,162,162,0.4993213651764616,0.5306841046277666,0.6073170731707317,0,0.2493218257216853,0.2816256189045743,0.36883402736466386
776821,2025-08-08,2025,Texas Rangers,Philadelphia Phillies,2025-08-08T17:00:00+00:00,2025-08-09T00:05:00+00:00,-0.00011784922680080356,0.0,162,162,0.5327855727494811,0.5306841046277666,0.4520202020202021,0,0.28386046652999264,0.2816256189045743,0.2043222630343843
776822,2025-08-08,2025,San Francisco Giants,Washington Nationals,2025-08-08T17:00:00+00:00,2025-08-09T02:15:00+00:00,0.12275734717792414,1.0,162,162,0.58855729549028,0.5306841046277666,0.5845771144278608,1,0.16928509909427275,0.2202574096490411,0.1725761738570827
776823,2025-08-08,2025,Los Angeles Dodgers,Toronto Blue Jays,2025-08-08T17:00:00+00:00,2025-08-09T02:10:00+00:00,0.02994326195932362,0.0,162,162,0.5635183903227167,0.5306841046277666,0.5505050505050506,1,0.19051619558647231,0.2202574096490411,0.20204570962146712
776824,2025-08-08,2025,Seattle Mariners,Tampa Bay Rays,2025-08-08T17:00:00+00:00,2025-08-09T01:40:00+00:00,-0.00440471810638543,-1.0,162,162,0.5973200029715371,0.5306841046277666,0.5355329949238579,1,0.1621511800068429,0.2202574096490411,0.21572959880440104
776825,2025-08-08,2025,Arizona Diamondbacks,Colorado Rockies,2025-08-08T17:00:00+00:00,2025-08-09T01:40:00+00:00,0.13360026899280236,0.0,162,162,0.6645095619113283,0.5306841046277666,0.6836283185840709,1,0.11255383404892888,0.2202574096490411,0.10009104080194213
776826,2025-08-08,2025,St. Louis Cardinals,Chicago Cubs,2025-08-08T17:00:00+00:00,2025-08-09T00:15:00+00:00,-0.06594046772790302,0.0,162,162,0.46494452750146603,0.5306841046277666,0.4158415841584158,1,0.2862843586506294,0.2202574096490411,0.34124105479854927
776827,2025-08-08,2025,Minnesota Twins,Kansas City Royals,2025-08-08T17:00:00+00:00,2025-08-09T00:10:00+00:00,-0.029936175076399785,0.0,162,162,0.5020525382438263,0.5306841046277666,0.547979797979798,1,0.24795167466941603,0.2202574096490411,0.20432226303438422
776828,2025-08-08,2025,Milwaukee Brewers,New York Mets,2025-08-08T17:00:00+00:00,2025-08-09T00:10:00+00:00,0.03652304745639556,0.0,162,162,0.5701888771496141,0.5306841046277666,0.5639097744360902,1,0.18473760132590952,0.2202574096490411,0.19017468483238167
776829,2025-08-08,2025,Pittsburgh Pirates,Cincinnati Reds,2025-08-08T17:00:00+00:00,2025-08-08T22:40:00+00:00,-0.04163844774976089,0.0,162,162,0.489974157790677,0.5306841046277666,0.47328244274809167,1,0.26012635972132925,0.2202574096490411,0.2774313851174173
776832,2025-08-08,2025,Detroit Tigers,Los Angeles Angels,2025-08-08T17:00:00+00:00,2025-08-08T23:10:00+00:00,0.096131956527718,0.0,162,162,0.6291911295072351,0.5306841046277666,0.7166666666666667,1,0.1374992184361201,0.2202574096490411,0.08027777777777777
776833,2025-08-08,2025,Chicago White Sox,Cleveland Guardians,2025-08-08T17:00:00+00:00,2025-08-08T23:40:00+00:00,-0.02704297232588987,-1.0,162,162,0.5746471006869757,0.5306841046277666,0.43609022556390975,0,0.33021929032794717,0.2816256189045743,0.19017468483238167
776834,2025-08-08,2025,Atlanta Braves,Miami Marlins,2025-08-08T17:00:00+00:00,2025-08-08T23:15:00+00:00,0.05946376667683084,0.0,162,162,0.5932324804034083,0.5306841046277666,0.4531645569620253,0,0.3519247758055802,0.2816256189045743,0.20535811568658865
776835,2025-08-08,2025,New York Yankees,Houston Astros,2025-08-08T17:00:00+00:00,2025-08-08T23:05:00+00:00,0.0220555656475645,0.0,162,162,0.555491777118034,0.5306841046277666,0.49744897959183665,0,0.3085711144457515,0.2816256189045743,0.24745548729695951
776802,2025-08-09,2025,San Francisco Giants,Washington Nationals,2025-08-09T17:00:00+00:00,2025-08-09T20:05:00+00:00,0.12540119413477585,0.0,162,162,0.6569206897525793,0.5306841046277666,0.5901234567901236,0,0.4315447926250046,0.2816256189045743,0.3482456942539248
776805,2025-08-09,2025,Seattle Mariners,Tampa Bay Rays,2025-08-09T17:00:00+00:00,2025-08-10T01:40:00+00:00,-0.00028186094258642047,0.0,162,162,0.5326169949346017,0.5306841046277666,0.5639097744360902,1,0.21844687342396216,0.2202574096490411,0.19017468483238167
776807,2025-08-09,2025,San Diego Padres,Boston Red Sox,2025-08-09T17:00:00+00:00,2025-08-10T00:40:00+00:00,-0.039546230988893316,0.0,162,162,0.49213316538572416,0.5306841046277666,0.5541561712846348,1,0.2579287217011242,0.2202574096490411,0.1987767196035759
776808,2025-08-09,2025,Los Angeles Dodgers,Toronto Blue Jays,2025-08-09T17:00:00+00:00,2025-08-10T01:10:00+00:00,0.03373091643234627,0.0,162,162,0.5673612238310494,0.5306841046277666,0.5901234567901236,1,0.18717631064496737,0.2202574096490411,0.1679987806736777
776809,2025-08-09,2025,Arizona Diamondbacks,Colorado Rockies,2025-08-09T17:00:00+00:00,2025-08-10T00:10:00+00:00,0.13874002661788787,0.0,162,162,0.6692241245370452,0.5306841046277666,0.6621004566210046,1,0.10941267978828421,0.2202574096490411,0.1141761014157336
776810,2025-08-09,2025,Texas Rangers,Philadelphia Phillies,2025-08-09T17:00:00+00:00,2025-08-09T23:15:00+00:00,-0.011358353647419994,0.0,162,162,0.5212168609099078,0.5306841046277666,0.547979797979798,0,0.2716670160967782,0.2816256189045743,0.30028185899398024
776812,2025-08-09,2025,Pittsburgh Pirates,Cincinnati Reds,2025-08-09T17:00:00+00:00,2025-08-09T22:40:00+00:00,-0.04210428409864431,0.0,162,162,0.4894934983881841,0.5306841046277666,0.5,0,0.2396038849643032,0.2816256189045743,0.25
776813,2025-08-09,2025,Detroit Tigers,Los Angeles Angels,2025-08-09T17:00:00+00:00,2025-08-09T22:10:00+00:00,0.09458845161587043,0.0,162,162,0.6277029881094364,0.5306841046277666,0.547979797979798,0,0.3940110412815152,0.2816256189045743,0.30028185899398024
776814,2025-08-09,2025,Chicago White Sox,Cleveland Guardians,2025-08-09T17:00:00+00:00,2025-08-09T23:10:00+00:00,-0.02645652114058894,0.0,162,162,0.5056442021257858,0.5306841046277666,0.4520202020202021,0,0.2556760591434225,0.2816256189045743,0.2043222630343843
776815,2025-08-09,2025,New York Yankees,Houston Astros,2025-08-09T17:00:00+00:00,2025-08-09T18:05:00+00:00,0.022237076429990288,0.0,162,162,0.5556768270807783,0.5306841046277666,0.49744897959183665,1,0.19742308199300462,0.2202574096490411,0.25255752811328624
776816,2025-08-09,2025,Minnesota Twins,Kansas City Royals,2025-08-09T17:00:00+00:00,2025-08-09T23:10:00+00:00,-0.0247472984888909,0.0,162,162,0.5074082542887085,0.5306841046277666,0.48346055979643765,0,0.25746313652031466,0.2816256189045743,0.23373411287868487
776817,2025-08-09,2025,Milwaukee Brewers,New York Mets,2025-08-09T17:00:00+00:00,2025-08-09T23:10:00+00:00,0.0362487041748395,0.0,162,162,0.5699112432927538,0.5306841046277666,0.5292620865139949,1,0.18497633864598484,0.2202574096490411,0.22159418319315766
776818,2025-08-09,2025,St. Louis Cardinals,Chicago Cubs,2025-08-09T17:00:00+00:00,2025-08-09T23:15:00+00:00,-0.06294765004000791,0.0,162,162,0.468019987478746,0.5306841046277666,0.49109414758269715,0,0.21904270867960557,0.2816256189045743,0.24117346178997592
776819,2025-08-09,2025,Atlanta Braves,Miami Marlins,2025-08-09T17:00:00+00:00,2025-08-09T23:15:00+00:00,0.05426432868792819,0.0,162,162,0.588041752772076,0.5306841046277666,0.5267175572519084,1,0.16970959745910333,0.2202574096490411,0.2239962706136006
778431,2025-08-09,2025,Atlanta Braves,Miami Marlins,2025-08-09T17:00:00+00:00,2025-08-09T17:15:00+00:00,0.05426432868792819,0.0,162,162,0.588041752772076,0.5306841046277666,0.4885496183206107,1,0.16970959745910333,0.2202574096490411,0.261581492919993
776788,2025-08-10,2025,Los Angeles Dodgers,Toronto Blue Jays,2025-08-10T17:00:00+00:00,2025-08-10T20:10:00+00:00,0.04169071718991424,0.0,162,162,0.5754100969432069,0.5306841046277666,0.6159420289855072,0,0.33109677966419077,0.2816256189045743,0.3793845830707834
776789,2025-08-10,2025,San Diego Padres,Boston Red Sox,2025-08-10T17:00:00+00:00,2025-08-10T20:10:00+00:00,-0.04095187059805905,0.0,162,162,0.49068261557639264,0.5306841046277666,0.5664160401002506,1,0.2594041980761047,0.2202574096490411,0.1879950502823475
776791,2025-08-10,2025,Seattle Mariners,Tampa Bay Rays,2025-08-10T17:00:00+00:00,2025-08-10T20:10:00+00:00,0.002980169634693608,0.0,162,162,0.5359683918923354,0.5306841046277666,0.6350710900473934,1,0.21532533332298526,0.2202574096490411,0.13317310931919768
776793,2025-08-10,2025,San Francisco Giants,Washington Nationals,2025-08-10T17:00:00+00:00,2025-08-10T20:05:00+00:00,0.11927382065089448,0.0,162,162,0.6511962444399775,0.5306841046277666,0.5841584158415841,0,0.4240565487727309,0.2816256189045743,0.3412410547985491
776794,2025-08-10,2025,Arizona Diamondbacks,Colorado Rockies,2025-08-10T17:00:00+00:00,2025-08-10T20:10:00+00:00,0.14417743360538715,0.0,162,162,0.6741749706242243,0.5306841046277666,0.7082452431289641,1,0.10616194976772513,0.2202574096490411,0.08512083815687728
776795,2025-08-10,2025,St. Louis Cardinals,Chicago Cubs,2025-08-10T17:00:00+00:00,2025-08-10T23:10:00+00:00,-0.07417937281399989,0.0,162,162,0.45649257131920035,0.5306841046277666,0.47715736040609136,1,0.2954003250312146,0.2202574096490411,0.27336442577752584
776796,2025-08-10,2025,Minnesota Twins,Kansas City Royals,2025-08-10T17:00:00+00:00,2025-08-10T17:05:00+00:00,-0.029183171335980918,0.0,162,162,0.5028298118546601,0.5306841046277666,0.5051020408163266,1,0.24717819598047264,0.2202574096490411,0.24492399000416487
776797,2025-08-10,2025,New York Yankees,Houston Astros,2025-08-10T17:00:00+00:00,2025-08-10T17:35:00+00:00,0.020282908961605006,0.0,162,162,0.5536837548352948,0.5306841046277666,0.6628701594533031,0,0.3065657003685108,0.2816256189045743,0.43939684829364745
776798,2025-08-10,2025,Chicago White Sox,Cleveland Guardians,2025-08-10T17:00:00+00:00,2025-08-10T18:10:00+00:00,-0.02792245113278269,0.0,162,162,0.5041311334979656,0.5306841046277666,0.4593908629441624,1,0.24588593276601245,0.2202574096490411,0.2922582390682574
776799,2025-08-10,2025,Milwaukee Brewers,New York Mets,2025-08-10T17:00:00+00:00,2025-08-10T18:10:00+00:00,0.040158252227600943,0.0,162,162,0.5738634515772199,0.5306841046277666,0.5139949109414759,1,0.18159235790168046,0.2202574096490411,0.23620094659078397
776800,2025-08-10,2025,Texas Rangers,Philadelphia Phillies,2025-08-10T17:00:00+00:00,2025-08-10T18:35:00+00:00,-0.010960061575969515,0.0,162,162,0.5216272453966776,0.5306841046277666,0.3970588235294118,0,0.2720949831401257,0.2816256189045743,0.15765570934256057
776801,2025-08-10,2025,Pittsburgh Pirates,Cincinnati Reds,2025-08-10T17:00:00+00:00,2025-08-10T17:35:00+00:00,-0.04304241505193901,0.0,162,162,0.4885255756896745,0.5306841046277666,0.5025510204081632,0,0.23865723810292785,0.2816256189045743,0.2525575281132861
776803,2025-08-10,2025,Atlanta Braves,Miami Marlins,2025-08-10T17:00:00+00:00,2025-08-10T17:35:00+00:00,0.05220571389946094,0.0,162,162,0.5859810934965436,0.5306841046277666,0.5516372795969774,1,0.17141165494231778,0.2202574096490411,0.20102912904719902
776806,2025-08-10,2025,Detroit Tigers,Los Angeles Angels,2025-08-10T17:00:00+00:00,2025-08-10T17:40:00+00:00,0.09009065990311294,0.0,162,162,0.6233527902875803,0.5306841046277666,0.6235011990407675,1,0.1418631205841515,0.2202574096490411,0.14175134712373977
776779,2025-08-11,2025,Los Angeles Angels,Los Angeles Dodgers,2025-08-11T17:00:00+00:00,2025-08-12T01:38:00+00:00,-0.1213854210278727,0.0,162,162,0.40868944942566526,0.5306841046277666,0.38740920096852305,1,0.34964816722052294,0.2202574096490411,0.3752674870580234
776780,2025-08-11,2025,San Francisco Giants,San Diego Padres,2025-08-11T17:00:00+00:00,2025-08-12T01:45:00+00:00,0.032254023753091166,0.0,162,162,0.5658637531108754,0.5306841046277666,0.5392405063291139,0,0.3202017870847258,0.2816256189045743,0.29078032366607914
776781,2025-08-11,2025,Chicago White Sox,Detroit Tigers,2025-08-11T17:00:00+00:00,2025-08-11T23:40:00+00:00,-0.07665571586287517,0.0,162,162,0.45395685719868967,0.5306841046277666,0.42999999999999994,0,0.20607682819771153,0.2816256189045743,0.18489999999999995
776782,2025-08-11,2025,Houston Astros,Boston Red Sox,2025-08-11T17:00:00+00:00,2025-08-12T00:10:00+00:00,-0.010434050968388786,0.0,162,162,0.522169181216611,0.5306841046277666,0.39077669902912626,1,0.2283222913792039,0.2202574096490411,0.3711530304458478
776783,2025-08-11,2025,St. Louis Cardinals,Colorado Rockies,2025-08-11T17:00:00+00:00,2025-08-11T23:45:00+00:00,0.13206534936605818,0.0,162,162,0.6630951828290796,0.5306841046277666,0.6535796766743649,1,0.11350485583297128,0.2202574096490411,0.12000704041303757
776784,2025-08-11,2025,Kansas City Royals,Washington Nationals,2025-08-11T17:00:00+00:00,2025-08-11T23:40:00+00:00,0.08231552645057372,0.0,162,162,0.6157860375146189,0.5306841046277666,0.5771144278606966,1,0.14762036896871783,0.2202574096490411,0.17883220712358602
776785,2025-08-11,2025,Texas Rangers,Arizona Diamondbacks,2025-08-11T17:00:00+00:00,2025-08-12T00:05:00+00:00,0.01826955643146355,0.0,162,162,0.5516285132386929,0.5306841046277666,0.5945945945945945,1,0.201036990140545,0.2202574096490411,0.16435354273192118
776786,2025-08-11,2025,Milwaukee Brewers,Pittsburgh Pirates,2025-08-11T17:00:00+00:00,2025-08-11T23:40:00+00:00,0.09720465711591747,0.0,162,162,0.6302239130240624,0.5306841046277666,0.6448598130841121,1,0.13673435449923613,0.2202574096490411,0.1261245523626518
776790,2025-08-11,2025,New York Yankees,Minnesota Twins,2025-08-11T17:00:00+00:00,2025-08-11T23:05:00+00:00,0.06635663669294711,0.0,162,162,0.6000816575621212,0.5306841046277666,0.6244019138755981,1,0.15993468061826052,0.2202574096490411,0.14107392230031365
776792,2025-08-11,2025,Cincinnati Reds,Philadelphia Phillies,2025-08-11T17:00:00+00:00,2025-08-11T22:10:00+00:00,-0.03511653497123923,0.0,162,162,0.49670514217510453,0.5306841046277666,0.5292620865139949,0,0.2467159982631908,0.2816256189045743,0.2801183562211474
776763,2025-08-12,2025,Los Angeles Angels,Los Angeles Dodgers,2025-08-12T17:00:00+00:00,2025-08-13T01:38:00+00:00,-0.115132011763667,0.0,162,162,0.41494368276451665,0.5306841046277666,0.3723150357995227,1,0.34229089433714655,0.2202574096490411,0.39398841428335457
776764,2025-08-12,2025,Texas Rangers,Arizona Diamondbacks,2025-08-12T17:00:00+00:00,2025-08-13T00:05:00+00:00,0.021979646426310784,0.0,162,162,0.555414373020643,0.5306841046277666,0.57356608478803,0,0.308485125757914,0.2816256189045743,0.32897805361906957
776767,2025-08-12,2025,San Francisco Giants,San Diego Padres,2025-08-12T17:00:00+00:00,2025-08-13T01:45:00+00:00,0.032684140728361455,0.0,162,162,0.5662999884213581,0.5306841046277666,0.5114503816793893,0,0.3206956768860303,0.2816256189045743,0.261581492919993
776768,2025-08-12,2025,Toronto Blue Jays,Chicago Cubs,2025-08-12T17:00:00+00:00,2025-08-12T23:07:00+00:00,-0.03637522281316741,0.0,162,162,0.4954059362474361,0.5306841046277666,0.5292620865139949,1,0.2546151691743265,0.2202574096490411,0.22159418319315766
776769,2025-08-12,2025,Houston Astros,Boston Red Sox,2025-08-12T17:00:00+00:00,2025-08-13T00:10:00+00:00,-0.009926717081378156,0.0,162,162,0.522691825445114,0.5306841046277666,0.5051020408163266,0,0.2732067443871455,0.2816256189045743,0.25512807163681805
776770,2025-08-12,2025,Kansas City Royals,Washington Nationals,2025-08-12T17:00:00+00:00,2025-08-12T23:40:00+00:00,0.08315792828711044,0.0,162,162,0.616608647917388,0.5306841046277666,0.6350710900473934,1,0.14698892885173334,0.2202574096490411,0.13317310931919768
776771,2025-08-12,2025,Milwaukee Brewers,Pittsburgh Pirates,2025-08-12T17:00:00+00:00,2025-08-12T23:40:00+00:00,0.10478753179485079,0.0,162,162,0.6374901962544121,0.5306841046277666,0.5468354430379747,1,0.1314133578116647,0.2202574096490411,0.20535811568658865
776772,2025-08-12,2025,New York Mets,Atlanta Braves,2025-08-12T17:00:00+00:00,2025-08-12T23:10:00+00:00,0.005535769784974498,0.0,162,162,0.5385917527734841,0.5306841046277666,0.565,1,0.2128975706086456,0.2202574096490411,0.18922500000000006
776773,2025-08-12,2025,Chicago White Sox,Detroit Tigers,2025-08-12T17:00:00+00:00,2025-08-12T23:40:00+00:00,-0.08100171907914022,0.0,162,162,0.449512504891015,0.5306841046277666,0.3834951456310679,1,0.30303648227136476,0.2202574096490411,0.38007823546045816
776774,2025-08-12,2025,New York Yankees,Minnesota Twins,2025-08-12T17:00:00+00:00,2025-08-12T23:05:00+00:00,0.07300608293826705,0.0,162,162,0.6066521125938612,0.5306841046277666,0.6829268292682927,1,0.15472256052687244,0.2202574096490411,0.10053539559785839
776775,2025-08-12,2025,St. Louis Cardinals,Colorado Rockies,2025-08-12T17:00:00+00:00,2025-08-12T23:45:00+00:00,0.13377508465486088,0.0,162,162,0.6646704623970754,0.5306841046277666,0.6192771084337348,0,0.44178682358314203,0.2816256189045743,0.38350413703004776
776776,2025-08-12,2025,Baltimore Orioles,Seattle Mariners,2025-08-12T17:00:00+00:00,2025-08-12T22:35:00+00:00,-0.0687628536061754,0.0,162,162,0.4620466417134257,0.5306841046277666,0.38740920096852305,0,0.21348709911865477,0.2816256189045743,0.15008588899506947
776777,2025-08-12,2025,Cincinnati Reds,Philadelphia Phillies,2025-08-12T17:00:00+00:00,2025-08-12T22:40:00+00:00,-0.04403077229318991,0.0,162,162,0.4875059249038984,0.5306841046277666,0.41687344913151364,1,0.2626501770086086,0.2202574096490411,0.34003657432777745
776778,2025-08-12,2025,Cleveland Guardians,Miami Marlins,2025-08-12T17:00:00+00:00,2025-08-12T22:40:00+00:00,0.028958881983816742,0.0,162,162,0.5625184005118543,0.5306841046277666,0.5429292929292929,1,0.19139014989070632,0.2202574096490411,0.20891363126211612
776746,2025-08-13,2025,Texas Rangers,Arizona Diamondbacks,2025-08-13T17:00:00+00:00,2025-08-13T18:35:00+00:00,0.016488486819968506,0.0,162,162,0.5498089138833631,0.5306841046277666,0.5725,0,0.30228984178560336,0.2816256189045743,0.32775625
776749,2025-08-13,2025,San Francisco Giants,San Diego Padres,2025-08-13T17:00:00+00:00,2025-08-13T19:45:00+00:00,0.03219846516551739,0.0,162,162,0.5658073967552789,0.5306841046277666,0.4239401496259351,0,0.3201380102229856,0.2816256189045743,0.17972525046486026
776752,2025-08-13,2025,Los Angeles Angels,Los Angeles Dodgers,2025-08-13T17:00:00+00:00,2025-08-14T01:38:00+00:00,-0.10882405205346557,0.0,162,162,0.42128035931513585,0.5306841046277666,0.3551401869158879,1,0.3349164225144183,0.2202574096490411,0.415844178530876
776753,2025-08-13,2025,Houston Astros,Boston Red Sox,2025-08-13T17:00:00+00:00,2025-08-13T23:10:00+00:00,-0.023980639198694975,0.0,162,162,0.5081994496540028,0.5306841046277666,0.5866336633663367,1,0.24186778132062575,0.2202574096490411,0.17087172826193503
776754,2025-08-13,2025,Chicago White Sox,Detroit Tigers,2025-08-13T17:00:00+00:00,2025-08-13T18:10:00+00:00,-0.07759114257916011,0.0,162,162,0.45299961736578004,0.5306841046277666,0.43859649122807015,0,0.20520865333354313,0.2816256189045743,0.1923668821175746
776755,2025-08-13,2025,Milwaukee Brewers,Pittsburgh Pirates,2025-08-13T17:00:00+00:00,2025-08-13T18:10:00+00:00,0.11455507757842204,0.0,162,162,0.6467577663635402,0.5306841046277666,0.6941431670281994,1,0.12478007562447524,0.2202574096490411,0.0935484022755399
776756,2025-08-13,2025,New York Mets,Atlanta Braves,2025-08-13T17:00:00+00:00,2025-08-13T23:10:00+00:00,0.016507265657770054,0.0,162,162,0.5498281060021382,0.5306841046277666,0.6416861826697892,0,0.30231094614989845,0.2816256189045743,0.41176115702932603
776757,2025-08-13,2025,Toronto Blue Jays,Chicago Cubs,2025-08-13T17:00:00+00:00,2025-08-13T23:07:00+00:00,-0.0345744447612083,0.0,162,162,0.49726469740098167,0.5306841046277666,0.5468354430379747,0,0.24727217928128986,0.2816256189045743,0.2990290017625381
776758,2025-08-13,2025,St. Louis Cardinals,Colorado Rockies,2025-08-13T17:00:00+00:00,2025-08-13T18:15:00+00:00,0.1322090662688037,0.0,162,162,0.6632277378312299,0.5306841046277666,0.6756152125279643,0,0.43987103222873064,0.2816256189045743,0.4564559153992064
776759,2025-08-13,2025,Kansas City Royals,Washington Nationals,2025-08-13T17:00:00+00:00,2025-08-13T18:10:00+00:00,0.08534431738443649,0.0,162,162,0.6187405473278265,0.5306841046277666,0.6039119804400979,0,0.38283986490753824,0.2816256189045743,0.36470968011908117
776760,2025-08-13,2025,New York Yankees,Minnesota Twins,2025-08-13T17:00:00+00:00,2025-08-13T23:05:00+00:00,0.07737702325932516,0.0,162,162,0.6109503631790929,0.5306841046277666,0.568922305764411,0,0.3732603462686655,0.2816256189045743,0.323672589996294
776761,2025-08-13,2025,Baltimore Orioles,Seattle Mariners,2025-08-13T17:00:00+00:00,2025-08-13T22:35:00+00:00,-0.06626465124163117,0.0,162,162,0.46461154788113923,0.5306841046277666,0.4335839598997493,1,0.2866407946622297,0.2202574096490411,0.32082713048284883
776765,2025-08-13,2025,Cincinnati Reds,Philadelphia Phillies,2025-08-13T17:00:00+00:00,2025-08-13T21:10:00+00:00,-0.03471571269515672,0.0,162,162,0.49711887739200694,0.5306841046277666,0.4656488549618321,1,0.2528894234754753,0.2202574096490411,0.2855311462036012
776766,2025-08-13,2025,Cleveland Guardians,Miami Marlins,2025-08-13T17:00:00+00:00,2025-08-13T22:40:00+00:00,0.027056521631582064,0.0,162,162,0.56058443991588,0.5306841046277666,0.5505050505050506,0,0.3142549142758009,0.2816256189045743,0.30305581063156833
776742,2025-08-14,2025,Colorado Rockies,Arizona Diamondbacks,2025-08-14T17:00:00+00:00,2025-08-15T00:40:00+00:00,-0.15113783686056026,0.0,162,162,0.37936739882034837,0.5306841046277666,0.38740920096852305,0,0.14391962328771726,0.2816256189045743,0.15008588899506947
776743,2025-08-14,2025,Washington Nationals,Philadelphia Phillies,2025-08-14T17:00:00+00:00,2025-08-14T22:45:00+00:00,-0.11206678662923669,0.0,162,162,0.4180194849278911,0.5306841046277666,0.36,1,0.3387013199235972,0.2202574096490411,0.4096
776744,2025-08-14,2025,Minnesota Twins,Detroit Tigers,2025-08-14T17:00:00+00:00,2025-08-14T23:40:00+00:00,-0.052955208934031495,0.0,162,162,0.4783046551951239,0.5306841046277666,0.3551401869158879,0,0.22877534318132636,0.2816256189045743,0.1261245523626518
776745,2025-08-14,2025,Cleveland Guardians,Miami Marlins,2025-08-14T17:00:00+00:00,2025-08-14T22:40:00+00:00,0.016863909289511037,0.0,162,162,0.5501925703598811,0.5306841046277666,0.5267175572519084,1,0.2023267237594505,0.2202574096490411,0.2239962706136006
776747,2025-08-14,2025,Toronto Blue Jays,Chicago Cubs,2025-08-14T17:00:00+00:00,2025-08-14T19:07:00+00:00,-0.03998983450677018,0.0,162,162,0.4916753732688599,0.5306841046277666,0.49489795918367346,1,0.2583939261413529,0.2202574096490411,0.25512807163681794
776748,2025-08-14,2025,New York Mets,Atlanta Braves,2025-08-14T17:00:00+00:00,2025-08-14T23:10:00+00:00,0.018669435965835257,0.0,162,162,0.5520368551655414,0.5306841046277666,0.6350710900473934,0,0.30474468946106087,0.2816256189045743,0.4033152894139844
776750,2025-08-14,2025,Baltimore Orioles,Seattle Mariners,2025-08-14T17:00:00+00:00,2025-08-14T17:05:00+00:00,-0.07014804110312928,0.0,162,162,0.4606253252783012,0.5306841046277666,0.46700507614213205,1,0.2909250397311383,0.2202574096490411,0.28408358885825447
776727,2025-08-15,2025,Los Angeles Dodgers,San Diego Padres,2025-08-15T17:00:00+00:00,2025-08-16T02:10:00+00:00,0.044048168006239674,0.0,162,162,0.577786471553239,0.5306841046277666,0.6125907990314771,1,0.17826426360346384,0.2202574096490411,0.1500858889950694
776728,2025-08-15,2025,Kansas City Royals,Chicago White Sox,2025-08-15T17:00:00+00:00,2025-08-16T00:10:00+00:00,0.055590584993634395,0.0,162,162,0.5893676981312969,0.5306841046277666,0.6183574879227054,1,0.16861888733798974,0.2202574096490411,0.14565100702466796
776729,2025-08-15,2025,San Francisco Giants,Tampa Bay Rays,2025-08-15T17:00:00+00:00,2025-08-16T02:15:00+00:00,0.011276670500443453,0.0,162,162,0.5444768668517588,0.5306841046277666,0.5417721518987342,0,0.29645505853670784,0.2816256189045743,0.2935170645729851
776730,2025-08-15,2025,Colorado Rockies,Arizona Diamondbacks,2025-08-15T17:00:00+00:00,2025-08-16T00:40:00+00:00,-0.15252088723394114,0.0,162,162,0.378023769249085,0.5306841046277666,0.36,1,0.3868544316191155,0.2202574096490411,0.4096
776731,2025-08-15,2025,St. Louis Cardinals,New York Yankees,2025-08-15T17:00:00+00:00,2025-08-16T00:15:00+00:00,-0.05728930150368139,0.0,162,162,0.47384103940343353,0.5306841046277666,0.44584382871536526,0,0.22452533062292623,0.2816256189045743,0.19877671960357596
776732,2025-08-15,2025,Minnesota Twins,Detroit Tigers,2025-08-15T17:00:00+00:00,2025-08-16T00:10:00+00:00,-0.05656493032189114,0.0,162,162,0.4745867866957542,0.5306841046277666,0.4582278481012658,0,0.22523261810620132,0.2816256189045743,0.20997276077551674
776733,2025-08-15,2025,Houston Astros,Baltimore Orioles,2025-08-15T17:00:00+00:00,2025-08-16T00:10:00+00:00,0.06777442384482768,1.0,162,162,0.5326979659371197,0.5306841046277666,0.6659090909090909,0,0.2837671229135448,0.2816256189045743,0.4434349173553719
776735,2025-08-15,2025,Toronto Blue Jays,Texas Rangers,2025-08-15T17:00:00+00:00,2025-08-15T23:07:00+00:00,-0.005043647620612934,-1.0,162,162,0.596685288278584,0.5306841046277666,0.5025510204081632,1,0.16266275669092886,0.2202574096490411,0.24745548729695963
776736,2025-08-15,2025,New York Mets,Seattle Mariners,2025-08-15T17:00:00+00:00,2025-08-15T23:10:00+00:00,-0.002989593360759213,0.0,162,162,0.5298328311589833,0.5306841046277666,0.5279187817258882,0,0.2807228289739437,0.2816256189045743,0.27869824009894606
776737,2025-08-15,2025,Chicago Cubs,Pittsburgh Pirates,2025-08-15T17:00:00+00:00,2025-08-15T18:20:00+00:00,0.11095901820777099,-1.0,162,162,0.7048809783889507,0.5306841046277666,0.6318289786223278,0,0.4968571936945644,0.2816256189045743,0.39920785822693394
776738,2025-08-15,2025,Cleveland Guardians,Atlanta Braves,2025-08-15T17:00:00+00:00,2025-08-15T23:10:00+00:00,-0.033977105056559875,0.0,162,162,0.49788129002459786,0.5306841046277666,0.5139949109414759,0,0.24788577895655772,0.2816256189045743,0.26419076847373574
776739,2025-08-15,2025,Washington Nationals,Philadelphia Phillies,2025-08-15T17:00:00+00:00,2025-08-15T22:45:00+00:00,-0.11363301204835763,0.0,162,162,0.41644704247840725,0.5306841046277666,0.36904761904761907,0,0.17342813918901234,0.2816256189045743,0.13619614512471656
776740,2025-08-15,2025,Cincinnati Reds,Milwaukee Brewers,2025-08-15T17:00:00+00:00,2025-08-15T22:40:00+00:00,-0.06373331011657202,0.0,162,162,0.46721238770537377,0.5306841046277666,0.43969849246231163,0,0.2182874152253565,0.2816256189045743,0.19333476427362953
776741,2025-08-15,2025,Boston Red Sox,Miami Marlins,2025-08-15T17:00:00+00:00,2025-08-15T23:10:00+00:00,0.08982405850849151,1.0,162,162,0.5552786675713612,0.5306841046277666,0.5945945945945945,1,0.19777706351710383,0.2202574096490411,0.16435354273192118
776711,2025-08-16,2025,San Francisco Giants,Tampa Bay Rays,2025-08-16T17:00:00+00:00,2025-08-17T01:05:00+00:00,0.011737127029584293,0.0,162,162,0.5449483746420666,0.5306841046277666,0.5253807106598984,0,0.29696873102503013,0.2816256189045743,0.27602489113349993
776712,2025-08-16,2025,Kansas City Royals,Chicago White Sox,2025-08-16T17:00:00+00:00,2025-08-16T23:10:00+00:00,0.05658294397207175,0.0,162,162,0.5903589770143058,0.5306841046277666,0.5628140703517588,1,0.167805767712766,0.2202574096490411,0.1911315370823969
776713,2025-08-16,2025,St. Louis Cardinals,New York Yankees,2025-08-16T17:00:00+00:00,2025-08-16T23:15:00+00:00,-0.05987674096503498,0.0,162,162,0.47117822083986055,0.5306841046277666,0.42750000000000005,0,0.2220089157938164,0.2816256189045743,0.18275625000000004
776715,2025-08-16,2025,Colorado Rockies,Arizona Diamondbacks,2025-08-16T17:00:00+00:00,2025-08-17T00:10:00+00:00,-0.14991559128318716,0.0,162,162,0.38055634950507106,0.5306841046277666,0.4044117647058823,1,0.38371043613848377,0.2202574096490411,0.3547253460207614
776716,2025-08-16,2025,Minnesota Twins,Detroit Tigers,2025-08-16T17:00:00+00:00,2025-08-16T23:15:00+00:00,-0.05974334832709138,0.0,162,162,0.4713154607757337,0.5306841046277666,0.5076530612244898,0,0.2221382635662422,0.2816256189045743,0.2577116305705956
776717,2025-08-16,2025,Los Angeles Dodgers,San Diego Padres,2025-08-16T17:00:00+00:00,2025-08-17T01:10:00+00:00,0.04378653668477972,0.0,162,162,0.5775229155437991,0.5306841046277666,0.5292620865139949,1,0.17848688689061193,0.2202574096490411,0.22159418319315766
776719,2025-08-16,2025,Chicago Cubs,Pittsburgh Pirates,2025-08-16T17:00:00+00:00,2025-08-16T18:20:00+00:00,0.10562865990753006,0.0,162,162,0.6382924188123775,0.5306841046277666,0.6621004566210046,1,0.1308323742886005,0.2202574096490411,0.1141761014157336
776720,2025-08-16,2025,Cleveland Guardians,Atlanta Braves,2025-08-16T17:00:00+00:00,2025-08-16T23:10:00+00:00,-0.03956296979440055,0.0,162,162,0.49211589094743013,0.5306841046277666,0.49489795918367346,0,0.24217805012298294,0.2816256189045743,0.24492399000416493
776721,2025-08-16,2025,Cincinnati Reds,Milwaukee Brewers,2025-08-16T17:00:00+00:00,2025-08-16T22:40:00+00:00,-0.06385545116453983,0.0,162,162,0.46708685116948423,0.5306841046277666,0.47959183673469385,0,0.21817012653542392,0.2816256189045743,0.23000832986255726
776722,2025-08-16,2025,Houston Astros,Baltimore Orioles,2025-08-16T17:00:00+00:00,2025-08-16T23:10:00+00:00,0.056522221071084955,0.0,162,162,0.5902983412043632,0.5306841046277666,0.5639097744360902,1,0.1678554492198964,0.2202574096490411,0.19017468483238167
776723,2025-08-16,2025,Toronto Blue Jays,Texas Rangers,2025-08-16T17:00:00+00:00,2025-08-16T19:07:00+00:00,-0.0036867306266884503,0.0,162,162,0.529115708109468,0.5306841046277666,0.5911330049261084,1,0.22173201634924777,0.2202574096490411,0.16717221966075368
776724,2025-08-16,2025,Boston Red Sox,Miami Marlins,2025-08-16T17:00:00+00:00,2025-08-16T20:10:00+00:00,0.09287536438614563,0.0,162,162,0.6260485096980334,0.5306841046277666,0.6192771084337348,1,0.13983971709906184,0.2202574096490411,0.1449499201625781
776725,2025-08-16,2025,Washington Nationals,Philadelphia Phillies,2025-08-16T17:00:00+00:00,2025-08-16T20:05:00+00:00,-0.11218773061160037,0.0,162,162,0.41789800104410335,0.5306841046277666,0.4422110552763819,1,0.3388427371884507,0.2202574096490411,0.31112850685588755
776726,2025-08-16,2025,New York Mets,Seattle Mariners,2025-08-16T17:00:00+00:00,2025-08-16T20:10:00+00:00,-0.004655509099249722,0.0,162,162,0.5281189573778413,0.5306841046277666,0.4885496183206107,1,0.22267171838617555,0.2202574096490411,0.261581492919993
776697,2025-08-17,2025,Los Angeles Dodgers,San Diego Padres,2025-08-17T17:00:00+00:00,2025-08-17T20:10:00+00:00,0.05022384424913651,0.0,162,162,0.5839944070107089,0.5306841046277666,0.547979797979798,1,0.1730606533983717,0.2202574096490411,0.20432226303438422
776698,2025-08-17,2025,St. Louis Cardinals,New York Yankees,2025-08-17T17:00:00+00:00,2025-08-17T18:15:00+00:00,-0.06479575166211232,0.0,162,162,0.46612055128852964,0.5306841046277666,0.4054054054054054,0,0.21726836833352278,0.2816256189045743,0.16435354273192107
776700,2025-08-17,2025,Minnesota Twins,Detroit Tigers,2025-08-17T17:00:00+00:00,2025-08-17T18:10:00+00:00,-0.06312761228939912,0.0,162,162,0.4678349848029679,0.5306841046277666,0.457070707070707,1,0.2831996033996574,0.2202574096490411,0.29477221712070206
776701,2025-08-17,2025,Colorado Rockies,Arizona Diamondbacks,2025-08-17T17:00:00+00:00,2025-08-17T19:10:00+00:00,-0.1460916834443221,0.0,162,162,0.3842852962773582,0.5306841046277666,0.43500000000000005,1,0.37910459638026056,0.2202574096490411,0.3192249999999999
776702,2025-08-17,2025,Kansas City Royals,Chicago White Sox,2025-08-17T17:00:00+00:00,2025-08-17T18:10:00+00:00,0.06025718046817563,0.0,162,162,0.5940227679520561,0.5306841046277666,0.6014669926650367,1,0.16481751294131008,0.2202574096490411,0.15882855793544995
776703,2025-08-17,2025,San Francisco Giants,Tampa Bay Rays,2025-08-17T17:00:00+00:00,2025-08-17T20:05:00+00:00,0.003923385584104433,0.0,162,162,0.5369368564205451,0.5306841046277666,0.5392405063291139,1,0.21442747494168685,0.2202574096490411,0.21229931100785132
776704,2025-08-17,2025,Chicago Cubs,Pittsburgh Pirates,2025-08-17T17:00:00+00:00,2025-08-17T18:20:00+00:00,0.10678008821969082,0.0,162,162,0.639389339328111,0.5306841046277666,0.6309523809523809,1,0.13004004859021626,0.2202574096490411,0.13619614512471656
776705,2025-08-17,2025,Houston Astros,Baltimore Orioles,2025-08-17T17:00:00+00:00,2025-08-17T18:10:00+00:00,0.05569393741700196,0.0,162,162,0.5894709720735171,0.5306841046277666,0.547979797979798,0,0.3474760269172971,0.2816256189045743,0.30028185899398024
776706,2025-08-17,2025,Cleveland Guardians,Atlanta Braves,2025-08-17T17:00:00+00:00,2025-08-17T17:40:00+00:00,-0.051438123069140806,0.0,162,162,0.47986793442285813,0.5306841046277666,0.5089058524173028,0,0.23027323448726048,0.2816256189045743,0.2589851666245816
776707,2025-08-17,2025,New York Mets,Seattle Mariners,2025-08-17T17:00:00+00:00,2025-08-17T23:10:00+00:00,0.0009359582472622252,0.0,162,162,0.5338685380987865,0.5306841046277666,0.46446700507614214,1,0.21727853977416242,0.2202574096490411,0.2867955886521168
776709,2025-08-17,2025,Cincinnati Reds,Milwaukee Brewers,2025-08-17T17:00:00+00:00,2025-08-17T17:40:00+00:00,-0.06120215853239819,0.0,162,162,0.4698148157721801,0.5306841046277666,0.5343511450381679,1,0.28109632957468733,0.2202574096490411,0.2168288561272653
776710,2025-08-17,2025,Toronto Blue Jays,Texas Rangers,2025-08-17T17:00:00+00:00,2025-08-17T17:37:00+00:00,0.005027079124514278,0.0,162,162,0.5380697400582043,0.5306841046277666,0.5216284987277354,0,0.28951904516630356,0.2816256189045743,0.27209629068495106
776714,2025-08-17,2025,Boston Red Sox,Miami Marlins,2025-08-17T17:00:00+00:00,2025-08-17T17:35:00+00:00,0.09385979287094132,0.0,162,162,0.6269996215522162,0.5306841046277666,0.6921397379912664,0,0.39312852542662235,0.2816256189045743,0.47905741690661885
776681,2025-08-18,2025,Los Angeles Angels,Cincinnati Reds,2025-08-18T17:00:00+00:00,2025-08-19T01:38:00+00:00,-0.07050858646452002,0.0,162,162,0.4602554801008712,0.5306841046277666,0.48600508905852424,0,0.21183510696288343,0.2816256189045743,0.23620094659078408
776682,2025-08-18,2025,Arizona Diamondbacks,Cleveland Guardians,2025-08-18T17:00:00+00:00,2025-08-19T01:40:00+00:00,0.037389903535294866,0.0,162,162,0.5710658397168751,0.5306841046277666,0.5153061224489797,0,0.3261161932915397,0.2816256189045743,0.26554039983340283
776683,2025-08-18,2025,San Diego Padres,San Francisco Giants,2025-08-18T17:00:00+00:00,2025-08-19T01:40:00+00:00,-0.026092144453301103,0.0,162,162,0.5060202807922789,0.5306841046277666,0.5725,0,0.2560565245730968,0.2816256189045743,0.32775625
776688,2025-08-18,2025,Miami Marlins,St. Louis Cardinals,2025-08-18T17:00:00+00:00,2025-08-18T22:40:00+00:00,-0.029575883148246163,0.0,162,162,0.502424444117488,0.5306841046277666,0.565,0,0.2524303220467668,0.2816256189045743,0.3192249999999999
776689,2025-08-18,2025,Philadelphia Phillies,Seattle Mariners,2025-08-18T17:00:00+00:00,2025-08-18T22:45:00+00:00,0.016938409265768395,0.0,162,162,0.5502686972331802,0.5306841046277666,0.5076530612244898,1,0.20225824468834097,0.2202574096490411,0.24240550812161596
776690,2025-08-18,2025,Kansas City Royals,Texas Rangers,2025-08-18T17:00:00+00:00,2025-08-18T23:40:00+00:00,-0.01690306804157704,0.0,162,162,0.5155010778749729,0.5306841046277666,0.5454545454545454,1,0.23473920554031308,0.2202574096490411,0.20661157024793392
776692,2025-08-18,2025,Detroit Tigers,Houston Astros,2025-08-18T17:00:00+00:00,2025-08-18T22:40:00+00:00,0.01602280637828024,0.0,162,162,0.5493329375607173,0.5306841046277666,0.5760598503740648,1,0.2031008011676523,0.2202574096490411,0.17972525046486032
776693,2025-08-18,2025,Colorado Rockies,Los Angeles Dodgers,2025-08-18T17:00:00+00:00,2025-08-19T00:40:00+00:00,-0.19584380228520892,0.0,162,162,0.33697005597734103,0.5306841046277666,0.2755102040816327,1,0.43960870667069035,0.2202574096490411,0.5248854643898376
776694,2025-08-18,2025,Pittsburgh Pirates,Toronto Blue Jays,2025-08-18T17:00:00+00:00,2025-08-18T22:40:00+00:00,-0.07299271843065441,0.0,162,162,0.45770848400368236,0.5306841046277666,0.5076530612244898,1,0.29408008832158444,0.2202574096490411,0.24240550812161596
776695,2025-08-18,2025,Boston Red Sox,Baltimore Orioles,2025-08-18T17:00:00+00:00,2025-08-18T23:10:00+00:00,0.07402000740983622,0.0,162,162,0.6076506741887984,0.5306841046277666,0.5292620865139949,0,0.36923934184210117,0.2816256189045743,0.2801183562211474
776696,2025-08-18,2025,Atlanta Braves,Chicago White Sox,2025-08-18T17:00:00+00:00,2025-08-18T23:15:00+00:00,0.06720255030403982,0.0,162,162,0.6009195778021635,0.5306841046277666,0.6488372093023256,0,0.3611043389859305,0.2816256189045743,0.42098972417522984
777459,2025-08-18,2025,Chicago Cubs,Milwaukee Brewers,2025-08-18T17:00:00+00:00,2025-08-18T18:20:00+00:00,-0.015233416096398278,0.0,162,162,0.5172227380497226,0.5306841046277666,0.5139949109414759,0,0.26751936075565197,0.2816256189045743,0.26419076847373574
776667,2025-08-19,2025,San Diego Padres,San Francisco Giants,2025-08-19T17:00:00+00:00,2025-08-20T01:40:00+00:00,-0.03029831422234186,0.0,162,162,0.5016787233196451,0.5306841046277666,0.6621004566210046,1,0.24832409479233877,0.2202574096490411,0.1141761014157336
776668,2025-08-19,2025,Los Angeles Angels,Cincinnati Reds,2025-08-19T17:00:00+00:00,2025-08-20T01:38:00+00:00,-0.06989265226887809,0.0,162,162,0.46088732780662595,0.5306841046277666,0.4531645569620253,0,0.2124171289327323,0.2816256189045743,0.20535811568658865
776671,2025-08-19,2025,Colorado Rockies,Los Angeles Dodgers,2025-08-19T17:00:00+00:00,2025-08-20T00:40:00+00:00,-0.19034040321617163,0.0,162,162,0.3420656616667664,0.5306841046277666,0.28721174004192873,0,0.1170089168915227,0.2816256189045743,0.08249058361791245
776672,2025-08-19,2025,Arizona Diamondbacks,Cleveland Guardians,2025-08-19T17:00:00+00:00,2025-08-20T01:40:00+00:00,0.035508015988657604,0.0,162,162,0.569161451846749,0.5306841046277666,0.530456852791878,1,0.18562185457480115,0.2202574096490411,0.2204707670901081
776675,2025-08-19,2025,Kansas City Royals,Texas Rangers,2025-08-19T17:00:00+00:00,2025-08-19T23:40:00+00:00,-0.016060610110519624,0.0,162,162,0.5163698262041921,0.5306841046277666,0.5051020408163266,1,0.2338981450057633,0.2202574096490411,0.24492399000416487
776676,2025-08-19,2025,Chicago Cubs,Milwaukee Brewers,2025-08-19T17:00:00+00:00,2025-08-20T00:05:00+00:00,-0.01725117684157418,0.0,162,162,0.5151420780657616,0.5306841046277666,0.5796019900497512,1,0.235087204462388,0.2202574096490411,0.17673448677012948
776677,2025-08-19,2025,Tampa Bay Rays,New York Yankees,2025-08-19T17:00:00+00:00,2025-08-19T23:35:00+00:00,-0.02854038908963019,0.0,162,162,0.5034933007749098,0.5306841046277666,0.46329113924050636,0,0.2535055039252138,0.2816256189045743,0.21463867969876624
776678,2025-08-19,2025,Washington Nationals,New York Mets,2025-08-19T17:00:00+00:00,2025-08-19T22:45:00+00:00,-0.09322154673977001,0.0,162,162,0.4370614904309659,0.5306841046277666,0.35597189695550346,0,0.1910227464177373,0.2816256189045743,0.12671599142209958
776679,2025-08-19,2025,Pittsburgh Pirates,Toronto Blue Jays,2025-08-19T17:00:00+00:00,2025-08-19T22:40:00+00:00,-0.0677990274258462,0.0,162,162,0.4630359722385351,0.5306841046277666,0.4158415841584158,0,0.21440231158688544,0.2816256189045743,0.17292422311538083
776680,2025-08-19,2025,Philadelphia Phillies,Seattle Mariners,2025-08-19T17:00:00+00:00,2025-08-19T22:45:00+00:00,0.01895350467639889,0.0,162,162,0.5523268928456527,0.5306841046277666,0.6558891454965358,1,0.2004112108692277,0.2202574096490411,0.11841228018710433
776684,2025-08-19,2025,Boston Red Sox,Baltimore Orioles,2025-08-19T17:00:00+00:00,2025-08-19T23:10:00+00:00,0.07152324578073943,0.0,162,162,0.6051901389443464,0.5306841046277666,0.5566750629722922,0,0.36625510427547725,0.2816256189045743,0.3098871257352055
776685,2025-08-19,2025,Detroit Tigers,Houston Astros,2025-08-19T17:00:00+00:00,2025-08-19T22:40:00+00:00,0.026212572044758464,0.0,162,162,0.5597258783285302,0.5306841046277666,0.5911330049261084,1,0.19384130221358423,0.2202574096490411,0.16717221966075368
776686,2025-08-19,2025,Miami Marlins,St. Louis Cardinals,2025-08-19T17:00:00+00:00,2025-08-19T22:40:00+00:00,-0.035194348212554405,0.0,162,162,0.49662482259799856,0.5306841046277666,0.568922305764411,0,0.24663621442049355,0.2816256189045743,0.323672589996294
776687,2025-08-19,2025,Atlanta Braves,Chicago White Sox,2025-08-19T17:00:00+00:00,2025-08-19T23:15:00+00:00,0.05586999431517181,0.0,162,162,0.5896468771190987,0.5306841046277666,0.5945945945945945,1,0.1683896854581081,0.2202574096490411,0.16435354273192118
776691,2025-08-19,2025,Chicago Cubs,Milwaukee Brewers,2025-08-19T17:00:00+00:00,2025-08-19T18:20:00+00:00,-0.01725117684157418,0.0,162,162,0.5151420780657616,0.5306841046277666,0.4885496183206107,1,0.235087204462388,0.2202574096490411,0.261581492919993
776652,2025-08-20,2025,Los Angeles Angels,Cincinnati Reds,2025-08-20T17:00:00+00:00,2025-08-21T01:38:00+00:00,-0.07006293969821786,0.0,162,162,0.4607126281075526,0.5306841046277666,0.5577889447236182,1,0.2908308694826628,0.2202574096490411,0.19555061740865123
776656,2025-08-20,2025,San Diego Padres,San Francisco Giants,2025-08-20T17:00:00+00:00,2025-08-21T01:40:00+00:00,-0.0218490790218977,0.0,162,162,0.5103989998456109,0.5306841046277666,0.5796019900497512,1,0.23970913935217814,0.2202574096490411,0.17673448677012948
776658,2025-08-20,2025,Arizona Diamondbacks,Cleveland Guardians,2025-08-20T17:00:00+00:00,2025-08-20T19:40:00+00:00,0.04133687889102461,0.0,162,162,0.5750531144044835,0.5306841046277666,0.5102040816326531,1,0.180579855577329,0.2202574096490411,0.23990004164931278
776659,2025-08-20,2025,Washington Nationals,New York Mets,2025-08-20T17:00:00+00:00,2025-08-20T22:45:00+00:00,-0.09990598756823738,0.0,162,162,0.43028297607760135,0.5306841046277666,0.39853300733496333,1,0.32457748734699493,0.2202574096490411,0.36176254326552326
776660,2025-08-20,2025,Colorado Rockies,Los Angeles Dodgers,2025-08-20T17:00:00+00:00,2025-08-21T00:40:00+00:00,-0.1931618157368662,0.0,162,162,0.3394486682897192,0.5306841046277666,0.2654690618762475,1,0.4363280618242254,0.2202574096490411,0.5395356990609599
776662,2025-08-20,2025,Philadelphia Phillies,Seattle Mariners,2025-08-20T17:00:00+00:00,2025-08-20T17:05:00+00:00,0.025474733919871095,0.0,162,162,0.558974972364972,0.5306841046277666,0.568922305764411,1,0.19450307500047725,0.2202574096490411,0.18582797846747193
776663,2025-08-20,2025,Chicago Cubs,Milwaukee Brewers,2025-08-20T17:00:00+00:00,2025-08-21T00:05:00+00:00,-0.013145308176226389,0.0,162,162,0.5193753086470806,0.5306841046277666,0.4783715012722647,1,0.23100009393808904,0.2202574096490411,0.27209629068495095
776664,2025-08-20,2025,Tampa Bay Rays,New York Yankees,2025-08-20T17:00:00+00:00,2025-08-20T23:35:00+00:00,-0.03820488957673762,0.0,162,162,0.4935174865320596,0.5306841046277666,0.5267175572519084,0,0.24355950951292166,0.2816256189045743,0.2774313851174174
776666,2025-08-20,2025,Kansas City Royals,Texas Rangers,2025-08-20T17:00:00+00:00,2025-08-20T23:40:00+00:00,-0.014241491549489171,0.0,162,162,0.5182453692400899,0.5306841046277666,0.5516372795969774,0,0.26857826273879715,0.2816256189045743,0.30430368824115384
776669,2025-08-20,2025,Atlanta Braves,Chicago White Sox,2025-08-20T17:00:00+00:00,2025-08-20T23:15:00+00:00,0.05590599232444199,0.0,162,162,0.5896828412577696,0.5306841046277666,0.635933806146572,1,0.1683601707582967,0.2202574096490411,0.1325441935069218
776670,2025-08-20,2025,Miami Marlins,St. Louis Cardinals,2025-08-20T17:00:00+00:00,2025-08-20T22:40:00+00:00,-0.03835924217212383,0.0,162,162,0.4933581826534972,0.5306841046277666,0.5329949238578681,1,0.25668593108416715,0.2202574096490411,0.21809374114251845
776673,2025-08-20,2025,Detroit Tigers,Houston Astros,2025-08-20T17:00:00+00:00,2025-08-20T17:10:00+00:00,0.02677523404561244,0.0,162,162,0.5602983221869919,0.5306841046277666,0.49744897959183665,1,0.19333756547157435,0.2202574096490411,0.25255752811328624
776631,2025-08-21,2025,Tampa Bay Rays,St. Louis Cardinals,2025-08-21T17:00:00+00:00,2025-08-21T23:35:00+00:00,0.02798878842228142,0.0,162,162,0.5615324262990213,0.5306841046277666,0.48600508905852424,0,0.31531866578526585,0.2816256189045743,0.23620094659078408
776642,2025-08-21,2025,San Diego Padres,San Francisco Giants,2025-08-21T17:00:00+00:00,2025-08-21T20:10:00+00:00,-0.013034531726651033,0.0,162,162,0.5194894855304062,0.5306841046277666,0.6294536817102138,1,0.23089035451583373,0.2202574096490411,0.13730457399811558
776644,2025-08-21,2025,Colorado Rockies,Los Angeles Dodgers,2025-08-21T17:00:00+00:00,2025-08-21T19:10:00+00:00,-0.18657750887668278,0.0,162,162,0.3455709158602712,0.5306841046277666,0.3386727688787185,0,0.11941925788850666,0.2816256189045743,0.11469924437997787
776650,2025-08-21,2025,Washington Nationals,New York Mets,2025-08-21T17:00:00+00:00,2025-08-21T20:05:00+00:00,-0.09711076165703181,0.0,162,162,0.43311451322143146,0.5306841046277666,0.4545454545454545,1,0.3213591551201746,0.2202574096490411,0.29752066115702486
776651,2025-08-21,2025,Chicago Cubs,Milwaukee Brewers,2025-08-21T17:00:00+00:00,2025-08-21T18:20:00+00:00,-0.013693128127191923,0.0,162,162,0.5188106430976482,0.5306841046277666,0.5664160401002506,0,0.2691644833913953,0.2816256189045743,0.32082713048284867
776654,2025-08-21,2025,New York Yankees,Boston Red Sox,2025-08-21T17:00:00+00:00,2025-08-21T23:15:00+00:00,0.01612519166772286,-1.0,162,162,0.6175304289221267,0.5306841046277666,0.57,0,0.3813438306447458,0.2816256189045743,0.32489999999999997
776655,2025-08-21,2025,Baltimore Orioles,Houston Astros,2025-08-21T17:00:00+00:00,2025-08-21T23:15:00+00:00,-0.03821153933778337,1.0,162,162,0.4239351843499612,0.5306841046277666,0.5279187817258882,0,0.1797210405298356,0.2816256189045743,0.27869824009894606
776657,2025-08-21,2025,Kansas City Royals,Texas Rangers,2025-08-21T17:00:00+00:00,2025-08-21T18:10:00+00:00,-0.014651976870674321,0.0,162,162,0.5178221947231645,0.5306841046277666,0.5153061224489797,1,0.23249543590158592,0.2202574096490411,0.2349281549354435
776633,2025-08-22,2025,Tampa Bay Rays,St. Louis Cardinals,2025-08-22T17:00:00+00:00,2025-08-22T23:35:00+00:00,0.02607547927210141,0.0,162,162,0.5595863780745196,0.5306841046277666,0.565,1,0.19396415837751999,0.2202574096490411,0.18922500000000006
776634,2025-08-22,2025,Milwaukee Brewers,San Francisco Giants,2025-08-22T17:00:00+00:00,2025-08-23T00:10:00+00:00,0.049456269506611195,0.0,162,162,0.5832242291723669,0.5306841046277666,0.6014669926650367,1,0.17370204314896773,0.2202574096490411,0.15882855793544995
776635,2025-08-22,2025,Arizona Diamondbacks,Cincinnati Reds,2025-08-22T17:00:00+00:00,2025-08-23T01:40:00+00:00,-0.004007795119961743,0.0,162,162,0.5287853986143768,0.5306841046277666,0.5541561712846348,1,0.22204320055901178,0.2202574096490411,0.1987767196035759
776636,2025-08-22,2025,San Diego Padres,Los Angeles Dodgers,2025-08-22T17:00:00+00:00,2025-08-23T01:40:00+00:00,-0.041854096937028684,0.0,162,162,0.48975164422258044,0.5306841046277666,0.4720812182741116,1,0.2603533845735601,0.2202574096490411,0.27869824009894617
776637,2025-08-22,2025,Pittsburgh Pirates,Colorado Rockies,2025-08-22T17:00:00+00:00,2025-08-22T22:40:00+00:00,0.0930018638383685,1.0,162,162,0.5585164849169554,0.5306841046277666,0.635933806146572,1,0.19490769409008088,0.2202574096490411,0.1325441935069218
776639,2025-08-22,2025,Chicago White Sox,Minnesota Twins,2025-08-22T17:00:00+00:00,2025-08-22T23:40:00+00:00,-0.017686998502780993,1.0,162,162,0.4447531650089857,0.5306841046277666,0.4520202020202021,0,0.19780537778551008,0.2816256189045743,0.2043222630343843
776640,2025-08-22,2025,Los Angeles Angels,Chicago Cubs,2025-08-22T17:00:00+00:00,2025-08-23T01:38:00+00:00,-0.11394364068110785,1.0,162,162,0.34993176974736795,0.5306841046277666,0.4307304785894207,0,0.12245224347852494,0.2816256189045743,0.1855287451858714
776641,2025-08-22,2025,Texas Rangers,Cleveland Guardians,2025-08-22T17:00:00+00:00,2025-08-23T00:05:00+00:00,0.05840754073288118,-1.0,162,162,0.6578356625772761,0.5306841046277666,0.5841584158415841,1,0.11707643380393165,0.2202574096490411,0.1729242231153809
776643,2025-08-22,2025,Baltimore Orioles,Houston Astros,2025-08-22T17:00:00+00:00,2025-08-22T23:05:00+00:00,-0.045392871718423766,0.0,162,162,0.48610087057550916,0.5306841046277666,0.5089058524173028,0,0.2362940563742679,0.2816256189045743,0.2589851666245816
776645,2025-08-22,2025,Atlanta Braves,New York Mets,2025-08-22T17:00:00+00:00,2025-08-22T23:15:00+00:00,-0.011705182340333131,1.0,162,162,0.4508605645654481,0.5306841046277666,0.5190839694656489,0,0.20327524868027458,0.2816256189045743,0.26944816735621474
776646,2025-08-22,2025,Miami Marlins,Toronto Blue Jays,2025-08-22T17:00:00+00:00,2025-08-22T23:10:00+00:00,-0.07203415473236807,0.0,162,162,0.45869105084919154,0.5306841046277666,0.39172749391727496,0,0.21039748012913562,0.2816256189045743,0.1534504294907087
776647,2025-08-22,2025,New York Yankees,Boston Red Sox,2025-08-22T17:00:00+00:00,2025-08-22T23:05:00+00:00,0.01489852511876788,0.0,162,162,0.5481834286535383,0.5306841046277666,0.6211031175059952,0,0.30050507145034894,0.2816256189045743,0.3857690825756661
776648,2025-08-22,2025,Philadelphia Phillies,Washington Nationals,2025-08-22T17:00:00+00:00,2025-08-22T22:45:00+00:00,0.11241322450078989,1.0,162,162,0.5781767897373287,0.5306841046277666,0.6276849642004773,0,0.3342884001909632,0.2816256189045743,0.3939884142833544
776649,2025-08-22,2025,Detroit Tigers,Kansas City Royals,2025-08-22T17:00:00+00:00,2025-08-22T23:10:00+00:00,0.025595331592544235,1.0,162,162,0.48920677278799857,0.5306841046277666,0.57356608478803,1,0.2609097209656514,0.2202574096490411,0.18184588404300966
776617,2025-08-23,2025,San Diego Padres,Los Angeles Dodgers,2025-08-23T17:00:00+00:00,2025-08-24T00:40:00+00:00,-0.03678044930069835,0.0,162,162,0.49498767757956813,0.5306841046277666,0.4483627204030227,1,0.2550374457964783,0.2202574096490411,0.30430368824115367
776618,2025-08-23,2025,Los Angeles Angels,Chicago Cubs,2025-08-23T17:00:00+00:00,2025-08-24T01:38:00+00:00,-0.11532223828772847,0.0,162,162,0.41475301552094374,0.5306841046277666,0.4325,0,0.17202006388371618,0.2816256189045743,0.18705625
776619,2025-08-23,2025,Chicago White Sox,Minnesota Twins,2025-08-23T17:00:00+00:00,2025-08-23T23:10:00+00:00,-0.02247944054676454,0.0,162,162,0.509748569882914,0.5306841046277666,0.5051020408163266,1,0.24034646473184812,0.2202574096490411,0.24492399000416487
776621,2025-08-23,2025,Milwaukee Brewers,San Francisco Giants,2025-08-23T17:00:00+00:00,2025-08-23T23:10:00+00:00,0.05371578682057965,0.0,162,162,0.58749296453729,0.5306841046277666,0.568922305764411,0,0.34514798338081354,0.2816256189045743,0.323672589996294
776622,2025-08-23,2025,Arizona Diamondbacks,Cincinnati Reds,2025-08-23T17:00:00+00:00,2025-08-24T00:10:00+00:00,-0.003654769774203648,0.0,162,162,0.5291485878789767,0.5306841046277666,0.47582697201017815,1,0.22170105229636175,0.2202574096490411,0.2747573632720185
776623,2025-08-23,2025,Texas Rangers,Cleveland Guardians,2025-08-23T17:00:00+00:00,2025-08-23T23:05:00+00:00,0.05654972843510325,0.0,162,162,0.5903258094565756,0.5306841046277666,0.5267175572519084,1,0.16783294239740995,0.2202574096490411,0.2239962706136006
776625,2025-08-23,2025,Detroit Tigers,Kansas City Royals,2025-08-23T17:00:00+00:00,2025-08-23T22:10:00+00:00,0.025567830151068893,0.0,162,162,0.5590697323687518,0.5306841046277666,0.5241730279898218,1,0.19441950091336416,0.2202574096490411,0.2264113072923749
776626,2025-08-23,2025,Atlanta Braves,New York Mets,2025-08-23T17:00:00+00:00,2025-08-23T23:15:00+00:00,-0.017101864995955895,0.0,162,162,0.515296063250437,0.5306841046277666,0.47715736040609136,0,0.26553003280139836,0.2816256189045743,0.22767914658970856
776627,2025-08-23,2025,New York Yankees,Boston Red Sox,2025-08-23T17:00:00+00:00,2025-08-23T17:05:00+00:00,0.011302660026934364,0.0,162,162,0.5445034822754757,0.5306841046277666,0.4783715012722647,0,0.2964840422101193,0.2816256189045743,0.22883929322948032
776628,2025-08-23,2025,Philadelphia Phillies,Washington Nationals,2025-08-23T17:00:00+00:00,2025-08-23T22:05:00+00:00,0.11284309757522726,0.0,162,162,0.645141141905803,0.5306841046277666,0.6969696969696969,1,0.12592480916791748,0.2202574096490411,0.09182736455463732
776629,2025-08-23,2025,Baltimore Orioles,Houston Astros,2025-08-23T17:00:00+00:00,2025-08-23T23:05:00+00:00,-0.04729013532612325,0.0,162,162,0.4841441461215749,0.5306841046277666,0.5190839694656489,0,0.23439555422378888,0.2816256189045743,0.26944816735621474
776630,2025-08-23,2025,Miami Marlins,Toronto Blue Jays,2025-08-23T17:00:00+00:00,2025-08-23T20:10:00+00:00,-0.06941438509878095,0.0,162,162,0.4613780384791968,0.5306841046277666,0.4408060453400503,0,0.2128696943909112,0.2816256189045743,0.1943099696083345
776632,2025-08-23,2025,Pittsburgh Pirates,Colorado Rockies,2025-08-23T17:00:00+00:00,2025-08-23T22:40:00+00:00,0.09651741116434442,0.0,162,162,0.6295623772499082,0.5306841046277666,0.6225961538461539,1,0.13722403234873937,0.2202574096490411,0.14243366309171596
776603,2025-08-24,2025,San Diego Padres,Los Angeles Dodgers,2025-08-24T17:00:00+00:00,2025-08-24T20:10:00+00:00,-0.03374121756356585,0.0,162,162,0.49812478231128565,0.5306841046277666,0.49744897959183665,0,0.24812829875266573,0.2816256189045743,0.24745548729695951
776605,2025-08-24,2025,Los Angeles Angels,Chicago Cubs,2025-08-24T17:00:00+00:00,2025-08-24T20:07:00+00:00,-0.12375066999228879,0.0,162,162,0.4063314560730463,0.5306841046277666,0.4483627204030227,0,0.16510525219444197,0.2816256189045743,0.20102912904719913
776607,2025-08-24,2025,Chicago White Sox,Minnesota Twins,2025-08-24T17:00:00+00:00,2025-08-24T18:10:00+00:00,-0.023374053618127055,0.0,162,162,0.5088254194212813,0.5306841046277666,0.48346055979643765,1,0.24125246860668018,0.2202574096490411,0.26681299328580954
776608,2025-08-24,2025,Milwaukee Brewers,San Francisco Giants,2025-08-24T17:00:00+00:00,2025-08-24T18:10:00+00:00,0.0552892773100343,0.0,162,162,0.5890665743192547,0.5306841046277666,0.5541561712846348,0,0.346999428980222,0.2816256189045743,0.3070890621728455
776609,2025-08-24,2025,Arizona Diamondbacks,Cincinnati Reds,2025-08-24T17:00:00+00:00,2025-08-24T20:10:00+00:00,0.005721453587968273,0.0,162,162,0.5387822784113376,0.5306841046277666,0.5417721518987342,0,0.2902863435301121,0.2816256189045743,0.2935170645729851
776611,2025-08-24,2025,Texas Rangers,Cleveland Guardians,2025-08-24T17:00:00+00:00,2025-08-24T18:35:00+00:00,0.06405414662187581,0.0,162,162,0.5977979693623056,0.5306841046277666,0.5392405063291139,1,0.1617664734490849,0.2202574096490411,0.21229931100785132
776612,2025-08-24,2025,Baltimore Orioles,Houston Astros,2025-08-24T17:00:00+00:00,2025-08-24T17:35:00+00:00,-0.04846744202145398,0.0,162,162,0.48293018282817923,0.5306841046277666,0.5468354430379747,1,0.26736119583010015,0.2202574096490411,0.20535811568658865
776613,2025-08-24,2025,Philadelphia Phillies,Washington Nationals,2025-08-24T17:00:00+00:00,2025-08-24T17:35:00+00:00,0.11511085803593485,0.0,162,162,0.6472818714063707,0.5306841046277666,0.6934782608695652,1,0.124410078238592,0.2202574096490411,0.09395557655954631
776614,2025-08-24,2025,Miami Marlins,Toronto Blue Jays,2025-08-24T17:00:00+00:00,2025-08-24T17:40:00+00:00,-0.07095613205957141,0.0,162,162,0.4597964515501178,0.5306841046277666,0.4593908629441624,1,0.2918198737578442,0.2202574096490411,0.2922582390682574
776615,2025-08-24,2025,Detroit Tigers,Kansas City Royals,2025-08-24T17:00:00+00:00,2025-08-24T17:40:00+00:00,0.029567063090653267,0.0,162,162,0.5631362863836264,0.5306841046277666,0.5866336633663367,0,0.31712247704194174,0.2816256189045743,0.34413905499460845
776616,2025-08-24,2025,New York Yankees,Boston Red Sox,2025-08-24T17:00:00+00:00,2025-08-24T23:10:00+00:00,0.00039993063607979273,0.0,162,162,0.5333177183463377,0.5306841046277666,0.5955882352941176,1,0.2177923520094682,0.2202574096490411,0.16354887543252597
776624,2025-08-24,2025,Atlanta Braves,New York Mets,2025-08-24T17:00:00+00:00,2025-08-24T17:35:00+00:00,-0.02295365435221508,0.0,162,162,0.5092592369441564,0.5306841046277666,0.43969849246231163,1,0.24082649652463162,0.2202574096490411,0.31393777934900624
776589,2025-08-25,2025,St. Louis Cardinals,Pittsburgh Pirates,2025-08-25T17:00:00+00:00,2025-08-25T23:45:00+00:00,0.017686274091630483,0.0,162,162,0.551032762573585,0.5306841046277666,0.5468354430379747,1,0.20157158028230687,0.2202574096490411,0.20535811568658865
776592,2025-08-25,2025,Texas Rangers,Los Angeles Angels,2025-08-25T17:00:00+00:00,2025-08-26T00:05:00+00:00,0.08854904615856296,0.0,162,162,0.6218571363288361,0.5306841046277666,0.6135265700483092,0,0.38670629800310063,0.2816256189045743,0.3764148521552429
776593,2025-08-25,2025,Milwaukee Brewers,Arizona Diamondbacks,2025-08-25T17:00:00+00:00,2025-08-25T23:40:00+00:00,0.058174882239292125,0.0,162,162,0.5919476467592679,0.5306841046277666,0.616504854368932,1,0.1665067229852992,0.2202574096490411,0.14706852672259407
776594,2025-08-25,2025,Los Angeles Dodgers,Cincinnati Reds,2025-08-25T17:00:00+00:00,2025-08-26T02:10:00+00:00,0.034486019263186396,0.0,162,162,0.5681263743170182,0.5306841046277666,0.5603015075376885,1,0.18651482856056428,0.2202574096490411,0.19333476427362942
776595,2025-08-25,2025,Seattle Mariners,San Diego Padres,2025-08-25T17:00:00+00:00,2025-08-26T01:40:00+00:00,0.002329201204692044,0.0,162,162,0.535299839237007,0.5306841046277666,0.530456852791878,1,0.21594623941315158,0.2202574096490411,0.2204707670901081
776596,2025-08-25,2025,Toronto Blue Jays,Minnesota Twins,2025-08-25T17:00:00+00:00,2025-08-25T23:07:00+00:00,0.05802096984391891,0.0,162,162,0.5917941336857139,0.5306841046277666,0.565,1,0.16663202929339685,0.2202574096490411,0.18922500000000006
776597,2025-08-25,2025,New York Yankees,Washington Nationals,2025-08-25T17:00:00+00:00,2025-08-25T23:05:00+00:00,0.11678797210536379,0.0,162,162,0.6488612512904838,0.5306841046277666,0.6734234234234234,1,0.12329842084528478,0.2202574096490411,0.10665226036847658
776598,2025-08-25,2025,New York Mets,Philadelphia Phillies,2025-08-25T17:00:00+00:00,2025-08-25T23:10:00+00:00,-0.023617195098142085,0.0,162,162,0.5085745112698719,0.5306841046277666,0.4545454545454545,1,0.24149901097364532,0.2202574096490411,0.29752066115702486
776599,2025-08-25,2025,Chicago White Sox,Kansas City Royals,2025-08-25T17:00:00+00:00,2025-08-25T23:40:00+00:00,-0.05495037183240303,0.0,162,162,0.47624939372227126,0.5306841046277666,0.4531645569620253,1,0.2743146975762884,0.2202574096490411,0.2990290017625381
776600,2025-08-25,2025,Miami Marlins,Atlanta Braves,2025-08-25T17:00:00+00:00,2025-08-25T22:40:00+00:00,-0.03930437786643487,0.0,162,162,0.4923827597540808,0.5306841046277666,0.49744897959183665,1,0.2576752625948832,0.2202574096490411,0.25255752811328624
776601,2025-08-25,2025,Cleveland Guardians,Tampa Bay Rays,2025-08-25T17:00:00+00:00,2025-08-25T22:40:00+00:00,-0.053591587132606366,0.0,162,162,0.4776490248047515,0.5306841046277666,0.5204081632653061,0,0.22814859089693013,0.2816256189045743,0.27082465639316955
776604,2025-08-25,2025,Baltimore Orioles,Boston Red Sox,2025-08-25T17:00:00+00:00,2025-08-25T22:35:00+00:00,-0.07772339870912953,0.0,162,162,0.45286430504606634,0.5306841046277666,0.47582697201017815,0,0.20508607878485663,0.2816256189045743,0.22641130729237485
776574,2025-08-26,2025,Los Angeles Dodgers,Cincinnati Reds,2025-08-26T17:00:00+00:00,2025-08-27T02:10:00+00:00,0.03998341738052125,0.0,162,162,0.5736869064609503,0.5306841046277666,0.6159420289855072,1,0.18174285372283452,0.2202574096490411,0.147500525099769
776575,2025-08-26,2025,Texas Rangers,Los Angeles Angels,2025-08-26T17:00:00+00:00,2025-08-27T00:05:00+00:00,0.08521861655955637,0.0,162,162,0.6186181022583028,0.5306841046277666,0.48600508905852424,1,0.14545215192505836,0.2202574096490411,0.26419076847373557
776576,2025-08-26,2025,San Francisco Giants,Chicago Cubs,2025-08-26T17:00:00+00:00,2025-08-27T01:45:00+00:00,-0.042270536215766485,0.0,162,162,0.489321960736054,0.5306841046277666,0.44332493702770776,1,0.2607920597864684,0.2202574096490411,0.3098871257352056
776577,2025-08-26,2025,Seattle Mariners,San Diego Padres,2025-08-26T17:00:00+00:00,2025-08-27T01:40:00+00:00,0.0004190384846081141,0.0,162,162,0.5333373548966248,0.5306841046277666,0.5089058524173028,0,0.2844487341281283,0.2816256189045743,0.2589851666245816
776578,2025-08-26,2025,St. Louis Cardinals,Pittsburgh Pirates,2025-08-26T17:00:00+00:00,2025-08-26T23:45:00+00:00,0.0196979645621444,0.0,162,162,0.5530868262351183,0.5306841046277666,0.5367088607594936,0,0.30590503735483593,0.2816256189045743,0.28805640121775355
776581,2025-08-26,2025,Miami Marlins,Atlanta Braves,2025-08-26T17:00:00+00:00,2025-08-26T22:40:00+00:00,-0.0376632626020712,0.0,162,162,0.49407649787829466,0.5306841046277666,0.4531645569620253,0,0.2441115857556805,0.2816256189045743,0.20535811568658865
776582,2025-08-26,2025,Toronto Blue Jays,Minnesota Twins,2025-08-26T17:00:00+00:00,2025-08-26T23:07:00+00:00,0.06664414308207295,0.0,162,162,0.6003665131551943,0.5306841046277666,0.6159420289855072,0,0.3604399501181261,0.2816256189045743,0.3793845830707834
776583,2025-08-26,2025,Chicago White Sox,Kansas City Royals,2025-08-26T17:00:00+00:00,2025-08-26T23:40:00+00:00,-0.049895744762401384,0.0,162,162,0.48145768029309277,0.5306841046277666,0.48469387755102045,0,0.23180149791320592,0.2816256189045743,0.2349281549354436
776584,2025-08-26,2025,Cleveland Guardians,Tampa Bay Rays,2025-08-26T17:00:00+00:00,2025-08-26T22:40:00+00:00,-0.06049666109871965,0.0,162,162,0.47054047853360204,0.5306841046277666,0.5216284987277354,1,0.2803273848714271,0.2202574096490411,0.22883929322948024
776585,2025-08-26,2025,New York Mets,Philadelphia Phillies,2025-08-26T17:00:00+00:00,2025-08-26T23:10:00+00:00,-0.012425523633115665,0.0,162,162,0.5201171512791549,0.5306841046277666,0.49234693877551017,1,0.2302875484964335,0.2202574096490411,0.2577116305705956
776586,2025-08-26,2025,Milwaukee Brewers,Arizona Diamondbacks,2025-08-26T17:00:00+00:00,2025-08-26T23:40:00+00:00,0.05880147720551565,0.0,162,162,0.592572430564785,0.5306841046277666,0.5796019900497512,1,0.1659972243358869,0.2202574096490411,0.17673448677012948
776587,2025-08-26,2025,Houston Astros,Colorado Rockies,2025-08-26T17:00:00+00:00,2025-08-27T00:10:00+00:00,0.15398780848450522,0.0,162,162,0.6830093814017955,0.5306841046277666,0.7552182163187855,0,0.4665018150828633,0.2816256189045743,0.5703545542597279
776588,2025-08-26,2025,New York Yankees,Washington Nationals,2025-08-26T17:00:00+00:00,2025-08-26T23:05:00+00:00,0.12020392451445944,0.0,162,162,0.6520680488722503,0.5306841046277666,0.6116504854368933,1,0.12105664261556277,0.2202574096490411,0.15081534546140066
776591,2025-08-26,2025,Baltimore Orioles,Boston Red Sox,2025-08-26T17:00:00+00:00,2025-08-26T22:35:00+00:00,-0.07978837562425017,0.0,162,162,0.4507525262439288,0.5306841046277666,0.49234693877551017,0,0.20317783991528374,0.2816256189045743,0.24240550812161596
776557,2025-08-27,2025,San Francisco Giants,Chicago Cubs,2025-08-27T17:00:00+00:00,2025-08-28T01:45:00+00:00,-0.039866490900371976,0.0,162,162,0.49180266063557176,0.5306841046277666,0.4582278481012658,1,0.25826453573708386,0.2202574096490411,0.2935170645729851
776561,2025-08-27,2025,Seattle Mariners,San Diego Padres,2025-08-27T17:00:00+00:00,2025-08-27T20:10:00+00:00,-0.00010781484910793449,0.0,162,162,0.5327958862424307,0.5306841046277666,0.57,1,0.21827968391199576,0.2202574096490411,0.18490000000000004
776562,2025-08-27,2025,Los Angeles Dodgers,Cincinnati Reds,2025-08-27T17:00:00+00:00,2025-08-28T00:40:00+00:00,0.04265312553041878,0.0,162,162,0.576380658410173,0.5306841046277666,0.6309523809523809,1,0.1794533465689985,0.2202574096490411,0.13619614512471656
776563,2025-08-27,2025,Texas Rangers,Los Angeles Angels,2025-08-27T17:00:00+00:00,2025-08-28T00:05:00+00:00,0.09086836256061648,0.0,162,162,0.6241064184189342,0.5306841046277666,0.5876543209876544,1,0.14129598467384136,0.2202574096490411,0.17002895900015239
776565,2025-08-27,2025,Miami Marlins,Atlanta Braves,2025-08-27T17:00:00+00:00,2025-08-27T17:10:00+00:00,-0.04750202105609069,0.0,162,162,0.48392564889630346,0.5306841046277666,0.46954314720812185,0,0.23418403365970838,0.2816256189045743,0.220470767090108
776566,2025-08-27,2025,New York Mets,Philadelphia Phillies,2025-08-27T17:00:00+00:00,2025-08-27T23:10:00+00:00,-0.012957235943936385,0.0,162,162,0.5195691528072417,0.5306841046277666,0.582089552238806,1,0.23081379893435147,0.2202574096490411,0.17464914234796167
776567,2025-08-27,2025,Toronto Blue Jays,Minnesota Twins,2025-08-27T17:00:00+00:00,2025-08-27T23:07:00+00:00,0.0655239113191256,0.0,162,162,0.5992562285298098,0.5306841046277666,0.6285714285714284,1,0.16059557037215208,0.2202574096490411,0.1379591836734695
776568,2025-08-27,2025,St. Louis Cardinals,Pittsburgh Pirates,2025-08-27T17:00:00+00:00,2025-08-27T23:45:00+00:00,0.014568989064060678,0.0,162,162,0.5478464001560067,0.5306841046277666,0.6058394160583942,0,0.3001356781638954,0.2816256189045743,0.36704139804997604
776569,2025-08-27,2025,Chicago White Sox,Kansas City Royals,2025-08-27T17:00:00+00:00,2025-08-27T23:40:00+00:00,-0.052245597629996254,0.0,162,162,0.47903582224656427,0.5306841046277666,0.4531645569620253,0,0.2294753189954419,0.2816256189045743,0.20535811568658865
776570,2025-08-27,2025,New York Yankees,Washington Nationals,2025-08-27T17:00:00+00:00,2025-08-27T17:05:00+00:00,0.12776767567814618,0.0,162,162,0.6591195061254844,0.5306841046277666,0.7082452431289641,1,0.11619951110413365,0.2202574096490411,0.08512083815687728
776571,2025-08-27,2025,Houston Astros,Colorado Rockies,2025-08-27T17:00:00+00:00,2025-08-28T00:10:00+00:00,0.15376526816901398,0.0,162,162,0.6828104048014076,0.5306841046277666,0.7244897959183673,1,0.10060923930224688,0.2202574096490411,0.07590587255310292
776572,2025-08-27,2025,Milwaukee Brewers,Arizona Diamondbacks,2025-08-27T17:00:00+00:00,2025-08-27T23:40:00+00:00,0.05669354498976409,0.0,162,162,0.59046941234338,0.5306841046277666,0.5591939546599496,0,0.3486541269131365,0.2816256189045743,0.31269787892823375
776579,2025-08-27,2025,Baltimore Orioles,Boston Red Sox,2025-08-27T17:00:00+00:00,2025-08-27T22:35:00+00:00,-0.08582611464577361,0.0,162,162,0.4445883867472656,0.5306841046277666,0.43969849246231163,0,0.19765883363053618,0.2816256189045743,0.19333476427362953
776580,2025-08-27,2025,Cleveland Guardians,Tampa Bay Rays,2025-08-27T17:00:00+00:00,2025-08-27T17:10:00+00:00,-0.05690549021556934,0.0,162,162,0.47423616259512025,0.5306841046277666,0.425,1,0.27642761272270483,0.2202574096490411,0.33062499999999995
776550,2025-08-28,2025,San Francisco Giants,Chicago Cubs,2025-08-28T17:00:00+00:00,2025-08-28T19:45:00+00:00,-0.029852237521105107,0.0,162,162,0.5021391817291591,0.5306841046277666,0.49489795918367346,1,0.24786539436931132,0.2202574096490411,0.25512807163681794
776553,2025-08-28,2025,Milwaukee Brewers,Arizona Diamondbacks,2025-08-28T17:00:00+00:00,2025-08-28T18:10:00+00:00,0.05547314769366707,0.0,162,162,0.5892503404474501,0.5306841046277666,0.5866336633663367,0,0.3472159637174358,0.2816256189045743,0.34413905499460845
776554,2025-08-28,2025,St. Louis Cardinals,Pittsburgh Pirates,2025-08-28T17:00:00+00:00,2025-08-28T18:15:00+00:00,0.014012579416121773,0.0,162,162,0.5472772403417704,0.5306841046277666,0.5204081632653061,1,0.20495789711256313,0.2202574096490411,0.23000832986255726
776555,2025-08-28,2025,Houston Astros,Colorado Rockies,2025-08-28T17:00:00+00:00,2025-08-28T18:10:00+00:00,0.15698250199750302,0.0,162,162,0.6856804527475376,0.5306841046277666,0.6872246696035242,1,0.09879677778499292,0.2202574096490411,0.09782840730462457
776556,2025-08-28,2025,Chicago White Sox,New York Yankees,2025-08-28T17:00:00+00:00,2025-08-28T23:40:00+00:00,-0.10346091067213536,0.0,162,162,0.42668847346611843,0.5306841046277666,0.3672985781990522,0,0.18206305338884646,0.2816256189045743,0.13490824554704528
776558,2025-08-28,2025,New York Mets,Miami Marlins,2025-08-28T17:00:00+00:00,2025-08-28T23:10:00+00:00,0.08133220578220623,0.0,162,162,0.6148249808687594,0.5306841046277666,0.6928104575163399,0,0.3780097571002703,0.2816256189045743,0.47998633004400015
776560,2025-08-28,2025,Philadelphia Phillies,Atlanta Braves,2025-08-28T17:00:00+00:00,2025-08-28T22:45:00+00:00,0.03225746492244719,0.0,162,162,0.565867243636131,0.5306841046277666,0.6201923076923077,1,0.1884712501480905,0.2202574096490411,0.14425388313609466
776564,2025-08-28,2025,Baltimore Orioles,Boston Red Sox,2025-08-28T17:00:00+00:00,2025-08-28T17:05:00+00:00,-0.0876719076995856,0.0,162,162,0.4427072609921028,0.5306841046277666,0.3568075117370892,0,0.19598971893512981,0.2816256189045743,0.12731160043201303
776533,2025-08-29,2025,San Francisco Giants,Baltimore Orioles,2025-08-29T17:00:00+00:00,2025-08-30T02:15:00+00:00,0.06921546910343274,0.0,162,162,0.6029110930229049,0.5306841046277666,0.57,1,0.15767960004426407,0.2202574096490411,0.18490000000000004
776534,2025-08-29,2025,Los Angeles Dodgers,Arizona Diamondbacks,2025-08-29T17:00:00+00:00,2025-08-30T02:10:00+00:00,0.033621872855677304,1.0,162,162,0.49749055875908144,0.5306841046277666,0.6440281030444964,0,0.24749685605442306,0.2816256189045743,0.4147721975110925
776540,2025-08-29,2025,Kansas City Royals,Detroit Tigers,2025-08-29T17:00:00+00:00,2025-08-30T00:10:00+00:00,-0.02531242323036209,0.0,162,162,0.5068250193789958,0.5306841046277666,0.5267175572519084,0,0.2568716002685195,0.2816256189045743,0.2774313851174174
776541,2025-08-29,2025,Minnesota Twins,San Diego Padres,2025-08-29T17:00:00+00:00,2025-08-30T00:10:00+00:00,-0.035605374429634684,0.0,162,162,0.4962005603666252,0.5306841046277666,0.4545454545454545,1,0.25381387537490246,0.2202574096490411,0.29752066115702486
776542,2025-08-29,2025,Colorado Rockies,Chicago Cubs,2025-08-29T17:00:00+00:00,2025-08-30T00:40:00+00:00,-0.2000103385880307,0.0,162,162,0.3331372239000013,0.5306841046277666,0.33031674208144796,0,0.11098040994779958,0.2816256189045743,0.1091091500993018
776543,2025-08-29,2025,Houston Astros,Los Angeles Angels,2025-08-29T17:00:00+00:00,2025-08-30T00:10:00+00:00,0.07961414248608867,-1.0,162,162,0.6772640078306185,0.5306841046277666,0.5945945945945945,1,0.1041585206415551,0.2202574096490411,0.16435354273192118
776544,2025-08-29,2025,Chicago White Sox,New York Yankees,2025-08-29T17:00:00+00:00,2025-08-29T23:40:00+00:00,-0.10843167740601894,0.0,162,162,0.4216754009683369,0.5306841046277666,0.33409090909090905,0,0.17781014378180768,0.2816256189045743,0.11161673553719005
776545,2025-08-29,2025,Washington Nationals,Tampa Bay Rays,2025-08-29T17:00:00+00:00,2025-08-29T22:45:00+00:00,-0.09864692121911695,0.0,162,162,0.43155784535058567,0.5306841046277666,0.4335839598997493,0,0.18624217388364,0.2816256189045743,0.1879950502823474
776546,2025-08-29,2025,Toronto Blue Jays,Milwaukee Brewers,2025-08-29T17:00:00+00:00,2025-08-29T23:07:00+00:00,-0.03670259969529044,1.0,162,162,0.4254574637321839,0.5306841046277666,0.547979797979798,0,0.1810140534454226,0.2816256189045743,0.30028185899398024
776547,2025-08-29,2025,Cleveland Guardians,Seattle Mariners,2025-08-29T17:00:00+00:00,2025-08-29T23:10:00+00:00,-0.04761095147361627,0.0,162,162,0.48381332189671455,0.5306841046277666,0.4088669950738916,1,0.26644868665130483,0.2202574096490411,0.3494382295129704
776548,2025-08-29,2025,New York Mets,Miami Marlins,2025-08-29T17:00:00+00:00,2025-08-29T23:10:00+00:00,0.08322214123052718,0.0,162,162,0.616671324930699,0.5306841046277666,0.6244019138755981,1,0.14694087313038576,0.2202574096490411,0.14107392230031365
776549,2025-08-29,2025,Boston Red Sox,Pittsburgh Pirates,2025-08-29T17:00:00+00:00,2025-08-29T23:10:00+00:00,0.08723259623198476,0.0,162,162,0.6205780943830298,0.5306841046277666,0.5178571428571429,0,0.38511717122807265,0.2816256189045743,0.2681760204081633
776551,2025-08-29,2025,Cincinnati Reds,St. Louis Cardinals,2025-08-29T17:00:00+00:00,2025-08-29T22:40:00+00:00,0.027167484680014287,1.0,162,162,0.4908289882979866,0.5306841046277666,0.5566750629722922,0,0.24091309575362507,0.2816256189045743,0.3098871257352055
776552,2025-08-29,2025,Philadelphia Phillies,Atlanta Braves,2025-08-29T17:00:00+00:00,2025-08-29T22:45:00+00:00,0.04771577117486958,0.0,162,162,0.5814763282532779,0.5306841046277666,0.6276849642004773,1,0.175162063812358,0.2202574096490411,0.1386184858823999
776516,2025-08-30,2025,San Francisco Giants,Baltimore Orioles,2025-08-30T17:00:00+00:00,2025-08-30T23:15:00+00:00,0.07202635991899964,0.0,162,162,0.6056863866707091,0.5306841046277666,0.4707379134860051,0,0.3668559989982197,0.2816256189045743,0.2215941831931576
776523,2025-08-30,2025,Los Angeles Dodgers,Arizona Diamondbacks,2025-08-30T17:00:00+00:00,2025-08-31T01:10:00+00:00,0.029488746288283796,0.0,162,162,0.5630567308272921,0.5306841046277666,0.6711711711711711,0,0.3170328821299177,0.2816256189045743,0.45047074101128143
776525,2025-08-30,2025,Washington Nationals,Tampa Bay Rays,2025-08-30T17:00:00+00:00,2025-08-30T20:05:00+00:00,-0.10060059276280808,0.0,162,162,0.4295800470434385,0.5306841046277666,0.41234567901234565,0,0.18453901681784282,0.2816256189045743,0.17002895900015239
776526,2025-08-30,2025,Colorado Rockies,Chicago Cubs,2025-08-30T17:00:00+00:00,2025-08-31T00:10:00+00:00,-0.20478629792899888,0.0,162,162,0.32877079155890626,0.5306841046277666,0.35116279069767437,0,0.10809023338226979,0.2816256189045743,0.12331530557057865
776527,2025-08-30,2025,Toronto Blue Jays,Milwaukee Brewers,2025-08-30T17:00:00+00:00,2025-08-30T19:07:00+00:00,-0.040671804660346034,0.0,162,162,0.49097161788760585,0.5306841046277666,0.5639097744360902,0,0.24105312957117325,0.2816256189045743,0.3179942337045622
776528,2025-08-30,2025,Kansas City Royals,Detroit Tigers,2025-08-30T17:00:00+00:00,2025-08-30T23:15:00+00:00,-0.026272319311982262,0.0,162,162,0.5058343204321792,0.5306841046277666,0.48346055979643765,1,0.2441997188627261,0.2202574096490411,0.26681299328580954
776529,2025-08-30,2025,Chicago White Sox,New York Yankees,2025-08-30T17:00:00+00:00,2025-08-30T23:10:00+00:00,-0.10991736014481174,0.0,162,162,0.420180152894715,0.5306841046277666,0.33257918552036203,0,0.17655136088662607,0.2816256189045743,0.11060891464138739
776530,2025-08-30,2025,Minnesota Twins,San Diego Padres,2025-08-30T17:00:00+00:00,2025-08-30T23:10:00+00:00,-0.02780319481475113,0.0,162,162,0.5042542278385154,0.5306841046277666,0.4133663366336633,0,0.2542723262930174,0.2816256189045743,0.17087172826193503
776531,2025-08-30,2025,Houston Astros,Los Angeles Angels,2025-08-30T17:00:00+00:00,2025-08-30T23:10:00+00:00,0.08018876986477125,0.0,162,162,0.6137063073299567,0.5306841046277666,0.5980392156862746,0,0.37663543165657126,0.2816256189045743,0.35765090349865447
776532,2025-08-30,2025,Philadelphia Phillies,Atlanta Braves,2025-08-30T17:00:00+00:00,2025-08-30T22:05:00+00:00,0.04746829538080044,0.0,162,162,0.5812276326343511,0.5306841046277666,0.5628140703517588,1,0.17537029566903004,0.2202574096490411,0.1911315370823969
776535,2025-08-30,2025,New York Mets,Miami Marlins,2025-08-30T17:00:00+00:00,2025-08-30T20:10:00+00:00,0.09300121720051802,0.0,162,162,0.6261701576920593,0.5306841046277666,0.6048780487804878,0,0.3920890663840984,0.2816256189045743,0.3658774538964902
776536,2025-08-30,2025,Cincinnati Reds,St. Louis Cardinals,2025-08-30T17:00:00+00:00,2025-08-30T22:40:00+00:00,0.024528976885765275,0.0,162,162,0.5580120708326417,0.5306841046277666,0.57,0,0.31137747119493314,0.2816256189045743,0.32489999999999997
776537,2025-08-30,2025,Cleveland Guardians,Seattle Mariners,2025-08-30T17:00:00+00:00,2025-08-30T23:15:00+00:00,-0.049889957716108546,0.0,162,162,0.4814636457909657,0.5306841046277666,0.4325,1,0.2688799506363971,0.2202574096490411,0.32205625
776539,2025-08-30,2025,Boston Red Sox,Pittsburgh Pirates,2025-08-30T17:00:00+00:00,2025-08-30T20:10:00+00:00,0.08701266849165107,0.0,162,162,0.6203642520905787,0.5306841046277666,0.6125907990314771,0,0.38485180527190305,0.2816256189045743,0.37526748705802354
776507,2025-08-31,2025,San Francisco Giants,Baltimore Orioles,2025-08-31T17:00:00+00:00,2025-08-31T20:05:00+00:00,0.059787751368472974,0.0,162,162,0.5935552470668876,0.5306841046277666,0.5639097744360902,1,0.1651973371868588,0.2202574096490411,0.19017468483238167
776509,2025-08-31,2025,Los Angeles Dodgers,Arizona Diamondbacks,2025-08-31T17:00:00+00:00,2025-08-31T20:10:00+00:00,0.030919575667591737,0.0,162,162,0.5645096760988438,0.5306841046277666,0.6704288939051919,1,0.1896518222115339,0.2202574096490411,0.10861711397255526
776510,2025-08-31,2025,Houston Astros,Los Angeles Angels,2025-08-31T17:00:00+00:00,2025-08-31T18:10:00+00:00,0.07137484115382964,0.0,162,162,0.6050437182447775,0.5306841046277666,0.5866336633663367,0,0.36607790098746573,0.2816256189045743,0.34413905499460845
776511,2025-08-31,2025,Colorado Rockies,Chicago Cubs,2025-08-31T17:00:00+00:00,2025-08-31T19:10:00+00:00,-0.20790464074462167,0.0,162,162,0.32593566316097694,0.5306841046277666,0.32142857142857145,1,0.45436273019823203,0.2202574096490411,0.46045918367346944
776512,2025-08-31,2025,Kansas City Royals,Detroit Tigers,2025-08-31T17:00:00+00:00,2025-08-31T18:10:00+00:00,-0.019368863519023338,0.0,162,162,0.5129578137804084,0.5306841046277666,0.383132530120482,0,0.26312571871837614,0.2816256189045743,0.14679053563652203
776513,2025-08-31,2025,Minnesota Twins,San Diego Padres,2025-08-31T17:00:00+00:00,2025-08-31T17:05:00+00:00,-0.03903515464407453,0.0,162,162,0.49266060474635254,0.5306841046277666,0.5279187817258882,1,0.2573932619763367,0.2202574096490411,0.22286067664716955
776514,2025-08-31,2025,Chicago White Sox,New York Yankees,2025-08-31T17:00:00+00:00,2025-08-31T18:10:00+00:00,-0.10780526296006077,0.0,162,162,0.42230628083209426,0.5306841046277666,0.38072289156626504,1,0.3337300331660471,0.2202574096490411,0.38350413703004793
776515,2025-08-31,2025,Toronto Blue Jays,Milwaukee Brewers,2025-08-31T17:00:00+00:00,2025-08-31T17:37:00+00:00,-0.04613550861465465,0.0,162,162,0.48533490513555905,0.5306841046277666,0.48346055979643765,1,0.26488015987182395,0.2202574096490411,0.26681299328580954
776517,2025-08-31,2025,Boston Red Sox,Pittsburgh Pirates,2025-08-31T17:00:00+00:00,2025-08-31T17:35:00+00:00,0.08077165813114184,0.0,162,162,0.6142767233236498,0.5306841046277666,0.6101694915254237,1,0.1487824461699402,0.2202574096490411,0.15196782533754674
776519,2025-08-31,2025,New York Mets,Miami Marlins,2025-08-31T17:00:00+00:00,2025-08-31T17:40:00+00:00,0.09523389073217364,0.0,162,162,0.6283255724790475,0.5306841046277666,0.6225961538461539,0,0.3947930250311228,0.2816256189045743,0.38762597078402367
776520,2025-08-31,2025,Washington Nationals,Tampa Bay Rays,2025-08-31T17:00:00+00:00,2025-08-31T17:35:00+00:00,-0.10408830864906848,0.0,162,162,0.4260548821666423,0.5306841046277666,0.43969849246231163,0,0.18152276261803144,0.2816256189045743,0.19333476427362953
776521,2025-08-31,2025,Cleveland Guardians,Seattle Mariners,2025-08-31T17:00:00+00:00,2025-08-31T17:40:00+00:00,-0.04687530047863886,0.0,162,162,0.4845719425848153,0.5306841046277666,0.49234693877551017,0,0.23480996754042152,0.2816256189045743,0.24240550812161596
776522,2025-08-31,2025,Philadelphia Phillies,Atlanta Braves,2025-08-31T17:00:00+00:00,2025-08-31T23:10:00+00:00,0.049738820009670004,0.0,162,162,0.5835077853494285,0.5306841046277666,0.6004901960784313,0,0.3404813355633947,0.2816256189045743,0.3605884755863129
776492,2025-09-01,2025,Colorado Rockies,San Francisco Giants,2025-09-01T17:00:00+00:00,2025-09-01T20:10:00+00:00,-0.17937235653422007,0.0,162,162,0.3523295332907654,0.5306841046277666,0.43969849246231163,0,0.12413610002888856,0.2816256189045743,0.19333476427362953
776494,2025-09-01,2025,San Diego Padres,Baltimore Orioles,2025-09-01T17:00:00+00:00,2025-09-01T22:40:00+00:00,0.054162192769314,0.0,162,162,0.5879395875215429,0.5306841046277666,0.5901234567901236,0,0.34567295857500197,0.2816256189045743,0.3482456942539248
776495,2025-09-01,2025,Arizona Diamondbacks,Texas Rangers,2025-09-01T17:00:00+00:00,2025-09-02T00:10:00+00:00,-0.02896135095748631,0.0,162,162,0.503058779229321,0.5306841046277666,0.5785536159600998,0,0.2530681353596947,0.2816256189045743,0.3347242865405066
776498,2025-09-01,2025,Washington Nationals,Miami Marlins,2025-09-01T17:00:00+00:00,2025-09-01T17:05:00+00:00,-0.030264672696571182,0.0,162,162,0.5017134495719813,0.5306841046277666,0.49489795918367346,1,0.24828948633745446,0.2202574096490411,0.25512807163681794
776499,2025-09-01,2025,Houston Astros,Los Angeles Angels,2025-09-01T17:00:00+00:00,2025-09-01T18:10:00+00:00,0.06882429048439592,0.0,162,162,0.6025243384477778,0.5306841046277666,0.5841584158415841,1,0.15798690152637673,0.2202574096490411,0.1729242231153809
776500,2025-09-01,2025,Milwaukee Brewers,Philadelphia Phillies,2025-09-01T17:00:00+00:00,2025-09-01T20:10:00+00:00,0.0273979646556457,0.0,162,162,0.5609316919279694,0.5306841046277666,0.5796019900497512,0,0.3146443630091744,0.2816256189045743,0.3359384668696319
776501,2025-09-01,2025,Detroit Tigers,New York Mets,2025-09-01T17:00:00+00:00,2025-09-01T17:10:00+00:00,-0.002606770509031131,0.0,162,162,0.5302265767203451,0.5306841046277666,0.49234693877551017,0,0.28114022266057603,0.2816256189045743,0.24240550812161596
776502,2025-09-01,2025,Minnesota Twins,Chicago White Sox,2025-09-01T17:00:00+00:00,2025-09-01T18:10:00+00:00,0.020012179559417864,0.0,162,162,0.5534074979320337,0.5306841046277666,0.6235011990407675,0,0.30625985876739387,0.2816256189045743,0.3887537452052748
776503,2025-09-01,2025,Cincinnati Reds,Toronto Blue Jays,2025-09-01T17:00:00+00:00,2025-09-01T17:10:00+00:00,-0.03191498394676573,0.0,162,162,0.5000099133195656,0.5306841046277666,0.5292620865139949,1,0.24999008677870835,0.2202574096490411,0.22159418319315766
776504,2025-09-01,2025,Tampa Bay Rays,Seattle Mariners,2025-09-01T17:00:00+00:00,2025-09-01T23:35:00+00:00,0.01824624867575253,0.0,162,162,0.5516047100834313,0.5306841046277666,0.5076530612244898,1,0.20105833601936374,0.2202574096490411,0.24240550812161596
776505,2025-09-01,2025,Boston Red Sox,Cleveland Guardians,2025-09-01T17:00:00+00:00,2025-09-01T17:35:00+00:00,0.08914711373591383,0.0,162,162,0.6224376508975028,0.5306841046277666,0.57356608478803,1,0.14255332745979596,0.2202574096490411,0.18184588404300966
776506,2025-09-01,2025,Chicago Cubs,Atlanta Braves,2025-09-01T17:00:00+00:00,2025-09-01T20:05:00+00:00,0.050700706768819215,0.0,162,162,0.5844726804998394,0.5306841046277666,0.5241730279898218,1,0.17266295325098857,0.2202574096490411,0.2264113072923749
776480,2025-09-02,2025,San Diego Padres,Baltimore Orioles,2025-09-02T17:00:00+00:00,2025-09-03T01:40:00+00:00,0.05429224794115922,0.0,162,162,0.5880696787233393,0.5306841046277666,0.6058394160583942,0,0.34582594703377145,0.2816256189045743,0.36704139804997604
776481,2025-09-02,2025,Arizona Diamondbacks,Texas Rangers,2025-09-02T17:00:00+00:00,2025-09-03T01:40:00+00:00,-0.028545020362435336,0.0,162,162,0.5034885203508549,0.5306841046277666,0.5127551020408163,1,0.24652364942338342,0.2202574096490411,0.23740759058725533
776482,2025-09-02,2025,Washington Nationals,Miami Marlins,2025-09-02T17:00:00+00:00,2025-09-02T22:45:00+00:00,-0.031535976996762305,0.0,162,162,0.5004011452640212,0.5306841046277666,0.5178571428571429,1,0.2495990156535016,0.2202574096490411,0.23246173469387751
776484,2025-09-02,2025,Minnesota Twins,Chicago White Sox,2025-09-02T17:00:00+00:00,2025-09-02T23:40:00+00:00,0.019487662808362893,0.0,162,162,0.5528721783669469,0.5306841046277666,0.5760598503740648,0,0.30566764561221316,0.2816256189045743,0.33184495121298996
776485,2025-09-02,2025,Tampa Bay Rays,Seattle Mariners,2025-09-02T17:00:00+00:00,2025-09-02T23:35:00+00:00,0.02478724227510065,0.0,162,162,0.5582750616142443,0.5306841046277666,0.49109414758269715,1,0.19512092119189964,0.2202574096490411,0.2589851666245817
776486,2025-09-02,2025,Colorado Rockies,San Francisco Giants,2025-09-02T17:00:00+00:00,2025-09-03T00:40:00+00:00,-0.18418210440983102,0.0,162,162,0.34781111258803643,0.5306841046277666,0.33409090909090905,0,0.12097257003972775,0.2816256189045743,0.11161673553719005
776487,2025-09-02,2025,Chicago Cubs,Atlanta Braves,2025-09-02T17:00:00+00:00,2025-09-02T23:40:00+00:00,0.049142255538314084,0.0,162,162,0.5829090329424259,0.5306841046277666,0.6092233009708737,1,0.17396487480102235,0.2202574096490411,0.15270642850410032
776488,2025-09-02,2025,Kansas City Royals,Los Angeles Angels,2025-09-02T17:00:00+00:00,2025-09-02T23:40:00+00:00,0.07275940675540632,1.0,162,162,0.5378181089258299,0.5306841046277666,0.5901234567901236,0,0.28924831828855585,0.2816256189045743,0.3482456942539248
776489,2025-09-02,2025,Houston Astros,New York Yankees,2025-09-02T17:00:00+00:00,2025-09-03T00:10:00+00:00,-0.04761825234416672,-1.0,162,162,0.5537616541889996,0.5306841046277666,0.49234693877551017,0,0.30665196965013714,0.2816256189045743,0.24240550812161596
776490,2025-09-02,2025,Detroit Tigers,New York Mets,2025-09-02T17:00:00+00:00,2025-09-02T22:40:00+00:00,-0.005052168689460901,0.0,162,162,0.5277107795861354,0.5306841046277666,0.45569620253164556,0,0.2784786668914068,0.2816256189045743,0.20765902900176253
776491,2025-09-02,2025,Cincinnati Reds,Toronto Blue Jays,2025-09-02T17:00:00+00:00,2025-09-02T22:40:00+00:00,-0.027011463212226805,0.0,162,162,0.5050714259272525,0.5306841046277666,0.49109414758269715,0,0.2550971452881881,0.2816256189045743,0.24117346178997592
776493,2025-09-02,2025,Boston Red Sox,Cleveland Guardians,2025-09-02T17:00:00+00:00,2025-09-02T22:45:00+00:00,0.09042659606925962,0.0,162,162,0.623678400691742,0.5306841046277666,0.7023554603854391,1,0.14161794610592512,0.2202574096490411,0.08859227196236394
776496,2025-09-02,2025,Pittsburgh Pirates,Los Angeles Dodgers,2025-09-02T17:00:00+00:00,2025-09-02T22:40:00+00:00,-0.08626519903988994,0.0,162,162,0.4441407512206538,0.5306841046277666,0.39853300733496333,1,0.3089795044535391,0.2202574096490411,0.36176254326552326
776465,2025-09-03,2025,San Diego Padres,Baltimore Orioles,2025-09-03T17:00:00+00:00,2025-09-03T20:10:00+00:00,0.04817292065478135,0.0,162,162,0.5819356220734675,0.5306841046277666,0.6029411764705883,0,0.3386490682380336,0.2816256189045743,0.36353806228373714
776466,2025-09-03,2025,Kansas City Royals,Los Angeles Angels,2025-09-03T17:00:00+00:00,2025-09-03T23:40:00+00:00,0.07193085791460807,0.0,162,162,0.6055922047841756,0.5306841046277666,0.608272506082725,0,0.3667419184953589,0.2816256189045743,0.3699954416561587
776467,2025-09-03,2025,Colorado Rockies,San Francisco Giants,2025-09-03T17:00:00+00:00,2025-09-04T00:40:00+00:00,-0.1842705757950382,0.0,162,162,0.3477282530041684,0.5306841046277666,0.3591549295774648,0,0.12091493793733094,0.2816256189045743,0.1289922634397937
776468,2025-09-03,2025,Arizona Diamondbacks,Texas Rangers,2025-09-03T17:00:00+00:00,2025-09-03T19:40:00+00:00,-0.027973630518990378,0.0,162,162,0.5040783068526525,0.5306841046277666,0.5355329949238579,1,0.24593832573413185,0.2202574096490411,0.21572959880440104
776469,2025-09-03,2025,Minnesota Twins,Chicago White Sox,2025-09-03T17:00:00+00:00,2025-09-03T23:40:00+00:00,0.009209573643003954,0.0,162,162,0.5423591876293052,0.5306841046277666,0.6235011990407675,0,0.2941534884059199,0.2816256189045743,0.3887537452052748
776471,2025-09-03,2025,Milwaukee Brewers,Philadelphia Phillies,2025-09-03T17:00:00+00:00,2025-09-03T23:40:00+00:00,0.024032924213909457,0.0,162,162,0.5575068509062234,0.5306841046277666,0.5102040816326531,1,0.19580018699492718,0.2202574096490411,0.23990004164931278
776472,2025-09-03,2025,Houston Astros,New York Yankees,2025-09-03T17:00:00+00:00,2025-09-04T00:10:00+00:00,-0.0537891056764811,0.0,162,162,0.4774455463358443,0.5306841046277666,0.46446700507614214,1,0.27306315704424433,0.2202574096490411,0.2867955886521168
776473,2025-09-03,2025,Chicago Cubs,Atlanta Braves,2025-09-03T17:00:00+00:00,2025-09-03T23:40:00+00:00,0.05340984054598541,0.0,162,162,0.5871867862661903,0.5306841046277666,0.5841584158415841,0,0.3447883219656166,0.2816256189045743,0.3412410547985491
776474,2025-09-03,2025,Boston Red Sox,Cleveland Guardians,2025-09-03T17:00:00+00:00,2025-09-03T22:45:00+00:00,0.09095072955024314,0.0,162,162,0.6241862005512284,0.5306841046277666,0.57356608478803,0,0.38960841295857834,0.2816256189045743,0.32897805361906957
776475,2025-09-03,2025,Cincinnati Reds,Toronto Blue Jays,2025-09-03T17:00:00+00:00,2025-09-03T22:40:00+00:00,-0.03265785033390489,0.0,162,162,0.49924308594106437,0.5306841046277666,0.40987654320987654,0,0.24924365885995697,0.2816256189045743,0.1679987806736778
776476,2025-09-03,2025,Tampa Bay Rays,Seattle Mariners,2025-09-03T17:00:00+00:00,2025-09-03T23:35:00+00:00,0.02392117596562582,0.0,162,162,0.5573930210411708,0.5306841046277666,0.43609022556390975,1,0.19590093782306145,0.2202574096490411,0.3179942337045622
776477,2025-09-03,2025,Washington Nationals,Miami Marlins,2025-09-03T17:00:00+00:00,2025-09-03T17:05:00+00:00,-0.03021480108721808,0.0,162,162,0.501764929194993,0.5306841046277666,0.42039800995024873,1,0.2482381857800703,0.2202574096490411,0.335938466869632
776478,2025-09-03,2025,Detroit Tigers,New York Mets,2025-09-03T17:00:00+00:00,2025-09-03T17:10:00+00:00,-0.012068451722563878,0.0,162,162,0.520485133090049,0.5306841046277666,0.49234693877551017,1,0.22993450758766806,0.2202574096490411,0.2577116305705956
776479,2025-09-03,2025,Pittsburgh Pirates,Los Angeles Dodgers,2025-09-03T17:00:00+00:00,2025-09-03T22:40:00+00:00,-0.09303700540339077,0.0,162,162,0.437248974854145,0.5306841046277666,0.3864734299516908,1,0.31668871630271067,0.2202574096490411,0.3764148521552429
776458,2025-09-04,2025,Tampa Bay Rays,Cleveland Guardians,2025-09-04T17:00:00+00:00,2025-09-04T23:35:00+00:00,0.0705618371985896,0.0,162,162,0.6042412489523764,0.5306841046277666,0.5955882352941176,1,0.1566249890307749,0.2202574096490411,0.16354887543252597
776459,2025-09-04,2025,Milwaukee Brewers,Philadelphia Phillies,2025-09-04T17:00:00+00:00,2025-09-04T20:10:00+00:00,0.030439726407494927,0.0,162,162,0.5640225321400277,0.5306841046277666,0.5417721518987342,0,0.3181214167616486,0.2816256189045743,0.2935170645729851
776461,2025-09-04,2025,Pittsburgh Pirates,Los Angeles Dodgers,2025-09-04T17:00:00+00:00,2025-09-04T22:40:00+00:00,-0.09270427448110075,0.0,162,162,0.4375870574807559,0.5306841046277666,0.4707379134860051,1,0.3163083179131546,0.2202574096490411,0.2801183562211475
776462,2025-09-04,2025,Minnesota Twins,Chicago White Sox,2025-09-04T17:00:00+00:00,2025-09-04T23:40:00+00:00,0.017540848428128197,0.0,162,162,0.5508842053951845,0.5306841046277666,0.5876543209876544,0,0.30347340775388376,0.2816256189045743,0.3453376009754611
776463,2025-09-04,2025,Kansas City Royals,Los Angeles Angels,2025-09-04T17:00:00+00:00,2025-09-04T23:40:00+00:00,0.06861436463285236,0.0,162,162,0.6023167339066654,0.5306841046277666,0.5796019900497512,1,0.15815198013066198,0.2202574096490411,0.17673448677012948
776464,2025-09-04,2025,Houston Astros,New York Yankees,2025-09-04T17:00:00+00:00,2025-09-04T23:40:00+00:00,-0.04703687907823462,0.0,162,162,0.4844053126998086,0.5306841046277666,0.4371859296482412,0,0.23464850697179934,0.2816256189045743,0.1911315370823969
776442,2025-09-05,2025,Colorado Rockies,San Diego Padres,2025-09-05T17:00:00+00:00,2025-09-06T00:40:00+00:00,-0.16111447349131747,0.0,162,162,0.36971773765260313,0.5306841046277666,0.3441108545034642,1,0.3972557302297529,0.2202574096490411,0.430190571180176
776445,2025-09-05,2025,St. Louis Cardinals,San Francisco Giants,2025-09-05T17:00:00+00:00,2025-09-06T00:15:00+00:00,-0.04928451038151904,0.0,162,162,0.4820877918056846,0.5306841046277666,0.5216284987277354,0,0.23240863900808112,0.2816256189045743,0.27209629068495106
776446,2025-09-05,2025,Kansas City Royals,Minnesota Twins,2025-09-05T17:00:00+00:00,2025-09-05T23:40:00+00:00,0.03785772219970712,0.0,162,162,0.5715389276108199,0.5306841046277666,0.5468354430379747,1,0.1835788905528862,0.2202574096490411,0.20535811568658865
776448,2025-09-05,2025,Arizona Diamondbacks,Boston Red Sox,2025-09-05T17:00:00+00:00,2025-09-06T01:40:00+00:00,-0.0329964826409711,0.0,162,162,0.4988935320880609,0.5306841046277666,0.4520202020202021,1,0.2511076921831792,0.2202574096490411,0.30028185899398013
776449,2025-09-05,2025,Texas Rangers,Houston Astros,2025-09-05T17:00:00+00:00,2025-09-06T00:05:00+00:00,0.027797730387609687,1.0,162,162,0.4914793592141583,0.5306841046277666,0.44810126582278476,1,0.25859324210524304,0.2202574096490411,0.3045922127864125
776450,2025-09-05,2025,Cincinnati Reds,New York Mets,2025-09-05T17:00:00+00:00,2025-09-05T22:40:00+00:00,-0.0435722452945112,0.0,162,162,0.48797895745194203,0.5306841046277666,0.48469387755102045,0,0.23812346291588424,0.2816256189045743,0.2349281549354436
776451,2025-09-05,2025,Tampa Bay Rays,Cleveland Guardians,2025-09-05T17:00:00+00:00,2025-09-05T23:35:00+00:00,0.0701963874621242,0.0,162,162,0.6038803513427593,0.5306841046277666,0.57,0,0.36467147873785444,0.2816256189045743,0.32489999999999997
776452,2025-09-05,2025,Detroit Tigers,Chicago White Sox,2025-09-05T17:00:00+00:00,2025-09-05T22:40:00+00:00,0.07702118524413432,1.0,162,162,0.5421891644317645,0.5306841046277666,0.6285714285714284,0,0.29396909002721494,0.2816256189045743,0.3951020408163264
776453,2025-09-05,2025,Pittsburgh Pirates,Milwaukee Brewers,2025-09-05T17:00:00+00:00,2025-09-05T22:40:00+00:00,-0.11729507584138493,0.0,162,162,0.41277712258013716,0.5306841046277666,0.43859649122807015,0,0.17038495292553757,0.2816256189045743,0.1923668821175746
776454,2025-09-05,2025,Baltimore Orioles,Los Angeles Dodgers,2025-09-05T17:00:00+00:00,2025-09-05T23:05:00+00:00,-0.0940014226715421,1.0,162,162,0.36888636900321936,0.5306841046277666,0.4029484029484029,1,0.3983044152299406,0.2202574096490411,0.3564706095418626
776455,2025-09-05,2025,Chicago Cubs,Washington Nationals,2025-09-05T17:00:00+00:00,2025-09-05T18:20:00+00:00,0.13263281813426403,0.0,162,162,0.6636184291071024,0.5306841046277666,0.6535796766743649,1,0.11315256123637346,0.2202574096490411,0.12000704041303757
776456,2025-09-05,2025,Miami Marlins,Philadelphia Phillies,2025-09-05T17:00:00+00:00,2025-09-05T23:10:00+00:00,-0.10747993702480807,1.0,162,162,0.35602697021201896,0.5306841046277666,0.3051948051948052,0,0.12675520351834985,0.2816256189045743,0.09314386911789509
776457,2025-09-05,2025,New York Yankees,Toronto Blue Jays,2025-09-05T17:00:00+00:00,2025-09-05T23:05:00+00:00,0.025516319322432035,-1.0,162,162,0.6266461557545514,0.5306841046277666,0.5406091370558376,0,0.3926854045219575,0.2816256189045743,0.2922582390682574
776460,2025-09-05,2025,Atlanta Braves,Seattle Mariners,2025-09-05T17:00:00+00:00,2025-09-05T23:15:00+00:00,0.00013083352888554334,0.0,162,162,0.5330411645604236,0.5306841046277666,0.5505050505050506,1,0.21805055399508538,0.2202574096490411,0.20204570962146712
776424,2025-09-06,2025,Arizona Diamondbacks,Boston Red Sox,2025-09-06T17:00:00+00:00,2025-09-07T00:10:00+00:00,-0.02291865478879207,0.0,162,162,0.5092953529999408,0.5306841046277666,0.4783715012722647,1,0.24079105058745273,0.2202574096490411,0.27209629068495095
776431,2025-09-06,2025,Colorado Rockies,San Diego Padres,2025-09-06T17:00:00+00:00,2025-09-07T00:10:00+00:00,-0.16117122670886708,0.0,162,162,0.3696631329783258,0.5306841046277666,0.36320754716981135,0,0.1366508318833514,0.2816256189045743,0.13191972232111074
776432,2025-09-06,2025,Texas Rangers,Houston Astros,2025-09-06T17:00:00+00:00,2025-09-06T23:15:00+00:00,0.031092259979569215,0.0,162,162,0.5646849551493952,0.5306841046277666,0.5216284987277354,0,0.31886909857207446,0.2816256189045743,0.27209629068495106
776433,2025-09-06,2025,Miami Marlins,Philadelphia Phillies,2025-09-06T17:00:00+00:00,2025-09-06T20:10:00+00:00,-0.11040158509150289,0.0,162,162,0.41969312532685393,0.5306841046277666,0.4054054054054054,0,0.17614231944662231,0.2816256189045743,0.16435354273192107
776434,2025-09-06,2025,Kansas City Royals,Minnesota Twins,2025-09-06T17:00:00+00:00,2025-09-06T23:15:00+00:00,0.03576110981346553,0.0,162,162,0.5694176921118727,0.5306841046277666,0.4783715012722647,1,0.1854011238662661,0.2202574096490411,0.27209629068495095
776435,2025-09-06,2025,Detroit Tigers,Chicago White Sox,2025-09-06T17:00:00+00:00,2025-09-06T22:10:00+00:00,0.07412287704512782,0.0,162,162,0.6077519350115919,0.5306841046277666,0.7201646090534979,1,0.15385854448715044,0.2202574096490411,0.07830784602618168
776436,2025-09-06,2025,New York Yankees,Toronto Blue Jays,2025-09-06T17:00:00+00:00,2025-09-06T17:05:00+00:00,0.01686055222075067,0.0,162,162,0.5501891399255817,0.5306841046277666,0.5577889447236182,1,0.20232980984088791,0.2202574096490411,0.19555061740865123
776437,2025-09-06,2025,St. Louis Cardinals,San Francisco Giants,2025-09-06T17:00:00+00:00,2025-09-06T23:15:00+00:00,-0.05555345409727119,0.0,162,162,0.4756283004228496,0.5306841046277666,0.4582278481012658,1,0.2749656793174292,0.2202574096490411,0.2935170645729851
776438,2025-09-06,2025,Tampa Bay Rays,Cleveland Guardians,2025-09-06T17:00:00+00:00,2025-09-06T23:05:00+00:00,0.06290746519624091,0.0,162,162,0.5966590603634876,0.5306841046277666,0.5591939546599496,0,0.3560020343138399,0.2816256189045743,0.31269787892823375
776439,2025-09-06,2025,Cincinnati Reds,New York Mets,2025-09-06T17:00:00+00:00,2025-09-06T22:40:00+00:00,-0.04614256481065526,0.0,162,162,0.4853276276070916,0.5306841046277666,0.4494949494949495,1,0.2648876509045446,0.2202574096490411,0.3030558106315682
776440,2025-09-06,2025,Chicago Cubs,Washington Nationals,2025-09-06T17:00:00+00:00,2025-09-06T18:20:00+00:00,0.1326085469196837,0.0,162,162,0.6635960575360115,0.5306841046277666,0.6921397379912664,0,0.44035972757733743,0.2816256189045743,0.47905741690661885
776441,2025-09-06,2025,Pittsburgh Pirates,Milwaukee Brewers,2025-09-06T17:00:00+00:00,2025-09-06T22:40:00+00:00,-0.11778623600472027,0.0,162,162,0.41228563564431703,0.5306841046277666,0.42750000000000005,0,0.16997944535863854,0.2816256189045743,0.18275625000000004
776443,2025-09-06,2025,Baltimore Orioles,Los Angeles Dodgers,2025-09-06T17:00:00+00:00,2025-09-06T23:05:00+00:00,-0.09286476884681999,0.0,162,162,0.43742397443695297,0.5306841046277666,0.4239401496259351,1,0.3164917845383141,0.2202574096490411,0.33184495121298996
776447,2025-09-06,2025,Atlanta Braves,Seattle Mariners,2025-09-06T17:00:00+00:00,2025-09-06T23:15:00+00:00,0.0009732717385909639,0.0,162,162,0.5339068782291846,0.5306841046277666,0.5406091370558376,0,0.28505655462043333,0.2816256189045743,0.2922582390682574
776415,2025-09-07,2025,Arizona Diamondbacks,Boston Red Sox,2025-09-07T17:00:00+00:00,2025-09-07T20:10:00+00:00,-0.01706051985875634,0.0,162,162,0.515338701944538,0.5306841046277666,0.5051020408163266,0,0.2655739777218814,0.2816256189045743,0.25512807163681805
776416,2025-09-07,2025,St. Louis Cardinals,San Francisco Giants,2025-09-07T17:00:00+00:00,2025-09-07T18:15:00+00:00,-0.05211439357330816,0.0,162,162,0.4791710218005181,0.5306841046277666,0.5541561712846348,1,0.2712628245323164,0.2202574096490411,0.1987767196035759
776417,2025-09-07,2025,Colorado Rockies,San Diego Padres,2025-09-07T17:00:00+00:00,2025-09-07T19:10:00+00:00,-0.16594824287290327,0.0,162,162,0.3650790372557744,0.5306841046277666,0.32,0,0.1332827034436031,0.2816256189045743,0.1024
776418,2025-09-07,2025,Texas Rangers,Houston Astros,2025-09-07T17:00:00+00:00,2025-09-07T18:35:00+00:00,0.022703200957856717,0.0,162,162,0.5561519694488858,0.5306841046277666,0.44584382871536526,1,0.19700107422410282,0.2202574096490411,0.3070890621728455
776419,2025-09-07,2025,Pittsburgh Pirates,Milwaukee Brewers,2025-09-07T17:00:00+00:00,2025-09-07T17:35:00+00:00,-0.11594882801635809,0.0,162,162,0.41412515494560037,0.5306841046277666,0.45088161209068006,0,0.17149964395871753,0.2816256189045743,0.20329422812149048
776420,2025-09-07,2025,Chicago Cubs,Washington Nationals,2025-09-07T17:00:00+00:00,2025-09-07T18:20:00+00:00,0.1298751903969762,0.0,162,162,0.6610719586568164,0.5306841046277666,0.6318289786223278,0,0.43701613452235966,0.2816256189045743,0.39920785822693394
776422,2025-09-07,2025,Kansas City Royals,Minnesota Twins,2025-09-07T17:00:00+00:00,2025-09-07T18:10:00+00:00,0.03976333781224228,0.0,162,162,0.5734646473322335,0.5306841046277666,0.5241730279898218,0,0.3288617017398829,0.2816256189045743,0.2747573632720185
776423,2025-09-07,2025,New York Yankees,Toronto Blue Jays,2025-09-07T17:00:00+00:00,2025-09-07T17:35:00+00:00,0.02323480334352379,0.0,162,162,0.5566937310496586,0.5306841046277666,0.6201923076923077,1,0.19652044809067243,0.2202574096490411,0.14425388313609466
776425,2025-09-07,2025,Detroit Tigers,Chicago White Sox,2025-09-07T17:00:00+00:00,2025-09-07T17:40:00+00:00,0.07648096998476928,0.0,162,162,0.6100705918362737,0.5306841046277666,0.6211031175059952,0,0.3721861270234612,0.2816256189045743,0.3857690825756661
776426,2025-09-07,2025,Miami Marlins,Philadelphia Phillies,2025-09-07T17:00:00+00:00,2025-09-07T17:40:00+00:00,-0.1105989117250511,0.0,162,162,0.4194947013912819,0.5306841046277666,0.4483627204030227,1,0.33698640171279687,0.2202574096490411,0.30430368824115367
776427,2025-09-07,2025,Baltimore Orioles,Los Angeles Dodgers,2025-09-07T17:00:00+00:00,2025-09-07T17:35:00+00:00,-0.09378805715389243,0.0,162,162,0.4364860577949601,0.5306841046277666,0.4029484029484029,0,0.19052007864938522,0.2816256189045743,0.16236741543866848
776429,2025-09-07,2025,Cincinnati Reds,New York Mets,2025-09-07T17:00:00+00:00,2025-09-07T17:40:00+00:00,-0.03941566482169834,0.0,162,162,0.4922679102416672,0.5306841046277666,0.5292620865139949,1,0.25779187497036377,0.2202574096490411,0.22159418319315766
776399,2025-09-08,2025,San Francisco Giants,Arizona Diamondbacks,2025-09-08T17:00:00+00:00,2025-09-09T01:45:00+00:00,0.011001270587360334,0.0,162,162,0.5441948189922087,0.5306841046277666,0.6267942583732058,1,0.20775836303354542,0.2202574096490411,0.13928252558320547
776400,2025-09-08,2025,Seattle Mariners,St. Louis Cardinals,2025-09-08T17:00:00+00:00,2025-09-09T01:40:00+00:00,0.039834125710223045,0.0,162,162,0.5735361395207131,0.5306841046277666,0.6689342403628117,1,0.18187142429489664,0.2202574096490411,0.10960453720414855
776405,2025-09-08,2025,Philadelphia Phillies,New York Mets,2025-09-08T17:00:00+00:00,2025-09-08T22:45:00+00:00,0.018828204068438215,0.0,162,162,0.5521989637461969,0.5306841046277666,0.46329113924050636,1,0.20052576806997985,0.2202574096490411,0.28805640121775355
776406,2025-09-08,2025,Texas Rangers,Milwaukee Brewers,2025-09-08T17:00:00+00:00,2025-09-09T00:05:00+00:00,-0.04576880839197439,0.0,162,162,0.4857131161713786,0.5306841046277666,0.4809160305343511,1,0.26449099887815397,0.2202574096490411,0.26944816735621463
776407,2025-09-08,2025,San Diego Padres,Cincinnati Reds,2025-09-08T17:00:00+00:00,2025-09-09T01:40:00+00:00,0.01124468639034526,0.0,162,162,0.5444441121301379,0.5306841046277666,0.5614035087719298,1,0.2075311669728984,0.2202574096490411,0.19236688211757466
776408,2025-09-08,2025,Los Angeles Dodgers,Colorado Rockies,2025-09-08T17:00:00+00:00,2025-09-09T02:10:00+00:00,0.2166963196455276,0.0,162,162,0.7362486799990797,0.5306841046277666,0.7509652509652509,1,0.06956475880222784,0.2202574096490411,0.06201830622680046
776409,2025-09-08,2025,Miami Marlins,Washington Nationals,2025-09-08T17:00:00+00:00,2025-09-08T22:40:00+00:00,0.028155026515000847,0.0,162,162,0.5617014204721262,0.5306841046277666,0.5443037974683544,0,0.31550848576040436,0.2816256189045743,0.2962666239384714
776411,2025-09-08,2025,Los Angeles Angels,Minnesota Twins,2025-09-08T17:00:00+00:00,2025-09-09T01:38:00+00:00,-0.03462548935254006,0.0,162,162,0.4972120079453759,0.5306841046277666,0.5228426395939086,0,0.24721978084507254,0.2816256189045743,0.27336442577752584
776412,2025-09-08,2025,Atlanta Braves,Chicago Cubs,2025-09-08T17:00:00+00:00,2025-09-08T23:15:00+00:00,-0.05836597136209071,0.0,162,162,0.47273281374222925,0.5306841046277666,0.48600508905852424,1,0.27801068570418663,0.2202574096490411,0.26419076847373557
776413,2025-09-08,2025,Cleveland Guardians,Kansas City Royals,2025-09-08T17:00:00+00:00,2025-09-08T22:40:00+00:00,-0.04392113054441732,0.0,162,162,0.4876190331768534,0.5306841046277666,0.49744897959183665,1,0.26253425516262247,0.2202574096490411,0.25255752811328624
776388,2025-09-09,2025,Chicago White Sox,Tampa Bay Rays,2025-09-09T17:00:00+00:00,2025-09-09T23:40:00+00:00,-0.07105960554293494,0.0,162,162,0.45969033286203115,0.5306841046277666,0.43576826196473545,0,0.211315202126805,0.2816256189045743,0.1898939781357663
776389,2025-09-09,2025,Los Angeles Dodgers,Colorado Rockies,2025-09-09T17:00:00+00:00,2025-09-10T02:10:00+00:00,0.21361499203613815,0.0,162,162,0.7337706546606738,0.5306841046277666,0.7391304347826088,1,0.0708780643198062,0.2202574096490411,0.06805293005671074
776390,2025-09-09,2025,Los Angeles Angels,Minnesota Twins,2025-09-09T17:00:00+00:00,2025-09-10T01:38:00+00:00,-0.03672446099828808,0.0,162,162,0.49504546607465255,0.5306841046277666,0.47328244274809167,1,0.25497908133176483,0.2202574096490411,0.2774313851174173
776391,2025-09-09,2025,Seattle Mariners,St. Louis Cardinals,2025-09-09T17:00:00+00:00,2025-09-10T01:40:00+00:00,0.04170290930525594,0.0,162,162,0.5754223959991096,0.5306841046277666,0.647196261682243,1,0.1802661418191369,0.2202574096490411,0.12447047777098437
776392,2025-09-09,2025,San Diego Padres,Cincinnati Reds,2025-09-09T17:00:00+00:00,2025-09-10T01:40:00+00:00,0.018298623617884924,0.0,162,162,0.5516581979082402,0.5306841046277666,0.635933806146572,0,0.30432676731936714,0.2816256189045743,0.40441180580006586
776393,2025-09-09,2025,Toronto Blue Jays,Houston Astros,2025-09-09T17:00:00+00:00,2025-09-09T23:07:00+00:00,0.020942283676017137,0.0,162,162,0.5543564530064338,0.5306841046277666,0.5841584158415841,1,0.19859817097700688,0.2202574096490411,0.1729242231153809
776394,2025-09-09,2025,San Francisco Giants,Arizona Diamondbacks,2025-09-09T17:00:00+00:00,2025-09-10T01:45:00+00:00,0.013912671400535315,0.0,162,162,0.5471750297897799,0.5306841046277666,0.568922305764411,1,0.20505045364588667,0.2202574096490411,0.18582797846747193
776395,2025-09-09,2025,Texas Rangers,Milwaukee Brewers,2025-09-09T17:00:00+00:00,2025-09-10T00:05:00+00:00,-0.03516085337247166,0.0,162,162,0.49665939627340977,0.5306841046277666,0.49744897959183665,1,0.25335176335984827,0.2202574096490411,0.25255752811328624
776397,2025-09-09,2025,Miami Marlins,Washington Nationals,2025-09-09T17:00:00+00:00,2025-09-09T22:40:00+00:00,0.020933329128493106,0.0,162,162,0.5543473188494957,0.5306841046277666,0.5253807106598984,0,0.3073009499156245,0.2816256189045743,0.27602489113349993
776398,2025-09-09,2025,New York Yankees,Detroit Tigers,2025-09-09T17:00:00+00:00,2025-09-09T23:05:00+00:00,0.022029542811418334,0.0,162,162,0.5554652456139403,0.5306841046277666,0.5891089108910892,0,0.308541639084955,0.2816256189045743,0.34704930889128527
776401,2025-09-09,2025,Baltimore Orioles,Pittsburgh Pirates,2025-09-09T17:00:00+00:00,2025-09-09T22:35:00+00:00,-0.005278745848319166,0.0,162,162,0.5274776064176786,0.5306841046277666,0.5841584158415841,1,0.22327741243676624,0.2202574096490411,0.1729242231153809
776402,2025-09-09,2025,Atlanta Braves,Chicago Cubs,2025-09-09T17:00:00+00:00,2025-09-09T23:15:00+00:00,-0.05825236217538776,0.0,162,162,0.47284974017828457,0.5306841046277666,0.49744897959183665,0,0.22358687678667122,0.2816256189045743,0.24745548729695951
776403,2025-09-09,2025,Cleveland Guardians,Kansas City Royals,2025-09-09T17:00:00+00:00,2025-09-09T22:40:00+00:00,-0.040678807843148534,0.0,162,162,0.49096439117214014,0.5306841046277666,0.5165394402035622,1,0.2591172510547499,0.2202574096490411,0.23373411287868498
776404,2025-09-09,2025,Philadelphia Phillies,New York Mets,2025-09-09T17:00:00+00:00,2025-09-09T22:45:00+00:00,0.028522299032394005,0.0,162,162,0.5620747312429873,0.5306841046277666,0.5505050505050506,1,0.19177854101590178,0.2202574096490411,0.20204570962146712
776373,2025-09-10,2025,Seattle Mariners,St. Louis Cardinals,2025-09-10T17:00:00+00:00,2025-09-11T01:40:00+00:00,0.044395323231506245,0.0,162,162,0.5781361122248492,0.5306841046277666,0.6659090909090909,1,0.17796913980876505,0.2202574096490411,0.11161673553719009
776374,2025-09-10,2025,San Francisco Giants,Arizona Diamondbacks,2025-09-10T17:00:00+00:00,2025-09-10T19:45:00+00:00,0.01303773411359388,0.0,162,162,0.5462797591693687,0.5306841046277666,0.530456852791878,0,0.29842157527814345,0.2816256189045743,0.2813844726738642
776375,2025-09-10,2025,Texas Rangers,Milwaukee Brewers,2025-09-10T17:00:00+00:00,2025-09-10T18:35:00+00:00,-0.0387494131549696,0.0,162,162,0.49295550195217613,0.5306841046277666,0.4707379134860051,1,0.2570941230005697,0.2202574096490411,0.2801183562211475
776376,2025-09-10,2025,Los Angeles Angels,Minnesota Twins,2025-09-10T17:00:00+00:00,2025-09-10T20:07:00+00:00,-0.026523444555481,0.0,162,162,0.5055751287545313,0.5306841046277666,0.5516372795969774,1,0.24445595330609834,0.2202574096490411,0.20102912904719902
776377,2025-09-10,2025,San Diego Padres,Cincinnati Reds,2025-09-10T17:00:00+00:00,2025-09-11T00:40:00+00:00,0.01737589008827578,0.0,162,162,0.5507156839468219,0.5306841046277666,0.565,0,0.3032877645450158,0.2816256189045743,0.3192249999999999
776378,2025-09-10,2025,Chicago White Sox,Tampa Bay Rays,2025-09-10T17:00:00+00:00,2025-09-10T23:40:00+00:00,-0.07424430308848401,0.0,162,162,0.4564260549415301,0.5306841046277666,0.4408060453400503,1,0.29547263374642846,0.2202574096490411,0.31269787892823386
776380,2025-09-10,2025,Los Angeles Dodgers,Colorado Rockies,2025-09-10T17:00:00+00:00,2025-09-11T02:10:00+00:00,0.21568214803262992,0.0,162,162,0.7354347124941879,0.5306841046277666,0.744140625,1,0.06999479135303302,0.2202574096490411,0.06546401977539062
776381,2025-09-10,2025,Atlanta Braves,Chicago Cubs,2025-09-10T17:00:00+00:00,2025-09-10T23:15:00+00:00,-0.061323309386057456,0.0,162,162,0.46969021480060946,0.5306841046277666,0.6135265700483092,0,0.22060889787944266,0.2816256189045743,0.3764148521552429
776382,2025-09-10,2025,Cleveland Guardians,Kansas City Royals,2025-09-10T17:00:00+00:00,2025-09-10T22:40:00+00:00,-0.03851377646113896,0.0,162,162,0.4931986926040392,0.5306841046277666,0.5,0,0.24324495038633356,0.2816256189045743,0.25
776383,2025-09-10,2025,New York Yankees,Detroit Tigers,2025-09-10T17:00:00+00:00,2025-09-10T23:05:00+00:00,0.008604001629486713,0.0,162,162,0.5417385036420589,0.5306841046277666,0.6014669926650367,0,0.29348060632833706,0.2816256189045743,0.36176254326552326
776384,2025-09-10,2025,Philadelphia Phillies,New York Mets,2025-09-10T17:00:00+00:00,2025-09-10T22:45:00+00:00,0.03329271952934043,0.0,162,162,0.5669170485018585,0.5306841046277666,0.6004901960784313,1,0.18756084287834154,0.2202574096490411,0.15960808342945024
776385,2025-09-10,2025,Toronto Blue Jays,Houston Astros,2025-09-10T17:00:00+00:00,2025-09-10T23:07:00+00:00,0.021408005873907232,0.0,162,162,0.5548314658609668,0.5306841046277666,0.568922305764411,0,0.3078379555094291,0.2816256189045743,0.323672589996294
776386,2025-09-10,2025,Miami Marlins,Washington Nationals,2025-09-10T17:00:00+00:00,2025-09-10T22:40:00+00:00,0.01933375421760858,0.0,162,162,0.5527150765925151,0.5306841046277666,0.5831265508684863,1,0.20006380270763965,0.2202574096490411,0.17378347259080473
776387,2025-09-10,2025,Baltimore Orioles,Pittsburgh Pirates,2025-09-10T17:00:00+00:00,2025-09-10T22:35:00+00:00,-0.005038057363548454,0.0,162,162,0.5277253013155783,0.5306841046277666,0.41791044776119407,1,0.22304339101746135,0.2202574096490411,0.3388282468255735
776362,2025-09-11,2025,Seattle Mariners,Los Angeles Angels,2025-09-11T17:00:00+00:00,2025-09-12T01:40:00+00:00,0.0788724129055774,0.0,162,162,0.6124169701203056,0.5306841046277666,0.5876543209876544,1,0.15022060505072407,0.2202574096490411,0.17002895900015239
776364,2025-09-11,2025,Chicago White Sox,Tampa Bay Rays,2025-09-11T17:00:00+00:00,2025-09-11T18:10:00+00:00,-0.07413863280780797,0.0,162,162,0.4565343073061701,0.5306841046277666,0.46329113924050636,1,0.2953549591351844,0.2202574096490411,0.28805640121775355
776365,2025-09-11,2025,San Diego Padres,Colorado Rockies,2025-09-11T17:00:00+00:00,2025-09-12T01:40:00+00:00,0.18326367896556223,0.0,162,162,0.7085840667252011,0.5306841046277666,0.6829268292682927,1,0.08492324616642202,0.2202574096490411,0.10053539559785839
776367,2025-09-11,2025,Miami Marlins,Washington Nationals,2025-09-11T17:00:00+00:00,2025-09-11T22:40:00+00:00,0.02431631343213453,0.0,162,162,0.5577954919136886,0.5306841046277666,0.5127551020408163,1,0.19554482697185666,0.2202574096490411,0.23740759058725533
776368,2025-09-11,2025,New York Yankees,Detroit Tigers,2025-09-11T17:00:00+00:00,2025-09-11T23:05:00+00:00,0.005839506310576947,0.0,162,162,0.5389034035531963,0.5306841046277666,0.6039119804400979,1,0.21261007125482653,0.2202574096490411,0.15688571923888542
776369,2025-09-11,2025,Toronto Blue Jays,Houston Astros,2025-09-11T17:00:00+00:00,2025-09-11T19:07:00+00:00,0.020714922773559907,0.0,162,162,0.5541245203697528,0.5306841046277666,0.5945945945945945,1,0.198804943335503,0.2202574096490411,0.16435354273192118
776370,2025-09-11,2025,Cleveland Guardians,Kansas City Royals,2025-09-11T17:00:00+00:00,2025-09-11T23:15:00+00:00,-0.03839013326991547,0.0,162,162,0.49332630079988127,0.5306841046277666,0.5614035087719298,1,0.25671823746113237,0.2202574096490411,0.19236688211757466
776371,2025-09-11,2025,Philadelphia Phillies,New York Mets,2025-09-11T17:00:00+00:00,2025-09-11T23:15:00+00:00,0.03835166330655748,0.0,162,162,0.572038290273337,0.5306841046277666,0.5355329949238579,1,0.1831512249921686,0.2202574096490411,0.21572959880440104
776372,2025-09-11,2025,Baltimore Orioles,Pittsburgh Pirates,2025-09-11T17:00:00+00:00,2025-09-11T17:05:00+00:00,-0.00045199264151957186,0.0,162,162,0.5324421188868123,0.5306841046277666,0.5178571428571429,1,0.2186103721910538,0.2202574096490411,0.23246173469387751
776345,2025-09-12,2025,Seattle Mariners,Los Angeles Angels,2025-09-12T17:00:00+00:00,2025-09-13T02:10:00+00:00,0.08214581000613402,0.0,162,162,0.615620228038117,0.5306841046277666,0.6367924528301887,1,0.14774780909346918,0.2202574096490411,0.1319197223211107
776350,2025-09-12,2025,San Francisco Giants,Los Angeles Dodgers,2025-09-12T17:00:00+00:00,2025-09-13T02:15:00+00:00,-0.035556850959342357,0.0,162,162,0.496250646134204,0.5306841046277666,0.4133663366336633,1,0.253763411520207,0.2202574096490411,0.34413905499460845
776351,2025-09-12,2025,Washington Nationals,Pittsburgh Pirates,2025-09-12T17:00:00+00:00,2025-09-12T22:45:00+00:00,-0.04465733230314589,0.0,162,162,0.4868595799520175,0.5306841046277666,0.5051020408163266,1,0.26331309068701997,0.2202574096490411,0.24492399000416487
776352,2025-09-12,2025,Chicago Cubs,Tampa Bay Rays,2025-09-12T17:00:00+00:00,2025-09-12T18:20:00+00:00,0.018170242645784374,1.0,162,162,0.4815488887943798,0.5306841046277666,0.5980392156862746,1,0.26879155471034244,0.2202574096490411,0.16157247212610526
776353,2025-09-12,2025,Toronto Blue Jays,Baltimore Orioles,2025-09-12T17:00:00+00:00,2025-09-12T23:07:00+00:00,0.07645121552172263,0.0,162,162,0.6100413657076038,0.5306841046277666,0.5505050505050506,1,0.1520677364591908,0.2202574096490411,0.20204570962146712
776354,2025-09-12,2025,Philadelphia Phillies,Kansas City Royals,2025-09-12T17:00:00+00:00,2025-09-12T22:45:00+00:00,0.06505141606541553,0.0,162,162,0.5987876223865213,0.5306841046277666,0.5566750629722922,1,0.16097137195026065,0.2202574096490411,0.1965369997906211
776355,2025-09-12,2025,Minnesota Twins,Arizona Diamondbacks,2025-09-12T17:00:00+00:00,2025-09-13T00:10:00+00:00,-0.04695735605800827,0.0,162,162,0.48448732134518663,0.5306841046277666,0.5628140703517588,1,0.2657533218538609,0.2202574096490411,0.1911315370823969
776356,2025-09-12,2025,Milwaukee Brewers,St. Louis Cardinals,2025-09-12T17:00:00+00:00,2025-09-13T00:10:00+00:00,0.10152581054104909,0.0,162,162,0.6343721275935009,0.5306841046277666,0.6391509433962265,1,0.13368374108050318,0.2202574096490411,0.13021204165183337
776357,2025-09-12,2025,San Diego Padres,Colorado Rockies,2025-09-12T17:00:00+00:00,2025-09-13T01:40:00+00:00,0.1801585729750088,0.0,162,162,0.7059295507933122,0.5306841046277666,0.6995708154506437,0,0.49833653068324757,0.2816256189045743,0.48939932583027856
776359,2025-09-12,2025,New York Mets,Texas Rangers,2025-09-12T17:00:00+00:00,2025-09-12T23:10:00+00:00,-0.010310267718143362,-1.0,162,162,0.5914412538970927,0.5306841046277666,0.5051020408163266,0,0.34980275681136525,0.2816256189045743,0.25512807163681805
776360,2025-09-12,2025,Atlanta Braves,Houston Astros,2025-09-12T17:00:00+00:00,2025-09-12T23:15:00+00:00,-0.025815021711524222,1.0,162,162,0.4364815156049831,0.5306841046277666,0.5165394402035622,0,0.1905161134648231,0.2816256189045743,0.26681299328580943
776361,2025-09-12,2025,Cleveland Guardians,Chicago White Sox,2025-09-12T17:00:00+00:00,2025-09-12T23:10:00+00:00,0.008505118450801596,0.0,162,162,0.5416371404899122,0.5306841046277666,0.57,1,0.2100965109782645,0.2202574096490411,0.18490000000000004
776363,2025-09-12,2025,Boston Red Sox,New York Yankees,2025-09-12T17:00:00+00:00,2025-09-12T23:10:00+00:00,-0.012638369798391391,1.0,162,162,0.449906762544471,0.5306841046277666,0.4746192893401016,0,0.202416094983247,0.2816256189045743,0.2252634698137031
776366,2025-09-12,2025,Miami Marlins,Detroit Tigers,2025-09-12T17:00:00+00:00,2025-09-12T23:10:00+00:00,-0.08606176154535738,0.0,162,162,0.4443481394154882,0.5306841046277666,0.3640661938534279,1,0.3087489901710297,0.2202574096490411,0.40441180580006586
776328,2025-09-13,2025,San Francisco Giants,Los Angeles Dodgers,2025-09-13T17:00:00+00:00,2025-09-14T01:05:00+00:00,-0.03302276641106694,0.0,162,162,0.498866400656454,0.5306841046277666,0.49234693877551017,0,0.24886768570392567,0.2816256189045743,0.24240550812161596
776333,2025-09-13,2025,Seattle Mariners,Los Angeles Angels,2025-09-13T17:00:00+00:00,2025-09-14T01:40:00+00:00,0.08494352014175133,0.0,162,162,0.6183500784779598,0.5306841046277666,0.6659090909090909,1,0.14565666259777948,0.2202574096490411,0.11161673553719009
776336,2025-09-13,2025,Washington Nationals,Pittsburgh Pirates,2025-09-13T17:00:00+00:00,2025-09-13T20:05:00+00:00,-0.044581712156668396,0.0,162,162,0.48693758567369794,0.5306841046277666,0.4885496183206107,0,0.2371082123417299,0.2816256189045743,0.23868072956121442
776337,2025-09-13,2025,Minnesota Twins,Arizona Diamondbacks,2025-09-13T17:00:00+00:00,2025-09-13T23:10:00+00:00,-0.03915655018452313,0.0,162,162,0.49253532098899294,0.5306841046277666,0.5541561712846348,0,0.24259104242173032,0.2816256189045743,0.3070890621728455
776338,2025-09-13,2025,Chicago Cubs,Tampa Bay Rays,2025-09-13T17:00:00+00:00,2025-09-13T18:20:00+00:00,0.014775355225946196,0.0,162,162,0.5480574634838382,0.5306841046277666,0.4885496183206107,0,0.3003669832803387,0.2816256189045743,0.23868072956121442
776339,2025-09-13,2025,Milwaukee Brewers,St. Louis Cardinals,2025-09-13T17:00:00+00:00,2025-09-14T00:15:00+00:00,0.10690019606882689,0.0,162,162,0.6395036778395807,0.5306841046277666,0.5945945945945945,1,0.1299575982911888,0.2202574096490411,0.16435354273192118
776341,2025-09-13,2025,San Diego Padres,Colorado Rockies,2025-09-13T17:00:00+00:00,2025-09-14T00:40:00+00:00,0.1792338096595994,0.0,162,162,0.7051362613772386,0.5306841046277666,0.7566037735849056,1,0.08694462435459215,0.2202574096490411,0.059241723033107895
776342,2025-09-13,2025,Philadelphia Phillies,Kansas City Royals,2025-09-13T17:00:00+00:00,2025-09-13T22:05:00+00:00,0.06585437382308124,0.0,162,162,0.5995838632106761,0.5306841046277666,0.568922305764411,1,0.1603330826012865,0.2202574096490411,0.18582797846747193
776343,2025-09-13,2025,Toronto Blue Jays,Baltimore Orioles,2025-09-13T17:00:00+00:00,2025-09-13T19:07:00+00:00,0.07994857625986618,0.0,162,162,0.6134711622979286,0.5306841046277666,0.6168674698795181,1,0.14940454237531423,0.2202574096490411,0.14679053563652195
776344,2025-09-13,2025,Boston Red Sox,New York Yankees,2025-09-13T17:00:00+00:00,2025-09-13T20:10:00+00:00,-0.011776987017439011,0.0,162,162,0.5207854866883104,0.5306841046277666,0.42144638403990026,0,0.27121752314518033,0.2816256189045743,0.1776170546203071
776346,2025-09-13,2025,Atlanta Braves,Houston Astros,2025-09-13T17:00:00+00:00,2025-09-13T23:15:00+00:00,-0.035760947721658554,0.0,162,162,0.49603997864178,0.5306841046277666,0.4422110552763819,0,0.24605566041093757,0.2816256189045743,0.19555061740865126
776347,2025-09-13,2025,Miami Marlins,Detroit Tigers,2025-09-13T17:00:00+00:00,2025-09-13T20:10:00+00:00,-0.08132798684824305,0.0,162,162,0.44917916980636924,0.5306841046277666,0.4582278481012658,1,0.3034035869752007,0.2202574096490411,0.2935170645729851
776348,2025-09-13,2025,Cleveland Guardians,Chicago White Sox,2025-09-13T17:00:00+00:00,2025-09-13T22:10:00+00:00,0.01404858533391723,0.0,162,162,0.5473140750953798,0.5306841046277666,0.6116504854368933,1,0.20492454660675147,0.2202574096490411,0.15081534546140066
776349,2025-09-13,2025,New York Mets,Texas Rangers,2025-09-13T17:00:00+00:00,2025-09-13T20:10:00+00:00,-0.020716511418973016,0.0,162,162,0.5115675343911412,0.5306841046277666,0.5866336633663367,0,0.26170134224303143,0.2816256189045743,0.34413905499460845
776317,2025-09-14,2025,Seattle Mariners,Los Angeles Angels,2025-09-14T17:00:00+00:00,2025-09-14T20:10:00+00:00,0.08767425037442361,0.0,162,162,0.6210073863545476,0.5306841046277666,0.6605504587155964,1,0.14363540119781118,0.2202574096490411,0.11522599107819205
776321,2025-09-14,2025,Chicago Cubs,Tampa Bay Rays,2025-09-14T17:00:00+00:00,2025-09-14T18:20:00+00:00,0.016104302045078178,0.0,162,162,0.5494162415852231,0.5306841046277666,0.6048780487804878,1,0.20302572334718608,0.2202574096490411,0.15612135633551458
776322,2025-09-14,2025,Toronto Blue Jays,Baltimore Orioles,2025-09-14T17:00:00+00:00,2025-09-14T17:37:00+00:00,0.07436988438720876,0.0,162,162,0.6079950414615305,0.5306841046277666,0.6480186480186481,1,0.1536678875187472,0.2202574096490411,0.12389087214262037
776323,2025-09-14,2025,San Diego Padres,Colorado Rockies,2025-09-14T17:00:00+00:00,2025-09-14T20:10:00+00:00,0.1931487718697426,0.0,162,162,0.7169399266480512,0.5306841046277666,0.746615087040619,1,0.08012300512601064,0.2202574096490411,0.06420391411543311
776324,2025-09-14,2025,Minnesota Twins,Arizona Diamondbacks,2025-09-14T17:00:00+00:00,2025-09-14T18:10:00+00:00,-0.04293007913394897,0.0,162,162,0.4886414746101439,0.5306841046277666,0.5216284987277354,0,0.23877049070917591,0.2816256189045743,0.27209629068495106
776325,2025-09-14,2025,San Francisco Giants,Los Angeles Dodgers,2025-09-14T17:00:00+00:00,2025-09-14T20:05:00+00:00,-0.03964754798094594,0.0,162,162,0.4920286065930751,0.5306841046277666,0.4531645569620253,0,0.24209214970592308,0.2816256189045743,0.20535811568658865
776326,2025-09-14,2025,Milwaukee Brewers,St. Louis Cardinals,2025-09-14T17:00:00+00:00,2025-09-14T18:10:00+00:00,0.10765060566727713,0.0,162,162,0.6402176831756615,0.5306841046277666,0.6391509433962265,0,0.4098786818508117,0.2816256189045743,0.4085139284442863
776329,2025-09-14,2025,Atlanta Braves,Houston Astros,2025-09-14T17:00:00+00:00,2025-09-14T17:35:00+00:00,-0.036262810032340664,0.0,162,162,0.49552196541434174,0.5306841046277666,0.44332493702770776,1,0.25449808737940866,0.2202574096490411,0.3098871257352056
776330,2025-09-14,2025,Boston Red Sox,New York Yankees,2025-09-14T17:00:00+00:00,2025-09-14T23:10:00+00:00,-0.014356798215276023,0.0,162,162,0.5181265007550261,0.5306841046277666,0.5760598503740648,1,0.23220206927459588,0.2202574096490411,0.17972525046486032
776331,2025-09-14,2025,Cleveland Guardians,Chicago White Sox,2025-09-14T17:00:00+00:00,2025-09-14T17:40:00+00:00,0.017831111204772987,0.0,162,162,0.5511807094790175,0.5306841046277666,0.5876543209876544,1,0.20143875554375806,0.2202574096490411,0.17002895900015239
776332,2025-09-14,2025,Miami Marlins,Detroit Tigers,2025-09-14T17:00:00+00:00,2025-09-14T17:40:00+00:00,-0.08049094072955065,0.0,162,162,0.45003443820994976,0.5306841046277666,0.46329113924050636,0,0.20253099557494508,0.2816256189045743,0.21463867969876624
776334,2025-09-14,2025,Philadelphia Phillies,Kansas City Royals,2025-09-14T17:00:00+00:00,2025-09-14T17:35:00+00:00,0.06655682926093609,0.0,162,162,0.6002800115316429,0.5306841046277666,0.5771144278606966,0,0.3603360922444293,0.2816256189045743,0.3330610628449791
776335,2025-09-14,2025,New York Mets,Texas Rangers,2025-09-14T17:00:00+00:00,2025-09-14T17:40:00+00:00,-0.02036980124959864,0.0,162,162,0.5119252303500692,0.5306841046277666,0.6058394160583942,1,0.23821698076883302,0.2202574096490411,0.15536256593318767
776309,2025-09-15,2025,Arizona Diamondbacks,San Francisco Giants,2025-09-15T17:00:00+00:00,2025-09-16T01:40:00+00:00,-0.0040367839793834515,0.0,162,162,0.5287555737801163,0.5306841046277666,0.5417721518987342,1,0.22207130924330742,0.2202574096490411,0.20997276077551674
776311,2025-09-15,2025,Los Angeles Dodgers,Philadelphia Phillies,2025-09-15T17:00:00+00:00,2025-09-16T02:10:00+00:00,0.0020027796128336828,0.0,162,162,0.5349645523007324,0.5306841046277666,0.5178571428571429,0,0.286187072218323,0.2816256189045743,0.2681760204081633
776312,2025-09-15,2025,St. Louis Cardinals,Cincinnati Reds,2025-09-15T17:00:00+00:00,2025-09-15T23:45:00+00:00,-0.023721611200640813,0.0,162,162,0.5084667584692074,0.5306841046277666,0.5089058524173028,0,0.2585384444681833,0.2816256189045743,0.2589851666245816
776313,2025-09-15,2025,Minnesota Twins,New York Yankees,2025-09-15T17:00:00+00:00,2025-09-15T23:40:00+00:00,-0.08249684682309211,0.0,162,162,0.4479853677539137,0.5306841046277666,0.36492890995260663,1,0.304720154213782,0.2202574096490411,0.4033152894139844
776314,2025-09-15,2025,Chicago White Sox,Baltimore Orioles,2025-09-15T17:00:00+00:00,2025-09-15T23:40:00+00:00,-0.004391028962066834,0.0,162,162,0.5283910966326528,0.5306841046277666,0.43969849246231163,0,0.27919715100065745,0.2816256189045743,0.19333476427362953
776315,2025-09-15,2025,Washington Nationals,Atlanta Braves,2025-09-15T17:00:00+00:00,2025-09-15T22:45:00+00:00,-0.07194675904703002,0.0,162,162,0.45878065108586735,0.5306841046277666,0.40196078431372556,0,0.21047968581077237,0.2816256189045743,0.1615724721261054
776316,2025-09-15,2025,Tampa Bay Rays,Toronto Blue Jays,2025-09-15T17:00:00+00:00,2025-09-15T23:35:00+00:00,-0.015221923049180575,0.0,162,162,0.5172345877256557,0.5306841046277666,0.46954314720812185,0,0.26753161873972897,0.2816256189045743,0.220470767090108
776318,2025-09-15,2025,Pittsburgh Pirates,Chicago Cubs,2025-09-15T17:00:00+00:00,2025-09-15T22:40:00+00:00,-0.08483780348953118,0.0,162,162,0.4455962731840869,0.5306841046277666,0.4783715012722647,0,0.1985560386755474,0.2816256189045743,0.22883929322948032
776319,2025-09-15,2025,Houston Astros,Texas Rangers,2025-09-15T17:00:00+00:00,2025-09-16T00:10:00+00:00,-0.026561828529686138,0.0,162,162,0.5055355115750538,0.5306841046277666,0.5406091370558376,1,0.24449513031334372,0.2202574096490411,0.21103996495658223
776293,2025-09-16,2025,Colorado Rockies,Miami Marlins,2025-09-16T17:00:00+00:00,2025-09-17T00:40:00+00:00,-0.11743737635290474,0.0,162,162,0.4126347094606987,0.5306841046277666,0.43609022556390975,0,0.17026740345171523,0.2816256189045743,0.19017468483238167
776294,2025-09-16,2025,Arizona Diamondbacks,San Francisco Giants,2025-09-16T17:00:00+00:00,2025-09-17T01:40:00+00:00,0.004948776454418824,0.0,162,162,0.5379893792832605,0.5306841046277666,0.5468354430379747,1,0.2134538136550669,0.2202574096490411,0.20535811568658865
776295,2025-09-16,2025,Milwaukee Brewers,Los Angeles Angels,2025-09-16T17:00:00+00:00,2025-09-16T23:40:00+00:00,0.1442546413619934,0.0,162,162,0.6742449936873914,0.5306841046277666,0.7029914529914529,1,0.10611632413772765,0.2202574096490411,0.08821407699612831
776297,2025-09-16,2025,Los Angeles Dodgers,Philadelphia Phillies,2025-09-16T17:00:00+00:00,2025-09-17T02:10:00+00:00,0.0027993441629700078,0.0,162,162,0.5357826947530387,0.5306841046277666,0.5555555555555556,0,0.2870630959968279,0.2816256189045743,0.308641975308642
776298,2025-09-16,2025,Minnesota Twins,New York Yankees,2025-09-16T17:00:00+00:00,2025-09-16T23:40:00+00:00,-0.08536610318309945,0.0,162,162,0.44505745336450336,0.5306841046277666,0.41687344913151364,0,0.1980761367952971,0.2816256189045743,0.17378347259080468
776300,2025-09-16,2025,St. Louis Cardinals,Cincinnati Reds,2025-09-16T17:00:00+00:00,2025-09-16T23:45:00+00:00,-0.029433056820575787,0.0,162,162,0.5025718737065288,0.5306841046277666,0.47582697201017815,1,0.24743474082783354,0.2202574096490411,0.2747573632720185
776301,2025-09-16,2025,Houston Astros,Texas Rangers,2025-09-16T17:00:00+00:00,2025-09-17T00:10:00+00:00,-0.024112157510161936,0.0,162,162,0.5080637250543073,0.5306841046277666,0.4783715012722647,1,0.24200129860744415,0.2202574096490411,0.27209629068495095
776302,2025-09-16,2025,Kansas City Royals,Seattle Mariners,2025-09-16T17:00:00+00:00,2025-09-16T23:40:00+00:00,-0.02443422997566369,0.0,162,162,0.5077313469179099,0.5306841046277666,0.43969849246231163,0,0.25779112064307497,0.2816256189045743,0.19333476427362953
776303,2025-09-16,2025,Detroit Tigers,Cleveland Guardians,2025-09-16T17:00:00+00:00,2025-09-16T22:40:00+00:00,0.06563553899656893,0.0,162,162,0.5993669109309424,0.5306841046277666,0.5591939546599496,0,0.35924069391890023,0.2816256189045743,0.31269787892823375
776304,2025-09-16,2025,New York Mets,San Diego Padres,2025-09-16T17:00:00+00:00,2025-09-16T23:10:00+00:00,-0.0019297996253220262,0.0,162,162,0.530922770554021,0.5306841046277666,0.5329949238578681,1,0.2200334471847156,0.2202574096490411,0.21809374114251845
776305,2025-09-16,2025,Tampa Bay Rays,Toronto Blue Jays,2025-09-16T17:00:00+00:00,2025-09-16T23:35:00+00:00,-0.012064229416165029,0.0,162,162,0.5204894842717268,0.5306841046277666,0.5025510204081632,0,0.27090930323744816,0.2816256189045743,0.2525575281132861
776306,2025-09-16,2025,Chicago White Sox,Baltimore Orioles,2025-09-16T17:00:00+00:00,2025-09-16T23:40:00+00:00,-0.0076000335368676675,0.0,162,162,0.5250880698675938,0.5306841046277666,0.5076530612244898,0,0.27571748111727507,0.2816256189045743,0.2577116305705956
776307,2025-09-16,2025,Washington Nationals,Atlanta Braves,2025-09-16T17:00:00+00:00,2025-09-16T22:45:00+00:00,-0.07769395500936638,0.0,162,162,0.45289442853213474,0.5306841046277666,0.41687344913151364,0,0.2051133633954489,0.2816256189045743,0.17378347259080468
776308,2025-09-16,2025,Pittsburgh Pirates,Chicago Cubs,2025-09-16T17:00:00+00:00,2025-09-16T22:40:00+00:00,-0.08631820023367326,0.0,162,162,0.4440867239509245,0.5306841046277666,0.5516372795969774,0,0.19721301838946464,0.2816256189045743,0.30430368824115384
777825,2025-09-16,2025,Washington Nationals,Atlanta Braves,2025-09-16T17:00:00+00:00,2025-09-16T17:05:00+00:00,-0.07769395500936638,0.0,162,162,0.45289442853213474,0.5306841046277666,0.3642857142857143,0,0.2051133633954489,0.2816256189045743,0.1327040816326531
776277,2025-09-17,2025,Colorado Rockies,Miami Marlins,2025-09-17T17:00:00+00:00,2025-09-18T00:40:00+00:00,-0.11278647143082599,0.0,162,162,0.4172967344019018,0.5306841046277666,0.41234567901234565,0,0.17413656454249138,0.2816256189045743,0.17002895900015239
776279,2025-09-17,2025,Arizona Diamondbacks,San Francisco Giants,2025-09-17T17:00:00+00:00,2025-09-17T19:40:00+00:00,0.003521174250970427,0.0,162,162,0.5365239120994818,0.5306841046277666,0.5051020408163266,0,0.2878579082545325,0.2816256189045743,0.25512807163681805
776280,2025-09-17,2025,Los Angeles Dodgers,Philadelphia Phillies,2025-09-17T17:00:00+00:00,2025-09-18T02:10:00+00:00,-0.0011702873878292053,0.0,162,162,0.5317037061710373,0.5306841046277666,0.57356608478803,1,0.21930141881394213,0.2202574096490411,0.18184588404300966
776283,2025-09-17,2025,St. Louis Cardinals,Cincinnati Reds,2025-09-17T17:00:00+00:00,2025-09-17T17:15:00+00:00,-0.02557917074030791,0.0,162,162,0.506549717042209,0.5306841046277666,0.4821428571428572,0,0.256592615835542,0.2816256189045743,0.23246173469387763
776284,2025-09-17,2025,Minnesota Twins,New York Yankees,2025-09-17T17:00:00+00:00,2025-09-17T23:40:00+00:00,-0.0907214796858482,0.0,162,162,0.439602935778254,0.5306841046277666,0.4193548387096774,0,0.1932507411448597,0.2816256189045743,0.17585848074921953
776285,2025-09-17,2025,Chicago White Sox,Baltimore Orioles,2025-09-17T17:00:00+00:00,2025-09-17T18:10:00+00:00,-0.0070606178263018515,0.0,162,162,0.525643451607529,0.5306841046277666,0.47328244274809167,0,0.2763010382178767,0.2816256189045743,0.22399627061360067
776286,2025-09-17,2025,Washington Nationals,Atlanta Braves,2025-09-17T17:00:00+00:00,2025-09-17T20:05:00+00:00,-0.08296221565478612,0.0,162,162,0.4475102345352513,0.5306841046277666,0.42750000000000005,0,0.2002654100137956,0.2816256189045743,0.18275625000000004
776288,2025-09-17,2025,New York Mets,San Diego Padres,2025-09-17T17:00:00+00:00,2025-09-17T23:10:00+00:00,-0.006171439985697358,0.0,162,162,0.5265588088811649,0.5306841046277666,0.5292620865139949,0,0.2772641792103511,0.2816256189045743,0.2801183562211474
776289,2025-09-17,2025,Kansas City Royals,Seattle Mariners,2025-09-17T17:00:00+00:00,2025-09-17T23:40:00+00:00,-0.03165479786418579,0.0,162,162,0.50027849182053,0.5306841046277666,0.5355329949238579,1,0.24972158573716413,0.2202574096490411,0.21572959880440104
776290,2025-09-17,2025,Tampa Bay Rays,Toronto Blue Jays,2025-09-17T17:00:00+00:00,2025-09-17T23:05:00+00:00,-0.012906875801517503,0.0,162,162,0.5196210575024648,0.5306841046277666,0.4531645569620253,1,0.23076392839505025,0.2202574096490411,0.2990290017625381
776291,2025-09-17,2025,Milwaukee Brewers,Los Angeles Angels,2025-09-17T17:00:00+00:00,2025-09-17T23:40:00+00:00,0.14319525772694547,0.0,162,162,0.6732835147905897,0.5306841046277666,0.6778523489932886,1,0.10674366170759084,0.2202574096490411,0.10377910904914192
776292,2025-09-17,2025,Houston Astros,Texas Rangers,2025-09-17T17:00:00+00:00,2025-09-18T00:10:00+00:00,-0.021117584065540984,0.0,162,162,0.5111537386813609,0.5306841046277666,0.44584382871536526,1,0.23897066720521115,0.2202574096490411,0.3070890621728455
776296,2025-09-17,2025,Detroit Tigers,Cleveland Guardians,2025-09-17T17:00:00+00:00,2025-09-17T22:40:00+00:00,0.061797476001440144,0.0,162,162,0.5955556013805353,0.5306841046277666,0.5664160401002506,0,0.3546864743357311,0.2816256189045743,0.32082713048284867
776269,2025-09-18,2025,Tampa Bay Rays,Toronto Blue Jays,2025-09-18T17:00:00+00:00,2025-09-18T17:10:00+00:00,-0.00945264458991113,0.0,162,162,0.5231801596311787,0.5306841046277666,0.46700507614213205,1,0.22735716016934823,0.2202574096490411,0.28408358885825447
776270,2025-09-18,2025,Colorado Rockies,Miami Marlins,2025-09-18T17:00:00+00:00,2025-09-18T19:10:00+00:00,-0.11706945170460059,0.0,162,162,0.41300295517492985,0.5306841046277666,0.3883495145631068,0,0.17057144098322513,0.2816256189045743,0.15081534546140068
776271,2025-09-18,2025,Los Angeles Dodgers,San Francisco Giants,2025-09-18T17:00:00+00:00,2025-09-19T02:10:00+00:00,0.0441282817201889,0.0,162,162,0.577867165772036,0.5306841046277666,0.6125907990314771,1,0.17819612973333374,0.2202574096490411,0.1500858889950694
776272,2025-09-18,2025,Kansas City Royals,Seattle Mariners,2025-09-18T17:00:00+00:00,2025-09-18T18:10:00+00:00,-0.03318208236279474,0.0,162,162,0.49870194685375613,0.5306841046277666,0.4821428571428572,0,0.2487036317957266,0.2816256189045743,0.23246173469387763
776274,2025-09-18,2025,Milwaukee Brewers,Los Angeles Angels,2025-09-18T17:00:00+00:00,2025-09-18T23:40:00+00:00,0.14541634156785377,0.0,162,162,0.6752976496471949,0.5306841046277666,0.6543778801843317,1,0.10543161632463582,0.2202574096490411,0.11945464970587615
776275,2025-09-18,2025,Detroit Tigers,Cleveland Guardians,2025-09-18T17:00:00+00:00,2025-09-18T17:10:00+00:00,0.0570269029299898,0.0,162,162,0.5908022156469513,0.5306841046277666,0.669683257918552,0,0.3490472580133468,0.2816256189045743,0.4484756659364058
776276,2025-09-18,2025,New York Mets,San Diego Padres,2025-09-18T17:00:00+00:00,2025-09-18T17:10:00+00:00,-0.008041135837431379,0.0,162,162,0.524633865297799,0.5306841046277666,0.5664160401002506,1,0.22597296202171113,0.2202574096490411,0.1879950502823475
776278,2025-09-18,2025,Baltimore Orioles,New York Yankees,2025-09-18T17:00:00+00:00,2025-09-18T23:15:00+00:00,-0.09208204970522954,0.0,162,162,0.4382194455990923,0.5306841046277666,0.3480278422273782,0,0.19203628250117583,0.2816256189045743,0.12112337896544485
776282,2025-09-18,2025,Cincinnati Reds,Chicago Cubs,2025-09-18T17:00:00+00:00,2025-09-18T23:15:00+00:00,-0.04083821117823849,0.0,162,162,0.49079990091303294,0.5306841046277666,0.5664160401002506,1,0.25928474091017706,0.2202574096490411,0.1879950502823475
776251,2025-09-19,2025,Texas Rangers,Miami Marlins,2025-09-19T17:00:00+00:00,2025-09-20T00:05:00+00:00,0.08208622357366707,1.0,162,162,0.5473755884743304,0.5306841046277666,0.5841584158415841,0,0.29962003485761957,0.2816256189045743,0.3412410547985491
776253,2025-09-19,2025,Colorado Rockies,Los Angeles Angels,2025-09-19T17:00:00+00:00,2025-09-20T00:10:00+00:00,-0.09446201684179961,0.0,162,162,0.4358017064108532,0.5306841046277666,0.4707379134860051,1,0.318319714488905,0.2202574096490411,0.2801183562211475
776255,2025-09-19,2025,Arizona Diamondbacks,Philadelphia Phillies,2025-09-19T17:00:00+00:00,2025-09-20T01:40:00+00:00,-0.041047486409168665,0.0,162,162,0.49058395026221274,0.5306841046277666,0.5367088607594936,0,0.24067261225487724,0.2816256189045743,0.28805640121775355
776256,2025-09-19,2025,Los Angeles Dodgers,San Francisco Giants,2025-09-19T17:00:00+00:00,2025-09-20T02:10:00+00:00,0.04618196628580218,0.0,162,162,0.5799343007986724,0.5306841046277666,0.6225961538461539,1,0.17645519164550028,0.2202574096490411,0.14243366309171596
776259,2025-09-19,2025,New York Mets,Washington Nationals,2025-09-19T17:00:00+00:00,2025-09-19T23:10:00+00:00,0.12118978990720414,-1.0,162,162,0.7135918582675788,0.5306841046277666,0.6574712643678161,1,0.0820296236506187,0.2202574096490411,0.11732593473378253
776260,2025-09-19,2025,Kansas City Royals,Toronto Blue Jays,2025-09-19T17:00:00+00:00,2025-09-19T23:40:00+00:00,-0.03867480895912245,0.0,162,162,0.493032497427845,0.5306841046277666,0.4582278481012658,1,0.25701604866424793,0.2202574096490411,0.2935170645729851
776261,2025-09-19,2025,Tampa Bay Rays,Boston Red Sox,2025-09-19T17:00:00+00:00,2025-09-19T23:35:00+00:00,-0.013965304510950571,0.0,162,162,0.518530079264943,0.5306841046277666,0.44584382871536526,0,0.26887344310250805,0.2816256189045743,0.19877671960357596
776262,2025-09-19,2025,Houston Astros,Seattle Mariners,2025-09-19T17:00:00+00:00,2025-09-20T00:10:00+00:00,-0.014476298886313521,1.0,162,162,0.44802931569837995,0.5306841046277666,0.4885496183206107,0,0.20073026772515862,0.2816256189045743,0.23868072956121442
776263,2025-09-19,2025,Minnesota Twins,Cleveland Guardians,2025-09-19T17:00:00+00:00,2025-09-20T00:10:00+00:00,-0.013845517158603493,1.0,162,162,0.4486734958120516,0.5306841046277666,0.5025510204081632,0,0.2013079058442071,0.2816256189045743,0.2525575281132861
776264,2025-09-19,2025,Chicago White Sox,San Diego Padres,2025-09-19T17:00:00+00:00,2025-09-19T23:40:00+00:00,-0.0821525233610938,1.0,162,162,0.3803476469622704,0.5306841046277666,0.3640661938534279,1,0.38396903862519505,0.2202574096490411,0.40441180580006586
776265,2025-09-19,2025,St. Louis Cardinals,Milwaukee Brewers,2025-09-19T17:00:00+00:00,2025-09-20T00:15:00+00:00,-0.0996012945310199,1.0,162,162,0.36351986362053484,0.5306841046277666,0.47582697201017815,1,0.4051069640056226,0.2202574096490411,0.2747573632720185
776267,2025-09-19,2025,Cincinnati Reds,Chicago Cubs,2025-09-19T17:00:00+00:00,2025-09-19T22:40:00+00:00,-0.03836456891684514,0.0,162,162,0.49335268506270624,0.5306841046277666,0.49234693877551017,1,0.25669150173316935,0.2202574096490411,0.2577116305705956
776268,2025-09-19,2025,Detroit Tigers,Atlanta Braves,2025-09-19T17:00:00+00:00,2025-09-19T22:40:00+00:00,0.039829108324999696,-1.0,162,162,0.6403660474621479,0.5306841046277666,0.5216284987277354,0,0.4100686747422938,0.2816256189045743,0.27209629068495106
776273,2025-09-19,2025,Baltimore Orioles,New York Yankees,2025-09-19T17:00:00+00:00,2025-09-19T23:05:00+00:00,-0.09693686616470548,0.0,162,162,0.43329081409313186,0.5306841046277666,0.46954314720812185,1,0.3211593013912252,0.2202574096490411,0.2813844726738643
776233,2025-09-20,2025,Los Angeles Dodgers,San Francisco Giants,2025-09-20T17:00:00+00:00,2025-09-21T01:10:00+00:00,0.05192985669355488,0.0,162,162,0.5857047318195306,0.5306841046277666,0.6778523489932886,1,0.17164056923672702,0.2202574096490411,0.10377910904914192
776241,2025-09-20,2025,Colorado Rockies,Los Angeles Angels,2025-09-20T17:00:00+00:00,2025-09-21T00:10:00+00:00,-0.09485969653980869,0.0,162,162,0.4353980094688222,0.5306841046277666,0.46446700507614214,0,0.18957142664941257,0.2816256189045743,0.21572959880440104
776242,2025-09-20,2025,Texas Rangers,Miami Marlins,2025-09-20T17:00:00+00:00,2025-09-20T23:05:00+00:00,0.07887429118921474,0.0,162,162,0.6124188109770272,0.5306841046277666,0.5876543209876544,0,0.37505680003851577,0.2816256189045743,0.3453376009754611
776243,2025-09-20,2025,Minnesota Twins,Cleveland Guardians,2025-09-20T17:00:00+00:00,2025-09-20T23:10:00+00:00,-0.02205388940781311,0.0,162,162,0.5101876727903659,0.5306841046277666,0.5216284987277354,0,0.26029146146724946,0.2816256189045743,0.27209629068495106
776244,2025-09-20,2025,St. Louis Cardinals,Milwaukee Brewers,2025-09-20T17:00:00+00:00,2025-09-20T23:15:00+00:00,-0.09366669118831489,0.0,162,162,0.43660932086840315,0.5306841046277666,0.44332493702770776,0,0.1906276990691682,0.2816256189045743,0.19653699979062106
776245,2025-09-20,2025,Kansas City Royals,Toronto Blue Jays,2025-09-20T17:00:00+00:00,2025-09-20T23:10:00+00:00,-0.02681860454253926,0.0,162,162,0.5052704840656835,0.5306841046277666,0.4520202020202021,1,0.2447572939366031,0.2202574096490411,0.30028185899398013
776246,2025-09-20,2025,Arizona Diamondbacks,Philadelphia Phillies,2025-09-20T17:00:00+00:00,2025-09-21T00:10:00+00:00,-0.04561891907618609,0.0,162,162,0.48586771528662454,0.5306841046277666,0.5165394402035622,1,0.26433200618459535,0.2202574096490411,0.23373411287868498
776247,2025-09-20,2025,Tampa Bay Rays,Boston Red Sox,2025-09-20T17:00:00+00:00,2025-09-20T23:05:00+00:00,-0.01360430186465822,0.0,162,162,0.5189022040916459,0.5306841046277666,0.5063938618925831,0,0.2692594974111681,0.2816256189045743,0.2564347433624845
776248,2025-09-20,2025,Houston Astros,Seattle Mariners,2025-09-20T17:00:00+00:00,2025-09-20T23:10:00+00:00,-0.022676336057924962,0.0,162,162,0.5095453990600215,0.5306841046277666,0.5025510204081632,0,0.25963651370323654,0.2816256189045743,0.2525575281132861
776250,2025-09-20,2025,Chicago White Sox,San Diego Padres,2025-09-20T17:00:00+00:00,2025-09-20T23:10:00+00:00,-0.079527464971692,0.0,162,162,0.45101925403572535,0.5306841046277666,0.39608801955990225,0,0.20341836751094217,0.2816256189045743,0.1568857192388855
776252,2025-09-20,2025,New York Mets,Washington Nationals,2025-09-20T17:00:00+00:00,2025-09-20T20:10:00+00:00,0.12720501262511952,0.0,162,162,0.6585973236220184,0.5306841046277666,0.7094736842105264,0,0.43375043468208563,0.2816256189045743,0.5033529085872577
776254,2025-09-20,2025,Cincinnati Reds,Chicago Cubs,2025-09-20T17:00:00+00:00,2025-09-20T22:40:00+00:00,-0.03207277516239393,0.0,162,162,0.4998470324650613,0.5306841046277666,0.5051020408163266,1,0.2501529909340055,0.2202574096490411,0.24492399000416487
776257,2025-09-20,2025,Baltimore Orioles,New York Yankees,2025-09-20T17:00:00+00:00,2025-09-20T23:05:00+00:00,-0.09894182454303901,0.0,162,162,0.4312591586154238,0.5306841046277666,0.3591549295774648,0,0.18598446188968326,0.2816256189045743,0.1289922634397937
776258,2025-09-20,2025,Detroit Tigers,Atlanta Braves,2025-09-20T17:00:00+00:00,2025-09-20T17:10:00+00:00,0.03621778525248737,0.0,162,162,0.5698799507568159,0.5306841046277666,0.530456852791878,0,0.32476315827459085,0.2816256189045743,0.2813844726738642
777839,2025-09-20,2025,Minnesota Twins,Cleveland Guardians,2025-09-20T17:00:00+00:00,2025-09-20T18:10:00+00:00,-0.02205388940781311,0.0,162,162,0.5101876727903659,0.5306841046277666,0.526854219948849,0,0.26029146146724946,0.2816256189045743,0.27757536907791014
776225,2025-09-21,2025,Minnesota Twins,Cleveland Guardians,2025-09-21T17:00:00+00:00,2025-09-21T18:10:00+00:00,-0.03413532299428157,0.0,162,162,0.49771797184348165,0.5306841046277666,0.43969849246231163,1,0.2522872358090255,0.2202574096490411,0.31393777934900624
776226,2025-09-21,2025,Texas Rangers,Miami Marlins,2025-09-21T17:00:00+00:00,2025-09-21T18:35:00+00:00,0.08131704180676025,0.0,162,162,0.6148101531946054,0.5306841046277666,0.530456852791878,0,0.3779915244711742,0.2816256189045743,0.2813844726738642
776227,2025-09-21,2025,Los Angeles Dodgers,San Francisco Giants,2025-09-21T17:00:00+00:00,2025-09-21T20:10:00+00:00,0.056004176786729754,0.0,162,162,0.5897809284631048,0.5306841046277666,0.6558891454965358,0,0.347841543578802,0.2816256189045743,0.43019057118017584
776228,2025-09-21,2025,Houston Astros,Seattle Mariners,2025-09-21T17:00:00+00:00,2025-09-21T23:10:00+00:00,-0.021877003094949332,0.0,162,162,0.5103701874998517,0.5306841046277666,0.44332493702770776,0,0.2604777282886338,0.2816256189045743,0.19653699979062106
776229,2025-09-21,2025,Kansas City Royals,Toronto Blue Jays,2025-09-21T17:00:00+00:00,2025-09-21T18:10:00+00:00,-0.029535675678257156,0.0,162,162,0.5024659475092027,0.5306841046277666,0.46700507614213205,0,0.2524720284063208,0.2816256189045743,0.21809374114251856
776230,2025-09-21,2025,Arizona Diamondbacks,Philadelphia Phillies,2025-09-21T17:00:00+00:00,2025-09-21T20:10:00+00:00,-0.04053385381801888,0.0,162,162,0.4911139727102755,0.5306841046277666,0.4531645569620253,1,0.25896498877071816,0.2202574096490411,0.2990290017625381
776231,2025-09-21,2025,St. Louis Cardinals,Milwaukee Brewers,2025-09-21T17:00:00+00:00,2025-09-21T18:15:00+00:00,-0.0951664087851608,0.0,162,162,0.4350867148646211,0.5306841046277666,0.4483627204030227,1,0.31912701972244584,0.2202574096490411,0.30430368824115367
776232,2025-09-21,2025,Colorado Rockies,Los Angeles Angels,2025-09-21T17:00:00+00:00,2025-09-21T19:10:00+00:00,-0.09380383799287512,0.0,162,162,0.43647003085706937,0.5306841046277666,0.5025510204081632,1,0.31756602612223234,0.2202574096490411,0.24745548729695963
776235,2025-09-21,2025,Chicago White Sox,San Diego Padres,2025-09-21T17:00:00+00:00,2025-09-21T18:10:00+00:00,-0.08216179285441211,0.0,162,162,0.44832751069941157,0.5306841046277666,0.3864734299516908,0,0.200997556849931,0.2816256189045743,0.14936171205862447
776236,2025-09-21,2025,Tampa Bay Rays,Boston Red Sox,2025-09-21T17:00:00+00:00,2025-09-21T23:35:00+00:00,-0.022953213614520074,0.0,162,162,0.5092596917420648,0.5306841046277666,0.46446700507614214,1,0.2408260501490933,0.2202574096490411,0.2867955886521168
776237,2025-09-21,2025,New York Mets,Washington Nationals,2025-09-21T17:00:00+00:00,2025-09-21T17:40:00+00:00,0.12468428603324783,0.0,162,162,0.6562532383659941,0.5306841046277666,0.723360655737705,0,0.43066831286585433,0.2816256189045743,0.5232506382692826
776238,2025-09-21,2025,Detroit Tigers,Atlanta Braves,2025-09-21T17:00:00+00:00,2025-09-21T17:10:00+00:00,0.03229825377951834,0.0,162,162,0.5659086170206,0.5306841046277666,0.5204081632653061,0,0.32025256281816816,0.2816256189045743,0.27082465639316955
776239,2025-09-21,2025,Cincinnati Reds,Chicago Cubs,2025-09-21T17:00:00+00:00,2025-09-21T17:40:00+00:00,-0.029131480626588213,0.0,162,162,0.5028831681351515,0.5306841046277666,0.5355329949238579,1,0.247125144523344,0.2202574096490411,0.21572959880440104
776240,2025-09-21,2025,Baltimore Orioles,New York Yankees,2025-09-21T17:00:00+00:00,2025-09-21T17:35:00+00:00,-0.09956798625671415,0.0,162,162,0.43062512970995975,0.5306841046277666,0.4494949494949495,0,0.18543800233771965,0.2816256189045743,0.2020457096214672
776220,2025-09-22,2025,San Francisco Giants,St. Louis Cardinals,2025-09-22T17:00:00+00:00,2025-09-23T01:45:00+00:00,0.02594020582430484,0.0,162,162,0.5594487198700411,0.5306841046277666,0.57,0,0.3129828701642277,0.2816256189045743,0.32489999999999997
776221,2025-09-22,2025,Atlanta Braves,Washington Nationals,2025-09-22T17:00:00+00:00,2025-09-22T23:15:00+00:00,0.09509536112369593,0.0,162,162,0.6281919839672575,0.5306841046277666,0.6941431670281994,1,0.1382412007862041,0.2202574096490411,0.0935484022755399
776222,2025-09-22,2025,San Diego Padres,Milwaukee Brewers,2025-09-22T17:00:00+00:00,2025-09-23T01:40:00+00:00,-0.046112964551874525,0.0,162,162,0.48535815638206653,0.5306841046277666,0.5204081632653061,1,0.26485622720246543,0.2202574096490411,0.23000832986255726
776207,2025-09-23,2025,Los Angeles Angels,Kansas City Royals,2025-09-23T17:00:00+00:00,2025-09-24T01:38:00+00:00,-0.065283932462393,0.0,162,162,0.46561897203313063,0.5306841046277666,0.4044117647058823,0,0.2168010271171893,0.2816256189045743,0.16354887543252591
776209,2025-09-23,2025,Chicago Cubs,New York Mets,2025-09-23T17:00:00+00:00,2025-09-23T23:40:00+00:00,0.013317100845030017,0.0,162,162,0.5465656511272949,0.5306841046277666,0.5025510204081632,0,0.29873401099220387,0.2816256189045743,0.2525575281132861
776210,2025-09-23,2025,Texas Rangers,Minnesota Twins,2025-09-23T17:00:00+00:00,2025-09-24T00:05:00+00:00,0.07629171393210399,0.0,162,162,0.609884682836293,0.5306841046277666,0.5577889447236182,0,0.37195932635832574,0.2816256189045743,0.31112850685588755
776211,2025-09-23,2025,San Francisco Giants,St. Louis Cardinals,2025-09-23T17:00:00+00:00,2025-09-24T01:45:00+00:00,0.028599427974792924,0.0,162,162,0.5621531193316248,0.5306841046277666,0.64,0,0.316016129574276,0.2816256189045743,0.4096
776212,2025-09-23,2025,Seattle Mariners,Colorado Rockies,2025-09-23T17:00:00+00:00,2025-09-24T01:40:00+00:00,0.20049419024536003,0.0,162,162,0.7230541868835912,0.5306841046277666,0.7078891257995735,1,0.07669898340270881,0.2202574096490411,0.08532876282613738
776213,2025-09-23,2025,Arizona Diamondbacks,Los Angeles Dodgers,2025-09-23T17:00:00+00:00,2025-09-24T01:40:00+00:00,-0.04125780395318701,0.0,162,162,0.4903669275913444,0.5306841046277666,0.4088669950738916,1,0.2597258684926859,0.2202574096490411,0.3494382295129704
776214,2025-09-23,2025,San Diego Padres,Milwaukee Brewers,2025-09-23T17:00:00+00:00,2025-09-24T01:40:00+00:00,-0.04739729232394385,0.0,162,162,0.4840336447284848,0.5306841046277666,0.5051020408163266,1,0.26622127977217147,0.2202574096490411,0.24492399000416487
776215,2025-09-23,2025,Philadelphia Phillies,Miami Marlins,2025-09-23T17:00:00+00:00,2025-09-23T22:45:00+00:00,0.09481891618573052,0.0,162,162,0.6279253407704847,0.5306841046277666,0.6734234234234234,0,0.3942902335817293,0.2816256189045743,0.45349910721532344
776216,2025-09-23,2025,New York Yankees,Chicago White Sox,2025-09-23T17:00:00+00:00,2025-09-23T23:05:00+00:00,0.11116317063417397,0.0,162,162,0.6435515570555149,0.5306841046277666,0.6756152125279643,1,0.12705549247754783,0.2202574096490411,0.10522549034327777
776217,2025-09-23,2025,Toronto Blue Jays,Boston Red Sox,2025-09-23T17:00:00+00:00,2025-09-23T23:07:00+00:00,-0.013498635660961211,0.0,162,162,0.5190111218312963,0.5306841046277666,0.5945945945945945,0,0.26937254458458065,0.2816256189045743,0.3535427319211102
776218,2025-09-23,2025,Cleveland Guardians,Detroit Tigers,2025-09-23T17:00:00+00:00,2025-09-23T22:40:00+00:00,-0.03965606576675501,0.0,162,162,0.4920198162986196,0.5306841046277666,0.4133663366336633,1,0.2580438670332882,0.2202574096490411,0.34413905499460845
776219,2025-09-23,2025,Atlanta Braves,Washington Nationals,2025-09-23T17:00:00+00:00,2025-09-23T23:15:00+00:00,0.10065143148327382,0.0,162,162,0.6335343270759329,0.5306841046277666,0.6350710900473934,1,0.1342970894316893,0.2202574096490411,0.13317310931919768
776223,2025-09-23,2025,Baltimore Orioles,Tampa Bay Rays,2025-09-23T17:00:00+00:00,2025-09-23T22:35:00+00:00,-0.0724587457563256,0.0,162,162,0.45825578765778374,0.5306841046277666,0.47959183673469385,1,0.2934867916062883,0.2202574096490411,0.27082465639316955
776224,2025-09-23,2025,Cincinnati Reds,Pittsburgh Pirates,2025-09-23T17:00:00+00:00,2025-09-23T22:40:00+00:00,0.0577457093138839,0.0,162,162,0.5915195426687054,0.5306841046277666,0.608272506082725,0,0.3498953693589944,0.2816256189045743,0.3699954416561587
776192,2025-09-24,2025,Texas Rangers,Minnesota Twins,2025-09-24T17:00:00+00:00,2025-09-25T00:05:00+00:00,0.07441485231397632,0.0,162,162,0.6080392934687388,0.5306841046277666,0.635933806146572,1,0.1536331954644855,0.2202574096490411,0.1325441935069218
776193,2025-09-24,2025,Arizona Diamondbacks,Los Angeles Dodgers,2025-09-24T17:00:00+00:00,2025-09-25T01:40:00+00:00,-0.038462795170257635,0.0,162,162,0.49325130866262606,0.5306841046277666,0.42039800995024873,0,0.24329685349739322,0.2816256189045743,0.17673448677012943
776194,2025-09-24,2025,Seattle Mariners,Colorado Rockies,2025-09-24T17:00:00+00:00,2025-09-25T01:40:00+00:00,0.19917243209221924,0.0,162,162,0.721959996755405,0.5306841046277666,0.7239263803680981,1,0.07730624340425439,0.2202574096490411,0.07621664345666006
776196,2025-09-24,2025,San Francisco Giants,St. Louis Cardinals,2025-09-24T17:00:00+00:00,2025-09-25T01:45:00+00:00,0.025737034507794465,0.0,162,162,0.559241949644346,0.5306841046277666,0.5,1,0.19426765895331718,0.2202574096490411,0.25
776197,2025-09-24,2025,Los Angeles Angels,Kansas City Royals,2025-09-24T17:00:00+00:00,2025-09-25T01:38:00+00:00,-0.06867070521019036,0.0,162,162,0.4621412157026409,0.5306841046277666,0.5153061224489797,1,0.28929207184583305,0.2202574096490411,0.2349281549354435
776198,2025-09-24,2025,San Diego Padres,Milwaukee Brewers,2025-09-24T17:00:00+00:00,2025-09-24T20:10:00+00:00,-0.04427581312906681,0.0,162,162,0.48725314129692704,0.5306841046277666,0.5355329949238579,0,0.23741562370372316,0.2816256189045743,0.2867955886521168
776199,2025-09-24,2025,New York Yankees,Chicago White Sox,2025-09-24T17:00:00+00:00,2025-09-24T23:05:00+00:00,0.11191864411777452,0.0,162,162,0.6442667969540604,0.5306841046277666,0.7634011090573012,1,0.12654611174932368,0.2202574096490411,0.05597903519531509
776201,2025-09-24,2025,Philadelphia Phillies,Miami Marlins,2025-09-24T17:00:00+00:00,2025-09-24T22:45:00+00:00,0.09221412730073059,0.0,162,162,0.6254091034218877,0.5306841046277666,0.6350710900473934,1,0.140318339799194,0.2202574096490411,0.13317310931919768
776202,2025-09-24,2025,Cincinnati Reds,Pittsburgh Pirates,2025-09-24T17:00:00+00:00,2025-09-24T22:40:00+00:00,0.057791302062671024,0.0,162,162,0.5915650284747591,0.5306841046277666,0.5241730279898218,0,0.34994918291434257,0.2816256189045743,0.2747573632720185
776203,2025-09-24,2025,Baltimore Orioles,Tampa Bay Rays,2025-09-24T17:00:00+00:00,2025-09-24T22:35:00+00:00,-0.0614771523991679,0.0,162,162,0.469531996113881,0.5306841046277666,0.530456852791878,0,0.2204602953746856,0.2816256189045743,0.2813844726738642
776204,2025-09-24,2025,Cleveland Guardians,Detroit Tigers,2025-09-24T17:00:00+00:00,2025-09-24T22:40:00+00:00,-0.03639034737484781,0.0,162,162,0.4953903251570948,0.5306841046277666,0.57,1,0.25463092394506254,0.2202574096490411,0.18490000000000004
776205,2025-09-24,2025,Chicago Cubs,New York Mets,2025-09-24T17:00:00+00:00,2025-09-25T00:05:00+00:00,0.009787649348096839,0.0,162,162,0.5429515665199716,0.5306841046277666,0.5267175572519084,1,0.208893270546548,0.2202574096490411,0.2239962706136006
776206,2025-09-24,2025,Toronto Blue Jays,Boston Red Sox,2025-09-24T17:00:00+00:00,2025-09-24T23:07:00+00:00,-0.01683571294017472,0.0,162,162,0.5155705384274456,0.5306841046277666,0.46446700507614214,0,0.26581298009436616,0.2816256189045743,0.21572959880440104
776178,2025-09-25,2025,Los Angeles Angels,Kansas City Royals,2025-09-25T17:00:00+00:00,2025-09-26T01:38:00+00:00,-0.06677917790257626,0.0,162,162,0.46408312539443586,0.5306841046277666,0.47715736040609136,0,0.21537314727586768,0.2816256189045743,0.22767914658970856
776183,2025-09-25,2025,Texas Rangers,Minnesota Twins,2025-09-25T17:00:00+00:00,2025-09-25T18:35:00+00:00,0.07654227665667912,0.0,162,162,0.6101308074254502,0.5306841046277666,0.57,0,0.37225960216963183,0.2816256189045743,0.32489999999999997
776184,2025-09-25,2025,New York Yankees,Chicago White Sox,2025-09-25T17:00:00+00:00,2025-09-25T23:05:00+00:00,0.12106832880726859,0.0,162,162,0.6528773595263571,0.5306841046277666,0.7287449392712552,1,0.12049412752939398,0.2202574096490411,0.07357930797095505
776185,2025-09-25,2025,Arizona Diamondbacks,Los Angeles Dodgers,2025-09-25T17:00:00+00:00,2025-09-25T19:40:00+00:00,-0.04081255547048146,0.0,162,162,0.4908263752193659,0.5306841046277666,0.39853300733496333,0,0.24091053061098175,0.2816256189045743,0.15882855793544995
776186,2025-09-25,2025,Toronto Blue Jays,Boston Red Sox,2025-09-25T17:00:00+00:00,2025-09-25T23:07:00+00:00,-0.01886919985912494,0.0,162,162,0.5134732340000167,0.5306841046277666,0.5614035087719298,1,0.23670829403440255,0.2202574096490411,0.19236688211757466
776187,2025-09-25,2025,Chicago Cubs,New York Mets,2025-09-25T17:00:00+00:00,2025-09-25T23:40:00+00:00,0.017570061065910525,0.0,162,162,0.5509140478110578,0.5306841046277666,0.4885496183206107,0,0.30350628807556446,0.2816256189045743,0.23868072956121442
776188,2025-09-25,2025,Philadelphia Phillies,Miami Marlins,2025-09-25T17:00:00+00:00,2025-09-25T22:05:00+00:00,0.101950169077896,0.0,162,162,0.6347784410459095,0.5306841046277666,0.5911330049261084,1,0.1333867871248562,0.2202574096490411,0.16717221966075368
776189,2025-09-25,2025,Cleveland Guardians,Detroit Tigers,2025-09-25T17:00:00+00:00,2025-09-25T22:40:00+00:00,-0.03396973500410283,0.0,162,162,0.4978888976660934,0.5306841046277666,0.5614035087719298,0,0.24789335441915764,0.2816256189045743,0.3151738996614343
776191,2025-09-25,2025,Baltimore Orioles,Tampa Bay Rays,2025-09-25T17:00:00+00:00,2025-09-25T17:05:00+00:00,-0.06777177963457903,0.0,162,162,0.46306394531642586,0.5306841046277666,0.48469387755102045,1,0.2883003268191622,0.2202574096490411,0.2655403998334027
776165,2025-09-26,2025,Washington Nationals,Chicago White Sox,2025-09-26T17:00:00+00:00,2025-09-26T22:45:00+00:00,-0.037788889060605846,1.0,162,162,0.4243614268350924,0.5306841046277666,0.5429292929292929,0,0.1800826205855155,0.2816256189045743,0.29477221712070195
776166,2025-09-26,2025,San Francisco Giants,Colorado Rockies,2025-09-26T17:00:00+00:00,2025-09-27T02:15:00+00:00,0.17753130125317446,1.0,162,162,0.6420257555872432,0.5306841046277666,0.6829268292682927,1,0.12814555966288416,0.2202574096490411,0.10053539559785839
776167,2025-09-26,2025,Chicago Cubs,St. Louis Cardinals,2025-09-26T17:00:00+00:00,2025-09-26T18:20:00+00:00,0.0682084535997537,-1.0,162,162,0.6668855225699466,0.5306841046277666,0.6192771084337348,1,0.11096525507349755,0.2202574096490411,0.1449499201625781
776168,2025-09-26,2025,Seattle Mariners,Los Angeles Dodgers,2025-09-26T17:00:00+00:00,2025-09-27T01:40:00+00:00,-0.019599999101808874,0.0,162,162,0.5127193801024469,0.5306841046277666,0.5392405063291139,0,0.2628811627326374,0.2816256189045743,0.29078032366607914
776169,2025-09-26,2025,Los Angeles Angels,Houston Astros,2025-09-26T17:00:00+00:00,2025-09-27T01:38:00+00:00,-0.07907646119962203,0.0,162,162,0.4514803794728009,0.5306841046277666,0.4422110552763819,1,0.30087377410330257,0.2202574096490411,0.31112850685588755
776170,2025-09-26,2025,San Diego Padres,Arizona Diamondbacks,2025-09-26T17:00:00+00:00,2025-09-27T01:40:00+00:00,0.022213899974020013,1.0,162,162,0.4857184800286331,0.5306841046277666,0.5577889447236182,1,0.2644854817840594,0.2202574096490411,0.19555061740865123
776171,2025-09-26,2025,Milwaukee Brewers,Cincinnati Reds,2025-09-26T17:00:00+00:00,2025-09-27T00:10:00+00:00,0.061219115636144794,1.0,162,162,0.5259545950557603,0.5306841046277666,0.6073170731707317,0,0.27662823606026876,0.2816256189045743,0.36883402736466386
776173,2025-09-26,2025,Miami Marlins,New York Mets,2025-09-26T17:00:00+00:00,2025-09-26T23:10:00+00:00,-0.07230841509386743,0.0,162,162,0.45840988965619783,0.5306841046277666,0.44584382871536526,1,0.29331984762221175,0.2202574096490411,0.3070890621728455
776174,2025-09-26,2025,New York Yankees,Baltimore Orioles,2025-09-26T17:00:00+00:00,2025-09-26T23:05:00+00:00,0.11322359049482489,0.0,162,162,0.6455007298158142,0.5306841046277666,0.5785536159600998,1,0.12566973256112038,0.2202574096490411,0.17761705462030705
776175,2025-09-26,2025,Cleveland Guardians,Texas Rangers,2025-09-26T17:00:00+00:00,2025-09-26T23:10:00+00:00,-0.042154553713641796,0.0,162,162,0.4894416303243404,0.5306841046277666,0.5945945945945945,0,0.2395531094945483,0.2816256189045743,0.3535427319211102
776176,2025-09-26,2025,Philadelphia Phillies,Minnesota Twins,2025-09-26T17:00:00+00:00,2025-09-26T22:45:00+00:00,0.09848264762564352,0.0,162,162,0.631452792272373,0.5306841046277666,0.5841584158415841,1,0.1358270443238306,0.2202574096490411,0.1729242231153809
776177,2025-09-26,2025,Toronto Blue Jays,Tampa Bay Rays,2025-09-26T17:00:00+00:00,2025-09-26T23:07:00+00:00,0.005721502615324892,0.0,162,162,0.538782328715623,0.5306841046277666,0.6285714285714284,1,0.21272174030498361,0.2202574096490411,0.1379591836734695
776180,2025-09-26,2025,Atlanta Braves,Pittsburgh Pirates,2025-09-26T17:00:00+00:00,2025-09-26T23:15:00+00:00,0.040764172237286456,1.0,162,162,0.504863062566215,0.5306841046277666,0.5945945945945945,0,0.25488671194373796,0.2816256189045743,0.3535427319211102
776181,2025-09-26,2025,Boston Red Sox,Detroit Tigers,2025-09-26T17:00:00+00:00,2025-09-26T23:10:00+00:00,0.02265905966099191,0.0,162,162,0.5561069785645397,0.5306841046277666,0.5216284987277354,1,0.197041014479102,0.2202574096490411,0.22883929322948024
776146,2025-09-27,2025,San Francisco Giants,Colorado Rockies,2025-09-27T17:00:00+00:00,2025-09-27T20:05:00+00:00,0.17800657425326938,0.0,162,162,0.7040815824705329,0.5306841046277666,0.6756152125279643,1,0.08756770983314403,0.2202574096490411,0.10522549034327777
776150,2025-09-27,2025,Seattle Mariners,Los Angeles Dodgers,2025-09-27T17:00:00+00:00,2025-09-28T01:40:00+00:00,-0.01824447555119546,0.0,162,162,0.5141176181348341,0.5306841046277666,0.5279187817258882,0,0.26431692527663514,0.2816256189045743,0.27869824009894606
776152,2025-09-27,2025,San Diego Padres,Arizona Diamondbacks,2025-09-27T17:00:00+00:00,2025-09-28T00:40:00+00:00,0.02460628254849917,0.0,162,162,0.5580907943491962,0.5306841046277666,0.5566750629722922,1,0.19528374603892443,0.2202574096490411,0.1965369997906211
776153,2025-09-27,2025,Milwaukee Brewers,Cincinnati Reds,2025-09-27T17:00:00+00:00,2025-09-27T23:15:00+00:00,0.0612261769177912,0.0,162,162,0.5949872857643569,0.5306841046277666,0.5541561712846348,0,0.3540098702212365,0.2816256189045743,0.3070890621728455
776155,2025-09-27,2025,Los Angeles Angels,Houston Astros,2025-09-27T17:00:00+00:00,2025-09-28T01:38:00+00:00,-0.07474849452774168,0.0,162,162,0.4559096002855688,0.5306841046277666,0.4335839598997493,0,0.20785356363254712,0.2816256189045743,0.1879950502823474
776156,2025-09-27,2025,Atlanta Braves,Pittsburgh Pirates,2025-09-27T17:00:00+00:00,2025-09-27T23:15:00+00:00,0.031201621893990172,0.0,162,162,0.5647959519668606,0.5306841046277666,0.6125907990314771,0,0.31899446735815234,0.2816256189045743,0.37526748705802354
776157,2025-09-27,2025,Boston Red Sox,Detroit Tigers,2025-09-27T17:00:00+00:00,2025-09-27T20:10:00+00:00,0.025398361822060678,0.0,162,162,0.5588972321721704,0.5306841046277666,0.5355329949238579,0,0.3123661161297129,0.2816256189045743,0.2867955886521168
776158,2025-09-27,2025,Cleveland Guardians,Texas Rangers,2025-09-27T17:00:00+00:00,2025-09-27T23:15:00+00:00,-0.04272184292298947,0.0,162,162,0.48885631875159863,0.5306841046277666,0.568922305764411,1,0.26126786288016735,0.2202574096490411,0.18582797846747193
776159,2025-09-27,2025,Toronto Blue Jays,Tampa Bay Rays,2025-09-27T17:00:00+00:00,2025-09-27T19:07:00+00:00,0.004063226829626232,0.0,162,162,0.5370804174823036,0.5306841046277666,0.6073170731707317,1,0.2142945398783583,0.2202574096490411,0.15419988102320048
776160,2025-09-27,2025,Washington Nationals,Chicago White Sox,2025-09-27T17:00:00+00:00,2025-09-27T20:05:00+00:00,-0.03853508316735105,0.0,162,162,0.4931767027208771,0.5306841046277666,0.5241730279898218,1,0.25686985466488216,0.2202574096490411,0.2264113072923749
776161,2025-09-27,2025,Miami Marlins,New York Mets,2025-09-27T17:00:00+00:00,2025-09-27T20:10:00+00:00,-0.0663480478446325,0.0,162,162,0.4645258935585047,0.5306841046277666,0.4520202020202021,0,0.21578430578632724,0.2816256189045743,0.2043222630343843
776162,2025-09-27,2025,New York Yankees,Baltimore Orioles,2025-09-27T17:00:00+00:00,2025-09-27T17:05:00+00:00,0.11394919240004397,0.0,162,162,0.6461860099083275,0.5306841046277666,0.6756152125279643,1,0.1251843395845901,0.2202574096490411,0.10522549034327777
776163,2025-09-27,2025,Philadelphia Phillies,Minnesota Twins,2025-09-27T17:00:00+00:00,2025-09-27T22:05:00+00:00,0.10293813479709812,0.0,162,162,0.6357236511531429,0.5306841046277666,0.6566820276497696,0,0.40414456063548293,0.2816256189045743,0.4312312854382127
776164,2025-09-27,2025,Chicago Cubs,St. Louis Cardinals,2025-09-27T17:00:00+00:00,2025-09-27T18:20:00+00:00,0.08223527352030419,0.0,162,162,0.6157076354030265,0.5306841046277666,0.6159420289855072,1,0.1476806214875332,0.2202574096490411,0.147500525099769
776135,2025-09-28,2025,Los Angeles Angels,Houston Astros,2025-09-28T17:00:00+00:00,2025-09-28T19:07:00+00:00,-0.07788090414727816,0.0,162,162,0.45270316904339586,0.5306841046277666,0.46954314720812185,0,0.20494015926193346,0.2816256189045743,0.220470767090108
776136,2025-09-28,2025,San Diego Padres,Arizona Diamondbacks,2025-09-28T17:00:00+00:00,2025-09-28T19:10:00+00:00,0.029926230932206477,0.0,162,162,0.5635010935911614,0.5306841046277666,0.5355329949238579,1,0.19053129529611204,0.2202574096490411,0.21572959880440104
776137,2025-09-28,2025,San Francisco Giants,Colorado Rockies,2025-09-28T17:00:00+00:00,2025-09-28T19:05:00+00:00,0.17714269960310008,0.0,162,162,0.7033378637211783,0.5306841046277666,0.7303822937625754,1,0.08800842310151415,0.2202574096490411,0.07269370751673021
776139,2025-09-28,2025,Seattle Mariners,Los Angeles Dodgers,2025-09-28T17:00:00+00:00,2025-09-28T19:10:00+00:00,-0.024305135171894143,0.0,162,162,0.5078645733328649,0.5306841046277666,0.49234693877551017,0,0.25792642484657297,0.2816256189045743,0.24240550812161596
776140,2025-09-28,2025,New York Yankees,Baltimore Orioles,2025-09-28T17:00:00+00:00,2025-09-28T19:05:00+00:00,0.11550202093035844,0.0,162,162,0.6476505285945947,0.5306841046277666,0.6244019138755981,1,0.12415014999966852,0.2202574096490411,0.14107392230031365
776141,2025-09-28,2025,Philadelphia Phillies,Minnesota Twins,2025-09-28T17:00:00+00:00,2025-09-28T19:05:00+00:00,0.09945659024079234,0.0,162,162,0.6323881645593183,0.5306841046277666,0.6879120879120879,1,0.13513846155606682,0.2202574096490411,0.09739886487139235
776142,2025-09-28,2025,Chicago Cubs,St. Louis Cardinals,2025-09-28T17:00:00+00:00,2025-09-28T19:20:00+00:00,0.08702055393805808,0.0,162,162,0.6203719201535025,0.5306841046277666,0.5796019900497512,1,0.14411747900793867,0.2202574096490411,0.17673448677012948
776143,2025-09-28,2025,Washington Nationals,Chicago White Sox,2025-09-28T17:00:00+00:00,2025-09-28T19:05:00+00:00,-0.03876918601973228,0.0,162,162,0.4929350953658925,0.5306841046277666,0.5165394402035622,0,0.2429850082433815,0.2816256189045743,0.26681299328580943
776144,2025-09-28,2025,Milwaukee Brewers,Cincinnati Reds,2025-09-28T17:00:00+00:00,2025-09-28T19:10:00+00:00,0.060688871569004044,0.0,162,162,0.5944525538814751,0.5306841046277666,0.5505050505050506,1,0.16446873105325785,0.2202574096490411,0.20204570962146712
776145,2025-09-28,2025,Toronto Blue Jays,Tampa Bay Rays,2025-09-28T17:00:00+00:00,2025-09-28T19:07:00+00:00,0.012526621955709305,0.0,162,162,0.5457566299794451,0.5306841046277666,0.6527777777777778,1,0.20633703920763077,0.2202574096490411,0.12056327160493827
776147,2025-09-28,2025,Cleveland Guardians,Texas Rangers,2025-09-28T17:00:00+00:00,2025-09-28T19:10:00+00:00,-0.0408779750722566,0.0,162,162,0.49075886837151517,0.5306841046277666,0.5639097744360902,1,0.2593265301422598,0.2202574096490411,0.19017468483238167
776148,2025-09-28,2025,Miami Marlins,New York Mets,2025-09-28T17:00:00+00:00,2025-09-28T19:10:00+00:00,-0.06694775740134351,0.0,162,162,0.4639100105484892,0.5306841046277666,0.4531645569620253,1,0.2873924767901209,0.2202574096490411,0.2990290017625381
776149,2025-09-28,2025,Atlanta Braves,Pittsburgh Pirates,2025-09-28T17:00:00+00:00,2025-09-28T19:15:00+00:00,0.024800270126237867,0.0,162,162,0.5582883269667164,0.5306841046277666,0.6431924882629109,1,0.19510920209386245,0.2202574096490411,0.127311600432013
776151,2025-09-28,2025,Boston Red Sox,Detroit Tigers,2025-09-28T17:00:00+00:00,2025-09-28T19:05:00+00:00,0.019804297291708517,0.0,162,162,0.5531953489188354,0.5306841046277666,0.4757033248081842,1,0.19963439622776127,0.2202574096490411,0.27488700361719237
823244,2026-03-25,2026,San Francisco Giants,New York Yankees,2026-03-25T17:00:00+00:00,2026-03-26T00:05:00+00:00,-0.028060784110884973,0.0,162,162,0.5126699964986374,0.5400813591768365,0.4582278481012658,0,0.2628305253099129,0.2916878745302991,0.20997276077551674
823081,2026-03-26,2026,St. Louis Cardinals,Tampa Bay Rays,2026-03-26T17:00:00+00:00,2026-03-26T20:15:00+00:00,-0.01878253531947649,1.0,162,162,0.49438465707672063,0.5400813591768365,0.46954314720812185,1,0.2556468749994254,0.21152515617662604,0.2813844726738643
823163,2026-03-26,2026,Seattle Mariners,Cleveland Guardians,2026-03-26T17:00:00+00:00,2026-03-27T02:10:00+00:00,-0.014040628644004793,1.0,162,162,0.4992640626119902,0.5400813591768365,0.6225961538461539,0,0.24926460421582927,0.2916878745302991,0.38762597078402367
823325,2026-03-26,2026,San Diego Padres,Detroit Tigers,2026-03-26T17:00:00+00:00,2026-03-26T20:10:00+00:00,0.010299180340575642,1.0,162,162,0.5242917109215233,0.5400813591768365,0.46329113924050636,0,0.2748817981410181,0.2916878745302991,0.21463867969876624
823486,2026-03-26,2026,Philadelphia Phillies,Texas Rangers,2026-03-26T17:00:00+00:00,2026-03-26T20:15:00+00:00,-0.014657289620473524,1.0,162,162,0.49862949287036645,0.5400813591768365,0.5911330049261084,1,0.25137238541942586,0.21152515617662604,0.16717221966075368
823649,2026-03-26,2026,New York Mets,Pittsburgh Pirates,2026-03-26T17:00:00+00:00,2026-03-26T17:15:00+00:00,0.029237779147068654,1.0,162,162,0.5436878531380229,0.5400813591768365,0.5228426395939086,1,0.20822077537378653,0.21152515617662604,0.22767914658970856
823812,2026-03-26,2026,Milwaukee Brewers,Chicago White Sox,2026-03-26T17:00:00+00:00,2026-03-26T18:10:00+00:00,0.10357627022211702,-1.0,162,162,0.6690468864141338,0.5400813591768365,0.6285714285714284,1,0.10952996339217926,0.21152515617662604,0.1379591836734695
823974,2026-03-26,2026,Los Angeles Dodgers,Arizona Diamondbacks,2026-03-26T17:00:00+00:00,2026-03-27T00:30:00+00:00,0.06922255026609098,0.0,162,162,0.610907160782467,0.5400813591768365,0.6989247311827957,1,0.151393237530361,0.21152515617662604,0.09064631749335181
824218,2026-03-26,2026,Houston Astros,Los Angeles Angels,2026-03-26T17:00:00+00:00,2026-03-26T20:10:00+00:00,0.06843073254590049,0.0,162,162,0.610132154591902,0.5400813591768365,0.6092233009708737,0,0.37226124606695654,0.2916878745302991,0.3711530304458478
824541,2026-03-26,2026,Cincinnati Reds,Boston Red Sox,2026-03-26T17:00:00+00:00,2026-03-26T20:10:00+00:00,-0.034985488347356875,0.0,162,162,0.5055466411982797,0.5400813591768365,0.4133663366336633,0,0.2555774064268622,0.2916878745302991,0.17087172826193503
824704,2026-03-26,2026,Chicago Cubs,Washington Nationals,2026-03-26T17:00:00+00:00,2026-03-26T18:20:00+00:00,0.1137869784410861,-1.0,162,162,0.6782861121942294,0.5400813591768365,0.6527777777777778,0,0.4600720499955628,0.2916878745302991,0.4261188271604938
824865,2026-03-26,2026,Baltimore Orioles,Minnesota Twins,2026-03-26T17:00:00+00:00,2026-03-26T19:05:00+00:00,0.008577103805749553,1.0,162,162,0.5225235002878967,0.5400813591768365,0.5603015075376885,1,0.22798380777732216,0.21152515617662604,0.19333476427362942
823162,2026-03-27,2026,Seattle Mariners,Cleveland Guardians,2026-03-27T17:00:00+00:00,2026-03-28T01:45:00+00:00,-0.017038018752388084,0.0,162,162,0.5239971933159352,0.5400813591768365,0.6092233009708737,1,0.22657867197110718,0.21152515617662604,0.15270642850410032
823243,2026-03-27,2026,San Francisco Giants,New York Yankees,2026-03-27T17:00:00+00:00,2026-03-27T20:35:00+00:00,-0.03181808637485084,0.0,162,162,0.508805361284002,0.5400813591768365,0.4483627204030227,0,0.2588828956713438,0.2916878745302991,0.20102912904719913
823324,2026-03-27,2026,San Diego Padres,Detroit Tigers,2026-03-27T17:00:00+00:00,2026-03-28T01:40:00+00:00,0.008057360149327897,0.0,162,162,0.5496755311398008,0.5400813591768365,0.5367088607594936,0,0.30214318953382213,0.2916878745302991,0.28805640121775355
823893,2026-03-27,2026,Miami Marlins,Colorado Rockies,2026-03-27T17:00:00+00:00,2026-03-27T23:10:00+00:00,0.09426675468920603,2.0,162,162,0.5821304638680325,0.5400813591768365,0.6350710900473934,1,0.1746149492271457,0.21152515617662604,0.13317310931919768
823971,2026-03-27,2026,Los Angeles Dodgers,Arizona Diamondbacks,2026-03-27T17:00:00+00:00,2026-03-28T02:10:00+00:00,0.07556164695691359,0.0,162,162,0.6170911845055268,0.5400813591768365,0.6892778993435448,1,0.14661916098338051,0.21152515617662604,0.09654822383636029
824216,2026-03-27,2026,Houston Astros,Los Angeles Angels,2026-03-27T17:00:00+00:00,2026-03-28T00:15:00+00:00,0.06719945594635923,0.0,162,162,0.6089259155701225,0.5400813591768365,0.5925925925925927,0,0.370790770652912,0.2916878745302991,0.3511659807956105
824946,2026-03-27,2026,Atlanta Braves,Kansas City Royals,2026-03-27T17:00:00+00:00,2026-03-27T23:15:00+00:00,0.021441611127407723,0.0,162,162,0.5632719471430545,0.5400813591768365,0.5796019900497512,1,0.190731392152219,0.21152515617662604,0.17673448677012948
823082,2026-03-28,2026,St. Louis Cardinals,Tampa Bay Rays,2026-03-28T17:00:00+00:00,2026-03-28T18:15:00+00:00,-0.018633368559475505,0.0,162,162,0.5223590339443823,0.5400813591768365,0.49234693877551017,1,0.22814089245454372,0.21152515617662604,0.2577116305705956
823161,2026-03-28,2026,Seattle Mariners,Cleveland Guardians,2026-03-28T17:00:00+00:00,2026-03-29T01:40:00+00:00,-0.01534479842180192,0.0,162,162,0.5257352839963098,0.5400813591768365,0.6276849642004773,0,0.2763975888386805,0.2916878745302991,0.3939884142833544
823241,2026-03-28,2026,San Francisco Giants,New York Yankees,2026-03-28T17:00:00+00:00,2026-03-28T23:15:00+00:00,-0.03343188874936398,0.0,162,162,0.5071451080948742,0.5400813591768365,0.4582278481012658,0,0.2571961606645617,0.2916878745302991,0.20997276077551674
823323,2026-03-28,2026,San Diego Padres,Detroit Tigers,2026-03-28T17:00:00+00:00,2026-03-29T00:40:00+00:00,0.008171731282680117,0.0,162,162,0.5497920598878899,0.5400813591768365,0.5025510204081632,1,0.20268718933998928,0.21152515617662604,0.24745548729695963
823488,2026-03-28,2026,Philadelphia Phillies,Texas Rangers,2026-03-28T17:00:00+00:00,2026-03-28T20:05:00+00:00,-0.016251206411174834,0.0,162,162,0.5248049310586469,0.5400813591768365,0.5760598503740648,0,0.27542021566347114,0.2916878745302991,0.33184495121298996
823651,2026-03-28,2026,New York Mets,Pittsburgh Pirates,2026-03-28T17:00:00+00:00,2026-03-28T20:10:00+00:00,0.030844062884026913,0.0,162,162,0.5727681271402741,0.5400813591768365,0.6168674698795181,1,0.18252707318722897,0.21152515617662604,0.14679053563652195
823811,2026-03-28,2026,Milwaukee Brewers,Chicago White Sox,2026-03-28T17:00:00+00:00,2026-03-28T23:10:00+00:00,0.11443157036188628,0.0,162,162,0.6541237968244907,0.5400813591768365,0.6431924882629109,1,0.11963034792310617,0.21152515617662604,0.127311600432013
823892,2026-03-28,2026,Miami Marlins,Colorado Rockies,2026-03-28T17:00:00+00:00,2026-03-28T20:10:00+00:00,0.09968330903776218,0.0,162,162,0.64026376426802,0.5400813591768365,0.6391509433962265,1,0.12941015929861469,0.21152515617662604,0.13021204165183337
823973,2026-03-28,2026,Los Angeles Dodgers,Arizona Diamondbacks,2026-03-28T17:00:00+00:00,2026-03-29T01:10:00+00:00,0.0738924195758694,0.0,162,162,0.6154663733026207,0.5400813591768365,0.6843267108167771,1,0.14786611006103947,0.21152515617662604,0.09964962550375467
824213,2026-03-28,2026,Houston Astros,Los Angeles Angels,2026-03-28T17:00:00+00:00,2026-03-28T23:10:00+00:00,0.06551366619562093,0.0,162,162,0.607272247232379,0.5400813591768365,0.5725,1,0.1542350877939056,0.21152515617662604,0.18275624999999998
824540,2026-03-28,2026,Cincinnati Reds,Boston Red Sox,2026-03-28T17:00:00+00:00,2026-03-28T20:10:00+00:00,-0.03677830000846549,0.0,162,162,0.5037019150452328,0.5400813591768365,0.43500000000000005,1,0.24631178912976937,0.21152515617662604,0.3192249999999999
824701,2026-03-28,2026,Chicago Cubs,Washington Nationals,2026-03-28T17:00:00+00:00,2026-03-28T18:20:00+00:00,0.10904560994705931,0.0,162,162,0.6490910245793254,0.5400813591768365,0.68,1,0.12313710903078759,0.21152515617662604,0.10239999999999996
824862,2026-03-28,2026,Baltimore Orioles,Minnesota Twins,2026-03-28T17:00:00+00:00,2026-03-28T20:05:00+00:00,0.00859123435131548,0.0,162,162,0.5502194300321088,0.5400813591768365,0.6004901960784313,0,0.3027414211848587,0.2916878745302991,0.3605884755863129
824945,2026-03-28,2026,Atlanta Braves,Kansas City Royals,2026-03-28T17:00:00+00:00,2026-03-28T23:15:00+00:00,0.029900085869529858,0.0,162,162,0.5718170383929679,0.5400813591768365,0.5796019900497512,1,0.1833406486105691,0.21152515617662604,0.17673448677012948
823079,2026-03-29,2026,St. Louis Cardinals,Tampa Bay Rays,2026-03-29T17:00:00+00:00,2026-03-29T18:15:00+00:00,-0.02174049410469292,0.0,162,162,0.519167182742439,0.5400813591768365,0.47582697201017815,0,0.26953456363672107,0.2916878745302991,0.22641130729237485
823160,2026-03-29,2026,Seattle Mariners,Cleveland Guardians,2026-03-29T17:00:00+00:00,2026-03-29T23:20:00+00:00,-0.014639310173096387,0.0,162,162,0.5264592861107921,0.5400813591768365,0.57,1,0.22424080771070068,0.21152515617662604,0.18490000000000004
823487,2026-03-29,2026,Philadelphia Phillies,Texas Rangers,2026-03-29T17:00:00+00:00,2026-03-29T17:35:00+00:00,-0.021547585857642604,0.0,162,162,0.5193653994989699,0.5400813591768365,0.5901234567901236,0,0.26974041819672456,0.2916878745302991,0.3482456942539248
823647,2026-03-29,2026,New York Mets,Pittsburgh Pirates,2026-03-29T17:00:00+00:00,2026-03-29T17:40:00+00:00,0.024389692720515777,0.0,162,162,0.5662547526374749,0.5400813591768365,0.6327014218009479,0,0.3206444448845279,0.2916878745302991,0.400311089148941
823810,2026-03-29,2026,Milwaukee Brewers,Chicago White Sox,2026-03-29T17:00:00+00:00,2026-03-29T18:10:00+00:00,0.11869375326493675,0.0,162,162,0.6580822339859891,0.5400813591768365,0.5980392156862746,1,0.11690775871601192,0.21152515617662604,0.16157247212610526
823891,2026-03-29,2026,Miami Marlins,Colorado Rockies,2026-03-29T17:00:00+00:00,2026-03-29T17:40:00+00:00,0.0998483221972048,0.0,162,162,0.6404201925116055,0.5400813591768365,0.635933806146572,1,0.12929763795339083,0.21152515617662604,0.1325441935069218
824215,2026-03-29,2026,Houston Astros,Los Angeles Angels,2026-03-29T17:00:00+00:00,2026-03-29T18:10:00+00:00,0.06764520649438532,0.0,162,162,0.6093627565183934,0.5400813591768365,0.6092233009708737,1,0.15259745599490795,0.21152515617662604,0.15270642850410032
824538,2026-03-29,2026,Cincinnati Reds,Boston Red Sox,2026-03-29T17:00:00+00:00,2026-03-29T17:40:00+00:00,-0.03458176124169393,0.0,162,162,0.5059620399967367,0.5400813591768365,0.44332493702770776,1,0.24407350592418597,0.21152515617662604,0.3098871257352056
824700,2026-03-29,2026,Chicago Cubs,Washington Nationals,2026-03-29T17:00:00+00:00,2026-03-29T18:20:00+00:00,0.11503346832885136,0.0,162,162,0.6546841119606968,0.5400813591768365,0.6921397379912664,0,0.4286112864537661,0.2916878745302991,0.47905741690661885
824864,2026-03-29,2026,Baltimore Orioles,Minnesota Twins,2026-03-29T17:00:00+00:00,2026-03-29T17:35:00+00:00,0.008982427850458385,0.0,162,162,0.5506178929406936,0.5400813591768365,0.5911330049261084,1,0.20194427814506188,0.21152515617662604,0.16717221966075368
824944,2026-03-29,2026,Atlanta Braves,Kansas City Royals,2026-03-29T17:00:00+00:00,2026-03-29T17:35:00+00:00,0.03245286274983045,0.0,162,162,0.5743878047023304,0.5400813591768365,0.5980392156862746,0,0.32992135019076246,0.2916878745302991,0.35765090349865447
822834,2026-03-30,2026,Toronto Blue Jays,Colorado Rockies,2026-03-30T17:00:00+00:00,2026-03-30T23:07:00+00:00,0.19378050192916518,0.0,162,162,0.7238880949207575,0.5400813591768365,0.7139874739039667,0,0.5240139739680035,0.2916878745302991,0.5097781128917674
823080,2026-03-30,2026,St. Louis Cardinals,New York Mets,2026-03-30T17:00:00+00:00,2026-03-30T23:45:00+00:00,-0.04144854726490971,0.0,162,162,0.49889608423092385,0.5400813591768365,0.42750000000000005,0,0.24889730286094908,0.2916878745302991,0.18275625000000004
823159,2026-03-30,2026,Seattle Mariners,New York Yankees,2026-03-30T17:00:00+00:00,2026-03-31T01:40:00+00:00,-0.04754423027724186,-1.0,162,162,0.5204479670941855,0.5400813591768365,0.49234693877551017,1,0.2299701522640994,0.21152515617662604,0.2577116305705956
823320,2026-03-30,2026,San Diego Padres,San Francisco Giants,2026-03-30T17:00:00+00:00,2026-03-31T01:40:00+00:00,0.013243629196479811,0.0,162,162,0.5549539649730088,0.5400813591768365,0.5153061224489797,0,0.30797390323926344,0.2916878745302991,0.26554039983340283
823484,2026-03-30,2026,Philadelphia Phillies,Washington Nationals,2026-03-30T17:00:00+00:00,2026-03-30T22:40:00+00:00,0.12312390852607868,0.0,162,162,0.6621734604383942,0.5400813591768365,0.6092233009708737,0,0.4384736917089576,0.2916878745302991,0.3711530304458478
823809,2026-03-30,2026,Milwaukee Brewers,Tampa Bay Rays,2026-03-30T17:00:00+00:00,2026-03-30T23:40:00+00:00,0.08733634396676104,0.0,162,162,0.6284765538549801,0.5400813591768365,0.6014669926650367,0,0.39498277874543175,0.2916878745302991,0.36176254326552326
823890,2026-03-30,2026,Miami Marlins,Chicago White Sox,2026-03-30T17:00:00+00:00,2026-03-30T22:40:00+00:00,-0.0022883611467609533,0.0,162,162,0.5391136439960388,0.5400813591768365,0.5603015075376885,0,0.29064352114268766,0.2916878745302991,0.3139377793490064
823972,2026-03-30,2026,Los Angeles Dodgers,Cleveland Guardians,2026-03-30T17:00:00+00:00,2026-03-31T02:10:00+00:00,0.050054203870914526,1.0,162,162,0.5648531995149959,0.5400813591768365,0.6294536817102138,0,0.3190591370023278,0.2916878745302991,0.3962119374185431
824135,2026-03-30,2026,Kansas City Royals,Minnesota Twins,2026-03-30T17:00:00+00:00,2026-03-30T20:10:00+00:00,0.03573190090405809,0.0,162,162,0.5776840399978886,0.5400813591768365,0.6039119804400979,1,0.1783507700725049,0.21152515617662604,0.15688571923888542
824214,2026-03-30,2026,Houston Astros,Boston Red Sox,2026-03-30T17:00:00+00:00,2026-03-31T00:10:00+00:00,-0.019311808024558674,0.0,162,162,0.5216622414132466,0.5400813591768365,0.4809160305343511,1,0.2288070112897992,0.21152515617662604,0.26944816735621463
824539,2026-03-30,2026,Cincinnati Reds,Pittsburgh Pirates,2026-03-30T17:00:00+00:00,2026-03-30T22:40:00+00:00,0.0017617814639747098,0.0,162,162,0.5432531280208146,0.5400813591768365,0.547979797979798,1,0.2086177050627704,0.21152515617662604,0.20432226303438422
824702,2026-03-30,2026,Chicago Cubs,Los Angeles Angels,2026-03-30T17:00:00+00:00,2026-03-30T23:40:00+00:00,0.08409115159190833,0.0,162,162,0.625352272647054,0.5400813591768365,0.6267942583732058,1,0.14036091961072739,0.21152515617662604,0.13928252558320547
824863,2026-03-30,2026,Baltimore Orioles,Texas Rangers,2026-03-30T17:00:00+00:00,2026-03-30T22:35:00+00:00,-0.10583191354276333,0.0,162,162,0.433047155538665,0.5400813591768365,0.5329949238578681,0,0.18752983892012873,0.2916878745302991,0.2840835888582546
825108,2026-03-30,2026,Arizona Diamondbacks,Detroit Tigers,2026-03-30T17:00:00+00:00,2026-03-31T02:10:00+00:00,-0.022476655615376206,0.0,162,162,0.5184107083997151,0.5400813591768365,0.5165394402035622,1,0.2319282457840642,0.21152515617662604,0.23373411287868498
822836,2026-03-31,2026,Toronto Blue Jays,Colorado Rockies,2026-03-31T17:00:00+00:00,2026-03-31T23:07:00+00:00,0.18519012692636766,0.0,162,162,0.7167649830765511,0.5400813591768365,0.7070063694267517,1,0.08022207481162637,0.21152515617662604,0.08584526755649313
823077,2026-03-31,2026,St. Louis Cardinals,New York Mets,2026-03-31T17:00:00+00:00,2026-03-31T23:45:00+00:00,-0.040115740884981044,0.0,162,162,0.500267601769456,0.5400813591768365,0.41234567901234565,1,0.24973246984125105,0.21152515617662604,0.3453376009754611
823158,2026-03-31,2026,Seattle Mariners,New York Yankees,2026-03-31T17:00:00+00:00,2026-04-01T01:40:00+00:00,-0.04588695358834005,0.0,162,162,0.49432900041188105,0.5400813591768365,0.49489795918367346,0,0.24436116064820948,0.2916878745302991,0.24492399000416493
823322,2026-03-31,2026,San Diego Padres,San Francisco Giants,2026-03-31T17:00:00+00:00,2026-04-01T01:40:00+00:00,0.007606842702993721,0.0,162,162,0.5492164617683996,0.5400813591768365,0.44584382871536526,0,0.3016387218773999,0.2916878745302991,0.19877671960357596
823485,2026-03-31,2026,Philadelphia Phillies,Washington Nationals,2026-03-31T17:00:00+00:00,2026-03-31T22:40:00+00:00,0.10986580508681348,0.0,162,162,0.6498596118471492,0.5400813591768365,0.6350710900473934,1,0.122598291415829,0.21152515617662604,0.13317310931919768
823807,2026-03-31,2026,Milwaukee Brewers,Tampa Bay Rays,2026-03-31T17:00:00+00:00,2026-03-31T23:40:00+00:00,0.08602460799162853,0.0,162,162,0.6272149676814035,0.5400813591768365,0.5392405063291139,1,0.13896868032077703,0.21152515617662604,0.21229931100785132
823888,2026-03-31,2026,Miami Marlins,Chicago White Sox,2026-03-31T17:00:00+00:00,2026-03-31T22:40:00+00:00,-0.002399440911340367,0.0,162,162,0.5390000352530414,0.5400813591768365,0.582089552238806,1,0.21252096749669705,0.21152515617662604,0.17464914234796167
823969,2026-03-31,2026,Los Angeles Dodgers,Cleveland Guardians,2026-03-31T17:00:00+00:00,2026-04-01T02:10:00+00:00,0.05037687712451844,0.0,162,162,0.5923176514324021,0.5400813591768365,0.6982758620689655,1,0.1662048973335924,0.21152515617662604,0.09103745541022591
824212,2026-03-31,2026,Houston Astros,Boston Red Sox,2026-03-31T17:00:00+00:00,2026-04-01T00:10:00+00:00,-0.011729160480528744,0.0,162,162,0.5294445965216483,0.5400813591768365,0.5760598503740648,1,0.22142238774267434,0.21152515617662604,0.17972525046486032
824537,2026-03-31,2026,Cincinnati Reds,Pittsburgh Pirates,2026-03-31T17:00:00+00:00,2026-03-31T22:40:00+00:00,0.0012150419341919738,0.0,162,162,0.5426946639271274,0.5400813591768365,0.49744897959183665,0,0.29451749825497775,0.2916878745302991,0.24745548729695951
824699,2026-03-31,2026,Chicago Cubs,Los Angeles Angels,2026-03-31T17:00:00+00:00,2026-03-31T23:40:00+00:00,0.09041593297288575,0.0,162,162,0.6314315057803557,0.5400813591768365,0.568922305764411,0,0.3987057464920473,0.2916878745302991,0.323672589996294
824861,2026-03-31,2026,Baltimore Orioles,Texas Rangers,2026-03-31T17:00:00+00:00,2026-03-31T22:35:00+00:00,-0.10670579010409692,0.0,162,162,0.4321642341403725,0.5400813591768365,0.4582278481012658,0,0.18676592527013472,0.2916878745302991,0.20997276077551674
825107,2026-03-31,2026,Arizona Diamondbacks,Detroit Tigers,2026-03-31T17:00:00+00:00,2026-04-01T01:40:00+00:00,-0.01861720907273351,0.0,162,162,0.5223756295255073,0.5400813591768365,0.5153061224489797,1,0.22812503927115543,0.21152515617662604,0.2349281549354435
822835,2026-04-01,2026,Toronto Blue Jays,Colorado Rockies,2026-04-01T17:00:00+00:00,2026-04-01T17:07:00+00:00,0.18647801029179217,0.0,162,162,0.7178399506123784,0.5400813591768365,0.7042553191489361,0,0.5152941946951818,0.2916878745302991,0.4959755545495699
823078,2026-04-01,2026,St. Louis Cardinals,New York Mets,2026-04-01T17:00:00+00:00,2026-04-01T17:15:00+00:00,-0.03574031026722013,0.0,162,162,0.5047699773876668,0.5400813591768365,0.39172749391727496,1,0.24525277529661202,0.21152515617662604,0.3699954416561587
823157,2026-04-01,2026,Seattle Mariners,New York Yankees,2026-04-01T17:00:00+00:00,2026-04-01T20:10:00+00:00,-0.048925440780118123,0.0,162,162,0.49120292137460164,0.5400813591768365,0.5165394402035622,0,0.24128030996694308,0.2916878745302991,0.26681299328580943
823321,2026-04-01,2026,San Diego Padres,San Francisco Giants,2026-04-01T17:00:00+00:00,2026-04-01T20:10:00+00:00,-0.0031115803067902625,0.0,162,162,0.5382715866613461,0.5400813591768365,0.5901234567901236,1,0.21319312768423082,0.21152515617662604,0.1679987806736777
823483,2026-04-01,2026,Philadelphia Phillies,Washington Nationals,2026-04-01T17:00:00+00:00,2026-04-01T17:05:00+00:00,0.1084721605764285,0.0,162,162,0.6485531974663167,0.5400813591768365,0.7070063694267517,1,0.1235148550111498,0.21152515617662604,0.08584526755649313
823806,2026-04-01,2026,Milwaukee Brewers,Tampa Bay Rays,2026-04-01T17:00:00+00:00,2026-04-01T17:40:00+00:00,0.08880750755384276,0.0,162,162,0.6298893908815874,0.5400813591768365,0.5664160401002506,1,0.13698186298200243,0.21152515617662604,0.1879950502823475
823889,2026-04-01,2026,Miami Marlins,Chicago White Sox,2026-04-01T17:00:00+00:00,2026-04-01T17:10:00+00:00,0.0054397221856395395,0.0,162,162,0.5470070464820447,0.5400813591768365,0.5664160401002506,1,0.20520261593692044,0.21152515617662604,0.1879950502823475
823970,2026-04-01,2026,Los Angeles Dodgers,Cleveland Guardians,2026-04-01T17:00:00+00:00,2026-04-02T00:20:00+00:00,0.051581955638672516,0.0,162,162,0.5935149075848858,0.5400813591768365,0.7036247334754797,0,0.3522599455254955,0.2916878745302991,0.49508776555843986
824136,2026-04-01,2026,Kansas City Royals,Minnesota Twins,2026-04-01T17:00:00+00:00,2026-04-01T23:40:00+00:00,0.035701357848212434,0.0,162,162,0.5776533681839596,0.5400813591768365,0.4809160305343511,1,0.17837667740635396,0.21152515617662604,0.26944816735621463
824211,2026-04-01,2026,Houston Astros,Boston Red Sox,2026-04-01T17:00:00+00:00,2026-04-01T18:10:00+00:00,-0.001432708692547524,0.0,162,162,0.5399886402068077,0.5400813591768365,0.4239401496259351,1,0.21161045113878182,0.21152515617662604,0.33184495121298996
824698,2026-04-01,2026,Chicago Cubs,Los Angeles Angels,2026-04-01T17:00:00+00:00,2026-04-01T18:20:00+00:00,0.08300776408384708,0.0,162,162,0.6243069059833019,0.5400813591768365,0.5990220048899756,1,0.1411453008918396,0.21152515617662604,0.16078335256245477
825106,2026-04-01,2026,Arizona Diamondbacks,Detroit Tigers,2026-04-01T17:00:00+00:00,2026-04-01T19:40:00+00:00,-0.015025853854754079,0.0,162,162,0.5260626120921302,0.5400813591768365,0.41234567901234565,1,0.22461664765693462,0.21152515617662604,0.3453376009754611
823242,2026-04-02,2026,San Francisco Giants,New York Mets,2026-04-02T17:00:00+00:00,2026-04-03T01:45:00+00:00,-0.002917905405338428,0.0,162,162,0.5384697133570835,0.5400813591768365,0.46954314720812185,1,0.21301020548869268,0.21152515617662604,0.2813844726738643
824133,2026-04-02,2026,Kansas City Royals,Minnesota Twins,2026-04-02T17:00:00+00:00,2026-04-02T18:10:00+00:00,0.04105716123449482,0.0,162,162,0.5830223934364958,0.5400813591768365,0.5841584158415841,0,0.33991511124842005,0.2916878745302991,0.3412410547985491
825105,2026-04-02,2026,Arizona Diamondbacks,Atlanta Braves,2026-04-02T17:00:00+00:00,2026-04-03T01:40:00+00:00,-0.0392534503406603,0.0,162,162,0.5011549365599802,0.5400813591768365,0.47582697201017815,0,0.2511562704384378,0.2916878745302991,0.22641130729237485
822758,2026-04-03,2026,Washington Nationals,Los Angeles Dodgers,2026-04-03T17:00:00+00:00,2026-04-03T17:05:00+00:00,-0.13147376329246346,0.0,162,162,0.4073391696531461,0.5400813591768365,0.2833333333333334,0,0.16592519913371453,0.2916878745302991,0.08027777777777781
822919,2026-04-03,2026,Texas Rangers,Cincinnati Reds,2026-04-03T17:00:00+00:00,2026-04-03T20:05:00+00:00,0.0770003099507659,0.0,162,162,0.6184894716025774,0.5400813591768365,0.6116504854368933,0,0.3825292264832354,0.2916878745302991,0.37411631633518716
823240,2026-04-03,2026,San Francisco Giants,New York Mets,2026-04-03T17:00:00+00:00,2026-04-04T02:15:00+00:00,0.0019257155490935984,0.0,162,162,0.543420556470913,0.5400813591768365,0.4582278481012658,0,0.29530590119515676,0.2916878745302991,0.20997276077551674
823406,2026-04-03,2026,Pittsburgh Pirates,Baltimore Orioles,2026-04-03T17:00:00+00:00,2026-04-03T20:12:00+00:00,0.03045695485244021,0.0,162,162,0.5723781673690297,0.5400813591768365,0.47328244274809167,1,0.18286043174266958,0.21152515617662604,0.2774313851174173
823568,2026-04-03,2026,New York Yankees,Miami Marlins,2026-04-03T17:00:00+00:00,2026-04-03T17:35:00+00:00,0.06880321680755691,0.0,162,162,0.6104967999728944,0.5400813591768365,0.5891089108910892,1,0.15171274283135544,0.21152515617662604,0.1688314871091069
823732,2026-04-03,2026,Minnesota Twins,Tampa Bay Rays,2026-04-03T17:00:00+00:00,2026-04-03T20:10:00+00:00,-0.049206737715210835,-1.0,162,162,0.5187397990238757,0.5400813591768365,0.49744897959183665,1,0.23161138104357956,0.21152515617662604,0.25255752811328624
824056,2026-04-03,2026,Los Angeles Angels,Seattle Mariners,2026-04-03T17:00:00+00:00,2026-04-04T01:38:00+00:00,-0.06030885150750198,0.0,162,162,0.47949945712954006,0.5400813591768365,0.41687344913151364,0,0.22991972938752364,0.2916878745302991,0.17378347259080468
824299,2026-04-03,2026,Detroit Tigers,St. Louis Cardinals,2026-04-03T17:00:00+00:00,2026-04-03T17:10:00+00:00,0.01659310215040727,0.0,162,162,0.5583564595854829,0.5400813591768365,0.6235011990407675,1,0.19504901678986925,0.21152515617662604,0.14175134712373977
824377,2026-04-03,2026,Colorado Rockies,Philadelphia Phillies,2026-04-03T17:00:00+00:00,2026-04-03T20:10:00+00:00,-0.16614651951981196,0.0,162,162,0.3733912430955415,0.5400813591768365,0.36492890995260663,0,0.13942102042043378,0.2916878745302991,0.13317310931919768
824458,2026-04-03,2026,Cleveland Guardians,Chicago Cubs,2026-04-03T17:00:00+00:00,2026-04-03T20:10:00+00:00,-0.01600740976828907,0.0,162,162,0.5250551853748651,0.5400813591768365,0.47959183673469385,1,0.2255725769393038,0.21152515617662604,0.27082465639316955
824621,2026-04-03,2026,Chicago White Sox,Toronto Blue Jays,2026-04-03T17:00:00+00:00,2026-04-03T18:10:00+00:00,-0.09369870104518324,0.0,162,162,0.44534748851133044,0.5400813591768365,0.36492890995260663,1,0.3076394085006887,0.21152515617662604,0.4033152894139844
824786,2026-04-03,2026,Boston Red Sox,San Diego Padres,2026-04-03T17:00:00+00:00,2026-04-03T18:10:00+00:00,0.005910099497139387,0.0,162,162,0.5474867644026559,0.5400813591768365,0.5329949238578681,1,0.2047682283907775,0.21152515617662604,0.21809374114251845
825103,2026-04-03,2026,Arizona Diamondbacks,Atlanta Braves,2026-04-03T17:00:00+00:00,2026-04-04T01:45:00+00:00,-0.05286465506927257,0.0,162,162,0.4871512093565611,0.5400813591768365,0.49744897959183665,0,0.23731630077756002,0.2916878745302991,0.24745548729695951
822757,2026-04-04,2026,Washington Nationals,Los Angeles Dodgers,2026-04-04T17:00:00+00:00,2026-04-04T20:05:00+00:00,-0.13247984978956945,0.0,162,162,0.40633980186121194,0.5400813591768365,0.27607361963190186,0,0.16511203457660897,0.2916878745302991,0.07621664345666003
822920,2026-04-04,2026,Texas Rangers,Cincinnati Reds,2026-04-04T17:00:00+00:00,2026-04-04T23:05:00+00:00,0.0791470546980696,0.0,162,162,0.6205723159572293,0.5400813591768365,0.568922305764411,0,0.3851099993325192,0.2916878745302991,0.323672589996294
823239,2026-04-04,2026,San Francisco Giants,New York Mets,2026-04-04T17:00:00+00:00,2026-04-05T01:05:00+00:00,-0.004273529929127773,0.0,162,162,0.5370826768798593,0.5400813591768365,0.4936061381074168,0,0.28845780180443537,0.2916878745302991,0.24364701957731824
823404,2026-04-04,2026,Pittsburgh Pirates,Baltimore Orioles,2026-04-04T17:00:00+00:00,2026-04-04T20:05:00+00:00,0.030273681894665505,0.0,162,162,0.572193512874881,0.5400813591768365,0.5190839694656489,1,0.18301839042633464,0.21152515617662604,0.23128022842491688
823569,2026-04-04,2026,New York Yankees,Miami Marlins,2026-04-04T17:00:00+00:00,2026-04-04T23:05:00+00:00,0.072927186449391,0.0,162,162,0.6145256444768832,0.5400813591768365,0.6431924882629109,1,0.14859047876596226,0.21152515617662604,0.127311600432013
823730,2026-04-04,2026,Minnesota Twins,Tampa Bay Rays,2026-04-04T17:00:00+00:00,2026-04-04T23:10:00+00:00,-0.045566769244647365,0.0,162,162,0.49465844492757804,0.5400813591768365,0.5051020408163266,0,0.24468697713816975,0.2916878745302991,0.25512807163681805
824054,2026-04-04,2026,Los Angeles Angels,Seattle Mariners,2026-04-04T17:00:00+00:00,2026-04-05T01:38:00+00:00,-0.06047540580360017,0.0,162,162,0.47932835559867726,0.5400813591768365,0.40640394088669946,1,0.27109896128357747,0.21152515617662604,0.35235628139484093
824132,2026-04-04,2026,Kansas City Royals,Milwaukee Brewers,2026-04-04T17:00:00+00:00,2026-04-04T18:10:00+00:00,-0.1045497825392191,-1.0,162,162,0.4618721927544762,0.5400813591768365,0.47959183673469385,0,0.21332592243982804,0.2916878745302991,0.23000832986255726
824134,2026-04-04,2026,Kansas City Royals,Milwaukee Brewers,2026-04-04T17:00:00+00:00,2026-04-04T23:10:00+00:00,-0.1045497825392191,-1.0,162,162,0.4618721927544762,0.5400813591768365,0.5051020408163266,1,0.28958153693087557,0.21152515617662604,0.24492399000416487
824295,2026-04-04,2026,Detroit Tigers,St. Louis Cardinals,2026-04-04T17:00:00+00:00,2026-04-04T17:10:00+00:00,0.020246726625588907,0.0,162,162,0.5620616714659775,0.5400813591768365,0.6039119804400979,1,0.1917899795991734,0.21152515617662604,0.15688571923888542
824378,2026-04-04,2026,Colorado Rockies,Philadelphia Phillies,2026-04-04T17:00:00+00:00,2026-04-05T00:10:00+00:00,-0.169855078690534,0.0,162,162,0.36982661927973454,0.5400813591768365,0.32657657657657657,0,0.1367717283278777,0.2916878745302991,0.10665226036847658
824622,2026-04-04,2026,Chicago White Sox,Toronto Blue Jays,2026-04-04T17:00:00+00:00,2026-04-04T18:10:00+00:00,-0.09402016284188786,0.0,162,162,0.44502066539977764,0.5400813591768365,0.4239401496259351,1,0.30800206183330553,0.21152515617662604,0.33184495121298996
824782,2026-04-04,2026,Boston Red Sox,San Diego Padres,2026-04-04T17:00:00+00:00,2026-04-04T20:10:00+00:00,0.0028567260451819454,0.0,162,162,0.5443712249051291,0.5400813591768365,0.5639097744360902,0,0.2963400305047107,0.2916878745302991,0.3179942337045622
825104,2026-04-04,2026,Arizona Diamondbacks,Atlanta Braves,2026-04-04T17:00:00+00:00,2026-04-04T23:15:00+00:00,-0.05319958764428506,0.0,162,162,0.48680678201674354,0.5400813591768365,0.5153061224489797,1,0.2633672789840102,0.21152515617662604,0.2349281549354435
822756,2026-04-05,2026,Washington Nationals,Los Angeles Dodgers,2026-04-05T17:00:00+00:00,2026-04-05T17:35:00+00:00,-0.13712295418608172,0.0,162,162,0.40173786433543185,0.5400813591768365,0.39512195121951227,0,0.16139331164079385,0.2916878745302991,0.15612135633551463
822917,2026-04-05,2026,Texas Rangers,Cincinnati Reds,2026-04-05T17:00:00+00:00,2026-04-05T18:35:00+00:00,0.07531497758480898,0.0,162,162,0.616851242434347,0.5400813591768365,0.5292620865139949,0,0.3805054552927975,0.2916878745302991,0.2801183562211474
823238,2026-04-05,2026,San Francisco Giants,New York Mets,2026-04-05T17:00:00+00:00,2026-04-05T20:05:00+00:00,-0.01131420454859211,0.0,162,162,0.5298701030089814,0.5400813591768365,0.5241730279898218,0,0.2807623260627486,0.2916878745302991,0.2747573632720185
823405,2026-04-05,2026,Pittsburgh Pirates,Baltimore Orioles,2026-04-05T17:00:00+00:00,2026-04-05T17:35:00+00:00,0.02941949096380142,0.0,162,162,0.5713326183883957,0.5400813591768365,0.530456852791878,1,0.18375572405774881,0.21152515617662604,0.2204707670901081
823566,2026-04-05,2026,New York Yankees,Miami Marlins,2026-04-05T17:00:00+00:00,2026-04-05T17:35:00+00:00,0.07261678820767631,0.0,162,162,0.6142229439911064,0.5400813591768365,0.71900826446281,0,0.37726982492510186,0.2916878745302991,0.5169728843658221
823729,2026-04-05,2026,Minnesota Twins,Tampa Bay Rays,2026-04-05T17:00:00+00:00,2026-04-05T18:10:00+00:00,-0.051060952162739814,0.0,162,162,0.48900624573992557,0.5400813591768365,0.5051020408163266,0,0.23912710837265647,0.2916878745302991,0.25512807163681805
824053,2026-04-05,2026,Los Angeles Angels,Seattle Mariners,2026-04-05T17:00:00+00:00,2026-04-05T20:07:00+00:00,-0.058499311467270165,0.0,162,162,0.48135870240269124,0.5400813591768365,0.39853300733496333,1,0.26898879557342015,0.21152515617662604,0.36176254326552326
824131,2026-04-05,2026,Kansas City Royals,Milwaukee Brewers,2026-04-05T17:00:00+00:00,2026-04-05T18:10:00+00:00,-0.1051253367429803,0.0,162,162,0.43376135684893197,0.5400813591768365,0.5241730279898218,0,0.1881489146954265,0.2916878745302991,0.2747573632720185
824296,2026-04-05,2026,Detroit Tigers,St. Louis Cardinals,2026-04-05T17:00:00+00:00,2026-04-05T23:20:00+00:00,0.029049028774410734,0.0,162,162,0.5709591142869038,0.5400813591768365,0.5566750629722922,0,0.3259943101872857,0.2916878745302991,0.3098871257352055
824379,2026-04-05,2026,Colorado Rockies,Philadelphia Phillies,2026-04-05T17:00:00+00:00,2026-04-05T19:10:00+00:00,-0.16241933091067312,0.0,162,162,0.37698768202717625,0.5400813591768365,0.41687344913151364,1,0.38814434834587086,0.21152515617662604,0.34003657432777745
824459,2026-04-05,2026,Cleveland Guardians,Chicago Cubs,2026-04-05T17:00:00+00:00,2026-04-05T17:10:00+00:00,-0.013861280099770168,0.0,162,162,0.5272576046210318,0.5400813591768365,0.457070707070707,0,0.2780005816307083,0.2916878745302991,0.20891363126211607
824460,2026-04-05,2026,Cleveland Guardians,Chicago Cubs,2026-04-05T17:00:00+00:00,2026-04-05T17:15:00+00:00,-0.013861280099770168,0.0,162,162,0.5272576046210318,0.5400813591768365,0.4593908629441624,1,0.22348537238864472,0.21152515617662604,0.2922582390682574
824620,2026-04-05,2026,Chicago White Sox,Toronto Blue Jays,2026-04-05T17:00:00+00:00,2026-04-05T18:10:00+00:00,-0.09262828030293285,0.0,162,162,0.44643610088438035,0.5400813591768365,0.3941605839416058,1,0.30643299040408795,0.21152515617662604,0.36704139804997604
824781,2026-04-05,2026,Boston Red Sox,San Diego Padres,2026-04-05T17:00:00+00:00,2026-04-05T17:35:00+00:00,0.001969473667759347,0.0,162,162,0.5434652456658821,0.5400813591768365,0.5935960591133005,0,0.2953544732466775,0.2916878745302991,0.35235628139484093
825102,2026-04-05,2026,Arizona Diamondbacks,Atlanta Braves,2026-04-05T17:00:00+00:00,2026-04-05T20:10:00+00:00,-0.054056075199358344,0.0,162,162,0.4859260722630129,0.5400813591768365,0.49489795918367346,1,0.26427200317893307,0.21152515617662604,0.25512807163681794
822755,2026-04-06,2026,Washington Nationals,St. Louis Cardinals,2026-04-06T17:00:00+00:00,2026-04-06T22:45:00+00:00,-0.05166496120156777,0.0,162,162,0.48838501031631537,0.5400813591768365,0.4809160305343511,1,0.26174989766903667,0.21152515617662604,0.26944816735621463
822832,2026-04-06,2026,Toronto Blue Jays,Los Angeles Dodgers,2026-04-06T17:00:00+00:00,2026-04-06T23:07:00+00:00,-0.0018962149605291634,0.0,162,162,0.5395146856916099,0.5400813591768365,0.43609022556390975,0,0.2910760960769166,0.2916878745302991,0.19017468483238167
822918,2026-04-06,2026,Texas Rangers,Seattle Mariners,2026-04-06T17:00:00+00:00,2026-04-07T00:05:00+00:00,0.06562438299201301,0.0,162,162,0.6073809303703077,0.5400813591768365,0.5204081632653061,1,0.15414973383688516,0.21152515617662604,0.23000832986255726
823002,2026-04-06,2026,Tampa Bay Rays,Chicago Cubs,2026-04-06T17:00:00+00:00,2026-04-06T20:10:00+00:00,-0.01754155442057448,0.0,162,162,0.5234801998793769,0.5400813591768365,0.5355329949238579,1,0.2270711199069986,0.21152515617662604,0.21572959880440104
823237,2026-04-06,2026,San Francisco Giants,Philadelphia Phillies,2026-04-06T17:00:00+00:00,2026-04-07T01:45:00+00:00,-0.035653154673768506,0.0,162,162,0.5048596562041257,0.5400813591768365,0.47959183673469385,0,0.25488327246254794,0.2916878745302991,0.23000832986255726
823401,2026-04-06,2026,Pittsburgh Pirates,San Diego Padres,2026-04-06T17:00:00+00:00,2026-04-06T22:40:00+00:00,-0.006818729503694221,0.0,162,162,0.5344769669314512,0.5400813591768365,0.5603015075376885,0,0.28566562818024355,0.2916878745302991,0.3139377793490064
823728,2026-04-06,2026,Minnesota Twins,Detroit Tigers,2026-04-06T17:00:00+00:00,2026-04-06T23:40:00+00:00,-0.055315816834131615,0.0,162,162,0.48463086441465986,0.5400813591768365,0.5292620865139949,1,0.2656053459139807,0.21152515617662604,0.22159418319315766
823886,2026-04-06,2026,Miami Marlins,Cincinnati Reds,2026-04-06T17:00:00+00:00,2026-04-06T22:40:00+00:00,-0.019514536573264907,0.0,162,162,0.5214540121924441,0.5400813591768365,0.5541561712846348,0,0.2719142868315977,0.2916878745302991,0.3070890621728455
824052,2026-04-06,2026,Los Angeles Angels,Atlanta Braves,2026-04-06T17:00:00+00:00,2026-04-07T01:38:00+00:00,-0.09213621053731846,0.0,162,162,0.446936706351929,0.5400813591768365,0.39512195121951227,1,0.30587900678085245,0.21152515617662604,0.36587745389649
824376,2026-04-06,2026,Colorado Rockies,Houston Astros,2026-04-06T17:00:00+00:00,2026-04-07T00:40:00+00:00,-0.14121606141175375,0.0,162,162,0.3976953308018143,0.5400813591768365,0.3941605839416058,1,0.3627709145379359,0.21152515617662604,0.36704139804997604
824456,2026-04-06,2026,Cleveland Guardians,Kansas City Royals,2026-04-06T17:00:00+00:00,2026-04-06T22:10:00+00:00,0.026792381610046212,0.0,162,162,0.5686822064878689,0.5400813591768365,0.5190839694656489,0,0.3233994519759112,0.2916878745302991,0.26944816735621474
824619,2026-04-06,2026,Chicago White Sox,Baltimore Orioles,2026-04-06T17:00:00+00:00,2026-04-06T23:40:00+00:00,-0.002096619648175202,0.0,162,162,0.5393097413497498,0.5400813591768365,0.43859649122807015,0,0.29085499711473406,0.2916878745302991,0.1923668821175746
824783,2026-04-06,2026,Boston Red Sox,Milwaukee Brewers,2026-04-06T17:00:00+00:00,2026-04-06T22:45:00+00:00,-0.07016461154640141,0.0,162,162,0.4693842739639439,0.5400813591768365,0.4821428571428572,0,0.22032159664465872,0.2916878745302991,0.23246173469387763
822754,2026-04-07,2026,Washington Nationals,St. Louis Cardinals,2026-04-07T17:00:00+00:00,2026-04-07T22:45:00+00:00,-0.04750785173209615,0.0,162,162,0.49266130517200263,0.5400813591768365,0.5190839694656489,0,0.2427151616137811,0.2916878745302991,0.26944816735621474
822831,2026-04-07,2026,Toronto Blue Jays,Los Angeles Dodgers,2026-04-07T17:00:00+00:00,2026-04-07T23:07:00+00:00,-0.011711620786625243,0.0,162,162,0.5294625830456557,0.5400813591768365,0.425,0,0.2803306268453779,0.2916878745302991,0.18062499999999998
822916,2026-04-07,2026,Texas Rangers,Seattle Mariners,2026-04-07T17:00:00+00:00,2026-04-08T00:05:00+00:00,0.06777960920535564,0.0,162,162,0.6094944384433458,0.5400813591768365,0.48469387755102045,1,0.15249459360667783,0.21152515617662604,0.2655403998334027
822999,2026-04-07,2026,Tampa Bay Rays,Chicago Cubs,2026-04-07T17:00:00+00:00,2026-04-07T22:40:00+00:00,-0.014367390815850145,0.0,162,162,0.5267383118088256,0.5400813591768365,0.5454545454545454,0,0.27745324912721153,0.2916878745302991,0.29752066115702475
823235,2026-04-07,2026,San Francisco Giants,Philadelphia Phillies,2026-04-07T17:00:00+00:00,2026-04-08T01:45:00+00:00,-0.038618430733850184,0.0,162,162,0.5018083952501698,0.5400813591768365,0.4158415841584158,1,0.248194875043211,0.21152515617662604,0.34124105479854927
823402,2026-04-07,2026,Pittsburgh Pirates,San Diego Padres,2026-04-07T17:00:00+00:00,2026-04-07T22:40:00+00:00,-0.013757020090065852,0.0,162,162,0.5273645728850856,0.5400813591768365,0.5831265508684863,1,0.2233842469640975,0.21152515617662604,0.17378347259080473
823648,2026-04-07,2026,New York Mets,Arizona Diamondbacks,2026-04-07T17:00:00+00:00,2026-04-07T20:10:00+00:00,0.03606570602686626,0.0,162,162,0.5780192132161552,0.5400813591768365,0.582089552238806,1,0.17806778441471266,0.21152515617662604,0.17464914234796167
823727,2026-04-07,2026,Minnesota Twins,Detroit Tigers,2026-04-07T17:00:00+00:00,2026-04-07T23:40:00+00:00,-0.047111671545002676,0.0,162,162,0.4930689098544238,0.5400813591768365,0.39608801955990225,1,0.25697913015618223,0.21152515617662604,0.364709680119081
823887,2026-04-07,2026,Miami Marlins,Cincinnati Reds,2026-04-07T17:00:00+00:00,2026-04-07T22:40:00+00:00,-0.02266930768753711,0.0,162,162,0.5182127264221837,0.5400813591768365,0.5577889447236182,0,0.26854442982591303,0.2916878745302991,0.31112850685588755
824051,2026-04-07,2026,Los Angeles Angels,Atlanta Braves,2026-04-07T17:00:00+00:00,2026-04-08T01:38:00+00:00,-0.09030223618831851,0.0,162,162,0.44880343385222976,0.5400813591768365,0.43107769423558895,0,0.20142452223755278,0.2916878745302991,0.18582797846747193
824375,2026-04-07,2026,Colorado Rockies,Houston Astros,2026-04-07T17:00:00+00:00,2026-04-08T00:40:00+00:00,-0.13568945888180667,0.0,162,162,0.4031568435825672,0.5400813591768365,0.39172749391727496,1,0.35622175336232414,0.21152515617662604,0.3699954416561587
824457,2026-04-07,2026,Cleveland Guardians,Kansas City Royals,2026-04-07T17:00:00+00:00,2026-04-07T17:10:00+00:00,0.021453851246795774,0.0,162,162,0.5632843410534257,0.5400813591768365,0.530456852791878,1,0.19072056676914056,0.21152515617662604,0.2204707670901081
824618,2026-04-07,2026,Chicago White Sox,Baltimore Orioles,2026-04-07T17:00:00+00:00,2026-04-07T19:10:00+00:00,-0.002529780980225216,0.0,162,162,0.5388667225363559,0.5400813591768365,0.4158415841584158,0,0.290377344657074,0.2916878745302991,0.17292422311538083
824780,2026-04-07,2026,Boston Red Sox,Milwaukee Brewers,2026-04-07T17:00:00+00:00,2026-04-07T22:45:00+00:00,-0.07299496579379361,0.0,162,162,0.4664836960878301,0.5400813591768365,0.5796019900497512,1,0.28463964654010293,0.21152515617662604,0.17673448677012948
822753,2026-04-08,2026,Washington Nationals,St. Louis Cardinals,2026-04-08T17:00:00+00:00,2026-04-08T20:05:00+00:00,-0.04049862864978443,0.0,162,162,0.499873592593369,0.5400813591768365,0.4707379134860051,0,0.24987360857220145,0.2916878745302991,0.2215941831931576
822833,2026-04-08,2026,Toronto Blue Jays,Los Angeles Dodgers,2026-04-08T17:00:00+00:00,2026-04-08T19:07:00+00:00,-0.01266644230485059,0.0,162,162,0.5284833270511411,0.5400813591768365,0.41791044776119407,1,0.22232797286876116,0.21152515617662604,0.3388282468255735
822915,2026-04-08,2026,Texas Rangers,Seattle Mariners,2026-04-08T17:00:00+00:00,2026-04-08T18:35:00+00:00,0.06432536831892255,0.0,162,162,0.606105109032261,0.5400813591768365,0.4607594936708861,1,0.15515318513048698,0.21152515617662604,0.29078032366607914
823000,2026-04-08,2026,Tampa Bay Rays,Chicago Cubs,2026-04-08T17:00:00+00:00,2026-04-08T22:40:00+00:00,-0.01842489643823203,0.0,162,162,0.5225731282786445,0.5400813591768365,0.5051020408163266,0,0.2730826743989287,0.2916878745302991,0.25512807163681805
823234,2026-04-08,2026,San Francisco Giants,Philadelphia Phillies,2026-04-08T17:00:00+00:00,2026-04-08T19:45:00+00:00,-0.03622924467918076,0.0,162,162,0.5042668824136792,0.5400813591768365,0.4531645569620253,1,0.24575132387185294,0.21152515617662604,0.2990290017625381
823646,2026-04-08,2026,New York Mets,Arizona Diamondbacks,2026-04-08T17:00:00+00:00,2026-04-08T20:10:00+00:00,0.03468015268405661,0.0,162,162,0.5766275146462908,0.5400813591768365,0.547979797979798,0,0.33249929064715833,0.2916878745302991,0.30028185899398024
823726,2026-04-08,2026,Minnesota Twins,Detroit Tigers,2026-04-08T17:00:00+00:00,2026-04-08T23:40:00+00:00,-0.04625741156084673,0.0,162,162,0.49394783444854473,0.5400813591768365,0.43107769423558895,1,0.25608879425931746,0.21152515617662604,0.323672589996294
823885,2026-04-08,2026,Miami Marlins,Cincinnati Reds,2026-04-08T17:00:00+00:00,2026-04-08T22:40:00+00:00,-0.01869092106841508,0.0,162,162,0.5222999278711673,0.5400813591768365,0.5443037974683544,1,0.22819735891189197,0.21152515617662604,0.20765902900176253
824050,2026-04-08,2026,Los Angeles Angels,Atlanta Braves,2026-04-08T17:00:00+00:00,2026-04-08T20:07:00+00:00,-0.09502038536099644,0.0,162,162,0.44400406662577346,0.5400813591768365,0.46954314720812185,0,0.19713961118022427,0.2916878745302991,0.220470767090108
824374,2026-04-08,2026,Colorado Rockies,Houston Astros,2026-04-08T17:00:00+00:00,2026-04-08T19:10:00+00:00,-0.13215035900775435,0.0,162,162,0.40666700731947036,0.5400813591768365,0.4422110552763819,1,0.35204404020323343,0.21152515617662604,0.31112850685588755
824455,2026-04-08,2026,Cleveland Guardians,Kansas City Royals,2026-04-08T17:00:00+00:00,2026-04-08T17:10:00+00:00,0.02288979002389302,0.0,162,162,0.5647377691652151,0.5400813591768365,0.4483627204030227,1,0.18945320959127357,0.21152515617662604,0.30430368824115367
824617,2026-04-08,2026,Chicago White Sox,Baltimore Orioles,2026-04-08T17:00:00+00:00,2026-04-08T18:10:00+00:00,-0.007323340168899517,0.0,162,162,0.5339601313456297,0.5400813591768365,0.42999999999999994,0,0.2851134218666421,0.2916878745302991,0.18489999999999995
824779,2026-04-08,2026,Boston Red Sox,Milwaukee Brewers,2026-04-08T17:00:00+00:00,2026-04-08T17:35:00+00:00,-0.07073434692489355,0.0,162,162,0.46880023028051315,0.5400813591768365,0.5603015075376885,1,0.2821731953500358,0.21152515617662604,0.19333476427362942
823319,2026-04-09,2026,San Diego Padres,Colorado Rockies,2026-04-09T17:00:00+00:00,2026-04-10T01:40:00+00:00,0.1347175226747736,0.0,162,162,0.6727647621277889,0.5400813591768365,0.6391509433962265,1,0.10708290090528258,0.21152515617662604,0.13021204165183337
823645,2026-04-09,2026,New York Mets,Arizona Diamondbacks,2026-04-09T17:00:00+00:00,2026-04-09T23:10:00+00:00,0.026665348500977515,0.0,162,162,0.5685539455535038,0.5400813591768365,0.6004901960784313,0,0.32325358900445655,0.2916878745302991,0.3605884755863129
823724,2026-04-09,2026,Minnesota Twins,Detroit Tigers,2026-04-09T17:00:00+00:00,2026-04-09T17:40:00+00:00,-0.04494492232704844,0.0,162,162,0.4952982895099257,0.5400813591768365,0.4531645569620253,1,0.25472381657160675,0.21152515617662604,0.2990290017625381
824130,2026-04-09,2026,Kansas City Royals,Chicago White Sox,2026-04-09T17:00:00+00:00,2026-04-09T23:40:00+00:00,0.020307481557755247,0.0,162,162,0.5621232269279158,0.5400813591768365,0.6244019138755981,0,0.31598252225185314,0.2916878745302991,0.38987775005150976
822829,2026-04-10,2026,Toronto Blue Jays,Minnesota Twins,2026-04-10T17:00:00+00:00,2026-04-10T23:07:00+00:00,0.09987081429751127,1.0,162,162,0.6144216026722116,0.5400813591768365,0.5516372795969774,1,0.1486707004858659,0.21152515617662604,0.20102912904719902
822997,2026-04-10,2026,Tampa Bay Rays,New York Yankees,2026-04-10T17:00:00+00:00,2026-04-10T23:10:00+00:00,-0.04404631842181689,1.0,162,162,0.4684288787236582,0.5400813591768365,0.45569620253164556,1,0.2825678569749874,0.21152515617662604,0.2962666239384714
823076,2026-04-10,2026,St. Louis Cardinals,Boston Red Sox,2026-04-10T17:00:00+00:00,2026-04-11T00:15:00+00:00,-0.057253315541957395,0.0,162,162,0.4826392271804502,0.5400813591768365,0.44332493702770776,1,0.26766216925244174,0.21152515617662604,0.3098871257352056
823156,2026-04-10,2026,Seattle Mariners,Houston Astros,2026-04-10T17:00:00+00:00,2026-04-11T01:40:00+00:00,-0.007395649116159531,0.0,162,162,0.5338860646111129,0.5400813591768365,0.5577889447236182,1,0.21726220076371563,0.21152515617662604,0.19555061740865123
823318,2026-04-10,2026,San Diego Padres,Colorado Rockies,2026-04-10T17:00:00+00:00,2026-04-11T01:40:00+00:00,0.1361827780043996,0.0,162,162,0.6740911723796659,0.5400813591768365,0.6244019138755981,1,0.10621656392086067,0.21152515617662604,0.14107392230031365
823482,2026-04-10,2026,Philadelphia Phillies,Arizona Diamondbacks,2026-04-10T17:00:00+00:00,2026-04-10T22:40:00+00:00,0.04876416278644363,1.0,162,162,0.5635475747958839,0.5400813591768365,0.6135265700483092,0,0.31758586905832237,0.2916878745302991,0.3764148521552429
823808,2026-04-10,2026,Milwaukee Brewers,Washington Nationals,2026-04-10T17:00:00+00:00,2026-04-10T23:40:00+00:00,0.16686735112017692,0.0,162,162,0.7012067831670182,0.5400813591768365,0.6488372093023256,0,0.49169095275943775,0.2916878745302991,0.42098972417522984
823968,2026-04-10,2026,Los Angeles Dodgers,Texas Rangers,2026-04-10T17:00:00+00:00,2026-04-11T02:10:00+00:00,-0.0027752039347928026,0.0,162,162,0.5386156871791532,0.5400813591768365,0.6741573033707866,1,0.212875484117165,0.21152515617662604,0.10617346294659759
824128,2026-04-10,2026,Kansas City Royals,Chicago White Sox,2026-04-10T17:00:00+00:00,2026-04-10T23:40:00+00:00,0.016482720711720633,0.0,162,162,0.5582444162947829,0.5400813591768365,0.6159420289855072,1,0.19514799573473704,0.21152515617662604,0.147500525099769
824297,2026-04-10,2026,Detroit Tigers,Miami Marlins,2026-04-10T17:00:00+00:00,2026-04-10T22:40:00+00:00,0.007822818201344672,0.0,162,162,0.5494365475157985,0.5400813591768365,0.5664160401002506,1,0.2030074247144833,0.21152515617662604,0.1879950502823475
824534,2026-04-10,2026,Cincinnati Reds,Los Angeles Angels,2026-04-10T17:00:00+00:00,2026-04-10T22:45:00+00:00,0.05549494255614357,-1.0,162,162,0.6238602874951865,0.5400813591768365,0.6244019138755981,0,0.3892016583135768,0.2916878745302991,0.38987775005150976
824695,2026-04-10,2026,Chicago Cubs,Pittsburgh Pirates,2026-04-10T17:00:00+00:00,2026-04-10T18:20:00+00:00,0.015500854600604241,0.0,162,162,0.5572475079561306,0.5400813591768365,0.57356608478803,0,0.3105247851233179,0.2916878745302991,0.32897805361906957
824858,2026-04-10,2026,Baltimore Orioles,San Francisco Giants,2026-04-10T17:00:00+00:00,2026-04-10T23:15:00+00:00,-0.030583117532099025,0.0,162,162,0.5100757475603047,0.5400813591768365,0.5392405063291139,0,0.2601772682492037,0.2916878745302991,0.29078032366607914
824941,2026-04-10,2026,Atlanta Braves,Cleveland Guardians,2026-04-10T17:00:00+00:00,2026-04-10T23:15:00+00:00,0.017908300310539693,0.0,162,162,0.5596909985239709,0.5400813591768365,0.5628140703517588,1,0.19387201678081784,0.21152515617662604,0.1911315370823969
822830,2026-04-11,2026,Toronto Blue Jays,Minnesota Twins,2026-04-11T17:00:00+00:00,2026-04-11T19:07:00+00:00,0.1054652581375608,0.0,162,162,0.6457269310389981,0.5400813591768365,0.5216284987277354,0,0.41696326946904305,0.2916878745302991,0.27209629068495106
822996,2026-04-11,2026,Tampa Bay Rays,New York Yankees,2026-04-11T17:00:00+00:00,2026-04-11T22:10:00+00:00,-0.04411325930815946,0.0,162,162,0.4961540464525605,0.5400813591768365,0.37320574162679426,1,0.2538607449061286,0.21152515617662604,0.39287104232961706
823074,2026-04-11,2026,St. Louis Cardinals,Boston Red Sox,2026-04-11T17:00:00+00:00,2026-04-11T23:15:00+00:00,-0.05830617469038046,0.0,162,162,0.4815571757460969,0.5400813591768365,0.4531645569620253,0,0.23189731351255727,0.2916878745302991,0.20535811568658865
823155,2026-04-11,2026,Seattle Mariners,Houston Astros,2026-04-11T17:00:00+00:00,2026-04-12T01:40:00+00:00,-0.0016889338832646317,0.0,162,162,0.5397266481335357,0.5400813591768365,0.57356608478803,1,0.2118515584383901,0.21152515617662604,0.18184588404300966
823316,2026-04-11,2026,San Diego Padres,Colorado Rockies,2026-04-11T17:00:00+00:00,2026-04-12T00:40:00+00:00,0.14670123591868095,0.0,162,162,0.68353032891755,0.5400813591768365,0.6014669926650367,1,0.10015305271503412,0.21152515617662604,0.15882855793544995
823480,2026-04-11,2026,Philadelphia Phillies,Arizona Diamondbacks,2026-04-11T17:00:00+00:00,2026-04-11T17:05:00+00:00,0.04981623494109089,0.0,162,162,0.5917602737634996,0.5400813591768365,0.5292620865139949,1,0.16665967407765278,0.21152515617662604,0.22159418319315766
823805,2026-04-11,2026,Milwaukee Brewers,Washington Nationals,2026-04-11T17:00:00+00:00,2026-04-11T23:10:00+00:00,0.1594655411381184,0.0,162,162,0.6947845457718199,0.5400813591768365,0.6168674698795181,0,0.4827255650433541,0.2916878745302991,0.3805254753955582
823967,2026-04-11,2026,Los Angeles Dodgers,Texas Rangers,2026-04-11T17:00:00+00:00,2026-04-12T01:10:00+00:00,0.0006630012067821989,0.0,162,162,0.5421306760640343,0.5400813591768365,0.6294536817102138,1,0.20964431780157827,0.21152515617662604,0.13730457399811558
824129,2026-04-11,2026,Kansas City Royals,Chicago White Sox,2026-04-11T17:00:00+00:00,2026-04-11T20:10:00+00:00,0.014511649556763706,0.0,162,162,0.5562426816736629,0.5400813591768365,0.6350710900473934,1,0.1969205575681821,0.21152515617662604,0.13317310931919768
824294,2026-04-11,2026,Detroit Tigers,Miami Marlins,2026-04-11T17:00:00+00:00,2026-04-11T17:10:00+00:00,0.009178601673530684,0.0,162,162,0.5508176877715727,0.5400813591768365,0.547979797979798,1,0.20176474961887636,0.21152515617662604,0.20432226303438422
824535,2026-04-11,2026,Cincinnati Reds,Los Angeles Angels,2026-04-11T17:00:00+00:00,2026-04-11T20:10:00+00:00,0.04869539586852556,0.0,162,162,0.5906452546121514,0.5400813591768365,0.547979797979798,1,0.1675713075715503,0.21152515617662604,0.20432226303438422
824697,2026-04-11,2026,Chicago Cubs,Pittsburgh Pirates,2026-04-11T17:00:00+00:00,2026-04-11T18:20:00+00:00,0.014353874483052365,0.0,162,162,0.5560823722885738,0.5400813591768365,0.5639097744360902,0,0.30922760477008804,0.2916878745302991,0.3179942337045622
824857,2026-04-11,2026,Baltimore Orioles,San Francisco Giants,2026-04-11T17:00:00+00:00,2026-04-11T23:15:00+00:00,-0.031464345437445695,0.0,162,162,0.5091692594311327,0.5400813591768365,0.49489795918367346,1,0.24091481588738275,0.21152515617662604,0.25512807163681794
824939,2026-04-11,2026,Atlanta Braves,Cleveland Guardians,2026-04-11T17:00:00+00:00,2026-04-11T23:15:00+00:00,0.02316515103254213,0.0,162,162,0.565016357687155,0.5400813591768365,0.5165394402035622,0,0.31924348445405903,0.2916878745302991,0.26681299328580943
822828,2026-04-12,2026,Toronto Blue Jays,Minnesota Twins,2026-04-12T17:00:00+00:00,2026-04-12T17:37:00+00:00,0.10415124883572452,0.0,162,162,0.6444886428443963,0.5400813591768365,0.5566750629722922,0,0.41536561075541184,0.2916878745302991,0.3098871257352055
822998,2026-04-12,2026,Tampa Bay Rays,New York Yankees,2026-04-12T17:00:00+00:00,2026-04-12T17:40:00+00:00,-0.039244102591704466,0.0,162,162,0.5011645557738897,0.5400813591768365,0.4335839598997493,1,0.24883680041626074,0.21152515617662604,0.32082713048284883
823075,2026-04-12,2026,St. Louis Cardinals,Boston Red Sox,2026-04-12T17:00:00+00:00,2026-04-12T18:15:00+00:00,-0.0667119956254999,0.0,162,162,0.4729253355541297,0.5400813591768365,0.46954314720812185,0,0.22365837300898617,0.2916878745302991,0.220470767090108
823154,2026-04-12,2026,Seattle Mariners,Houston Astros,2026-04-12T17:00:00+00:00,2026-04-12T20:10:00+00:00,-0.0016545392095639322,0.0,162,162,0.5397618182100504,0.5400813591768365,0.6101694915254237,1,0.21181918397731866,0.21152515617662604,0.15196782533754674
823317,2026-04-12,2026,San Diego Padres,Colorado Rockies,2026-04-12T17:00:00+00:00,2026-04-12T20:10:00+00:00,0.1494352035446848,0.0,162,162,0.6859596084930143,0.5400813591768365,0.6689342403628117,1,0.09862136749786087,0.21152515617662604,0.10960453720414855
823479,2026-04-12,2026,Philadelphia Phillies,Arizona Diamondbacks,2026-04-12T17:00:00+00:00,2026-04-12T17:35:00+00:00,0.04942687355707642,0.0,162,162,0.5913730405520647,0.5400813591768365,0.5796019900497512,0,0.34972207309179404,0.2916878745302991,0.3359384668696319
823804,2026-04-12,2026,Milwaukee Brewers,Washington Nationals,2026-04-12T17:00:00+00:00,2026-04-12T18:10:00+00:00,0.15687362259781074,0.0,162,162,0.6925174377415119,0.5400813591768365,0.6621004566210046,0,0.47958040157606874,0.2916878745302991,0.43837701465774276
823966,2026-04-12,2026,Los Angeles Dodgers,Texas Rangers,2026-04-12T17:00:00+00:00,2026-04-12T20:10:00+00:00,0.0036026880106012626,0.0,162,162,0.5451327046445985,0.5400813591768365,0.5329949238578681,0,0.2971696656731351,0.2916878745302991,0.2840835888582546
824126,2026-04-12,2026,Kansas City Royals,Chicago White Sox,2026-04-12T17:00:00+00:00,2026-04-12T18:10:00+00:00,0.017736733296337404,0.0,162,162,0.5595169570153717,0.5400813591768365,0.6235011990407675,0,0.3130592251877414,0.2916878745302991,0.3887537452052748
824293,2026-04-12,2026,Detroit Tigers,Miami Marlins,2026-04-12T17:00:00+00:00,2026-04-12T17:40:00+00:00,0.011856881515167561,0.0,162,162,0.5535437371267221,0.5400813591768365,0.6092233009708737,1,0.1993231946587734,0.21152515617662604,0.15270642850410032
824533,2026-04-12,2026,Cincinnati Reds,Los Angeles Angels,2026-04-12T17:00:00+00:00,2026-04-12T17:40:00+00:00,0.051822434224872205,0.0,162,162,0.5937536927268515,0.5400813591768365,0.49489795918367346,0,0.3525434476267724,0.2916878745302991,0.24492399000416493
824696,2026-04-12,2026,Chicago Cubs,Pittsburgh Pirates,2026-04-12T17:00:00+00:00,2026-04-12T18:20:00+00:00,0.01055575581353474,0.0,162,162,0.5522197965103767,0.5400813591768365,0.5516372795969774,1,0.20050711063720847,0.21152515617662604,0.20102912904719902
824859,2026-04-12,2026,Baltimore Orioles,San Francisco Giants,2026-04-12T17:00:00+00:00,2026-04-12T17:35:00+00:00,-0.026649869086460165,0.0,162,162,0.5141208501414384,0.5400813591768365,0.530456852791878,1,0.2360785482672786,0.21152515617662604,0.2204707670901081
824938,2026-04-12,2026,Atlanta Braves,Cleveland Guardians,2026-04-12T17:00:00+00:00,2026-04-12T23:20:00+00:00,0.01838126682267882,0.0,162,162,0.5601707104835973,0.5400813591768365,0.635933806146572,1,0.19344980391650354,0.21152515617662604,0.1325441935069218
823073,2026-04-13,2026,St. Louis Cardinals,Cleveland Guardians,2026-04-13T17:00:00+00:00,2026-04-13T23:45:00+00:00,-0.04678163093853366,0.0,162,162,0.4934084747729637,0.5400813591768365,0.48346055979643765,0,0.24345192297778234,0.2916878745302991,0.23373411287868487
823153,2026-04-13,2026,Seattle Mariners,Houston Astros,2026-04-13T17:00:00+00:00,2026-04-13T20:10:00+00:00,0.003639639596032085,0.0,162,162,0.5451704194538055,0.5400813591768365,0.6039119804400979,1,0.20686994733982722,0.21152515617662604,0.15688571923888542
823400,2026-04-13,2026,Pittsburgh Pirates,Washington Nationals,2026-04-13T17:00:00+00:00,2026-04-13T22:40:00+00:00,0.07280611505443702,0.0,162,162,0.6144075861302079,0.5400813591768365,0.6566820276497696,1,0.1486815096339331,0.21152515617662604,0.11786723013867359
823481,2026-04-13,2026,Philadelphia Phillies,Chicago Cubs,2026-04-13T17:00:00+00:00,2026-04-13T22:40:00+00:00,0.015564420885412655,0.0,162,162,0.5573120621319978,0.5400813591768365,0.6168674698795181,1,0.19597261033382418,0.21152515617662604,0.14679053563652195
823563,2026-04-13,2026,New York Yankees,Los Angeles Angels,2026-04-13T17:00:00+00:00,2026-04-13T23:05:00+00:00,0.1042345167988532,0.0,162,162,0.644567170032741,0.5400813591768365,0.6309523809523809,1,0.12633249661853443,0.21152515617662604,0.13619614512471656
823725,2026-04-13,2026,Minnesota Twins,Boston Red Sox,2026-04-13T17:00:00+00:00,2026-04-13T23:40:00+00:00,-0.08417347141610532,0.0,162,162,0.45505183219378204,0.5400813591768365,0.40196078431372556,1,0.2969685055953539,0.21152515617662604,0.3576509034986542
823964,2026-04-13,2026,Los Angeles Dodgers,New York Mets,2026-04-13T17:00:00+00:00,2026-04-14T02:10:00+00:00,0.060914917835035554,0.0,162,162,0.6027486980310336,0.5400813591768365,0.5935960591133005,1,0.15780859691603893,0.21152515617662604,0.16516416316823995
824856,2026-04-13,2026,Baltimore Orioles,Arizona Diamondbacks,2026-04-13T17:00:00+00:00,2026-04-13T22:35:00+00:00,-0.006777436065860953,0.0,162,162,0.5345192575008976,0.5400813591768365,0.5417721518987342,1,0.2166723216375157,0.21152515617662604,0.20997276077551674
824937,2026-04-13,2026,Atlanta Braves,Miami Marlins,2026-04-13T17:00:00+00:00,2026-04-13T23:15:00+00:00,0.05724168632859261,0.0,162,162,0.5991228323763645,0.5400813591768365,0.5831265508684863,0,0.3589481682746774,0.2916878745302991,0.34003657432777734
823072,2026-04-14,2026,St. Louis Cardinals,Cleveland Guardians,2026-04-14T17:00:00+00:00,2026-04-14T23:45:00+00:00,-0.05458490912486191,0.0,162,162,0.4853823257538561,0.5400813591768365,0.47959183673469385,1,0.2648313506465103,0.21152515617662604,0.27082465639316955
823315,2026-04-14,2026,San Diego Padres,Seattle Mariners,2026-04-14T17:00:00+00:00,2026-04-15T01:40:00+00:00,0.02469663184533899,1.0,162,162,0.5390468243371007,0.5400813591768365,0.47715736040609136,1,0.2124778301537117,0.21152515617662604,0.27336442577752584
823398,2026-04-14,2026,Pittsburgh Pirates,Washington Nationals,2026-04-14T17:00:00+00:00,2026-04-14T22:40:00+00:00,0.08212844884751458,0.0,162,162,0.6234575968652214,0.5400813591768365,0.6285714285714284,0,0.3886993750889569,0.2916878745302991,0.3951020408163264
823478,2026-04-14,2026,Philadelphia Phillies,Chicago Cubs,2026-04-14T17:00:00+00:00,2026-04-14T22:40:00+00:00,0.02002849904512105,0.0,162,162,0.5618405526923046,0.5400813591768365,0.5639097744360902,0,0.3156648066495943,0.2916878745302991,0.3179942337045622
823562,2026-04-14,2026,New York Yankees,Los Angeles Angels,2026-04-14T17:00:00+00:00,2026-04-14T23:05:00+00:00,0.10523864639402442,0.0,162,162,0.645513516831597,0.5400813591768365,0.6168674698795181,0,0.4166877004122964,0.2916878745302991,0.3805254753955582
823723,2026-04-14,2026,Minnesota Twins,Boston Red Sox,2026-04-14T17:00:00+00:00,2026-04-14T23:40:00+00:00,-0.07733263532036916,0.0,162,162,0.4620428660407183,0.5400813591768365,0.4520202020202021,1,0.2893978779776845,0.21152515617662604,0.30028185899398013
823802,2026-04-14,2026,Milwaukee Brewers,Toronto Blue Jays,2026-04-14T17:00:00+00:00,2026-04-14T23:40:00+00:00,0.04013582140528971,0.0,162,162,0.5821001428828624,0.5400813591768365,0.5367088607594936,0,0.3388405763442488,0.2916878745302991,0.28805640121775355
823965,2026-04-14,2026,Los Angeles Dodgers,New York Mets,2026-04-14T17:00:00+00:00,2026-04-15T02:10:00+00:00,0.062381857629386306,0.0,162,162,0.6041935990307897,0.5400813591768365,0.6488372093023256,1,0.15666270704819926,0.21152515617662604,0.1233153055705787
824210,2026-04-14,2026,Houston Astros,Colorado Rockies,2026-04-14T17:00:00+00:00,2026-04-15T00:10:00+00:00,0.11910574770276439,-1.0,162,162,0.6830447168634721,0.5400813591768365,0.6207729468599034,1,0.10046065150815656,0.21152515617662604,0.1438131578333217
824292,2026-04-14,2026,Detroit Tigers,Kansas City Royals,2026-04-14T17:00:00+00:00,2026-04-14T22:40:00+00:00,0.01079357593204383,0.0,162,162,0.552461842609344,0.5400813591768365,0.5165394402035622,1,0.20029040232062362,0.21152515617662604,0.23373411287868498
824531,2026-04-14,2026,Cincinnati Reds,San Francisco Giants,2026-04-14T17:00:00+00:00,2026-04-14T22:40:00+00:00,-0.015788143968075485,0.0,162,162,0.5252802483318044,0.5400813591768365,0.5089058524173028,1,0.22535884262391329,0.21152515617662604,0.24117346178997598
824616,2026-04-14,2026,Chicago White Sox,Tampa Bay Rays,2026-04-14T17:00:00+00:00,2026-04-14T23:40:00+00:00,-0.023680499234362884,0.0,162,162,0.5171734669416799,0.5400813591768365,0.44332493702770776,0,0.26746839490847685,0.2916878745302991,0.19653699979062106
824853,2026-04-14,2026,Baltimore Orioles,Arizona Diamondbacks,2026-04-14T17:00:00+00:00,2026-04-14T22:35:00+00:00,-0.002892258225672184,0.0,162,162,0.5384959491507566,0.5400813591768365,0.5990220048899756,0,0.28997788725177426,0.2916878745302991,0.3588273623424059
824935,2026-04-14,2026,Atlanta Braves,Miami Marlins,2026-04-14T17:00:00+00:00,2026-04-14T23:15:00+00:00,0.053175206788897256,0.0,162,162,0.5950961102820619,0.5400813591768365,0.5980392156862746,1,0.1639471599087162,0.21152515617662604,0.16157247212610526
823071,2026-04-15,2026,St. Louis Cardinals,Cleveland Guardians,2026-04-15T17:00:00+00:00,2026-04-15T17:15:00+00:00,-0.05594643384618447,0.0,162,162,0.48398256973354564,0.5400813591768365,0.5025510204081632,1,0.2662739883387951,0.21152515617662604,0.24745548729695963
823314,2026-04-15,2026,San Diego Padres,Seattle Mariners,2026-04-15T17:00:00+00:00,2026-04-16T01:40:00+00:00,0.02962237553715663,0.0,162,162,0.5715371344674922,0.5400813591768365,0.5102040816326531,1,0.18358042714032785,0.21152515617662604,0.23990004164931278
823399,2026-04-15,2026,Pittsburgh Pirates,Washington Nationals,2026-04-15T17:00:00+00:00,2026-04-15T22:40:00+00:00,0.08277556758889998,0.0,162,162,0.624082707098311,0.5400813591768365,0.6225961538461539,1,0.14131381110253421,0.21152515617662604,0.14243366309171596
823477,2026-04-15,2026,Philadelphia Phillies,Chicago Cubs,2026-04-15T17:00:00+00:00,2026-04-15T22:40:00+00:00,0.01114449314784205,0.0,162,162,0.5528189500653041,0.5400813591768365,0.5603015075376885,0,0.3056087915513052,0.2916878745302991,0.3139377793490064
823561,2026-04-15,2026,New York Yankees,Los Angeles Angels,2026-04-15T17:00:00+00:00,2026-04-15T23:05:00+00:00,0.09982559665855184,0.0,162,162,0.6403986510546923,0.5400813591768365,0.6235011990407675,1,0.12931313016328497,0.21152515617662604,0.14175134712373977
823722,2026-04-15,2026,Minnesota Twins,Boston Red Sox,2026-04-15T17:00:00+00:00,2026-04-15T17:40:00+00:00,-0.07231361749495613,0.0,162,162,0.46718174965593406,0.5400813591768365,0.4746192893401016,0,0.21825878721157985,0.2916878745302991,0.2252634698137031
823803,2026-04-15,2026,Milwaukee Brewers,Toronto Blue Jays,2026-04-15T17:00:00+00:00,2026-04-15T23:40:00+00:00,0.03706243021024447,0.0,162,162,0.579019593716667,0.5400813591768365,0.4582278481012658,1,0.17722450247448013,0.21152515617662604,0.2935170645729851
823963,2026-04-15,2026,Los Angeles Dodgers,New York Mets,2026-04-15T17:00:00+00:00,2026-04-16T02:10:00+00:00,0.06366905484568641,0.0,162,162,0.6054599619701274,0.5400813591768365,0.6440281030444964,1,0.1556618416086133,0.21152515617662604,0.12671599142209966
824209,2026-04-15,2026,Houston Astros,Colorado Rockies,2026-04-15T17:00:00+00:00,2026-04-16T00:10:00+00:00,0.11824659244136848,0.0,162,162,0.6576679609074825,0.5400813591768365,0.6309523809523809,1,0.11719122498924095,0.21152515617662604,0.13619614512471656
824291,2026-04-15,2026,Detroit Tigers,Kansas City Royals,2026-04-15T17:00:00+00:00,2026-04-15T22:40:00+00:00,0.011695396976752148,0.0,162,162,0.5533794618835933,0.5400813591768365,0.5454545454545454,1,0.19946990506738865,0.21152515617662604,0.20661157024793392
824532,2026-04-15,2026,Cincinnati Reds,San Francisco Giants,2026-04-15T17:00:00+00:00,2026-04-15T22:40:00+00:00,-0.01362946174529106,0.0,162,162,0.5274954412627393,0.5400813591768365,0.5,1,0.22326055802749345,0.21152515617662604,0.25
824615,2026-04-15,2026,Chicago White Sox,Tampa Bay Rays,2026-04-15T17:00:00+00:00,2026-04-15T23:40:00+00:00,-0.026263033434155092,0.0,162,162,0.5145185953778295,0.5400813591768365,0.49234693877551017,0,0.26472938498957466,0.2916878745302991,0.24240550812161596
824936,2026-04-15,2026,Atlanta Braves,Miami Marlins,2026-04-15T17:00:00+00:00,2026-04-15T23:15:00+00:00,0.0537941306485103,0.0,162,162,0.5957098238406938,0.5400813591768365,0.6058394160583942,1,0.16345054653892283,0.21152515617662604,0.15536256593318767
823313,2026-04-16,2026,San Diego Padres,Seattle Mariners,2026-04-16T17:00:00+00:00,2026-04-17T00:40:00+00:00,0.029108338310354975,0.0,162,162,0.5710189162665903,0.5400813591768365,0.4746192893401016,1,0.18402477020109068,0.21152515617662604,0.27602489113349993
823560,2026-04-16,2026,New York Yankees,Los Angeles Angels,2026-04-16T17:00:00+00:00,2026-04-16T17:35:00+00:00,0.10626419522265368,0.0,162,162,0.6464788759424208,0.5400813591768365,0.7227926078028747,0,0.4179349370397759,0.2916878745302991,0.5224291538944802
823801,2026-04-16,2026,Milwaukee Brewers,Toronto Blue Jays,2026-04-16T17:00:00+00:00,2026-04-16T17:40:00+00:00,0.040953005602718306,0.0,162,162,0.5829181638421523,0.5400813591768365,0.5190839694656489,1,0.17395725805280168,0.21152515617662604,0.23128022842491688
824208,2026-04-16,2026,Houston Astros,Colorado Rockies,2026-04-16T17:00:00+00:00,2026-04-17T00:10:00+00:00,0.11842435595547735,0.0,162,162,0.6578326791157342,0.5400813591768365,0.6029411764705883,0,0.4327438337125845,0.2916878745302991,0.36353806228373714
824289,2026-04-16,2026,Detroit Tigers,Kansas City Royals,2026-04-16T17:00:00+00:00,2026-04-16T17:10:00+00:00,0.011716943089351006,0.0,162,162,0.5534013810213478,0.5400813591768365,0.4681933842239186,1,0.19945032647363933,0.21152515617662604,0.28281827658320874
824453,2026-04-16,2026,Cleveland Guardians,Baltimore Orioles,2026-04-16T17:00:00+00:00,2026-04-16T22:10:00+00:00,0.02556169050137813,0.0,162,162,0.5674392350542082,0.5400813591768365,0.5367088607594936,1,0.1871088153704885,0.21152515617662604,0.21463867969876624
824614,2026-04-16,2026,Chicago White Sox,Tampa Bay Rays,2026-04-16T17:00:00+00:00,2026-04-16T18:10:00+00:00,-0.03139985103117454,0.0,162,162,0.5092356046742225,0.5400813591768365,0.4607594936708861,0,0.259320901067921,0.2916878745302991,0.21229931100785132
822752,2026-04-17,2026,Washington Nationals,San Francisco Giants,2026-04-17T17:00:00+00:00,2026-04-17T22:45:00+00:00,-0.06675171788733109,0.0,162,162,0.4728845795462179,0.5400813591768365,0.42144638403990026,0,0.22361982557260326,0.2916878745302991,0.1776170546203071
823152,2026-04-17,2026,Seattle Mariners,Texas Rangers,2026-04-17T17:00:00+00:00,2026-04-18T01:40:00+00:00,-0.05744534673624491,0.0,162,162,0.48244185916044563,0.5400813591768365,0.5468354430379747,0,0.23275014747018727,0.2916878745302991,0.2990290017625381
823397,2026-04-17,2026,Pittsburgh Pirates,Tampa Bay Rays,2026-04-17T17:00:00+00:00,2026-04-17T22:45:00+00:00,0.009685983462610848,0.0,162,162,0.5513343586955117,0.5400813591768365,0.530456852791878,1,0.20130085768716774,0.21152515617662604,0.2204707670901081
823476,2026-04-17,2026,Philadelphia Phillies,Atlanta Braves,2026-04-17T17:00:00+00:00,2026-04-17T22:40:00+00:00,-0.012155975755023363,0.0,162,162,0.5290068845114733,0.5400813591768365,0.49234693877551017,0,0.27984828386053523,0.2916878745302991,0.24240550812161596
823559,2026-04-17,2026,New York Yankees,Kansas City Royals,2026-04-17T17:00:00+00:00,2026-04-17T23:05:00+00:00,0.05105724066965078,0.0,162,162,0.5929937343125561,0.5400813591768365,0.6201923076923077,1,0.16565410030883818,0.21152515617662604,0.14425388313609466
823720,2026-04-17,2026,Minnesota Twins,Cincinnati Reds,2026-04-17T17:00:00+00:00,2026-04-18T00:10:00+00:00,-0.038769737259564896,1.0,162,162,0.4738405741917083,0.5400813591768365,0.608272506082725,0,0.2245248897503278,0.2916878745302991,0.3699954416561587
823883,2026-04-17,2026,Miami Marlins,Milwaukee Brewers,2026-04-17T17:00:00+00:00,2026-04-17T23:10:00+00:00,-0.10199093374134116,1.0,162,162,0.4097585842171596,0.5400813591768365,0.5076530612244898,0,0.16790209733965109,0.2916878745302991,0.2577116305705956
824048,2026-04-17,2026,Los Angeles Angels,San Diego Padres,2026-04-17T17:00:00+00:00,2026-04-18T01:38:00+00:00,-0.0978043123934042,0.0,162,162,0.4411770526920086,0.5400813591768365,0.5516372795969774,1,0.3122830864379902,0.21152515617662604,0.20102912904719902
824207,2026-04-17,2026,Houston Astros,St. Louis Cardinals,2026-04-17T17:00:00+00:00,2026-04-18T00:10:00+00:00,0.052477588252400564,-1.0,162,162,0.6209413773543384,0.5400813591768365,0.5491183879093199,0,0.38556819411070287,0.2916878745302991,0.3015310039401303
824373,2026-04-17,2026,Colorado Rockies,Los Angeles Dodgers,2026-04-17T17:00:00+00:00,2026-04-18T00:40:00+00:00,-0.18432115179469172,-1.0,162,162,0.38197787260538546,0.5400813591768365,0.274949083503055,0,0.14590709516013609,0.2916878745302991,0.07559699851916993
824454,2026-04-17,2026,Cleveland Guardians,Baltimore Orioles,2026-04-17T17:00:00+00:00,2026-04-17T22:10:00+00:00,0.02926182444779285,0.0,162,162,0.5711736671598306,0.5400813591768365,0.547979797979798,0,0.326239358056809,0.2916878745302991,0.30028185899398024
824693,2026-04-17,2026,Chicago Cubs,New York Mets,2026-04-17T17:00:00+00:00,2026-04-17T18:20:00+00:00,0.01869317750532762,0.0,162,162,0.5604870081988607,0.5400813591768365,0.5796019900497512,1,0.19317166996198837,0.21152515617662604,0.17673448677012948
824778,2026-04-17,2026,Boston Red Sox,Detroit Tigers,2026-04-17T17:00:00+00:00,2026-04-17T23:15:00+00:00,0.01821174700837047,1.0,162,162,0.5324077501829989,0.5400813591768365,0.5417721518987342,1,0.21864251208892477,0.21152515617662604,0.20997276077551674
825101,2026-04-17,2026,Arizona Diamondbacks,Toronto Blue Jays,2026-04-17T17:00:00+00:00,2026-04-18T01:40:00+00:00,-0.05529038389292684,1.0,162,162,0.45692321309662426,0.5400813591768365,0.5516372795969774,1,0.2949323964732945,0.21152515617662604,0.20102912904719902
822751,2026-04-18,2026,Washington Nationals,San Francisco Giants,2026-04-18T17:00:00+00:00,2026-04-18T20:05:00+00:00,-0.07253021653529568,0.0,162,162,0.46695982598725466,0.5400813591768365,0.49489795918367346,0,0.21805147908604716,0.2916878745302991,0.24492399000416493
823151,2026-04-18,2026,Seattle Mariners,Texas Rangers,2026-04-18T17:00:00+00:00,2026-04-18T23:15:00+00:00,-0.061221913986372,0.0,162,162,0.47856152653662176,0.5400813591768365,0.5516372795969774,1,0.2718980816078182,0.21152515617662604,0.20102912904719902
823394,2026-04-18,2026,Pittsburgh Pirates,Tampa Bay Rays,2026-04-18T17:00:00+00:00,2026-04-18T19:30:00+00:00,0.01656843751956849,0.0,162,162,0.5583314241304186,0.5400813591768365,0.5841584158415841,0,0.31173397917150136,0.2916878745302991,0.3412410547985491
823474,2026-04-18,2026,Philadelphia Phillies,Atlanta Braves,2026-04-18T17:00:00+00:00,2026-04-18T23:15:00+00:00,-0.02101479430482045,0.0,162,162,0.5199128207187681,0.5400813591768365,0.5355329949238579,0,0.2703093411477459,0.2916878745302991,0.2867955886521168
823558,2026-04-18,2026,New York Yankees,Kansas City Royals,2026-04-18T17:00:00+00:00,2026-04-18T17:35:00+00:00,0.05419374681229694,0.0,162,162,0.5961059170551135,0.5400813591768365,0.5980392156862746,1,0.16313043023789084,0.21152515617662604,0.16157247212610526
823721,2026-04-18,2026,Minnesota Twins,Cincinnati Reds,2026-04-18T17:00:00+00:00,2026-04-18T18:10:00+00:00,-0.04138312931765886,0.0,162,162,0.49896340201325745,0.5400813591768365,0.5329949238578681,0,0.24896447654864357,0.2916878745302991,0.2840835888582546
823882,2026-04-18,2026,Miami Marlins,Milwaukee Brewers,2026-04-18T17:00:00+00:00,2026-04-18T20:10:00+00:00,-0.10165647269194406,0.0,162,162,0.43727159088014567,0.5400813591768365,0.5089058524173028,0,0.1912064441908535,0.2916878745302991,0.2589851666245816
824049,2026-04-18,2026,Los Angeles Angels,San Diego Padres,2026-04-18T17:00:00+00:00,2026-04-19T01:38:00+00:00,-0.08958693616451607,0.0,162,162,0.4495319026255726,0.5400813591768365,0.49234693877551017,0,0.20207893147816727,0.2916878745302991,0.24240550812161596
824206,2026-04-18,2026,Houston Astros,St. Louis Cardinals,2026-04-18T17:00:00+00:00,2026-04-18T23:10:00+00:00,0.049124770961366415,0.0,162,162,0.5910725110181377,0.5400813591768365,0.5639097744360902,0,0.34936671328128655,0.2916878745302991,0.3179942337045622
824372,2026-04-18,2026,Colorado Rockies,Los Angeles Dodgers,2026-04-18T17:00:00+00:00,2026-04-19T00:10:00+00:00,-0.18775184573731785,0.0,162,162,0.3528289874139491,0.5400813591768365,0.27983539094650206,1,0.4188303195316545,0.21152515617662604,0.5186370641331775
824451,2026-04-18,2026,Cleveland Guardians,Baltimore Orioles,2026-04-18T17:00:00+00:00,2026-04-18T22:10:00+00:00,0.027965376375363782,0.0,162,162,0.5698661013075381,0.5400813591768365,0.5603015075376885,1,0.18501517080437707,0.21152515617662604,0.19333476427362942
824694,2026-04-18,2026,Chicago Cubs,New York Mets,2026-04-18T17:00:00+00:00,2026-04-18T18:20:00+00:00,0.021283415948317952,0.0,162,162,0.5631117572157354,0.5400813591768365,0.5216284987277354,1,0.19087133668312256,0.21152515617662604,0.22883929322948024
824775,2026-04-18,2026,Boston Red Sox,Detroit Tigers,2026-04-18T17:00:00+00:00,2026-04-18T20:10:00+00:00,0.01786473554434531,0.0,162,162,0.5596468068155528,0.5400813591768365,0.4228855721393035,0,0.31320454837884465,0.2916878745302991,0.17883220712358608
825098,2026-04-18,2026,Arizona Diamondbacks,Toronto Blue Jays,2026-04-18T17:00:00+00:00,2026-04-19T00:10:00+00:00,-0.05196958312475913,0.0,162,162,0.48807171404217115,0.5400813591768365,0.5796019900497512,1,0.26207056996372063,0.21152515617662604,0.17673448677012948
822750,2026-04-19,2026,Washington Nationals,San Francisco Giants,2026-04-19T17:00:00+00:00,2026-04-19T17:35:00+00:00,-0.07467695813097808,0.0,162,162,0.46476103220300324,0.5400813591768365,0.44332493702770776,1,0.2864807526483945,0.21152515617662604,0.3098871257352056
823150,2026-04-19,2026,Seattle Mariners,Texas Rangers,2026-04-19T17:00:00+00:00,2026-04-19T20:10:00+00:00,-0.059352636435622164,0.0,162,162,0.4804818704559519,0.5400813591768365,0.5603015075376885,1,0.2698990869249463,0.21152515617662604,0.19333476427362942
823393,2026-04-19,2026,Pittsburgh Pirates,Tampa Bay Rays,2026-04-19T17:00:00+00:00,2026-04-19T17:35:00+00:00,0.016032939776683852,0.0,162,162,0.5577878024682832,0.5400813591768365,0.5,1,0.19555162764583012,0.21152515617662604,0.25
823475,2026-04-19,2026,Philadelphia Phillies,Atlanta Braves,2026-04-19T17:00:00+00:00,2026-04-19T23:20:00+00:00,-0.024412091732011976,0.0,162,162,0.5164214742682958,0.5400813591768365,0.5253807106598984,0,0.26669113908544007,0.2916878745302991,0.27602489113349993
823556,2026-04-19,2026,New York Yankees,Kansas City Royals,2026-04-19T17:00:00+00:00,2026-04-19T17:35:00+00:00,0.0624905954268119,0.0,162,162,0.6043006311377531,0.5400813591768365,0.57356608478803,1,0.15657799051798052,0.21152515617662604,0.18184588404300966
823718,2026-04-19,2026,Minnesota Twins,Cincinnati Reds,2026-04-19T17:00:00+00:00,2026-04-19T18:10:00+00:00,-0.04037202475823087,0.0,162,162,0.5000038738458155,0.5400813591768365,0.5241730279898218,0,0.2500038738608221,0.2916878745302991,0.2747573632720185
823881,2026-04-19,2026,Miami Marlins,Milwaukee Brewers,2026-04-19T17:00:00+00:00,2026-04-19T17:40:00+00:00,-0.10353687330569228,0.0,162,162,0.4353679615744674,0.5400813591768365,0.5139949109414759,1,0.3188093388165721,0.21152515617662604,0.23620094659078397
824047,2026-04-19,2026,Los Angeles Angels,San Diego Padres,2026-04-19T17:00:00+00:00,2026-04-19T20:07:00+00:00,-0.09280329630698375,0.0,162,162,0.44625807509372867,0.5400813591768365,0.47582697201017815,0,0.19914626958635998,0.2916878745302991,0.22641130729237485
824205,2026-04-19,2026,Houston Astros,St. Louis Cardinals,2026-04-19T17:00:00+00:00,2026-04-19T18:10:00+00:00,0.04737226175558734,0.0,162,162,0.5893277908894019,0.5400813591768365,0.5664160401002506,0,0.3473072451145826,0.2916878745302991,0.32082713048284867
824371,2026-04-19,2026,Colorado Rockies,Los Angeles Dodgers,2026-04-19T17:00:00+00:00,2026-04-19T19:10:00+00:00,-0.182558220140704,0.0,162,162,0.35772565663511646,0.5400813591768365,0.3295711060948081,1,0.41251633214479233,0.21152515617662604,0.44947490178293903
824452,2026-04-19,2026,Cleveland Guardians,Baltimore Orioles,2026-04-19T17:00:00+00:00,2026-04-19T17:40:00+00:00,0.030246871190631575,0.0,162,162,0.572166498380484,0.5400813591768365,0.5318066157760813,1,0.18304150510801645,0.21152515617662604,0.21920504503104593
824691,2026-04-19,2026,Chicago Cubs,New York Mets,2026-04-19T17:00:00+00:00,2026-04-19T18:20:00+00:00,0.02000641483303467,0.0,162,162,0.561818174526717,0.5400813591768365,0.5664160401002506,1,0.19200331217509864,0.21152515617662604,0.1879950502823475
824777,2026-04-19,2026,Boston Red Sox,Detroit Tigers,2026-04-19T17:00:00+00:00,2026-04-19T20:35:00+00:00,0.014739003945600904,0.0,162,162,0.5564736674092849,0.5400813591768365,0.5760598503740648,0,0.3096629425199395,0.2916878745302991,0.33184495121298996
825100,2026-04-19,2026,Arizona Diamondbacks,Toronto Blue Jays,2026-04-19T17:00:00+00:00,2026-04-19T20:10:00+00:00,-0.04952701289117972,0.0,162,162,0.49058408129667413,0.5400813591768365,0.49744897959183665,0,0.24067274082170179,0.2916878745302991,0.24745548729695951
822749,2026-04-20,2026,Washington Nationals,Atlanta Braves,2026-04-20T17:00:00+00:00,2026-04-20T22:45:00+00:00,-0.11332498032819438,0.0,162,162,0.42549090504405673,0.5400813591768365,0.40640394088669946,0,0.1810425102752105,0.2916878745302991,0.1651641631682399
822994,2026-04-20,2026,Tampa Bay Rays,Cincinnati Reds,2026-04-20T17:00:00+00:00,2026-04-20T22:40:00+00:00,0.00861062791407552,0.0,162,162,0.5502391855009917,0.5400813591768365,0.5267175572519084,0,0.3027631612607948,0.2916878745302991,0.2774313851174174
823879,2026-04-20,2026,Miami Marlins,St. Louis Cardinals,2026-04-20T17:00:00+00:00,2026-04-20T22:40:00+00:00,0.028853525685439863,0.0,162,162,0.5707619732842978,0.5400813591768365,0.5468354430379747,1,0.1842452835787899,0.21152515617662604,0.20535811568658865
824046,2026-04-20,2026,Los Angeles Angels,Toronto Blue Jays,2026-04-20T17:00:00+00:00,2026-04-21T01:38:00+00:00,-0.097855893691278,0.0,162,162,0.44112470845707186,0.5400813591768365,0.47959183673469385,0,0.19459100841133664,0.2916878745302991,0.23000832986255726
824125,2026-04-20,2026,Kansas City Royals,Baltimore Orioles,2026-04-20T17:00:00+00:00,2026-04-20T23:40:00+00:00,-0.007091839358919938,0.0,162,162,0.5341972497154968,0.5400813591768365,0.49109414758269715,0,0.2853667016036008,0.2916878745302991,0.24117346178997592
824370,2026-04-20,2026,Colorado Rockies,Los Angeles Dodgers,2026-04-20T17:00:00+00:00,2026-04-21T00:40:00+00:00,-0.1836251148446149,0.0,162,162,0.35671729774537175,0.5400813591768365,0.33031674208144796,0,0.1272472305107602,0.2916878745302991,0.1091091500993018
824450,2026-04-20,2026,Cleveland Guardians,Houston Astros,2026-04-20T17:00:00+00:00,2026-04-20T22:10:00+00:00,0.01564258042431771,0.0,162,162,0.5573914337034381,0.5400813591768365,0.5267175572519084,0,0.31068521036597424,0.2916878745302991,0.2774313851174174
824692,2026-04-20,2026,Chicago Cubs,Philadelphia Phillies,2026-04-20T17:00:00+00:00,2026-04-20T23:40:00+00:00,0.005664327699755112,0.0,162,162,0.5472361230917444,0.5400813591768365,0.5076530612244898,1,0.204995128232994,0.21152515617662604,0.24240550812161596
822747,2026-04-21,2026,Washington Nationals,Atlanta Braves,2026-04-21T17:00:00+00:00,2026-04-21T22:45:00+00:00,-0.11895096428173135,0.0,162,162,0.41984007212659497,0.5400813591768365,0.43609022556390975,1,0.3365855419100746,0.21152515617662604,0.3179942337045622
822914,2026-04-21,2026,Texas Rangers,Pittsburgh Pirates,2026-04-21T17:00:00+00:00,2026-04-22T00:05:00+00:00,0.052523579855178415,0.0,162,162,0.594449647561324,0.5400813591768365,0.5178571428571429,1,0.16447108836313432,0.21152515617662604,0.23246173469387751
822995,2026-04-21,2026,Tampa Bay Rays,Cincinnati Reds,2026-04-21T17:00:00+00:00,2026-04-21T22:40:00+00:00,-0.0019178909288208867,0.0,162,162,0.5394925193530078,0.5400813591768365,0.49109414758269715,0,0.29105217843785547,0.2916878745302991,0.24117346178997592
823236,2026-04-21,2026,San Francisco Giants,Los Angeles Dodgers,2026-04-21T17:00:00+00:00,2026-04-22T01:45:00+00:00,-0.0744743915621271,1.0,162,162,0.4374050438573841,0.5400813591768365,0.37980769230769235,1,0.3165130846771119,0.21152515617662604,0.3846384985207101
823640,2026-04-21,2026,New York Mets,Minnesota Twins,2026-04-21T17:00:00+00:00,2026-04-21T23:10:00+00:00,0.05075564551555728,0.0,162,162,0.5926940800134832,0.5400813591768365,0.597051597051597,0,0.35128627248302924,0.2916878745302991,0.3564706095418626
823880,2026-04-21,2026,Miami Marlins,St. Louis Cardinals,2026-04-21T17:00:00+00:00,2026-04-21T22:40:00+00:00,0.029308563276725763,0.0,162,162,0.5712207883630879,0.5400813591768365,0.5114503816793893,0,0.32629318905814764,0.2916878745302991,0.261581492919993
824045,2026-04-21,2026,Los Angeles Angels,Toronto Blue Jays,2026-04-21T17:00:00+00:00,2026-04-22T01:38:00+00:00,-0.09946185212094172,0.0,162,162,0.4394956566652599,0.5400813591768365,0.5076530612244898,0,0.19315643222762802,0.2916878745302991,0.2577116305705956
824127,2026-04-21,2026,Kansas City Royals,Baltimore Orioles,2026-04-21T17:00:00+00:00,2026-04-21T23:40:00+00:00,-0.009678484641121754,0.0,162,162,0.5315469835362466,0.5400813591768365,0.5329949238578681,1,0.21944822863398958,0.21152515617662604,0.21809374114251845
824290,2026-04-21,2026,Detroit Tigers,Milwaukee Brewers,2026-04-21T17:00:00+00:00,2026-04-21T22:40:00+00:00,-0.07481492030807313,-1.0,162,162,0.49239716387418786,0.5400813591768365,0.5051020408163266,0,0.2424549669913438,0.2916878745302991,0.25512807163681805
824369,2026-04-21,2026,Colorado Rockies,San Diego Padres,2026-04-21T17:00:00+00:00,2026-04-22T00:40:00+00:00,-0.1492605142542282,-1.0,162,162,0.4165759421739461,0.5400813591768365,0.42999999999999994,0,0.1735355155981109,0.2916878745302991,0.18489999999999995
824448,2026-04-21,2026,Cleveland Guardians,Houston Astros,2026-04-21T17:00:00+00:00,2026-04-21T22:10:00+00:00,0.008823490753695817,0.0,162,162,0.5504560101776151,0.5400813591768365,0.57356608478803,1,0.20208979878542846,0.21152515617662604,0.18184588404300966
824690,2026-04-21,2026,Chicago Cubs,Philadelphia Phillies,2026-04-21T17:00:00+00:00,2026-04-21T23:40:00+00:00,0.007504768486079172,0.0,162,162,0.5491124382604742,0.5400813591768365,0.5429292929292929,1,0.2032995933314147,0.21152515617662604,0.20891363126211612
824773,2026-04-21,2026,Boston Red Sox,New York Yankees,2026-04-21T17:00:00+00:00,2026-04-21T22:45:00+00:00,-0.02415829312344875,-1.0,162,162,0.544407270599753,0.5400813591768365,0.5367088607594936,0,0.2963792762818727,0.2916878745302991,0.28805640121775355
825099,2026-04-21,2026,Arizona Diamondbacks,Chicago White Sox,2026-04-21T17:00:00+00:00,2026-04-22T01:40:00+00:00,0.015062043269277403,0.0,162,162,0.5568018243656156,0.5400813591768365,0.57356608478803,0,0.3100282716168779,0.2916878745302991,0.32897805361906957
822748,2026-04-22,2026,Washington Nationals,Atlanta Braves,2026-04-22T17:00:00+00:00,2026-04-22T22:45:00+00:00,-0.11407926202130098,0.0,162,162,0.4247321268821638,0.5400813591768365,0.4228855721393035,0,0.18039737960584648,0.2916878745302991,0.17883220712358608
822913,2026-04-22,2026,Texas Rangers,Pittsburgh Pirates,2026-04-22T17:00:00+00:00,2026-04-23T00:05:00+00:00,0.05532616233779197,0.0,162,162,0.5972276676650456,0.5400813591768365,0.49109414758269715,0,0.3566808870246302,0.2916878745302991,0.24117346178997592
822993,2026-04-22,2026,Tampa Bay Rays,Cincinnati Reds,2026-04-22T17:00:00+00:00,2026-04-22T17:10:00+00:00,-0.00759025430615945,0.0,162,162,0.5336867212731488,0.5400813591768365,0.5577889447236182,1,0.21744807391698606,0.21152515617662604,0.19555061740865123
823231,2026-04-22,2026,San Francisco Giants,Los Angeles Dodgers,2026-04-22T17:00:00+00:00,2026-04-23T01:45:00+00:00,-0.07369221972610973,0.0,162,162,0.4657694827843257,0.5400813591768365,0.34252873563218394,1,0.28540224552452687,0.21152515617662604,0.4322684634694146
823641,2026-04-22,2026,New York Mets,Minnesota Twins,2026-04-22T17:00:00+00:00,2026-04-22T23:10:00+00:00,0.048094728846494295,0.0,162,162,0.5900473218785166,0.5400813591768365,0.5901234567901236,1,0.16806119829897656,0.21152515617662604,0.1679987806736777
824044,2026-04-22,2026,Los Angeles Angels,Toronto Blue Jays,2026-04-22T17:00:00+00:00,2026-04-22T19:07:00+00:00,-0.0990600669187901,0.0,162,162,0.4399030986113388,0.5400813591768365,0.5771144278606966,1,0.31370853894517964,0.21152515617662604,0.17883220712358602
824123,2026-04-22,2026,Kansas City Royals,Baltimore Orioles,2026-04-22T17:00:00+00:00,2026-04-22T18:10:00+00:00,-0.007061948840388466,0.0,162,162,0.5342278644281483,0.5400813591768365,0.5505050505050506,0,0.28539941113146,0.2916878745302991,0.30305581063156833
824286,2026-04-22,2026,Detroit Tigers,Milwaukee Brewers,2026-04-22T17:00:00+00:00,2026-04-22T22:40:00+00:00,-0.08311258618036993,0.0,162,162,0.45613492058449157,0.5400813591768365,0.5516372795969774,1,0.2957892246076373,0.21152515617662604,0.20102912904719902
824367,2026-04-22,2026,Colorado Rockies,San Diego Padres,2026-04-22T17:00:00+00:00,2026-04-23T00:40:00+00:00,-0.15231637139554877,0.0,162,162,0.3868036182649735,0.5400813591768365,0.41791044776119407,1,0.37600980257292843,0.21152515617662604,0.3388282468255735
824449,2026-04-22,2026,Cleveland Guardians,Houston Astros,2026-04-22T17:00:00+00:00,2026-04-22T17:10:00+00:00,0.01147595296387427,0.0,162,162,0.5531562068576069,0.5400813591768365,0.5980392156862746,0,0.3059817891850956,0.2916878745302991,0.35765090349865447
824688,2026-04-22,2026,Chicago Cubs,Philadelphia Phillies,2026-04-22T17:00:00+00:00,2026-04-22T23:40:00+00:00,0.011439883842471077,0.0,162,162,0.5531195092814917,0.5400813591768365,0.6048780487804878,1,0.1997021729848148,0.21152515617662604,0.15612135633551458
824774,2026-04-22,2026,Boston Red Sox,New York Yankees,2026-04-22T17:00:00+00:00,2026-04-22T22:45:00+00:00,-0.02479480142513435,0.0,162,162,0.5160280630162515,0.5400813591768365,0.4483627204030227,0,0.2662849618203044,0.2916878745302991,0.20102912904719913
825097,2026-04-22,2026,Arizona Diamondbacks,Chicago White Sox,2026-04-22T17:00:00+00:00,2026-04-23T01:40:00+00:00,0.007436201605997783,0.0,162,162,0.5490425595612697,0.5400813591768365,0.5866336633663367,1,0.203362613087051,0.21152515617662604,0.17087172826193503
822745,2026-04-23,2026,Washington Nationals,Atlanta Braves,2026-04-23T17:00:00+00:00,2026-04-23T17:05:00+00:00,-0.11410821955325406,0.0,162,162,0.4247030037721598,0.5400813591768365,0.43969849246231163,0,0.1803726414130952,0.2916878745302991,0.19333476427362953
822912,2026-04-23,2026,Texas Rangers,Pittsburgh Pirates,2026-04-23T17:00:00+00:00,2026-04-24T00:05:00+00:00,0.0495220753032527,0.0,162,162,0.5914677324381001,0.5400813591768365,0.5911330049261084,1,0.16689861363926775,0.21152515617662604,0.16717221966075368
823233,2026-04-23,2026,San Francisco Giants,Los Angeles Dodgers,2026-04-23T17:00:00+00:00,2026-04-23T19:45:00+00:00,-0.06856581541499351,0.0,162,162,0.4710236649917125,0.5400813591768365,0.4054054054054054,0,0.221863292982225,0.2916878745302991,0.16435354273192107
823639,2026-04-23,2026,New York Mets,Minnesota Twins,2026-04-23T17:00:00+00:00,2026-04-23T23:10:00+00:00,0.04774907062192685,0.0,162,162,0.58970311629741,0.5400813591768365,0.49234693877551017,1,0.16834353277605665,0.21152515617662604,0.2577116305705956
824288,2026-04-23,2026,Detroit Tigers,Milwaukee Brewers,2026-04-23T17:00:00+00:00,2026-04-23T17:10:00+00:00,-0.07766365772060796,0.0,162,162,0.4617042093454552,0.5400813591768365,0.6756152125279643,1,0.2897623582364015,0.21152515617662604,0.10522549034327777
824368,2026-04-23,2026,Colorado Rockies,San Diego Padres,2026-04-23T17:00:00+00:00,2026-04-23T19:10:00+00:00,-0.14649783156762647,0.0,162,162,0.3924994503942442,0.5400813591768365,0.4239401496259351,0,0.15405581855978379,0.2916878745302991,0.17972525046486026
824689,2026-04-23,2026,Chicago Cubs,Philadelphia Phillies,2026-04-23T17:00:00+00:00,2026-04-23T18:20:00+00:00,0.010953739579890542,0.0,162,162,0.5526248383075559,0.5400813591768365,0.4872448979591837,1,0.20014453529934048,0.21152515617662604,0.2629177946688879
824770,2026-04-23,2026,Boston Red Sox,New York Yankees,2026-04-23T17:00:00+00:00,2026-04-23T22:10:00+00:00,-0.02842767873939478,0.0,162,162,0.5122926802542618,0.5400813591768365,0.43609022556390975,0,0.2624437902420953,0.2916878745302991,0.19017468483238167
825096,2026-04-23,2026,Arizona Diamondbacks,Chicago White Sox,2026-04-23T17:00:00+00:00,2026-04-23T19:40:00+00:00,0.011085416918054924,0.0,162,162,0.5527588355250379,0.5400813591768365,0.5866336633663367,0,0.3055423302509959,0.2916878745302991,0.34413905499460845
822827,2026-04-24,2026,Toronto Blue Jays,Cleveland Guardians,2026-04-24T17:00:00+00:00,2026-04-24T23:07:00+00:00,0.03245903843566622,0.0,162,162,0.5743940190925103,0.5400813591768365,0.4607594936708861,0,0.3299284891692471,0.2916878745302991,0.21229931100785132
822992,2026-04-24,2026,Tampa Bay Rays,Minnesota Twins,2026-04-24T17:00:00+00:00,2026-04-24T23:10:00+00:00,0.03922879704892007,1.0,162,162,0.5538708496728452,0.5400813591768365,0.5468354430379747,1,0.1990312187716291,0.21152515617662604,0.20535811568658865
823069,2026-04-24,2026,St. Louis Cardinals,Seattle Mariners,2026-04-24T17:00:00+00:00,2026-04-25T00:15:00+00:00,-0.05931883455117204,0.0,162,162,0.4805166012469635,0.5400813591768365,0.42999999999999994,0,0.23089620407393333,0.2916878745302991,0.18489999999999995
823232,2026-04-24,2026,San Francisco Giants,Miami Marlins,2026-04-24T17:00:00+00:00,2026-04-25T02:15:00+00:00,0.01975795468982361,-1.0,162,162,0.5887658356346462,0.5400813591768365,0.5025510204081632,0,0.3466452092105633,0.2916878745302991,0.2525575281132861
823638,2026-04-24,2026,New York Mets,Colorado Rockies,2026-04-24T17:00:00+00:00,2026-04-24T23:10:00+00:00,0.10798559395087892,0.0,162,162,0.6480965600711043,0.5400813591768365,0.6621004566210046,0,0.4200291511759985,0.2916878745302991,0.43837701465774276
823800,2026-04-24,2026,Milwaukee Brewers,Pittsburgh Pirates,2026-04-24T17:00:00+00:00,2026-04-24T23:40:00+00:00,0.06136223931670293,0.0,162,162,0.6031894902882599,0.5400813591768365,0.46954314720812185,0,0.36383756119421073,0.2916878745302991,0.220470767090108
823962,2026-04-24,2026,Los Angeles Dodgers,Chicago Cubs,2026-04-24T17:00:00+00:00,2026-04-25T02:15:00+00:00,0.04985053727421662,0.0,162,162,0.5917943831551357,0.5400813591768365,0.597051597051597,0,0.35022059193396754,0.2916878745302991,0.3564706095418626
824124,2026-04-24,2026,Kansas City Royals,Los Angeles Angels,2026-04-24T17:00:00+00:00,2026-04-24T23:40:00+00:00,0.036963159204243035,0.0,162,162,0.5789199874980292,0.5400813591768365,0.5127551020408163,1,0.1773083769286599,0.21152515617662604,0.23740759058725533
824204,2026-04-24,2026,Houston Astros,New York Yankees,2026-04-24T17:00:00+00:00,2026-04-25T00:10:00+00:00,-0.055338907896337886,1.0,162,162,0.45687365070916497,0.5400813591768365,0.42750000000000005,0,0.20873353271232006,0.2916878745302991,0.18275625000000004
824529,2026-04-24,2026,Cincinnati Reds,Detroit Tigers,2026-04-24T17:00:00+00:00,2026-04-24T22:40:00+00:00,-0.007694736181325157,1.0,162,162,0.5057940193203376,0.5400813591768365,0.46700507614213205,1,0.2442395513395468,0.21152515617662604,0.28408358885825447
824611,2026-04-24,2026,Chicago White Sox,Washington Nationals,2026-04-24T17:00:00+00:00,2026-04-24T23:40:00+00:00,0.049872623628165524,0.0,162,162,0.591816344811324,0.5400813591768365,0.5417721518987342,1,0.166613896363188,0.21152515617662604,0.20997276077551674
824854,2026-04-24,2026,Baltimore Orioles,Boston Red Sox,2026-04-24T17:00:00+00:00,2026-04-24T23:05:00+00:00,-0.032063251016315075,1.0,162,162,0.4807275037874985,0.5400813591768365,0.5228426395939086,1,0.2696439253227624,0.21152515617662604,0.22767914658970856
824932,2026-04-24,2026,Atlanta Braves,Philadelphia Phillies,2026-04-24T17:00:00+00:00,2026-04-24T23:15:00+00:00,0.0272322393385781,0.0,162,162,0.5691262443380618,0.5400813591768365,0.57,1,0.1856521933182236,0.21152515617662604,0.18490000000000004
822826,2026-04-25,2026,Toronto Blue Jays,Cleveland Guardians,2026-04-25T17:00:00+00:00,2026-04-25T19:07:00+00:00,0.032833372044931974,0.0,162,162,0.5747706547706442,0.5400813591768365,0.5760598503740648,1,0.1808199960441867,0.21152515617662604,0.17972525046486032
822989,2026-04-25,2026,Tampa Bay Rays,Minnesota Twins,2026-04-25T17:00:00+00:00,2026-04-25T20:10:00+00:00,0.04006791611059618,0.0,162,162,0.5820321476602011,0.5400813591768365,0.5468354430379747,1,0.17469712558954398,0.21152515617662604,0.20535811568658865
823070,2026-04-25,2026,St. Louis Cardinals,Seattle Mariners,2026-04-25T17:00:00+00:00,2026-04-25T18:15:00+00:00,-0.0602618990767228,0.0,162,162,0.47954769231770916,0.5400813591768365,0.42999999999999994,0,0.22996598920724026,0.2916878745302991,0.18489999999999995
823229,2026-04-25,2026,San Francisco Giants,Miami Marlins,2026-04-25T17:00:00+00:00,2026-04-25T20:05:00+00:00,0.01700238971237994,0.0,162,162,0.5587718572465803,0.5400813591768365,0.5102040816326531,1,0.19468227395763213,0.21152515617662604,0.23990004164931278
823799,2026-04-25,2026,Milwaukee Brewers,Pittsburgh Pirates,2026-04-25T17:00:00+00:00,2026-04-25T23:10:00+00:00,0.05979059490904104,0.0,162,162,0.6016400509116864,0.5400813591768365,0.5639097744360902,0,0.3619707508610166,0.2916878745302991,0.3179942337045622
823960,2026-04-25,2026,Los Angeles Dodgers,Chicago Cubs,2026-04-25T17:00:00+00:00,2026-04-25T23:15:00+00:00,0.04640119160795053,0.0,162,162,0.58836006530138,0.5400813591768365,0.5491183879093199,1,0.16944743583868416,0.21152515617662604,0.20329422812149053
824121,2026-04-25,2026,Kansas City Royals,Los Angeles Angels,2026-04-25T17:00:00+00:00,2026-04-25T23:10:00+00:00,0.03951385634229371,0.0,162,162,0.5814772378441287,0.5400813591768365,0.582089552238806,1,0.17516130244258,0.21152515617662604,0.17464914234796167
824203,2026-04-25,2026,Houston Astros,New York Yankees,2026-04-25T17:00:00+00:00,2026-04-25T23:10:00+00:00,-0.05968116652147826,0.0,162,162,0.4801443219411102,0.5400813591768365,0.4228855721393035,0,0.23053856989228846,0.2916878745302991,0.17883220712358608
824527,2026-04-25,2026,Cincinnati Reds,Detroit Tigers,2026-04-25T17:00:00+00:00,2026-04-25T23:15:00+00:00,-0.005536532149914897,0.0,162,162,0.5357898918431669,0.5400813591768365,0.49744897959183665,1,0.21549102451497865,0.21152515617662604,0.25255752811328624
824613,2026-04-25,2026,Chicago White Sox,Washington Nationals,2026-04-25T17:00:00+00:00,2026-04-25T20:10:00+00:00,0.05066637745967861,0.0,162,162,0.5926053731863226,0.5400813591768365,0.5725,0,0.35118112832930065,0.2916878745302991,0.32775625
824933,2026-04-25,2026,Atlanta Braves,Philadelphia Phillies,2026-04-25T17:00:00+00:00,2026-04-25T23:15:00+00:00,0.026052506055716185,0.0,162,162,0.5679350508500951,0.5400813591768365,0.5329949238578681,0,0.3225502219841001,0.2916878745302991,0.2840835888582546
825093,2026-04-25,2026,Arizona Diamondbacks,San Diego Padres,2026-04-25T17:00:00+00:00,2026-04-25T22:05:00+00:00,-0.04912387711471611,0.0,162,162,0.4909987859051925,0.5400813591768365,0.5190839694656489,0,0.24107980776037308,0.2916878745302991,0.26944816735621474
822824,2026-04-26,2026,Toronto Blue Jays,Cleveland Guardians,2026-04-26T17:00:00+00:00,2026-04-26T17:37:00+00:00,0.03581739559522967,0.0,162,162,0.5777698919163639,0.5400813591768365,0.5443037974683544,1,0.17827826417231907,0.21152515617662604,0.20765902900176253
822991,2026-04-26,2026,Tampa Bay Rays,Minnesota Twins,2026-04-26T17:00:00+00:00,2026-04-26T17:40:00+00:00,0.03936829662110575,0.0,162,162,0.5813314205364574,0.5400813591768365,0.5725,1,0.1752833794300207,0.21152515617662604,0.18275624999999998
823068,2026-04-26,2026,St. Louis Cardinals,Seattle Mariners,2026-04-26T17:00:00+00:00,2026-04-26T18:15:00+00:00,-0.05772831926720595,0.0,162,162,0.4821510324138555,0.5400813591768365,0.4582278481012658,0,0.2324696180577467,0.2916878745302991,0.20997276077551674
823230,2026-04-26,2026,San Francisco Giants,Miami Marlins,2026-04-26T17:00:00+00:00,2026-04-26T20:05:00+00:00,0.01921176770480021,0.0,162,162,0.561012783531409,0.5400813591768365,0.5392405063291139,1,0.19270977622284152,0.21152515617662604,0.21229931100785132
823635,2026-04-26,2026,New York Mets,Colorado Rockies,2026-04-26T17:00:00+00:00,2026-04-26T17:40:00+00:00,0.10415087213944585,0.0,162,162,0.6444882875772521,0.5400813591768365,0.6857142857142857,0,0.4153651528242588,0.2916878745302991,0.4702040816326531
823637,2026-04-26,2026,New York Mets,Colorado Rockies,2026-04-26T17:00:00+00:00,2026-04-26T17:45:00+00:00,0.10415087213944585,0.0,162,162,0.6444882875772521,0.5400813591768365,0.6267942583732058,0,0.4153651528242588,0.2916878745302991,0.39287104232961706
823797,2026-04-26,2026,Milwaukee Brewers,Pittsburgh Pirates,2026-04-26T17:00:00+00:00,2026-04-26T18:10:00+00:00,0.056799569112854886,0.0,162,162,0.598685675094685,0.5400813591768365,0.5253807106598984,1,0.16105318737420876,0.21152515617662604,0.22526346981370304
823959,2026-04-26,2026,Los Angeles Dodgers,Chicago Cubs,2026-04-26T17:00:00+00:00,2026-04-26T20:10:00+00:00,0.05418600802406348,0.0,162,162,0.5960982476781308,0.5400813591768365,0.5267175572519084,1,0.16313662552867658,0.21152515617662604,0.2239962706136006
824122,2026-04-26,2026,Kansas City Royals,Los Angeles Angels,2026-04-26T17:00:00+00:00,2026-04-26T20:10:00+00:00,0.04924370418467755,0.0,162,162,0.5911908330873529,0.5400813591768365,0.5114503816793893,1,0.16712493495181258,0.21152515617662604,0.23868072956121442
824202,2026-04-26,2026,Houston Astros,New York Yankees,2026-04-26T17:00:00+00:00,2026-04-26T18:10:00+00:00,-0.05826413000784131,0.0,162,162,0.4816003829397405,0.5400813591768365,0.4582278481012658,1,0.26873816296822367,0.21152515617662604,0.2935170645729851
824528,2026-04-26,2026,Cincinnati Reds,Detroit Tigers,2026-04-26T17:00:00+00:00,2026-04-26T17:40:00+00:00,0.0013610315640018023,0.0,162,162,0.5428437947940449,0.5400813591768365,0.5,0,0.2946793855463991,0.2916878745302991,0.25
824612,2026-04-26,2026,Chicago White Sox,Washington Nationals,2026-04-26T17:00:00+00:00,2026-04-26T18:10:00+00:00,0.04579381064508975,0.0,162,162,0.5877544282205851,0.5400813591768365,0.5292620865139949,0,0.3454552678929069,0.2916878745302991,0.2801183562211474
824852,2026-04-26,2026,Baltimore Orioles,Boston Red Sox,2026-04-26T17:00:00+00:00,2026-04-26T17:35:00+00:00,-0.04091508112754072,0.0,162,162,0.4994450439734786,0.5400813591768365,0.5577889447236182,0,0.24944535194967,0.2916878745302991,0.31112850685588755
824934,2026-04-26,2026,Atlanta Braves,Philadelphia Phillies,2026-04-26T17:00:00+00:00,2026-04-26T17:35:00+00:00,0.01986938204876698,0.0,162,162,0.5616793121390103,0.5400813591768365,0.6527777777777778,1,0.19212502540693113,0.21152515617662604,0.12056327160493827
825094,2026-04-26,2026,Arizona Diamondbacks,San Diego Padres,2026-04-26T17:00:00+00:00,2026-04-26T20:05:00+00:00,-0.04950060430667147,0.0,162,162,0.4906112473408064,0.5400813591768365,0.4483627204030227,1,0.2594769013356891,0.21152515617662604,0.30430368824115367
822825,2026-04-27,2026,Toronto Blue Jays,Boston Red Sox,2026-04-27T17:00:00+00:00,2026-04-27T23:07:00+00:00,0.02305805806368133,0.0,162,162,0.5649080143483269,0.5400813591768365,0.5541561712846348,0,0.31912106467496953,0.2916878745302991,0.3070890621728455
822906,2026-04-27,2026,Texas Rangers,New York Yankees,2026-04-27T17:00:00+00:00,2026-04-28T00:05:00+00:00,0.014036028658074073,0.0,162,162,0.5557593855395146,0.5400813591768365,0.40196078431372556,0,0.3088684946152589,0.2916878745302991,0.1615724721261054
823311,2026-04-27,2026,San Diego Padres,Chicago Cubs,2026-04-27T17:00:00+00:00,2026-04-28T01:40:00+00:00,0.015002500394275198,0.0,162,162,0.5567413419221644,0.5400813591768365,0.5190839694656489,1,0.19647823796096356,0.21152515617662604,0.23128022842491688
823395,2026-04-27,2026,Pittsburgh Pirates,St. Louis Cardinals,2026-04-27T17:00:00+00:00,2026-04-27T22:40:00+00:00,0.06081793475414238,0.0,162,162,0.6026531085145591,0.5400813591768365,0.5516372795969774,0,0.36319076920226095,0.2916878745302991,0.30430368824115384
823719,2026-04-27,2026,Minnesota Twins,Seattle Mariners,2026-04-27T17:00:00+00:00,2026-04-27T23:40:00+00:00,-0.06924295765383032,0.0,162,162,0.470329251115432,0.5400813591768365,0.4593908629441624,1,0.2805511022239391,0.21152515617662604,0.2922582390682574
823961,2026-04-27,2026,Los Angeles Dodgers,Miami Marlins,2026-04-27T17:00:00+00:00,2026-04-28T02:10:00+00:00,0.09491247198115771,0.0,162,162,0.6357283552251314,0.5400813591768365,0.7244897959183673,1,0.13269383118698808,0.21152515617662604,0.07590587255310292
824446,2026-04-27,2026,Cleveland Guardians,Tampa Bay Rays,2026-04-27T17:00:00+00:00,2026-04-27T22:10:00+00:00,0.024108927189996965,0.0,162,162,0.5659708833193853,0.5400813591768365,0.5516372795969774,0,0.3203230407653252,0.2916878745302991,0.30430368824115384
824609,2026-04-27,2026,Chicago White Sox,Los Angeles Angels,2026-04-27T17:00:00+00:00,2026-04-27T23:40:00+00:00,0.037159462772187846,0.0,162,162,0.5791169477164478,0.5400813591768365,0.4885496183206107,1,0.1771425436995193,0.21152515617662604,0.261581492919993
822823,2026-04-28,2026,Toronto Blue Jays,Boston Red Sox,2026-04-28T17:00:00+00:00,2026-04-28T23:07:00+00:00,0.015519979806357997,0.0,162,162,0.557266930592436,0.5400813591768365,0.5051020408163266,1,0.19601257074704284,0.21152515617662604,0.24492399000416487
822908,2026-04-28,2026,Texas Rangers,New York Yankees,2026-04-28T17:00:00+00:00,2026-04-29T00:05:00+00:00,0.008940745390730753,0.0,162,162,0.5505754389934087,0.5400813591768365,0.4783715012722647,0,0.30313331402278465,0.2916878745302991,0.22883929322948032
823310,2026-04-28,2026,San Diego Padres,Chicago Cubs,2026-04-28T17:00:00+00:00,2026-04-29T01:40:00+00:00,0.01755649701305917,0.0,162,162,0.5593341054439196,0.5400813591768365,0.48600508905852424,0,0.3128546415127498,0.2916878745302991,0.23620094659078408
823390,2026-04-28,2026,Pittsburgh Pirates,St. Louis Cardinals,2026-04-28T17:00:00+00:00,2026-04-28T22:40:00+00:00,0.060936410941246244,0.0,162,162,0.6027698812383688,0.5400813591768365,0.5831265508684863,0,0.3633315297281173,0.2916878745302991,0.34003657432777734
823473,2026-04-28,2026,Philadelphia Phillies,San Francisco Giants,2026-04-28T17:00:00+00:00,2026-04-28T22:40:00+00:00,0.011735119999022547,0.0,162,162,0.55341987246413,0.5400813591768365,0.6004901960784313,1,0.19943381030995389,0.21152515617662604,0.15960808342945024
823636,2026-04-28,2026,New York Mets,Washington Nationals,2026-04-28T17:00:00+00:00,2026-04-28T23:10:00+00:00,0.06943669825821347,0.0,162,162,0.6111166660020468,0.5400813591768365,0.6285714285714284,1,0.1512302474613636,0.21152515617662604,0.1379591836734695
823716,2026-04-28,2026,Minnesota Twins,Seattle Mariners,2026-04-28T17:00:00+00:00,2026-04-28T23:40:00+00:00,-0.06280859193986549,0.0,162,162,0.4769319972781145,0.5400813591768365,0.46954314720812185,0,0.2274641300276914,0.2916878745302991,0.220470767090108
823798,2026-04-28,2026,Milwaukee Brewers,Arizona Diamondbacks,2026-04-28T17:00:00+00:00,2026-04-28T23:40:00+00:00,0.08588145693936439,0.0,162,162,0.6270771843001257,0.5400813591768365,0.5139949109414759,1,0.1390714264695224,0.21152515617662604,0.23620094659078397
823956,2026-04-28,2026,Los Angeles Dodgers,Miami Marlins,2026-04-28T17:00:00+00:00,2026-04-29T02:10:00+00:00,0.09757701508833133,0.0,162,162,0.638264442516662,0.5400813591768365,0.7201646090534979,0,0.4073814985811054,0.2916878745302991,0.5186370641331775
824447,2026-04-28,2026,Cleveland Guardians,Tampa Bay Rays,2026-04-28T17:00:00+00:00,2026-04-28T22:10:00+00:00,0.029964883647157492,0.0,162,162,0.5718823413929992,0.5400813591768365,0.5380710659898477,0,0.3270494123971389,0.2916878745302991,0.289520472055451
824526,2026-04-28,2026,Cincinnati Reds,Colorado Rockies,2026-04-28T17:00:00+00:00,2026-04-28T22:40:00+00:00,0.09853014297998036,0.0,162,162,0.6391697619143393,0.5400813591768365,0.6448598130841121,1,0.1301984607169546,0.21152515617662604,0.1261245523626518
824610,2026-04-28,2026,Chicago White Sox,Los Angeles Angels,2026-04-28T17:00:00+00:00,2026-04-28T23:40:00+00:00,0.0439908941603146,0.0,162,162,0.5859551293165546,0.5400813591768365,0.4593908629441624,1,0.17143315493927105,0.21152515617662604,0.2922582390682574
824849,2026-04-28,2026,Baltimore Orioles,Houston Astros,2026-04-28T17:00:00+00:00,2026-04-28T22:35:00+00:00,-0.013190762631677788,0.0,162,162,0.5279454952982614,0.5400813591768365,0.5603015075376885,1,0.22283545540920374,0.21152515617662604,0.19333476427362942
824931,2026-04-28,2026,Atlanta Braves,Detroit Tigers,2026-04-28T17:00:00+00:00,2026-04-28T23:15:00+00:00,0.0498322043225749,0.0,162,162,0.5917761534314415,0.5400813591768365,0.5292620865139949,1,0.16664670890722996,0.21152515617662604,0.22159418319315766
822821,2026-04-29,2026,Toronto Blue Jays,Boston Red Sox,2026-04-29T17:00:00+00:00,2026-04-29T19:07:00+00:00,0.02063370709386647,0.0,162,162,0.5624537181818182,0.5400813591768365,0.5367088607594936,1,0.19144674873291576,0.21152515617662604,0.21463867969876624
822907,2026-04-29,2026,Texas Rangers,New York Yankees,2026-04-29T17:00:00+00:00,2026-04-29T18:35:00+00:00,0.009401135840292563,0.0,162,162,0.5510443096569569,0.5400813591768365,0.48346055979643765,1,0.20156121189139836,0.21152515617662604,0.26681299328580954
823312,2026-04-29,2026,San Diego Padres,Chicago Cubs,2026-04-29T17:00:00+00:00,2026-04-29T20:10:00+00:00,0.011780987741171867,0.0,162,162,0.5534665332441296,0.5400813591768365,0.49109414758269715,0,0.3063252034212753,0.2916878745302991,0.24117346178997592
823392,2026-04-29,2026,Pittsburgh Pirates,St. Louis Cardinals,2026-04-29T17:00:00+00:00,2026-04-29T22:40:00+00:00,0.054029059630355813,0.0,162,162,0.5959426968686535,0.5400813591768365,0.5417721518987342,0,0.35514769795108386,0.2916878745302991,0.2935170645729851
823633,2026-04-29,2026,New York Mets,Washington Nationals,2026-04-29T17:00:00+00:00,2026-04-29T23:10:00+00:00,0.0809870963675074,0.0,162,162,0.6223540605353612,0.5400813591768365,0.5945945945945945,0,0.3873245766648521,0.2916878745302991,0.3535427319211102
823717,2026-04-29,2026,Minnesota Twins,Seattle Mariners,2026-04-29T17:00:00+00:00,2026-04-29T17:40:00+00:00,-0.07069099962228087,0.0,162,162,0.4688446632213736,0.5400813591768365,0.44584382871536526,0,0.2198153182311632,0.2916878745302991,0.19877671960357596
823796,2026-04-29,2026,Milwaukee Brewers,Arizona Diamondbacks,2026-04-29T17:00:00+00:00,2026-04-29T23:40:00+00:00,0.09417295839100137,0.0,162,162,0.6350231474193376,0.5400813591768365,0.5417721518987342,0,0.4032543977583618,0.2916878745302991,0.2935170645729851
823958,2026-04-29,2026,Los Angeles Dodgers,Miami Marlins,2026-04-29T17:00:00+00:00,2026-04-29T19:10:00+00:00,0.0956697417575555,0.0,162,162,0.6364498918689813,0.5400813591768365,0.6748878923766817,0,0.40506846486003795,0.2916878745302991,0.45547366727663946
824445,2026-04-29,2026,Cleveland Guardians,Tampa Bay Rays,2026-04-29T17:00:00+00:00,2026-04-29T17:10:00+00:00,0.027739846269423163,0.0,162,162,0.5696385370631564,0.5400813591768365,0.5102040816326531,1,0.18521098878114023,0.21152515617662604,0.23990004164931278
824525,2026-04-29,2026,Cincinnati Reds,Colorado Rockies,2026-04-29T17:00:00+00:00,2026-04-29T22:40:00+00:00,0.1061676668434205,0.0,162,162,0.6463880636030689,0.5400813591768365,0.5796019900497512,0,0.417817528768525,0.2916878745302991,0.3359384668696319
824608,2026-04-29,2026,Chicago White Sox,Los Angeles Angels,2026-04-29T17:00:00+00:00,2026-04-29T17:10:00+00:00,0.04303325957579418,0.0,162,162,0.5849984793285116,0.5400813591768365,0.4885496183206107,1,0.17222626215964784,0.21152515617662604,0.261581492919993
824930,2026-04-29,2026,Atlanta Braves,Detroit Tigers,2026-04-29T17:00:00+00:00,2026-04-29T23:15:00+00:00,0.05157027395650948,0.0,162,162,0.5935033070380176,0.5400813591768365,0.42039800995024873,1,0.1652395613890282,0.21152515617662604,0.335938466869632
823471,2026-04-30,2026,Philadelphia Phillies,San Francisco Giants,2026-04-30T17:00:00+00:00,2026-04-30T21:35:00+00:00,0.017902317948793045,0.0,162,162,0.5596849301258465,0.5400813591768365,0.39702233250620345,1,0.19387736075828066,0.21152515617662604,0.3635820674962595
823634,2026-04-30,2026,New York Mets,Washington Nationals,2026-04-30T17:00:00+00:00,2026-04-30T17:10:00+00:00,0.07080531149365948,0.0,162,162,0.6124546352936071,0.5400813591768365,0.635933806146572,0,0.3751006802926253,0.2916878745302991,0.40441180580006586
823714,2026-04-30,2026,Minnesota Twins,Toronto Blue Jays,2026-04-30T17:00:00+00:00,2026-04-30T23:40:00+00:00,-0.10927433936442854,0.0,162,162,0.4295716137822954,0.5400813591768365,0.457070707070707,1,0.3253885438029348,0.21152515617662604,0.29477221712070206
823795,2026-04-30,2026,Milwaukee Brewers,Arizona Diamondbacks,2026-04-30T17:00:00+00:00,2026-04-30T17:40:00+00:00,0.0946052152238323,0.0,162,162,0.6354354225880561,0.5400813591768365,0.5392405063291139,1,0.13290733110354924,0.21152515617662604,0.21229931100785132
822744,2026-05-01,2026,Washington Nationals,Milwaukee Brewers,2026-05-01T17:00:00+00:00,2026-05-01T22:45:00+00:00,-0.1613158354224976,0.0,162,162,0.3780550918770656,0.5400813591768365,0.4133663366336633,0,0.14292565249417652,0.2916878745302991,0.17087172826193503
822990,2026-05-01,2026,Tampa Bay Rays,San Francisco Giants,2026-05-01T17:00:00+00:00,2026-05-01T23:10:00+00:00,-0.02032266157011564,1.0,162,162,0.49280005760268647,0.5400813591768365,0.571072319201995,1,0.2572517815678381,0.21152515617662604,0.18397895535475528
823066,2026-05-01,2026,St. Louis Cardinals,Los Angeles Dodgers,2026-05-01T17:00:00+00:00,2026-05-02T00:15:00+00:00,-0.11764113049800301,-1.0,162,162,0.4485096146504414,0.5400813591768365,0.3883495145631068,1,0.30414164513300457,0.21152515617662604,0.37411631633518705
823146,2026-05-01,2026,Seattle Mariners,Kansas City Royals,2026-05-01T17:00:00+00:00,2026-05-02T01:45:00+00:00,0.021242744421967386,1.0,162,162,0.5355123878180191,0.5400813591768365,0.568922305764411,0,0.28677351750655655,0.2916878745302991,0.323672589996294
823309,2026-05-01,2026,San Diego Padres,Chicago White Sox,2026-05-01T17:00:00+00:00,2026-05-02T01:40:00+00:00,0.054671018071866806,0.0,162,162,0.5965788166565549,0.5400813591768365,0.5796019900497512,0,0.35590628448333533,0.2916878745302991,0.3359384668696319
823389,2026-05-01,2026,Pittsburgh Pirates,Cincinnati Reds,2026-05-01T17:00:00+00:00,2026-05-01T22:45:00+00:00,0.019559751929547287,0.0,162,162,0.561365512420568,0.5400813591768365,0.547979797979798,1,0.1924002136940709,0.21152515617662604,0.20432226303438422
823557,2026-05-01,2026,New York Yankees,Baltimore Orioles,2026-05-01T17:00:00+00:00,2026-05-01T23:05:00+00:00,0.07049635751580008,1.0,162,162,0.5854109062064794,0.5400813591768365,0.6267942583732058,1,0.17188411669253262,0.21152515617662604,0.13928252558320547
823713,2026-05-01,2026,Minnesota Twins,Toronto Blue Jays,2026-05-01T17:00:00+00:00,2026-05-02T00:10:00+00:00,-0.10097232943175588,0.0,162,162,0.4379646470958875,0.5400813591768365,0.5025510204081632,0,0.1918130321058253,0.2916878745302991,0.2525575281132861
823877,2026-05-01,2026,Miami Marlins,Philadelphia Phillies,2026-05-01T17:00:00+00:00,2026-05-01T23:10:00+00:00,-0.041695552584273765,1.0,162,162,0.47083899826353004,0.5400813591768365,0.47959183673469385,0,0.22168936228580444,0.2916878745302991,0.23000832986255726
824041,2026-05-01,2026,Los Angeles Angels,New York Mets,2026-05-01T17:00:00+00:00,2026-05-02T01:38:00+00:00,-0.05775002899707532,1.0,162,162,0.45441202810501957,0.5400813591768365,0.46700507614213205,0,0.2064902912865171,0.2916878745302991,0.21809374114251856
824287,2026-05-01,2026,Detroit Tigers,Texas Rangers,2026-05-01T17:00:00+00:00,2026-05-01T22:40:00+00:00,-0.06876809540020362,-1.0,162,162,0.49861904361887466,0.5400813591768365,0.5139949109414759,0,0.24862095065940124,0.2916878745302991,0.26419076847373574
824366,2026-05-01,2026,Colorado Rockies,Atlanta Braves,2026-05-01T17:00:00+00:00,2026-05-02T00:40:00+00:00,-0.14831595980718015,0.0,162,162,0.39071644017388796,0.5400813591768365,0.37740384615384615,0,0.15265933662215536,0.2916878745302991,0.14243366309171596
824686,2026-05-01,2026,Chicago Cubs,Arizona Diamondbacks,2026-05-01T17:00:00+00:00,2026-05-01T18:20:00+00:00,0.04084922644882227,1.0,162,162,0.5555183915521015,0.5400813591768365,0.5925925925925927,1,0.19756390024843098,0.21152515617662604,0.16598079561042517
824772,2026-05-01,2026,Boston Red Sox,Houston Astros,2026-05-01T17:00:00+00:00,2026-05-01T23:10:00+00:00,0.025388313593564193,1.0,162,162,0.5397541768781128,0.5400813591768365,0.5292620865139949,1,0.2118262177011435,0.21152515617662604,0.22159418319315766
822746,2026-05-02,2026,Washington Nationals,Milwaukee Brewers,2026-05-02T17:00:00+00:00,2026-05-02T20:05:00+00:00,-0.16404106145018038,0.0,162,162,0.37542115001921905,0.5400813591768365,0.4531645569620253,0,0.14094103988175297,0.2916878745302991,0.20535811568658865
822988,2026-05-02,2026,Tampa Bay Rays,San Francisco Giants,2026-05-02T17:00:00+00:00,2026-05-02T22:10:00+00:00,-0.01774319878912206,0.0,162,162,0.5232731520808208,0.5400813591768365,0.4885496183206107,1,0.2272684875269562,0.21152515617662604,0.261581492919993
823067,2026-05-02,2026,St. Louis Cardinals,Los Angeles Dodgers,2026-05-02T17:00:00+00:00,2026-05-02T23:15:00+00:00,-0.10992399234735734,0.0,162,162,0.42891647853038956,0.5400813591768365,0.44332493702770776,1,0.32613638849413096,0.21152515617662604,0.3098871257352056
823144,2026-05-02,2026,Seattle Mariners,Kansas City Royals,2026-05-02T17:00:00+00:00,2026-05-03T01:40:00+00:00,0.022536816467497,0.0,162,162,0.5643805986234156,0.5400813591768365,0.5639097744360902,0,0.31852546010252497,0.2916878745302991,0.3179942337045622
823308,2026-05-02,2026,San Diego Padres,Chicago White Sox,2026-05-02T17:00:00+00:00,2026-05-03T00:40:00+00:00,0.04925560952250785,0.0,162,162,0.5912026766665844,0.5400813591768365,0.6235011990407675,0,0.34952060489773396,0.2916878745302991,0.3887537452052748
823388,2026-05-02,2026,Pittsburgh Pirates,Cincinnati Reds,2026-05-02T17:00:00+00:00,2026-05-02T20:05:00+00:00,0.027034819476504712,0.0,162,162,0.5689269620312806,0.5400813591768365,0.5468354430379747,1,0.185823964063581,0.21152515617662604,0.20535811568658865
823554,2026-05-02,2026,New York Yankees,Baltimore Orioles,2026-05-02T17:00:00+00:00,2026-05-02T17:35:00+00:00,0.0767354231734248,0.0,162,162,0.6182321655179904,0.5400813591768365,0.608272506082725,1,0.14574667944508304,0.21152515617662604,0.15345042949070872
823715,2026-05-02,2026,Minnesota Twins,Toronto Blue Jays,2026-05-02T17:00:00+00:00,2026-05-02T18:10:00+00:00,-0.10461572952818743,0.0,162,162,0.43427663412359907,0.5400813591768365,0.43609022556390975,0,0.18859619494572233,0.2916878745302991,0.19017468483238167
823876,2026-05-02,2026,Miami Marlins,Philadelphia Phillies,2026-05-02T17:00:00+00:00,2026-05-02T20:10:00+00:00,-0.04199800418629773,0.0,162,162,0.4983306720756321,0.5400813591768365,0.5591939546599496,1,0.251672114580087,0.21152515617662604,0.19430996960833458
824042,2026-05-02,2026,Los Angeles Angels,New York Mets,2026-05-02T17:00:00+00:00,2026-05-03T01:38:00+00:00,-0.05802582326575412,0.0,162,162,0.48184528390601256,0.5400813591768365,0.46700507614213205,1,0.26848430981044075,0.21152515617662604,0.28408358885825447
824284,2026-05-02,2026,Detroit Tigers,Texas Rangers,2026-05-02T17:00:00+00:00,2026-05-02T23:15:00+00:00,-0.07088314955294894,0.0,162,162,0.4686477046414986,0.5400813591768365,0.5443037974683544,1,0.2823352617827482,0.21152515617662604,0.20765902900176253
824365,2026-05-02,2026,Colorado Rockies,Atlanta Braves,2026-05-02T17:00:00+00:00,2026-05-03T00:10:00+00:00,-0.14737902885113152,0.0,162,162,0.3916349126401662,0.5400813591768365,0.3394495412844037,0,0.1533779047986706,0.2916878745302991,0.11522599107819208
824685,2026-05-02,2026,Chicago Cubs,Arizona Diamondbacks,2026-05-02T17:00:00+00:00,2026-05-02T18:20:00+00:00,0.041685975356013594,0.0,162,162,0.583651496162919,0.5400813591768365,0.5955882352941176,1,0.17334607664737586,0.21152515617662604,0.16354887543252597
824771,2026-05-02,2026,Boston Red Sox,Houston Astros,2026-05-02T17:00:00+00:00,2026-05-02T20:10:00+00:00,0.024650034456965175,0.0,162,162,0.5665179335457157,0.5400813591768365,0.5468354430379747,0,0.3209425690289079,0.2916878745302991,0.2990290017625381
822742,2026-05-03,2026,Washington Nationals,Milwaukee Brewers,2026-05-03T17:00:00+00:00,2026-05-03T17:35:00+00:00,-0.166266675199153,0.0,162,162,0.37327553265188873,0.5400813591768365,0.4088669950738916,1,0.3927835579727738,0.21152515617662604,0.3494382295129704
822987,2026-05-03,2026,Tampa Bay Rays,San Francisco Giants,2026-05-03T17:00:00+00:00,2026-05-03T17:40:00+00:00,-0.01423486678060576,0.0,162,162,0.5268742931850644,0.5400813591768365,0.530456852791878,1,0.2238479344491324,0.21152515617662604,0.2204707670901081
823065,2026-05-03,2026,St. Louis Cardinals,Los Angeles Dodgers,2026-05-03T17:00:00+00:00,2026-05-03T18:15:00+00:00,-0.10912254727556187,0.0,162,162,0.4297247224611247,0.5400813591768365,0.4483627204030227,0,0.18466333709429064,0.2916878745302991,0.20102912904719913
823145,2026-05-03,2026,Seattle Mariners,Kansas City Royals,2026-05-03T17:00:00+00:00,2026-05-03T20:10:00+00:00,0.01614127679679389,0.0,162,162,0.5578977942628345,0.5400813591768365,0.5241730279898218,0,0.311249948843336,0.2916878745302991,0.2747573632720185
823307,2026-05-03,2026,San Diego Padres,Chicago White Sox,2026-05-03T17:00:00+00:00,2026-05-03T20:10:00+00:00,0.048572185612316576,0.0,162,162,0.5905226270102623,0.5400813591768365,0.6276849642004773,1,0.1676717189905768,0.21152515617662604,0.1386184858823999
823387,2026-05-03,2026,Pittsburgh Pirates,Cincinnati Reds,2026-05-03T17:00:00+00:00,2026-05-03T17:35:00+00:00,0.036434112986990064,0.0,162,162,0.5783890466643137,0.5400813591768365,0.5204081632653061,1,0.17775579597262628,0.21152515617662604,0.23000832986255726
823555,2026-05-03,2026,New York Yankees,Baltimore Orioles,2026-05-03T17:00:00+00:00,2026-05-03T17:35:00+00:00,0.08281991373546493,0.0,162,162,0.624125529929179,0.5400813591768365,0.71900826446281,1,0.14128161725102048,0.21152515617662604,0.07895635544020214
823875,2026-05-03,2026,Miami Marlins,Philadelphia Phillies,2026-05-03T17:00:00+00:00,2026-05-03T17:40:00+00:00,-0.03800013819370651,0.0,162,162,0.5024446352525122,0.5400813591768365,0.43969849246231163,0,0.25245061149403,0.2916878745302991,0.19333476427362953
824043,2026-05-03,2026,Los Angeles Angels,New York Mets,2026-05-03T17:00:00+00:00,2026-05-03T20:07:00+00:00,-0.057280829330478955,0.0,162,162,0.48261094840990065,0.5400813591768365,0.4545454545454545,0,0.2329133275251038,0.2916878745302991,0.2066115702479338
824285,2026-05-03,2026,Detroit Tigers,Texas Rangers,2026-05-03T17:00:00+00:00,2026-05-03T23:20:00+00:00,-0.065964058194808,0.0,162,162,0.47369280433477495,0.5400813591768365,0.5443037974683544,1,0.2769992642089934,0.21152515617662604,0.20765902900176253
824364,2026-05-03,2026,Colorado Rockies,Atlanta Braves,2026-05-03T17:00:00+00:00,2026-05-03T19:10:00+00:00,-0.15141229404698697,0.0,162,162,0.3876866433689702,0.5400813591768365,0.4228855721393035,0,0.15030093344669906,0.2916878745302991,0.17883220712358608
824687,2026-05-03,2026,Chicago Cubs,Arizona Diamondbacks,2026-05-03T17:00:00+00:00,2026-05-03T18:20:00+00:00,0.04220213236012582,0.0,162,162,0.5841676866120513,0.5400813591768365,0.5911330049261084,1,0.17291651285757317,0.21152515617662604,0.16717221966075368
824769,2026-05-03,2026,Boston Red Sox,Houston Astros,2026-05-03T17:00:00+00:00,2026-05-03T17:35:00+00:00,0.022985732799539083,0.0,162,162,0.5648348411383461,0.5400813591768365,0.6235011990407675,0,0.31903839776378073,0.2916878745302991,0.3887537452052748
822984,2026-05-04,2026,Tampa Bay Rays,Toronto Blue Jays,2026-05-04T17:00:00+00:00,2026-05-04T22:40:00+00:00,-0.067853519402088,0.0,162,162,0.47175425031055734,0.5400813591768365,0.5355329949238579,1,0.2790435720649612,0.21152515617662604,0.21572959880440104
823064,2026-05-04,2026,St. Louis Cardinals,Milwaukee Brewers,2026-05-04T17:00:00+00:00,2026-05-04T23:45:00+00:00,-0.12183635020597122,0.0,162,162,0.4169499777482404,0.5400813591768365,0.49109414758269715,1,0.33994732844777736,0.21152515617662604,0.2589851666245817
823143,2026-05-04,2026,Seattle Mariners,Atlanta Braves,2026-05-04T17:00:00+00:00,2026-05-05T01:40:00+00:00,-0.053709501734973686,0.0,162,162,0.4862824369018411,0.5400813591768365,0.57356608478803,1,0.2639057346355109,0.21152515617662604,0.18184588404300966
823228,2026-05-04,2026,San Francisco Giants,San Diego Padres,2026-05-04T17:00:00+00:00,2026-05-05T01:45:00+00:00,-0.030497939670978524,0.0,162,162,0.5101633636113516,0.5400813591768365,0.44332493702770776,1,0.23993993034854494,0.21152515617662604,0.3098871257352056
823552,2026-05-04,2026,New York Yankees,Baltimore Orioles,2026-05-04T17:00:00+00:00,2026-05-04T23:05:00+00:00,0.09016945476535432,0.0,162,162,0.6311953624249019,0.5400813591768365,0.6535796766743649,1,0.13601686069689944,0.21152515617662604,0.12000704041303757
823874,2026-05-04,2026,Miami Marlins,Philadelphia Phillies,2026-05-04T17:00:00+00:00,2026-05-04T22:40:00+00:00,-0.04152858026031503,0.0,162,162,0.49881372701224536,0.5400813591768365,0.5025510204081632,0,0.24881513425584684,0.2916878745302991,0.2525575281132861
824039,2026-05-04,2026,Los Angeles Angels,Chicago White Sox,2026-05-04T17:00:00+00:00,2026-05-05T01:38:00+00:00,-0.04728976009921454,0.0,162,162,0.49288568465679927,0.5400813591768365,0.5866336633663367,0,0.24293629813960177,0.2916878745302991,0.34413905499460845
824120,2026-05-04,2026,Kansas City Royals,Cleveland Guardians,2026-05-04T17:00:00+00:00,2026-05-04T23:40:00+00:00,-0.022024404984464896,0.0,162,162,0.5188754481575634,0.5400813591768365,0.5216284987277354,1,0.2314808343855855,0.21152515617662604,0.22883929322948024
824201,2026-05-04,2026,Houston Astros,Los Angeles Dodgers,2026-05-04T17:00:00+00:00,2026-05-05T00:10:00+00:00,-0.07629619284555128,0.0,162,162,0.46310343689040023,0.5400813591768365,0.3591549295774648,0,0.21446479325970091,0.2916878745302991,0.1289922634397937
824283,2026-05-04,2026,Detroit Tigers,Boston Red Sox,2026-05-04T17:00:00+00:00,2026-05-04T22:10:00+00:00,-0.02132999760229054,0.0,162,162,0.519588968097221,0.5400813591768365,0.6431924882629109,0,0.26997269576833494,0.2916878745302991,0.41369657695783474
824363,2026-05-04,2026,Colorado Rockies,New York Mets,2026-05-04T17:00:00+00:00,2026-05-04T21:40:00+00:00,-0.09385587817633817,0.0,162,162,0.44518768406892667,0.5400813591768365,0.4335839598997493,0,0.19819207404665445,0.2916878745302991,0.1879950502823474
824684,2026-05-04,2026,Chicago Cubs,Cincinnati Reds,2026-05-04T17:00:00+00:00,2026-05-04T23:10:00+00:00,0.044552285759190124,0.0,162,162,0.5865156428490867,0.5400813591768365,0.6574712643678161,1,0.17096931360850398,0.21152515617662604,0.11732593473378253
822743,2026-05-05,2026,Washington Nationals,Minnesota Twins,2026-05-05T17:00:00+00:00,2026-05-05T22:45:00+00:00,-0.023584212545210592,0.0,162,162,0.5172724328296787,0.5400813591768365,0.49109414758269715,0,0.26757076976553446,0.2916878745302991,0.24117346178997592
822986,2026-05-05,2026,Tampa Bay Rays,Toronto Blue Jays,2026-05-05T17:00:00+00:00,2026-05-05T22:40:00+00:00,-0.061566098293847016,0.0,162,162,0.4782080069137808,0.5400813591768365,0.5406091370558376,1,0.272266884048889,0.21152515617662604,0.21103996495658223
823142,2026-05-05,2026,Seattle Mariners,Atlanta Braves,2026-05-05T17:00:00+00:00,2026-05-06T01:40:00+00:00,-0.05074523053241792,0.0,162,162,0.4893309854125493,0.5400813591768365,0.5429292929292929,0,0.23944481328481657,0.2916878745302991,0.29477221712070195
823227,2026-05-05,2026,San Francisco Giants,San Diego Padres,2026-05-05T17:00:00+00:00,2026-05-06T01:45:00+00:00,-0.031424283221533456,0.0,162,162,0.5092104713759761,0.5400813591768365,0.5454545454545454,0,0.25929530415894375,0.2916878745302991,0.29752066115702475
823553,2026-05-05,2026,New York Yankees,Texas Rangers,2026-05-05T17:00:00+00:00,2026-05-05T23:05:00+00:00,0.005629647992218545,-1.0,162,162,0.5746163235196501,0.5400813591768365,0.5355329949238579,1,0.180951272215939,0.21152515617662604,0.21572959880440104
823873,2026-05-05,2026,Miami Marlins,Baltimore Orioles,2026-05-05T17:00:00+00:00,2026-05-05T22:40:00+00:00,0.017036311473301036,0.0,162,162,0.5588062817293846,0.5400813591768365,0.565,0,0.3122644605002204,0.2916878745302991,0.3192249999999999
824040,2026-05-05,2026,Los Angeles Angels,Chicago White Sox,2026-05-05T17:00:00+00:00,2026-05-06T01:38:00+00:00,-0.052948149147307055,0.0,162,162,0.4870653472098935,0.5400813591768365,0.5089058524173028,1,0.26310195803290715,0.21152515617662604,0.24117346178997598
824119,2026-05-05,2026,Kansas City Royals,Cleveland Guardians,2026-05-05T17:00:00+00:00,2026-05-05T23:40:00+00:00,-0.019787960266033577,0.0,162,162,0.5211731578469412,0.5400813591768365,0.47715736040609136,1,0.2292751447662703,0.21152515617662604,0.27336442577752584
824200,2026-05-05,2026,Houston Astros,Los Angeles Dodgers,2026-05-05T17:00:00+00:00,2026-05-06T00:10:00+00:00,-0.0804460311710013,0.0,162,162,0.45885909368027644,0.5400813591768365,0.3251121076233184,1,0.29283348049253183,0.21152515617662604,0.45547366727663946
824281,2026-05-05,2026,Detroit Tigers,Boston Red Sox,2026-05-05T17:00:00+00:00,2026-05-05T22:40:00+00:00,-0.0221399086250455,0.0,162,162,0.5187567578997087,0.5400813591768365,0.5796019900497512,0,0.26910857386661696,0.2916878745302991,0.3359384668696319
824682,2026-05-05,2026,Chicago Cubs,Cincinnati Reds,2026-05-05T17:00:00+00:00,2026-05-05T23:40:00+00:00,0.04387582010348995,0.0,162,162,0.5858402076971159,0.5400813591768365,0.6004901960784313,1,0.17152833356036812,0.21152515617662604,0.15960808342945024
825092,2026-05-05,2026,Arizona Diamondbacks,Pittsburgh Pirates,2026-05-05T17:00:00+00:00,2026-05-06T01:40:00+00:00,-0.03389805970100118,0.0,162,162,0.5066654881759444,0.5400813591768365,0.5566750629722922,1,0.24337894055667927,0.21152515617662604,0.1965369997906211
822740,2026-05-06,2026,Washington Nationals,Minnesota Twins,2026-05-06T17:00:00+00:00,2026-05-06T22:45:00+00:00,-0.02600326774195011,0.0,162,162,0.5147856767225918,0.5400813591768365,0.4483627204030227,1,0.2354329395135532,0.21152515617662604,0.30430368824115367
822985,2026-05-06,2026,Tampa Bay Rays,Toronto Blue Jays,2026-05-06T17:00:00+00:00,2026-05-06T17:10:00+00:00,-0.057392336126254606,0.0,162,162,0.4824963424674575,0.5400813591768365,0.544529262086514,1,0.267810035559559,0.21152515617662604,0.20745359309545547
823063,2026-05-06,2026,St. Louis Cardinals,Milwaukee Brewers,2026-05-06T17:00:00+00:00,2026-05-06T17:15:00+00:00,-0.12220653328854686,0.0,162,162,0.4165795989060789,0.5400813591768365,0.5076530612244898,0,0.17353856222474956,0.2916878745302991,0.2577116305705956
823141,2026-05-06,2026,Seattle Mariners,Atlanta Braves,2026-05-06T17:00:00+00:00,2026-05-06T20:10:00+00:00,-0.051997842289787766,0.0,162,162,0.4880426506462454,0.5400813591768365,0.547979797979798,1,0.2621003275573223,0.21152515617662604,0.20432226303438422
823226,2026-05-06,2026,San Francisco Giants,San Diego Padres,2026-05-06T17:00:00+00:00,2026-05-06T19:45:00+00:00,-0.038800483576851674,0.0,162,162,0.5016210566670674,0.5400813591768365,0.49744897959183665,0,0.2516236844917852,0.2916878745302991,0.24745548729695951
823550,2026-05-06,2026,New York Yankees,Texas Rangers,2026-05-06T17:00:00+00:00,2026-05-06T23:05:00+00:00,0.00998026570515731,0.0,162,162,0.5516339779644647,0.5400813591768365,0.6431924882629109,0,0.3043000456448995,0.2916878745302991,0.41369657695783474
823872,2026-05-06,2026,Miami Marlins,Baltimore Orioles,2026-05-06T17:00:00+00:00,2026-05-06T22:40:00+00:00,0.017009801255106927,0.0,162,162,0.5587793786769214,0.5400813591768365,0.5541561712846348,0,0.3122343940345663,0.2916878745302991,0.3070890621728455
824036,2026-05-06,2026,Los Angeles Angels,Chicago White Sox,2026-05-06T17:00:00+00:00,2026-05-06T20:07:00+00:00,-0.0476450432630211,0.0,162,162,0.4925201597483903,0.5400813591768365,0.49109414758269715,1,0.25753578826179924,0.21152515617662604,0.2589851666245817
824118,2026-05-06,2026,Kansas City Royals,Cleveland Guardians,2026-05-06T17:00:00+00:00,2026-05-06T23:40:00+00:00,-0.0171911270073713,0.0,162,162,0.5238399983967436,0.5400813591768365,0.5566750629722922,0,0.2744083439203003,0.2916878745302991,0.3098871257352055
824198,2026-05-06,2026,Houston Astros,Los Angeles Dodgers,2026-05-06T17:00:00+00:00,2026-05-06T18:10:00+00:00,-0.07847013525509056,0.0,162,162,0.46087928075446144,0.5400813591768365,0.3348519362186788,0,0.2124097114287497,0.2916878745302991,0.11212581918939814
824282,2026-05-06,2026,Detroit Tigers,Boston Red Sox,2026-05-06T17:00:00+00:00,2026-05-06T22:40:00+00:00,-0.023867854876639782,0.0,162,162,0.5169808942322741,0.5400813591768365,0.5139949109414759,0,0.2672692450012018,0.2916878745302991,0.26419076847373574
824361,2026-05-06,2026,Colorado Rockies,New York Mets,2026-05-06T17:00:00+00:00,2026-05-07T01:20:00+00:00,-0.09263842956913254,0.0,162,162,0.4464257767034296,0.5400813591768365,0.3995098039215686,0,0.19929597410526037,0.2916878745302991,0.15960808342945018
824683,2026-05-06,2026,Chicago Cubs,Cincinnati Reds,2026-05-06T17:00:00+00:00,2026-05-06T23:40:00+00:00,0.04112144101135495,0.0,162,162,0.5830867151575422,0.5400813591768365,0.6092233009708737,1,0.17381668707812836,0.21152515617662604,0.15270642850410032
825091,2026-05-06,2026,Arizona Diamondbacks,Pittsburgh Pirates,2026-05-06T17:00:00+00:00,2026-05-07T01:40:00+00:00,-0.02200479241216241,0.0,162,162,0.5188956016077717,0.5400813591768365,0.4593908629441624,0,0.26925264536789134,0.2916878745302991,0.21103996495658223
822741,2026-05-07,2026,Washington Nationals,Minnesota Twins,2026-05-07T17:00:00+00:00,2026-05-07T17:05:00+00:00,-0.02092532190442664,0.0,162,162,0.520004745245873,0.5400813591768365,0.5355329949238579,1,0.23039544458647926,0.21152515617662604,0.21572959880440104
823306,2026-05-07,2026,San Diego Padres,St. Louis Cardinals,2026-05-07T17:00:00+00:00,2026-05-08T02:10:00+00:00,0.07064784615957481,0.0,162,162,0.6123007815944637,0.5400813591768365,0.6039119804400979,0,0.3749122471411911,0.2916878745302991,0.36470968011908117
823870,2026-05-07,2026,Miami Marlins,Baltimore Orioles,2026-05-07T17:00:00+00:00,2026-05-07T22:40:00+00:00,0.012050044189753861,0.0,162,162,0.5537402225921109,0.5400813591768365,0.5417721518987342,1,0.19914778893213875,0.21152515617662604,0.20997276077551674
824117,2026-05-07,2026,Kansas City Royals,Cleveland Guardians,2026-05-07T17:00:00+00:00,2026-05-07T18:10:00+00:00,-0.01721949363227626,0.0,162,162,0.5238108741090896,0.5400813591768365,0.565,0,0.2743778318349285,0.2916878745302991,0.3192249999999999
824362,2026-05-07,2026,Colorado Rockies,New York Mets,2026-05-07T17:00:00+00:00,2026-05-07T19:10:00+00:00,-0.09754546072268194,0.0,162,162,0.441439752749645,0.5400813591768365,0.4228855721393035,1,0.31198954980837773,0.21152515617662604,0.3330610628449791
824681,2026-05-07,2026,Chicago Cubs,Cincinnati Reds,2026-05-07T17:00:00+00:00,2026-05-07T18:20:00+00:00,0.049814048541379774,0.0,162,162,0.5917580996317378,0.5400813591768365,0.6318289786223278,1,0.16666144921629017,0.21152515617662604,0.13554990098227837
824767,2026-05-07,2026,Boston Red Sox,Tampa Bay Rays,2026-05-07T17:00:00+00:00,2026-05-07T23:10:00+00:00,0.03921724053695508,0.0,162,162,0.5811800821125436,0.5400813591768365,0.5127551020408163,0,0.3377702878443429,0.2916878745302991,0.2629177946688879
825090,2026-05-07,2026,Arizona Diamondbacks,Pittsburgh Pirates,2026-05-07T17:00:00+00:00,2026-05-07T19:40:00+00:00,-0.025070856621252302,0.0,162,162,0.5157442762368051,0.5400813591768365,0.5228426395939086,0,0.2659921584710259,0.2916878745302991,0.27336442577752584
822822,2026-05-08,2026,Toronto Blue Jays,Los Angeles Angels,2026-05-08T17:00:00+00:00,2026-05-08T23:07:00+00:00,0.11006245674490028,0.0,162,162,0.6500437744887747,0.5400813591768365,0.5901234567901236,1,0.12246935977406358,0.21152515617662604,0.1679987806736777
822904,2026-05-08,2026,Texas Rangers,Chicago Cubs,2026-05-08T17:00:00+00:00,2026-05-09T00:05:00+00:00,0.01720074507419722,0.0,162,162,0.5589731442251646,0.5400813591768365,0.44584382871536526,0,0.31245097596496674,0.2916878745302991,0.19877671960357596
823225,2026-05-08,2026,San Francisco Giants,Pittsburgh Pirates,2026-05-08T17:00:00+00:00,2026-05-09T02:15:00+00:00,-0.01994128892614999,1.0,162,162,0.49319243065472096,0.5400813591768365,0.5025510204081632,1,0.25685391234566984,0.21152515617662604,0.24745548729695963
823303,2026-05-08,2026,San Diego Padres,St. Louis Cardinals,2026-05-08T17:00:00+00:00,2026-05-09T01:45:00+00:00,0.06555145534466933,0.0,162,162,0.6073093434611818,0.5400813591768365,0.5760598503740648,0,0.3688246386552517,0.2916878745302991,0.33184495121298996
823466,2026-05-08,2026,Philadelphia Phillies,Colorado Rockies,2026-05-08T17:00:00+00:00,2026-05-08T22:40:00+00:00,0.121660111753156,0.0,162,162,0.660824297358874,0.5400813591768365,0.6613272311212814,0,0.4366887519798496,0.2916878745302991,0.4373537066225408
823794,2026-05-08,2026,Milwaukee Brewers,New York Yankees,2026-05-08T17:00:00+00:00,2026-05-08T23:40:00+00:00,0.02538895146728637,1.0,162,162,0.5397548291300892,0.5400813591768365,0.4607594936708861,1,0.21182561730907337,0.21152515617662604,0.29078032366607914
823871,2026-05-08,2026,Miami Marlins,Washington Nationals,2026-05-08T17:00:00+00:00,2026-05-08T23:10:00+00:00,0.05421285908067286,0.0,162,162,0.5961248576992725,0.5400813591768365,0.5639097744360902,0,0.35536484596697787,0.2916878745302991,0.3179942337045622
823957,2026-05-08,2026,Los Angeles Dodgers,Atlanta Braves,2026-05-08T17:00:00+00:00,2026-05-09T02:10:00+00:00,0.030099660298856135,0.0,162,162,0.5720181608630349,0.5400813591768365,0.5216284987277354,1,0.18316845463105905,0.21152515617662604,0.22883929322948024
824116,2026-05-08,2026,Kansas City Royals,Detroit Tigers,2026-05-08T17:00:00+00:00,2026-05-08T23:40:00+00:00,0.0008030284950491517,-1.0,162,162,0.5697530724396946,0.5400813591768365,0.568922305764411,1,0.18511241867508266,0.21152515617662604,0.18582797846747193
824443,2026-05-08,2026,Cleveland Guardians,Minnesota Twins,2026-05-08T17:00:00+00:00,2026-05-08T23:15:00+00:00,0.06595199326625811,0.0,162,162,0.6077024607228525,0.5400813591768365,0.57,1,0.15389735932290508,0.21152515617662604,0.18490000000000004
824522,2026-05-08,2026,Cincinnati Reds,Houston Astros,2026-05-08T17:00:00+00:00,2026-05-08T22:10:00+00:00,-0.014942197250751965,-1.0,162,162,0.553799302735907,0.5400813591768365,0.5566750629722922,0,0.30669366771077683,0.2916878745302991,0.3098871257352055
824607,2026-05-08,2026,Chicago White Sox,Seattle Mariners,2026-05-08T17:00:00+00:00,2026-05-08T23:40:00+00:00,-0.022477899578137173,0.0,162,162,0.518409430040001,0.5400813591768365,0.4494949494949495,0,0.26874833715439866,0.2916878745302991,0.2020457096214672
824768,2026-05-08,2026,Boston Red Sox,Tampa Bay Rays,2026-05-08T17:00:00+00:00,2026-05-08T23:10:00+00:00,0.034201682854136994,0.0,162,162,0.5761466389518596,0.5400813591768365,0.5566750629722922,1,0.1796516716718053,0.21152515617662604,0.1965369997906211
825088,2026-05-08,2026,Arizona Diamondbacks,New York Mets,2026-05-08T17:00:00+00:00,2026-05-09T01:40:00+00:00,-0.009035174249374223,0.0,162,162,0.5322062888912681,0.5400813591768365,0.457070707070707,0,0.2832435339354159,0.2916878745302991,0.20891363126211607
822820,2026-05-09,2026,Toronto Blue Jays,Los Angeles Angels,2026-05-09T17:00:00+00:00,2026-05-09T19:07:00+00:00,0.11278124616808627,0.0,162,162,0.6525852949575359,0.5400813591768365,0.6159420289855072,1,0.12069697727974231,0.21152515617662604,0.147500525099769
822905,2026-05-09,2026,Texas Rangers,Chicago Cubs,2026-05-09T17:00:00+00:00,2026-05-09T23:05:00+00:00,0.005781953036973819,0.0,162,162,0.5473560819540534,0.5400813591768365,0.4531645569620253,1,0.20488651654398563,0.21152515617662604,0.2990290017625381
823224,2026-05-09,2026,San Francisco Giants,Pittsburgh Pirates,2026-05-09T17:00:00+00:00,2026-05-10T01:05:00+00:00,-0.019453556009582096,0.0,162,162,0.5215166481406492,0.5400813591768365,0.49744897959183665,0,0.2719796142878577,0.2916878745302991,0.24745548729695951
823304,2026-05-09,2026,San Diego Padres,St. Louis Cardinals,2026-05-09T17:00:00+00:00,2026-05-09T23:15:00+00:00,0.06119281007048649,0.0,162,162,0.6030225537443143,0.5400813591768365,0.5664160401002506,1,0.1575910928356858,0.21152515617662604,0.1879950502823475
823468,2026-05-09,2026,Philadelphia Phillies,Colorado Rockies,2026-05-09T17:00:00+00:00,2026-05-09T22:05:00+00:00,0.11530115260835783,0.0,162,162,0.6549331651122234,0.5400813591768365,0.6258992805755395,1,0.11907112053946806,0.21152515617662604,0.13995134827389896
823792,2026-05-09,2026,Milwaukee Brewers,New York Yankees,2026-05-09T17:00:00+00:00,2026-05-09T23:10:00+00:00,0.0243569893952007,0.0,162,162,0.5662216900189286,0.5400813591768365,0.4494949494949495,1,0.18816362221003444,0.21152515617662604,0.3030558106315682
823869,2026-05-09,2026,Miami Marlins,Washington Nationals,2026-05-09T17:00:00+00:00,2026-05-09T20:10:00+00:00,0.05566771692529088,0.0,162,162,0.5975658065447482,0.5400813591768365,0.5935960591133005,1,0.161953280061979,0.21152515617662604,0.16516416316823995
823955,2026-05-09,2026,Los Angeles Dodgers,Atlanta Braves,2026-05-09T17:00:00+00:00,2026-05-10T01:10:00+00:00,0.03327961109053934,0.0,162,162,0.5752195246762268,0.5400813591768365,0.6183574879227054,0,0.33087750156874435,0.2916878745302991,0.3823659828700787
824115,2026-05-09,2026,Kansas City Royals,Detroit Tigers,2026-05-09T17:00:00+00:00,2026-05-09T23:10:00+00:00,0.005188756710133857,0.0,162,162,0.5467510616283563,0.5400813591768365,0.5639097744360902,1,0.20543460013502207,0.21152515617662604,0.19017468483238167
824444,2026-05-09,2026,Cleveland Guardians,Minnesota Twins,2026-05-09T17:00:00+00:00,2026-05-09T22:10:00+00:00,0.0675631336488226,0.0,162,162,0.6092823372798629,0.5400813591768365,0.5216284987277354,0,0.3712249665212126,0.2916878745302991,0.27209629068495106
824523,2026-05-09,2026,Cincinnati Reds,Houston Astros,2026-05-09T17:00:00+00:00,2026-05-09T20:10:00+00:00,-0.020489696649999,0.0,162,162,0.5204522900044601,0.5400813591768365,0.5901234567901236,1,0.2299660061619664,0.21152515617662604,0.1679987806736777
824606,2026-05-09,2026,Chicago White Sox,Seattle Mariners,2026-05-09T17:00:00+00:00,2026-05-09T23:10:00+00:00,-0.02493168649143712,0.0,162,162,0.5158873454382361,0.5400813591768365,0.4531645569620253,1,0.23436506230683773,0.21152515617662604,0.2990290017625381
825089,2026-05-09,2026,Arizona Diamondbacks,New York Mets,2026-05-09T17:00:00+00:00,2026-05-09T23:15:00+00:00,-0.008926148340872131,0.0,162,162,0.5323180144875653,0.5400813591768365,0.5,1,0.21872643957285315,0.21152515617662604,0.25
822819,2026-05-10,2026,Toronto Blue Jays,Los Angeles Angels,2026-05-10T17:00:00+00:00,2026-05-10T17:37:00+00:00,0.12325953669338646,0.0,162,162,0.6622983341353356,0.5400813591768365,0.5025510204081632,0,0.4386390833984406,0.2916878745302991,0.2525575281132861
822902,2026-05-10,2026,Texas Rangers,Chicago Cubs,2026-05-10T17:00:00+00:00,2026-05-10T18:35:00+00:00,0.013652652467682214,0.0,162,162,0.5553697458398544,0.5400813591768365,0.5241730279898218,1,0.19769606291451564,0.21152515617662604,0.2264113072923749
823221,2026-05-10,2026,San Francisco Giants,Pittsburgh Pirates,2026-05-10T17:00:00+00:00,2026-05-10T20:05:00+00:00,-0.02530821531144195,0.0,162,162,0.5155002616254403,0.5400813591768365,0.5165394402035622,1,0.23473999648501684,0.21152515617662604,0.23373411287868498
823305,2026-05-10,2026,San Diego Padres,St. Louis Cardinals,2026-05-10T17:00:00+00:00,2026-05-10T20:10:00+00:00,0.0637511546013732,0.0,162,162,0.6055406850576378,0.5400813591768365,0.547979797979798,1,0.1555981511447977,0.21152515617662604,0.20432226303438422
823463,2026-05-10,2026,Philadelphia Phillies,Colorado Rockies,2026-05-10T17:00:00+00:00,2026-05-10T17:35:00+00:00,0.12224113431599176,0.0,162,162,0.6613601327414778,0.5400813591768365,0.7244897959183673,1,0.11467695969686957,0.21152515617662604,0.07590587255310292
823793,2026-05-10,2026,Milwaukee Brewers,New York Yankees,2026-05-10T17:00:00+00:00,2026-05-10T18:10:00+00:00,0.020977960157237963,0.0,162,162,0.562802412578352,0.5400813591768365,0.5228426395939086,1,0.1911417304473096,0.21152515617662604,0.22767914658970856
823954,2026-05-10,2026,Los Angeles Dodgers,Atlanta Braves,2026-05-10T17:00:00+00:00,2026-05-10T20:10:00+00:00,0.02811196615412559,0.0,162,162,0.5700139974111049,0.5400813591768365,0.5566750629722922,0,0.3249159572445871,0.2916878745302991,0.3098871257352055
824113,2026-05-10,2026,Kansas City Royals,Detroit Tigers,2026-05-10T17:00:00+00:00,2026-05-10T23:20:00+00:00,0.006121234825815669,0.0,162,162,0.5477020637630152,0.5400813591768365,0.5216284987277354,0,0.299977550650266,0.2916878745302991,0.27209629068495106
824440,2026-05-10,2026,Cleveland Guardians,Minnesota Twins,2026-05-10T17:00:00+00:00,2026-05-10T17:40:00+00:00,0.06811765583118845,0.0,162,162,0.6098255712521641,0.5400813591768365,0.6048780487804878,0,0.37188722735302826,0.2916878745302991,0.3658774538964902
824520,2026-05-10,2026,Cincinnati Reds,Houston Astros,2026-05-10T17:00:00+00:00,2026-05-10T17:40:00+00:00,-0.019179611186678935,0.0,162,162,0.5217980211225043,0.5400813591768365,0.5102040816326531,1,0.22867713260235287,0.21152515617662604,0.23990004164931278
824605,2026-05-10,2026,Chicago White Sox,Seattle Mariners,2026-05-10T17:00:00+00:00,2026-05-10T18:10:00+00:00,-0.02018196457459087,0.0,162,162,0.5207684224508026,0.5400813591768365,0.4520202020202021,1,0.22966290492029243,0.21152515617662604,0.30028185899398013
824765,2026-05-10,2026,Boston Red Sox,Tampa Bay Rays,2026-05-10T17:00:00+00:00,2026-05-10T17:35:00+00:00,0.034688876841520166,0.0,162,162,0.5766362813264515,0.5400813591768365,0.5806451612903225,0,0.33250940094199855,0.2916878745302991,0.33714880332986463
825085,2026-05-10,2026,Arizona Diamondbacks,New York Mets,2026-05-10T17:00:00+00:00,2026-05-10T20:10:00+00:00,-0.006164825596118806,0.0,162,162,0.5351466023381737,0.5400813591768365,0.5089058524173028,1,0.21608868131774403,0.21152515617662604,0.24117346178997598
822818,2026-05-11,2026,Toronto Blue Jays,Tampa Bay Rays,2026-05-11T17:00:00+00:00,2026-05-11T23:07:00+00:00,0.059515170258623185,0.0,162,162,0.6013683068363563,0.5400813591768365,0.5367088607594936,0,0.36164384046722603,0.2916878745302991,0.28805640121775355
822901,2026-05-11,2026,Texas Rangers,Arizona Diamondbacks,2026-05-11T17:00:00+00:00,2026-05-12T00:05:00+00:00,0.06726252782772185,0.0,162,162,0.6089877374016271,0.5400813591768365,0.5468354430379747,0,0.3708660643055532,0.2916878745302991,0.2990290017625381
823953,2026-05-11,2026,Los Angeles Dodgers,San Francisco Giants,2026-05-11T17:00:00+00:00,2026-05-12T02:10:00+00:00,0.0829409012868848,0.0,162,162,0.6242423516178874,0.5400813591768365,0.6276849642004773,0,0.3896785135534302,0.2916878745302991,0.3939884142833544
824199,2026-05-11,2026,Houston Astros,Seattle Mariners,2026-05-11T17:00:00+00:00,2026-05-12T00:10:00+00:00,-0.017209788865574505,0.0,162,162,0.523820838104991,0.5400813591768365,0.4335839598997493,0,0.2743882704330152,0.2916878745302991,0.1879950502823474
824441,2026-05-11,2026,Cleveland Guardians,Los Angeles Angels,2026-05-11T17:00:00+00:00,2026-05-11T22:10:00+00:00,0.08418407713238846,0.0,162,162,0.6254418827492862,0.5400813591768365,0.6125907990314771,1,0.14029378319839944,0.21152515617662604,0.1500858889950694
824844,2026-05-11,2026,Baltimore Orioles,New York Yankees,2026-05-11T17:00:00+00:00,2026-05-11T22:35:00+00:00,-0.09423633917406282,0.0,162,162,0.44480091041756575,0.5400813591768365,0.4193548387096774,1,0.30824602907316384,0.21152515617662604,0.33714880332986474
822817,2026-05-12,2026,Toronto Blue Jays,Tampa Bay Rays,2026-05-12T17:00:00+00:00,2026-05-12T23:07:00+00:00,0.05798594881610053,0.0,162,162,0.5998583888000748,0.5400813591768365,0.48346055979643765,0,0.3598300866138217,0.2916878745302991,0.23373411287868487
822903,2026-05-12,2026,Texas Rangers,Arizona Diamondbacks,2026-05-12T17:00:00+00:00,2026-05-13T00:05:00+00:00,0.06357635329789796,0.0,162,162,0.6053688079476006,0.5400813591768365,0.5355329949238579,1,0.15573377774069772,0.21152515617662604,0.21572959880440104
823385,2026-05-12,2026,Pittsburgh Pirates,Colorado Rockies,2026-05-12T17:00:00+00:00,2026-05-12T22:40:00+00:00,0.11967064491711171,0.0,162,162,0.6589864382314837,0.5400813591768365,0.7416829745596869,1,0.11629024931004966,0.21152515617662604,0.06672768563233136
823632,2026-05-12,2026,New York Mets,Detroit Tigers,2026-05-12T17:00:00+00:00,2026-05-12T23:10:00+00:00,-0.015395396954710316,0.0,162,162,0.5256833534296446,0.5400813591768365,0.57,1,0.22497628121374746,0.21152515617662604,0.18490000000000004
823712,2026-05-12,2026,Minnesota Twins,Miami Marlins,2026-05-12T17:00:00+00:00,2026-05-12T23:40:00+00:00,-0.03843214305421033,0.0,162,162,0.5020000910985563,0.5400813591768365,0.5025510204081632,1,0.24800390926584626,0.21152515617662604,0.24745548729695963
823790,2026-05-12,2026,Milwaukee Brewers,San Diego Padres,2026-05-12T17:00:00+00:00,2026-05-12T23:40:00+00:00,0.05237429045396891,0.0,162,162,0.5943014950912935,0.5400813591768365,0.5468354430379747,1,0.16459127688515976,0.21152515617662604,0.20535811568658865
823951,2026-05-12,2026,Los Angeles Dodgers,San Francisco Giants,2026-05-12T17:00:00+00:00,2026-05-13T02:10:00+00:00,0.07535114205915594,0.0,162,162,0.6168864241761793,0.5400813591768365,0.7270875763747455,0,0.38054886033287305,0.2916878745302991,0.5286563437185015
824197,2026-05-12,2026,Houston Astros,Seattle Mariners,2026-05-12T17:00:00+00:00,2026-05-13T00:10:00+00:00,-0.01769415026078136,0.0,162,162,0.5233235156932016,0.5400813591768365,0.39268292682926825,0,0.2738675020774926,0.2916878745302991,0.15419988102320045
824442,2026-05-12,2026,Cleveland Guardians,Los Angeles Angels,2026-05-12T17:00:00+00:00,2026-05-12T22:10:00+00:00,0.0865871717935236,0.0,162,162,0.6277562370177251,0.5400813591768365,0.5603015075376885,1,0.13856541907920406,0.21152515617662604,0.19333476427362942
824521,2026-05-12,2026,Cincinnati Reds,Washington Nationals,2026-05-12T17:00:00+00:00,2026-05-12T22:40:00+00:00,0.04602089661285713,0.0,162,162,0.5879808933939966,0.5400813591768365,0.568922305764411,0,0.3457215309964024,0.2916878745302991,0.323672589996294
824604,2026-05-12,2026,Chicago White Sox,Kansas City Royals,2026-05-12T17:00:00+00:00,2026-05-12T23:40:00+00:00,-0.015088370955332053,0.0,162,162,0.5259984534718292,0.5400813591768365,0.4746192893401016,1,0.2246774661110977,0.21152515617662604,0.27602489113349993
824764,2026-05-12,2026,Boston Red Sox,Philadelphia Phillies,2026-05-12T17:00:00+00:00,2026-05-12T22:45:00+00:00,-0.0050664869720888905,0.0,162,162,0.5362710782751392,0.5400813591768365,0.42999999999999994,0,0.2875866693943805,0.2916878745302991,0.18489999999999995
824843,2026-05-12,2026,Baltimore Orioles,New York Yankees,2026-05-12T17:00:00+00:00,2026-05-12T22:35:00+00:00,-0.09261133745046907,0.0,162,162,0.4464533358367428,0.5400813591768365,0.4228855721393035,0,0.19932058107975545,0.2916878745302991,0.17883220712358608
824927,2026-05-12,2026,Atlanta Braves,Chicago Cubs,2026-05-12T17:00:00+00:00,2026-05-12T23:15:00+00:00,0.022794471938353156,0.0,162,162,0.5646413243191961,0.5400813591768365,0.5267175572519084,1,0.18953717649054339,0.21152515617662604,0.2239962706136006
822815,2026-05-13,2026,Toronto Blue Jays,Tampa Bay Rays,2026-05-13T17:00:00+00:00,2026-05-13T23:07:00+00:00,0.05985888293986957,0.0,162,162,0.6017074167093791,0.5400813591768365,0.575,1,0.1586369819043162,0.21152515617662604,0.18062500000000004
822900,2026-05-13,2026,Texas Rangers,Arizona Diamondbacks,2026-05-13T17:00:00+00:00,2026-05-14T00:05:00+00:00,0.06789326005427482,0.0,162,162,0.6096057761500678,0.5400813591768365,0.5025510204081632,1,0.15240765001539094,0.21152515617662604,0.24745548729695963
823386,2026-05-13,2026,Pittsburgh Pirates,Colorado Rockies,2026-05-13T17:00:00+00:00,2026-05-13T22:40:00+00:00,0.12387220584531733,0.0,162,162,0.6628621402765367,0.5400813591768365,0.6225961538461539,0,0.439386217011991,0.2916878745302991,0.38762597078402367
823631,2026-05-13,2026,New York Mets,Detroit Tigers,2026-05-13T17:00:00+00:00,2026-05-13T23:10:00+00:00,-0.008782139181672532,0.0,162,162,0.5324655846168462,0.5400813591768365,0.5076530612244898,1,0.21858842956766736,0.21152515617662604,0.24240550812161596
823710,2026-05-13,2026,Minnesota Twins,Miami Marlins,2026-05-13T17:00:00+00:00,2026-05-13T23:40:00+00:00,-0.03405220319013014,0.0,162,162,0.5065068949261026,0.5400813591768365,0.46700507614213205,0,0.2565492346076819,0.2916878745302991,0.21809374114251856
823791,2026-05-13,2026,Milwaukee Brewers,San Diego Padres,2026-05-13T17:00:00+00:00,2026-05-13T23:40:00+00:00,0.05543462431943358,0.0,162,162,0.5973350550076446,0.5400813591768365,0.5841584158415841,0,0.3568091679409858,0.2916878745302991,0.3412410547985491
823952,2026-05-13,2026,Los Angeles Dodgers,San Francisco Giants,2026-05-13T17:00:00+00:00,2026-05-14T02:10:00+00:00,0.07872595086486317,0.0,162,162,0.6201640942049955,0.5400813591768365,0.68,1,0.14427531533111151,0.21152515617662604,0.10239999999999996
824195,2026-05-13,2026,Houston Astros,Seattle Mariners,2026-05-13T17:00:00+00:00,2026-05-14T00:10:00+00:00,-0.026328034151000712,0.0,162,162,0.5144517627749182,0.5400813591768365,0.4582278481012658,1,0.2357570906723843,0.21152515617662604,0.2935170645729851
824438,2026-05-13,2026,Cleveland Guardians,Los Angeles Angels,2026-05-13T17:00:00+00:00,2026-05-13T17:10:00+00:00,0.092867310816867,0.0,162,162,0.6337766541737324,0.5400813591768365,0.5831265508684863,1,0.134119539028186,0.21152515617662604,0.17378347259080473
824519,2026-05-13,2026,Cincinnati Reds,Washington Nationals,2026-05-13T17:00:00+00:00,2026-05-13T22:40:00+00:00,0.04261027846255472,0.0,162,162,0.5845757285299545,0.5400813591768365,0.597051597051597,0,0.3417287823863271,0.2916878745302991,0.3564706095418626
824603,2026-05-13,2026,Chicago White Sox,Kansas City Royals,2026-05-13T17:00:00+00:00,2026-05-13T23:40:00+00:00,-0.011537823337045172,0.0,162,162,0.5296408039057089,0.5400813591768365,0.49489795918367346,1,0.2212377733504678,0.21152515617662604,0.25512807163681794
824763,2026-05-13,2026,Boston Red Sox,Philadelphia Phillies,2026-05-13T17:00:00+00:00,2026-05-13T22:45:00+00:00,-0.0015186834683181827,0.0,162,162,0.5399007328456429,0.5400813591768365,0.5505050505050506,1,0.21169133563597647,0.21152515617662604,0.20204570962146712
824841,2026-05-13,2026,Baltimore Orioles,New York Yankees,2026-05-13T17:00:00+00:00,2026-05-13T17:05:00+00:00,-0.10286865460812433,0.0,162,162,0.4360442195738987,0.5400813591768365,0.40196078431372556,1,0.318046122276013,0.21152515617662604,0.3576509034986542
824928,2026-05-13,2026,Atlanta Braves,Chicago Cubs,2026-05-13T17:00:00+00:00,2026-05-13T23:15:00+00:00,0.023634169160881235,0.0,162,162,0.565490778575713,0.5400813591768365,0.4444444444444444,1,0.18879826350274012,0.21152515617662604,0.308641975308642
823630,2026-05-14,2026,New York Mets,Detroit Tigers,2026-05-14T17:00:00+00:00,2026-05-14T17:10:00+00:00,-0.005271747886642697,0.0,162,162,0.5360609604140095,0.5400813591768365,0.5806451612903225,1,0.21523943245197125,0.21152515617662604,0.17585848074921961
823709,2026-05-14,2026,Minnesota Twins,Miami Marlins,2026-05-14T17:00:00+00:00,2026-05-14T17:40:00+00:00,-0.04011141559394127,0.0,162,162,0.5002720526925237,0.5400813591768365,0.49489795918367346,1,0.2497280213201438,0.21152515617662604,0.25512807163681794
823789,2026-05-14,2026,Milwaukee Brewers,San Diego Padres,2026-05-14T17:00:00+00:00,2026-05-14T17:40:00+00:00,0.050878669247034325,0.0,162,162,0.5928163203912079,0.5400813591768365,0.5614035087719298,1,0.16579854893975546,0.21152515617662604,0.19236688211757466
823950,2026-05-14,2026,Los Angeles Dodgers,San Francisco Giants,2026-05-14T17:00:00+00:00,2026-05-15T02:10:00+00:00,0.08375714171930149,0.0,162,162,0.6250301088070344,0.5400813591768365,0.6168674698795181,1,0.1406024193012645,0.21152515617662604,0.14679053563652195
824196,2026-05-14,2026,Houston Astros,Seattle Mariners,2026-05-14T17:00:00+00:00,2026-05-14T18:10:00+00:00,-0.02411279858761639,0.0,162,162,0.516729122269869,0.5400813591768365,0.4821428571428572,0,0.2670089858017892,0.2916878745302991,0.23246173469387763
824602,2026-05-14,2026,Chicago White Sox,Kansas City Royals,2026-05-14T17:00:00+00:00,2026-05-14T23:40:00+00:00,-0.005075154328281706,0.0,162,162,0.5362622060892014,0.5400813591768365,0.43859649122807015,1,0.21505274150125434,0.21152515617662604,0.3151738996614343
824762,2026-05-14,2026,Boston Red Sox,Philadelphia Phillies,2026-05-14T17:00:00+00:00,2026-05-14T22:45:00+00:00,-0.00017211523336602141,0.0,162,162,0.5412772814324758,0.5400813591768365,0.5089058524173028,0,0.2929810953949316,0.2916878745302991,0.2589851666245816
824926,2026-05-14,2026,Atlanta Braves,Chicago Cubs,2026-05-14T17:00:00+00:00,2026-05-14T23:15:00+00:00,0.027968732394730522,0.0,162,162,0.5698694873734159,0.5400813591768365,0.6201923076923077,0,0.32475123263923983,0.2916878745302991,0.3846384985207101
822739,2026-05-15,2026,Washington Nationals,Baltimore Orioles,2026-05-15T17:00:00+00:00,2026-05-15T22:45:00+00:00,-0.034949932108022275,-1.0,162,162,0.533369815103071,0.5400813591768365,0.43969849246231163,1,0.21774372945694212,0.21152515617662604,0.31393777934900624
822983,2026-05-15,2026,Tampa Bay Rays,Miami Marlins,2026-05-15T17:00:00+00:00,2026-05-15T23:10:00+00:00,-0.0035839342692712273,1.0,162,162,0.5100231408912186,0.5400813591768365,0.530456852791878,1,0.24007732246210664,0.21152515617662604,0.2204707670901081
823061,2026-05-15,2026,St. Louis Cardinals,Kansas City Royals,2026-05-15T17:00:00+00:00,2026-05-16T00:15:00+00:00,-0.02365607268955261,0.0,162,162,0.51719857328845,0.5400813591768365,0.5139949109414759,1,0.2330972176347082,0.21152515617662604,0.23620094659078397
823140,2026-05-15,2026,Seattle Mariners,San Diego Padres,2026-05-15T17:00:00+00:00,2026-05-16T01:40:00+00:00,-0.0178845683303841,0.0,162,162,0.5231279895097694,0.5400813591768365,0.5443037974683544,0,0.27366289340853334,0.2916878745302991,0.2962666239384714
823384,2026-05-15,2026,Pittsburgh Pirates,Philadelphia Phillies,2026-05-15T17:00:00+00:00,2026-05-15T22:40:00+00:00,-0.0004427032542151377,0.0,162,162,0.5410007188596918,0.5400813591768365,0.5505050505050506,0,0.2926817778067033,0.2916878745302991,0.30305581063156833
823629,2026-05-15,2026,New York Mets,New York Yankees,2026-05-15T17:00:00+00:00,2026-05-15T23:15:00+00:00,-0.06982762740514575,-1.0,162,162,0.4975287528333989,0.5400813591768365,0.4133663366336633,0,0.24753485989595736,0.2916878745302991,0.17087172826193503
823707,2026-05-15,2026,Minnesota Twins,Milwaukee Brewers,2026-05-15T17:00:00+00:00,2026-05-15T23:10:00+00:00,-0.12859054985586554,0.0,162,162,0.41020735233147554,0.5400813591768365,0.49487179487179483,0,0.16827007190679932,0.2916878745302991,0.24489809335963178
824037,2026-05-15,2026,Los Angeles Angels,Los Angeles Dodgers,2026-05-15T17:00:00+00:00,2026-05-16T01:38:00+00:00,-0.15384352126618744,1.0,162,162,0.3593012279144308,0.5400813591768365,0.33409090909090905,0,0.12909737238081775,0.2916878745302991,0.11161673553719005
824194,2026-05-15,2026,Houston Astros,Texas Rangers,2026-05-15T17:00:00+00:00,2026-05-16T00:10:00+00:00,-0.07606421784718143,-1.0,162,162,0.4911119292962516,0.5400813591768365,0.49744897959183665,1,0.25896706850458323,0.21152515617662604,0.25255752811328624
824280,2026-05-15,2026,Detroit Tigers,Toronto Blue Jays,2026-05-15T17:00:00+00:00,2026-05-15T22:45:00+00:00,-0.054540627845675205,-1.0,162,162,0.51325665412323,0.5400813591768365,0.46446700507614214,1,0.23691908475531298,0.21152515617662604,0.2867955886521168
824360,2026-05-15,2026,Colorado Rockies,Arizona Diamondbacks,2026-05-15T17:00:00+00:00,2026-05-16T00:40:00+00:00,-0.09282014362525359,-1.0,162,162,0.4738921373995146,0.5400813591768365,0.47328244274809167,0,0.2245737578890804,0.2916878745302991,0.22399627061360067
824439,2026-05-15,2026,Cleveland Guardians,Cincinnati Reds,2026-05-15T17:00:00+00:00,2026-05-15T23:10:00+00:00,0.03813880116287949,1.0,162,162,0.552761947866304,0.5400813591768365,0.5516372795969774,0,0.30554577100895053,0.2916878745302991,0.30430368824115384
824601,2026-05-15,2026,Chicago White Sox,Chicago Cubs,2026-05-15T17:00:00+00:00,2026-05-15T23:40:00+00:00,-0.033533761759680814,0.0,162,162,0.5070402971546987,0.5400813591768365,0.42750000000000005,0,0.25708986293872516,0.2916878745302991,0.18275625000000004
824925,2026-05-15,2026,Atlanta Braves,Boston Red Sox,2026-05-15T17:00:00+00:00,2026-05-15T23:15:00+00:00,0.0287390570010716,0.0,162,162,0.5706465351620124,0.5400813591768365,0.5796019900497512,1,0.1843443977683851,0.21152515617662604,0.17673448677012948
822737,2026-05-16,2026,Washington Nationals,Baltimore Orioles,2026-05-16T17:00:00+00:00,2026-05-16T20:05:00+00:00,-0.03153091908406924,0.0,162,162,0.5091007749396599,0.5400813591768365,0.5063938618925831,1,0.24098204916484245,0.21152515617662604,0.24364701957731835
822981,2026-05-16,2026,Tampa Bay Rays,Miami Marlins,2026-05-16T17:00:00+00:00,2026-05-16T20:10:00+00:00,0.0013752008249266479,0.0,162,162,0.5428582685244632,0.5400813591768365,0.5566750629722922,0,0.29469509970537816,0.2916878745302991,0.3098871257352055
823060,2026-05-16,2026,St. Louis Cardinals,Kansas City Royals,2026-05-16T17:00:00+00:00,2026-05-16T18:15:00+00:00,-0.02181405486441934,0.0,162,162,0.5190915961222718,0.5400813591768365,0.5089058524173028,1,0.2312728929202241,0.21152515617662604,0.24117346178997598
823139,2026-05-16,2026,Seattle Mariners,San Diego Padres,2026-05-16T17:00:00+00:00,2026-05-16T23:15:00+00:00,-0.02178906614564169,0.0,162,162,0.519117273127568,0.5400813591768365,0.6116504854368933,0,0.26948274325940197,0.2916878745302991,0.37411631633518716
823382,2026-05-16,2026,Pittsburgh Pirates,Philadelphia Phillies,2026-05-16T17:00:00+00:00,2026-05-16T20:05:00+00:00,-0.007220027649783023,0.0,162,162,0.5340659527315933,0.5400813591768365,0.39853300733496333,0,0.28522644186710444,0.2916878745302991,0.15882855793544995
823627,2026-05-16,2026,New York Mets,New York Yankees,2026-05-16T17:00:00+00:00,2026-05-16T23:15:00+00:00,-0.07116019216786229,0.0,162,162,0.4683637461051459,0.5400813591768365,0.4707379134860051,1,0.28263710645535367,0.21152515617662604,0.2801183562211475
823706,2026-05-16,2026,Minnesota Twins,Milwaukee Brewers,2026-05-16T17:00:00+00:00,2026-05-16T23:10:00+00:00,-0.12445669004521487,0.0,162,162,0.4143302919563686,0.5400813591768365,0.46954314720812185,0,0.17166959083264965,0.2916878745302991,0.220470767090108
824038,2026-05-16,2026,Los Angeles Angels,Los Angeles Dodgers,2026-05-16T17:00:00+00:00,2026-05-17T01:38:00+00:00,-0.1645834650275475,0.0,162,162,0.3748977876811915,0.5400813591768365,0.44332493702770776,0,0.1405483512082517,0.2916878745302991,0.19653699979062106
824193,2026-05-16,2026,Houston Astros,Texas Rangers,2026-05-16T17:00:00+00:00,2026-05-16T23:10:00+00:00,-0.07897424885118703,0.0,162,162,0.4603637422836272,0.5400813591768365,0.42750000000000005,1,0.2912072906421315,0.21152515617662604,0.32775625
824278,2026-05-16,2026,Detroit Tigers,Toronto Blue Jays,2026-05-16T17:00:00+00:00,2026-05-16T17:10:00+00:00,-0.05073513765190224,0.0,162,162,0.48934136672873746,0.5400813591768365,0.5076530612244898,0,0.23945497319194872,0.2916878745302991,0.2577116305705956
824359,2026-05-16,2026,Colorado Rockies,Arizona Diamondbacks,2026-05-16T17:00:00+00:00,2026-05-16T19:10:00+00:00,-0.09577419746122623,0.0,162,162,0.4432382218771394,0.5400813591768365,0.4335839598997493,1,0.3099836775785295,0.21152515617662604,0.32082713048284883
824435,2026-05-16,2026,Cleveland Guardians,Cincinnati Reds,2026-05-16T17:00:00+00:00,2026-05-16T22:10:00+00:00,0.04196995870450548,0.0,162,162,0.5839355206887273,0.5400813591768365,0.5841584158415841,1,0.17310965094456043,0.21152515617662604,0.1729242231153809
824600,2026-05-16,2026,Chicago White Sox,Chicago Cubs,2026-05-16T17:00:00+00:00,2026-05-16T23:10:00+00:00,-0.03560618474899002,0.0,162,162,0.5049079858158858,0.5400813591768365,0.5051020408163266,1,0.24511610250888313,0.21152515617662604,0.24492399000416487
824924,2026-05-16,2026,Atlanta Braves,Boston Red Sox,2026-05-16T17:00:00+00:00,2026-05-16T23:15:00+00:00,0.03093994151357049,0.0,162,162,0.5728646981334492,0.5400813591768365,0.5329949238578681,0,0.3281739623675279,0.2916878745302991,0.2840835888582546
822738,2026-05-17,2026,Washington Nationals,Baltimore Orioles,2026-05-17T17:00:00+00:00,2026-05-17T17:35:00+00:00,-0.023827571799229175,0.0,162,162,0.5170222994516609,0.5400813591768365,0.47582697201017815,0,0.2673120581302829,0.2916878745302991,0.22641130729237485
823058,2026-05-17,2026,St. Louis Cardinals,Kansas City Royals,2026-05-17T17:00:00+00:00,2026-05-17T18:15:00+00:00,-0.026417267804412947,0.0,162,162,0.5143600134481566,0.5400813591768365,0.5267175572519084,0,0.26456622343438785,0.2916878745302991,0.2774313851174174
823138,2026-05-17,2026,Seattle Mariners,San Diego Padres,2026-05-17T17:00:00+00:00,2026-05-17T23:20:00+00:00,-0.026732936875120017,0.0,162,162,0.5140354373153213,0.5400813591768365,0.5990220048899756,0,0.2642324308159536,0.2916878745302991,0.3588273623424059
823381,2026-05-17,2026,Pittsburgh Pirates,Philadelphia Phillies,2026-05-17T17:00:00+00:00,2026-05-17T17:35:00+00:00,-0.008139895846334566,0.0,162,162,0.5331236394437563,0.5400813591768365,0.5406091370558376,0,0.2842208149337563,0.2916878745302991,0.2922582390682574
823628,2026-05-17,2026,New York Mets,New York Yankees,2026-05-17T17:00:00+00:00,2026-05-17T17:40:00+00:00,-0.06779203023542874,0.0,162,162,0.4718173240257575,0.5400813591768365,0.5292620865139949,1,0.27897693919931166,0.21152515617662604,0.22159418319315766
823708,2026-05-17,2026,Minnesota Twins,Milwaukee Brewers,2026-05-17T17:00:00+00:00,2026-05-17T18:10:00+00:00,-0.12307968656966672,0.0,162,162,0.415706357516165,0.5400813591768365,0.4444444444444444,1,0.3413990606470276,0.21152515617662604,0.308641975308642
824034,2026-05-17,2026,Los Angeles Angels,Los Angeles Dodgers,2026-05-17T17:00:00+00:00,2026-05-17T20:07:00+00:00,-0.17593352408652807,0.0,162,162,0.3640148166394741,0.5400813591768365,0.4422110552763819,0,0.13250678673306995,0.2916878745302991,0.19555061740865126
824192,2026-05-17,2026,Houston Astros,Texas Rangers,2026-05-17T17:00:00+00:00,2026-05-17T18:10:00+00:00,-0.07374462264404263,0.0,162,162,0.4657158108984884,0.5400813591768365,0.46954314720812185,0,0.21689121652083662,0.2916878745302991,0.220470767090108
824279,2026-05-17,2026,Detroit Tigers,Toronto Blue Jays,2026-05-17T17:00:00+00:00,2026-05-17T17:40:00+00:00,-0.049034393267856746,0.0,162,162,0.4910908393801278,0.5400813591768365,0.46700507614213205,0,0.2411702125230785,0.2916878745302991,0.21809374114251856
824358,2026-05-17,2026,Colorado Rockies,Arizona Diamondbacks,2026-05-17T17:00:00+00:00,2026-05-17T19:10:00+00:00,-0.0908785419118236,0.0,162,162,0.44821667786097774,0.5400813591768365,0.42999999999999994,0,0.20089819031273148,0.2916878745302991,0.18489999999999995
824436,2026-05-17,2026,Cleveland Guardians,Cincinnati Reds,2026-05-17T17:00:00+00:00,2026-05-17T17:40:00+00:00,0.0471777216097059,0.0,162,162,0.5891339758890306,0.5400813591768365,0.5901234567901236,1,0.1688108897687557,0.21152515617662604,0.1679987806736777
824599,2026-05-17,2026,Chicago White Sox,Chicago Cubs,2026-05-17T17:00:00+00:00,2026-05-17T18:10:00+00:00,-0.03334757787737558,0.0,162,162,0.507231849945201,0.5400813591768365,0.4531645569620253,1,0.24282044970842892,0.21152515617662604,0.2990290017625381
824923,2026-05-17,2026,Atlanta Braves,Boston Red Sox,2026-05-17T17:00:00+00:00,2026-05-17T17:35:00+00:00,0.02525997636674726,0.0,162,162,0.5671343800476251,0.5400813591768365,0.5760598503740648,1,0.1873726449367539,0.21152515617662604,0.17972525046486032
822734,2026-05-18,2026,Washington Nationals,New York Mets,2026-05-18T17:00:00+00:00,2026-05-18T22:45:00+00:00,-0.05727611657101489,0.0,162,162,0.482615792193085,0.5400813591768365,0.4531645569620253,0,0.23291800287415898,0.2916878745302991,0.20535811568658865
822980,2026-05-18,2026,Tampa Bay Rays,Baltimore Orioles,2026-05-18T17:00:00+00:00,2026-05-18T22:40:00+00:00,0.021335000379351432,0.0,162,162,0.5631639935444164,0.5400813591768365,0.568922305764411,1,0.1908256965360627,0.21152515617662604,0.18582797846747193
823137,2026-05-18,2026,Seattle Mariners,Chicago White Sox,2026-05-18T17:00:00+00:00,2026-05-19T01:40:00+00:00,0.006839261421357767,0.0,162,162,0.5484341173003329,0.5400813591768365,0.5935960591133005,1,0.20391174641832954,0.21152515617662604,0.16516416316823995
823301,2026-05-18,2026,San Diego Padres,Los Angeles Dodgers,2026-05-18T17:00:00+00:00,2026-05-19T01:40:00+00:00,-0.06363827133240685,0.0,162,162,0.4760801040751701,0.5400813591768365,0.43107769423558895,1,0.2744920573458846,0.21152515617662604,0.323672589996294
823465,2026-05-18,2026,Philadelphia Phillies,Cincinnati Reds,2026-05-18T17:00:00+00:00,2026-05-18T22:40:00+00:00,0.04900457548615256,0.0,162,162,0.5909529224635821,0.5400813591768365,0.5367088607594936,1,0.16731951164108427,0.21152515617662604,0.21463867969876624
823549,2026-05-18,2026,New York Yankees,Toronto Blue Jays,2026-05-18T17:00:00+00:00,2026-05-18T23:05:00+00:00,0.018843347847130376,0.0,162,162,0.5606392731878759,0.5400813591768365,0.6116504854368933,1,0.19303784826487796,0.21152515617662604,0.15081534546140066
823705,2026-05-18,2026,Minnesota Twins,Houston Astros,2026-05-18T17:00:00+00:00,2026-05-18T23:40:00+00:00,-0.008971182759440588,0.0,162,162,0.5322718653237906,0.5400813591768365,0.5204081632653061,1,0.21876960796768632,0.21152515617662604,0.23000832986255726
823867,2026-05-18,2026,Miami Marlins,Atlanta Braves,2026-05-18T17:00:00+00:00,2026-05-18T22:40:00+00:00,-0.07020871917863453,0.0,162,162,0.4693390555992794,0.5400813591768365,0.5127551020408163,1,0.2816010379122647,0.21152515617662604,0.23740759058725533
824114,2026-05-18,2026,Kansas City Royals,Boston Red Sox,2026-05-18T17:00:00+00:00,2026-05-18T23:10:00+00:00,-0.0275990893725247,0.0,162,162,0.5131447850733404,0.5400813591768365,0.49744897959183665,0,0.26331757044796467,0.2916878745302991,0.24745548729695951
824277,2026-05-18,2026,Detroit Tigers,Cleveland Guardians,2026-05-18T17:00:00+00:00,2026-05-18T22:40:00+00:00,-0.040476436636326885,0.0,162,162,0.49989642919956206,0.5400813591768365,0.5831265508684863,0,0.24989643992647276,0.2916878745302991,0.34003657432777734
824357,2026-05-18,2026,Colorado Rockies,Texas Rangers,2026-05-18T17:00:00+00:00,2026-05-19T00:40:00+00:00,-0.16150376026041202,0.0,162,162,0.3778732285731392,0.5400813591768365,0.42039800995024873,1,0.3870417197260095,0.21152515617662604,0.335938466869632
824680,2026-05-18,2026,Chicago Cubs,Milwaukee Brewers,2026-05-18T17:00:00+00:00,2026-05-18T23:40:00+00:00,-0.05762872635470728,0.0,162,162,0.48225338826889974,0.5400813591768365,0.6014669926650367,0,0.23256833049683417,0.2916878745302991,0.36176254326552326
825087,2026-05-18,2026,Arizona Diamondbacks,San Francisco Giants,2026-05-18T17:00:00+00:00,2026-05-19T01:40:00+00:00,-0.011892339914694572,0.0,162,162,0.5292772563728052,0.5400813591768365,0.5639097744360902,1,0.22157990136791375,0.21152515617662604,0.19017468483238167
822736,2026-05-19,2026,Washington Nationals,New York Mets,2026-05-19T17:00:00+00:00,2026-05-19T22:45:00+00:00,-0.06569609549979455,0.0,162,162,0.47396779494211494,0.5400813591768365,0.4494949494949495,1,0.27670988075806086,0.21152515617662604,0.3030558106315682
822979,2026-05-19,2026,Tampa Bay Rays,Baltimore Orioles,2026-05-19T17:00:00+00:00,2026-05-19T22:40:00+00:00,0.028007865330215265,0.0,162,162,0.569908970184334,0.5400813591768365,0.5051020408163266,1,0.18497829392790013,0.21152515617662604,0.24492399000416487
823059,2026-05-19,2026,St. Louis Cardinals,Pittsburgh Pirates,2026-05-19T17:00:00+00:00,2026-05-19T23:45:00+00:00,-0.04858089817131328,0.0,162,162,0.4915573662514414,0.5400813591768365,0.5204081632653061,1,0.2585139118131709,0.21152515617662604,0.23000832986255726
823136,2026-05-19,2026,Seattle Mariners,Chicago White Sox,2026-05-19T17:00:00+00:00,2026-05-20T01:40:00+00:00,0.014944330357004987,0.0,162,162,0.5566822523548797,0.5400813591768365,0.5796019900497512,0,0.30989513008690195,0.2916878745302991,0.3359384668696319
823302,2026-05-19,2026,San Diego Padres,Los Angeles Dodgers,2026-05-19T17:00:00+00:00,2026-05-20T01:40:00+00:00,-0.06426669976208288,0.0,162,162,0.47543494248390444,0.5400813591768365,0.40640394088669946,0,0.22603838453467354,0.2916878745302991,0.1651641631682399
823464,2026-05-19,2026,Philadelphia Phillies,Cincinnati Reds,2026-05-19T17:00:00+00:00,2026-05-19T22:40:00+00:00,0.0535961959448672,0.0,162,162,0.5955135878741872,0.5400813591768365,0.5725,0,0.35463643334278727,0.2916878745302991,0.32775625
823548,2026-05-19,2026,New York Yankees,Toronto Blue Jays,2026-05-19T17:00:00+00:00,2026-05-19T23:05:00+00:00,0.02321291720014751,0.0,162,162,0.5650646795492825,0.5400813591768365,0.5505050505050506,1,0.1891687329755683,0.21152515617662604,0.20204570962146712
823704,2026-05-19,2026,Minnesota Twins,Houston Astros,2026-05-19T17:00:00+00:00,2026-05-19T23:40:00+00:00,-0.009515174419445438,0.0,162,162,0.5317143647489301,0.5400813591768365,0.5516372795969774,0,0.28272016568035824,0.2916878745302991,0.30430368824115384
823865,2026-05-19,2026,Miami Marlins,Atlanta Braves,2026-05-19T17:00:00+00:00,2026-05-19T20:10:00+00:00,-0.058620247151293325,0.0,162,162,0.4812344281330954,0.5400813591768365,0.43609022556390975,0,0.23158657482058737,0.2916878745302991,0.19017468483238167
824112,2026-05-19,2026,Kansas City Royals,Boston Red Sox,2026-05-19T17:00:00+00:00,2026-05-19T23:40:00+00:00,-0.0280725468402378,0.0,162,162,0.5126578998715401,0.5400813591768365,0.4582278481012658,0,0.262818122300698,0.2916878745302991,0.20997276077551674
824276,2026-05-19,2026,Detroit Tigers,Cleveland Guardians,2026-05-19T17:00:00+00:00,2026-05-19T22:40:00+00:00,-0.05209468307165638,0.0,162,162,0.4879430544756356,0.5400813591768365,0.40196078431372556,0,0.23808842441101308,0.2916878745302991,0.1615724721261054
824356,2026-05-19,2026,Colorado Rockies,Texas Rangers,2026-05-19T17:00:00+00:00,2026-05-20T00:40:00+00:00,-0.16222540590856427,0.0,162,162,0.37717517935891454,0.5400813591768365,0.5051020408163266,0,0.14226111592442936,0.2916878745302991,0.25512807163681805
824677,2026-05-19,2026,Chicago Cubs,Milwaukee Brewers,2026-05-19T17:00:00+00:00,2026-05-19T23:40:00+00:00,-0.06406112208209302,0.0,162,162,0.4756459851611825,0.5400813591768365,0.48346055979643765,0,0.22623910319995186,0.2916878745302991,0.23373411287868487
825086,2026-05-19,2026,Arizona Diamondbacks,San Francisco Giants,2026-05-19T17:00:00+00:00,2026-05-20T01:40:00+00:00,-0.0037364082500280227,0.0,162,162,0.5376323143703811,0.5400813591768365,0.5267175572519084,1,0.21378387671449012,0.21152515617662604,0.2239962706136006
822735,2026-05-20,2026,Washington Nationals,New York Mets,2026-05-20T17:00:00+00:00,2026-05-20T22:45:00+00:00,-0.06596293684955856,0.0,162,162,0.47369395505664097,0.5400813591768365,0.46446700507614214,1,0.276998052943921,0.21152515617662604,0.2867955886521168
822977,2026-05-20,2026,Tampa Bay Rays,Baltimore Orioles,2026-05-20T17:00:00+00:00,2026-05-20T17:10:00+00:00,0.02456950297559579,0.0,162,162,0.5664365278246531,0.5400813591768365,0.5089058524173028,1,0.18797728440474276,0.21152515617662604,0.24117346178997598
823057,2026-05-20,2026,St. Louis Cardinals,Pittsburgh Pirates,2026-05-20T17:00:00+00:00,2026-05-20T23:45:00+00:00,-0.04444117785933743,0.0,162,162,0.4958166248771582,0.5400813591768365,0.5139949109414759,0,0.24583412550457662,0.2916878745302991,0.26419076847373574
823134,2026-05-20,2026,Seattle Mariners,Chicago White Sox,2026-05-20T17:00:00+00:00,2026-05-20T20:10:00+00:00,0.011146322291446298,0.0,162,162,0.5528208113328862,0.5400813591768365,0.57,1,0.19996922677697818,0.21152515617662604,0.18490000000000004
823299,2026-05-20,2026,San Diego Padres,Los Angeles Dodgers,2026-05-20T17:00:00+00:00,2026-05-21T00:40:00+00:00,-0.06130504446564056,0.0,162,162,0.47847613932788163,0.5400813591768365,0.3681710213776722,0,0.22893941590611439,0.2916878745302991,0.13554990098227837
823462,2026-05-20,2026,Philadelphia Phillies,Cincinnati Reds,2026-05-20T17:00:00+00:00,2026-05-20T17:05:00+00:00,0.050638765322428614,0.0,162,162,0.5925779334239716,0.5400813591768365,0.5796019900497512,0,0.3511486071810249,0.2916878745302991,0.3359384668696319
823547,2026-05-20,2026,New York Yankees,Toronto Blue Jays,2026-05-20T17:00:00+00:00,2026-05-20T23:05:00+00:00,0.024227619596440708,0.0,162,162,0.5660908931308009,0.5400813591768365,0.6092233009708737,0,0.3204588992856278,0.2916878745302991,0.3711530304458478
823703,2026-05-20,2026,Minnesota Twins,Houston Astros,2026-05-20T17:00:00+00:00,2026-05-20T17:40:00+00:00,-0.010617082936652034,0.0,162,162,0.5305848513934596,0.5400813591768365,0.5725,1,0.22035058174130043,0.21152515617662604,0.18275624999999998
823866,2026-05-20,2026,Miami Marlins,Atlanta Braves,2026-05-20T17:00:00+00:00,2026-05-20T22:40:00+00:00,-0.06256623420811669,0.0,162,162,0.4771808694407412,0.5400813591768365,0.3640661938534279,0,0.22770158216022168,0.2916878745302991,0.13254419350692176
824111,2026-05-20,2026,Kansas City Royals,Boston Red Sox,2026-05-20T17:00:00+00:00,2026-05-20T23:40:00+00:00,-0.03338046511079562,0.0,162,162,0.507198014508926,0.5400813591768365,0.5267175572519084,0,0.2572498259217967,0.2916878745302991,0.2774313851174174
824273,2026-05-20,2026,Detroit Tigers,Cleveland Guardians,2026-05-20T17:00:00+00:00,2026-05-20T22:40:00+00:00,-0.052971116220219105,0.0,162,162,0.487041728875879,0.5400813591768365,0.47582697201017815,0,0.2372096456664052,0.2916878745302991,0.22641130729237485
824355,2026-05-20,2026,Colorado Rockies,Texas Rangers,2026-05-20T17:00:00+00:00,2026-05-20T19:10:00+00:00,-0.17035117958930202,0.0,162,162,0.3693508378074301,0.5400813591768365,0.4707379134860051,0,0.13642004138905053,0.2916878745302991,0.2215941831931576
824678,2026-05-20,2026,Chicago Cubs,Milwaukee Brewers,2026-05-20T17:00:00+00:00,2026-05-20T23:40:00+00:00,-0.06757941762081499,0.0,162,162,0.4720354224952264,0.5400813591768365,0.5204081632653061,0,0.2228174400902469,0.2916878745302991,0.27082465639316955
825084,2026-05-20,2026,Arizona Diamondbacks,San Francisco Giants,2026-05-20T17:00:00+00:00,2026-05-20T19:40:00+00:00,-0.009264433189596077,0.0,162,162,0.5319713425432553,0.5400813591768365,0.547979797979798,1,0.21905082420076288,0.21152515617662604,0.20432226303438422
822733,2026-05-21,2026,Washington Nationals,New York Mets,2026-05-21T17:00:00+00:00,2026-05-21T20:05:00+00:00,-0.06566813948430938,0.0,162,162,0.4739964850783048,0.5400813591768365,0.5,0,0.2246726678665876,0.2916878745302991,0.25
823056,2026-05-21,2026,St. Louis Cardinals,Pittsburgh Pirates,2026-05-21T17:00:00+00:00,2026-05-21T17:15:00+00:00,-0.052610803248475224,0.0,162,162,0.4874122655883067,0.5400813591768365,0.4809160305343511,0,0.23757071664592602,0.2916878745302991,0.23128022842491694
823545,2026-05-21,2026,New York Yankees,Toronto Blue Jays,2026-05-21T17:00:00+00:00,2026-05-21T23:05:00+00:00,0.02662063639426815,0.0,162,162,0.568508799097816,0.5400813591768365,0.565,0,0.323202254651641,0.2916878745302991,0.3192249999999999
823864,2026-05-21,2026,Miami Marlins,Atlanta Braves,2026-05-21T17:00:00+00:00,2026-05-21T22:40:00+00:00,-0.06809005397988088,0.0,162,162,0.4715116287663317,0.5400813591768365,0.43969849246231163,0,0.222323216061879,0.2916878745302991,0.19333476427362953
824274,2026-05-21,2026,Detroit Tigers,Cleveland Guardians,2026-05-21T17:00:00+00:00,2026-05-21T17:10:00+00:00,-0.05798109435083926,0.0,162,162,0.4818912514977123,0.5400813591768365,0.5355329949238579,0,0.23221917827003138,0.2916878745302991,0.2867955886521168
825083,2026-05-21,2026,Arizona Diamondbacks,Colorado Rockies,2026-05-21T17:00:00+00:00,2026-05-22T01:40:00+00:00,0.09330570419643147,0.0,162,162,0.6341953861975783,0.5400813591768365,0.6382978723404256,1,0.13381301547913887,0.21152515617662604,0.13082842915346307
822816,2026-05-22,2026,Toronto Blue Jays,Pittsburgh Pirates,2026-05-22T17:00:00+00:00,2026-05-22T23:07:00+00:00,0.023959580599336228,0.0,162,162,0.5658198680935407,0.5400813591768365,0.597051597051597,1,0.18851238694231043,0.21152515617662604,0.1623674154386685
823223,2026-05-22,2026,San Francisco Giants,Chicago White Sox,2026-05-22T17:00:00+00:00,2026-05-23T02:15:00+00:00,-0.005394423346129162,0.0,162,162,0.535935376052602,0.5400813591768365,0.49109414758269715,0,0.28722672730464394,0.2916878745302991,0.24117346178997592
823461,2026-05-22,2026,Philadelphia Phillies,Cleveland Guardians,2026-05-22T17:00:00+00:00,2026-05-22T22:40:00+00:00,-0.020595012761208453,1.0,162,162,0.49251985604609466,0.5400813591768365,0.6225961538461539,0,0.24257580859966582,0.2916878745302991,0.38762597078402367
823546,2026-05-22,2026,New York Yankees,Tampa Bay Rays,2026-05-22T17:00:00+00:00,2026-05-22T23:05:00+00:00,0.07822118510005355,-1.0,162,162,0.6455444708544682,0.5400813591768365,0.5760598503740648,0,0.41672766385077536,0.2916878745302991,0.33184495121298996
823788,2026-05-22,2026,Milwaukee Brewers,Los Angeles Dodgers,2026-05-22T17:00:00+00:00,2026-05-22T23:40:00+00:00,-0.009523461923493848,0.0,162,162,0.5317058708258715,0.5400813591768365,0.5025510204081632,1,0.21929939141895535,0.21152515617662604,0.24745548729695963
823863,2026-05-22,2026,Miami Marlins,New York Mets,2026-05-22T17:00:00+00:00,2026-05-22T23:10:00+00:00,-0.020003884644199776,0.0,162,162,0.5209513559684521,0.5400813591768365,0.5076530612244898,1,0.22948760334846469,0.21152515617662604,0.24240550812161596
824029,2026-05-22,2026,Los Angeles Angels,Texas Rangers,2026-05-22T17:00:00+00:00,2026-05-23T01:38:00+00:00,-0.15449557118471846,-1.0,162,162,0.4113483944001171,0.5400813591768365,0.39853300733496333,1,0.34651071277532014,0.21152515617662604,0.36176254326552326
824110,2026-05-22,2026,Kansas City Royals,Seattle Mariners,2026-05-22T17:00:00+00:00,2026-05-22T23:40:00+00:00,-0.01297963577319794,0.0,162,162,0.528162070643912,0.5400813591768365,0.4783715012722647,0,0.27895517286686466,0.2916878745302991,0.22883929322948032
824679,2026-05-22,2026,Chicago Cubs,Houston Astros,2026-05-22T17:00:00+00:00,2026-05-22T18:20:00+00:00,0.03837806064907562,0.0,162,162,0.5803390562453709,0.5400813591768365,0.5664160401002506,0,0.33679342020376773,0.2916878745302991,0.32082713048284867
824761,2026-05-22,2026,Boston Red Sox,Minnesota Twins,2026-05-22T17:00:00+00:00,2026-05-22T23:10:00+00:00,0.07149301635006616,0.0,162,162,0.613126303696117,0.5400813591768365,0.5785536159600998,0,0.37592386428406305,0.2916878745302991,0.3347242865405066
824842,2026-05-22,2026,Baltimore Orioles,Detroit Tigers,2026-05-22T17:00:00+00:00,2026-05-22T23:15:00+00:00,-0.022516378564625295,1.0,162,162,0.4905432515892728,0.5400813591768365,0.5591939546599496,1,0.25954617850123096,0.21152515617662604,0.19430996960833458
824922,2026-05-22,2026,Atlanta Braves,Washington Nationals,2026-05-22T17:00:00+00:00,2026-05-22T23:15:00+00:00,0.12093334661952954,0.0,162,162,0.6601534737200915,0.5400813591768365,0.6574712643678161,1,0.11549566142452056,0.21152515617662604,0.11732593473378253
825082,2026-05-22,2026,Arizona Diamondbacks,Colorado Rockies,2026-05-22T17:00:00+00:00,2026-05-23T01:40:00+00:00,0.09481422807416134,0.0,162,162,0.6356347023150969,0.5400813591768365,0.6519721577726217,0,0.40403147478720186,0.2916878745302991,0.4250676945106884
822814,2026-05-23,2026,Toronto Blue Jays,Pittsburgh Pirates,2026-05-23T17:00:00+00:00,2026-05-23T19:07:00+00:00,0.027912886143773963,0.0,162,162,0.569813140279447,0.5400813591768365,0.41791044776119407,1,0.18506073427623076,0.21152515617662604,0.3388282468255735
823222,2026-05-23,2026,San Francisco Giants,Chicago White Sox,2026-05-23T17:00:00+00:00,2026-05-23T20:05:00+00:00,-0.007530404054057138,0.0,162,162,0.5337480298771821,0.5400813591768365,0.5089058524173028,1,0.2173908996434091,0.21152515617662604,0.24117346178997598
823458,2026-05-23,2026,Philadelphia Phillies,Cleveland Guardians,2026-05-23T17:00:00+00:00,2026-05-23T20:05:00+00:00,-0.019701468287066537,0.0,162,162,0.521262001816358,0.5400813591768365,0.6244019138755981,1,0.22919007090488086,0.21152515617662604,0.14107392230031365
823787,2026-05-23,2026,Milwaukee Brewers,Los Angeles Dodgers,2026-05-23T17:00:00+00:00,2026-05-23T23:15:00+00:00,-0.006980034780862288,0.0,162,162,0.5343117617974564,0.5400813591768365,0.48600508905852424,0,0.28548905879510184,0.2916878745302991,0.23620094659078408
823862,2026-05-23,2026,Miami Marlins,New York Mets,2026-05-23T17:00:00+00:00,2026-05-23T20:10:00+00:00,-0.02266510211921835,0.0,162,162,0.5182170484028892,0.5400813591768365,0.5204081632653061,1,0.23211481244962404,0.21152515617662604,0.23000832986255726
824030,2026-05-23,2026,Los Angeles Angels,Texas Rangers,2026-05-23T17:00:00+00:00,2026-05-24T02:05:00+00:00,-0.1463291355644924,0.0,162,162,0.39266503417464654,0.5400813591768365,0.43969849246231163,1,0.3688557607140833,0.21152515617662604,0.31393777934900624
824109,2026-05-23,2026,Kansas City Royals,Seattle Mariners,2026-05-23T17:00:00+00:00,2026-05-23T20:10:00+00:00,-0.01046360415710118,0.0,162,162,0.5307421941478201,0.5400813591768365,0.46700507614213205,1,0.22020288835320218,0.21152515617662604,0.28408358885825447
824516,2026-05-23,2026,Cincinnati Reds,St. Louis Cardinals,2026-05-23T17:00:00+00:00,2026-05-23T23:15:00+00:00,0.02079289718802002,1.0,162,162,0.535051779245367,0.5400813591768365,0.5025510204081632,1,0.216176847982899,0.21152515617662604,0.24745548729695963
824518,2026-05-23,2026,Cincinnati Reds,St. Louis Cardinals,2026-05-23T17:00:00+00:00,2026-05-23T17:10:00+00:00,0.02079289718802002,1.0,162,162,0.535051779245367,0.5400813591768365,0.5025510204081632,0,0.2862804064736329,0.2916878745302991,0.2525575281132861
824674,2026-05-23,2026,Chicago Cubs,Houston Astros,2026-05-23T17:00:00+00:00,2026-05-23T18:20:00+00:00,0.04055393068641483,0.0,162,162,0.5825187370186587,0.5400813591768365,0.5891089108910892,0,0.3393280789778133,0.2916878745302991,0.34704930889128527
824760,2026-05-23,2026,Boston Red Sox,Minnesota Twins,2026-05-23T17:00:00+00:00,2026-05-23T20:10:00+00:00,0.06463363760774965,0.0,162,162,0.6064080059800838,0.5400813591768365,0.5355329949238579,0,0.3677306697167414,0.2916878745302991,0.2867955886521168
824920,2026-05-23,2026,Atlanta Braves,Washington Nationals,2026-05-23T17:00:00+00:00,2026-05-23T20:10:00+00:00,0.12526165772568448,0.0,162,162,0.6641390600259243,0.5400813591768365,0.6039119804400979,0,0.4410806910521182,0.2916878745302991,0.36470968011908117
825080,2026-05-23,2026,Arizona Diamondbacks,Colorado Rockies,2026-05-23T17:00:00+00:00,2026-05-24T02:10:00+00:00,0.09245890476468394,0.0,162,162,0.6333863826362204,0.5400813591768365,0.6244019138755981,1,0.1344055444365558,0.21152515617662604,0.14107392230031365
823220,2026-05-24,2026,San Francisco Giants,Chicago White Sox,2026-05-24T17:00:00+00:00,2026-05-24T20:05:00+00:00,-0.0010114422103376097,0.0,162,162,0.5404193400704558,0.5400813591768365,0.5216284987277354,1,0.21121438298127537,0.21152515617662604,0.22883929322948024
823459,2026-05-24,2026,Philadelphia Phillies,Cleveland Guardians,2026-05-24T17:00:00+00:00,2026-05-24T17:35:00+00:00,-0.017875871010161526,0.0,162,162,0.5231369202973705,0.5400813591768365,0.48600508905852424,0,0.27367223737821733,0.2916878745302991,0.23620094659078408
823544,2026-05-24,2026,New York Yankees,Tampa Bay Rays,2026-05-24T17:00:00+00:00,2026-05-24T17:35:00+00:00,0.07549135005952601,0.0,162,162,0.6170228105907481,0.5400813591768365,0.5603015075376885,1,0.14667152760780997,0.21152515617662604,0.19333476427362942
823786,2026-05-24,2026,Milwaukee Brewers,Los Angeles Dodgers,2026-05-24T17:00:00+00:00,2026-05-24T18:10:00+00:00,-0.013811757486169696,0.0,162,162,0.5273084139449435,0.5400813591768365,0.4193548387096774,0,0.2780541634171319,0.2916878745302991,0.17585848074921953
823861,2026-05-24,2026,Miami Marlins,New York Mets,2026-05-24T17:00:00+00:00,2026-05-24T17:40:00+00:00,-0.02187399055939704,0.0,162,162,0.5190300091543545,0.5400813591768365,0.5417721518987342,1,0.23133213209406034,0.21152515617662604,0.20997276077551674
824028,2026-05-24,2026,Los Angeles Angels,Texas Rangers,2026-05-24T17:00:00+00:00,2026-05-24T23:20:00+00:00,-0.14599427258477438,0.0,162,162,0.39299379246325405,0.5400813591768365,0.5190839694656489,1,0.3684565359881431,0.21152515617662604,0.23128022842491688
824108,2026-05-24,2026,Kansas City Royals,Seattle Mariners,2026-05-24T17:00:00+00:00,2026-05-24T18:10:00+00:00,-0.004428242622065759,0.0,162,162,0.5369243423507177,0.5400813591768365,0.47582697201017815,1,0.21443906470731527,0.21152515617662604,0.2747573632720185
824676,2026-05-24,2026,Chicago Cubs,Houston Astros,2026-05-24T17:00:00+00:00,2026-05-24T18:20:00+00:00,0.03924105241358733,0.0,162,162,0.5812039395111757,0.5400813591768365,0.6004901960784313,0,0.3377980193033103,0.2916878745302991,0.3605884755863129
824759,2026-05-24,2026,Boston Red Sox,Minnesota Twins,2026-05-24T17:00:00+00:00,2026-05-24T17:35:00+00:00,0.061850507903356555,0.0,162,162,0.6036704407887669,0.5400813591768365,0.608272506082725,0,0.3644180010821041,0.2916878745302991,0.3699954416561587
824840,2026-05-24,2026,Baltimore Orioles,Detroit Tigers,2026-05-24T17:00:00+00:00,2026-05-24T22:05:00+00:00,-0.02009699885105265,0.0,162,162,0.5208557046218605,0.5400813591768365,0.5392405063291139,0,0.2712906650371348,0.2916878745302991,0.29078032366607914
824921,2026-05-24,2026,Atlanta Braves,Washington Nationals,2026-05-24T17:00:00+00:00,2026-05-24T20:10:00+00:00,0.12366770475803518,0.0,162,162,0.6626740004461618,0.5400813591768365,0.6004901960784313,0,0.4391368308673196,0.2916878745302991,0.3605884755863129
825081,2026-05-24,2026,Arizona Diamondbacks,Colorado Rockies,2026-05-24T17:00:00+00:00,2026-05-24T20:10:00+00:00,0.09394845475915109,0.0,162,162,0.6348089435653821,0.5400813591768365,0.6431924882629109,1,0.1333645076998323,0.21152515617662604,0.127311600432013
822812,2026-05-25,2026,Toronto Blue Jays,Miami Marlins,2026-05-25T17:00:00+00:00,2026-05-25T23:07:00+00:00,0.06296716518986772,0.0,162,162,0.6047696073042054,0.5400813591768365,0.5925925925925927,0,0.36574627791888276,0.2916878745302991,0.3511659807956105
822899,2026-05-25,2026,Texas Rangers,Houston Astros,2026-05-25T17:00:00+00:00,2026-05-25T23:05:00+00:00,0.08210152937943793,0.0,162,162,0.6234315840056798,0.5400813591768365,0.5253807106598984,0,0.38866693993583096,0.2916878745302991,0.27602489113349993
823219,2026-05-25,2026,San Francisco Giants,Arizona Diamondbacks,2026-05-25T17:00:00+00:00,2026-05-25T21:05:00+00:00,0.004951752659771602,0.0,162,162,0.5465092947282921,0.5400813591768365,0.547979797979798,0,0.2986724092244153,0.2916878745302991,0.30028185899398024
823296,2026-05-25,2026,San Diego Padres,Philadelphia Phillies,2026-05-25T17:00:00+00:00,2026-05-25T22:40:00+00:00,0.015546708825097011,0.0,162,162,0.5572940750009645,0.5400813591768365,0.4783715012722647,0,0.31057668603118066,0.2916878745302991,0.22883929322948032
823380,2026-05-25,2026,Pittsburgh Pirates,Chicago Cubs,2026-05-25T17:00:00+00:00,2026-05-25T17:35:00+00:00,0.0020911739189258816,0.0,162,162,0.5435895317486646,0.5400813591768365,0.46954314720812185,1,0.2083105155294032,0.21152515617662604,0.2813844726738643
823625,2026-05-25,2026,New York Mets,Cincinnati Reds,2026-05-25T17:00:00+00:00,2026-05-25T20:10:00+00:00,0.021503421642657006,-1.0,162,162,0.5905042749629642,0.5400813591768365,0.5796019900497512,0,0.34869529874953603,0.2916878745302991,0.3359384668696319
823784,2026-05-25,2026,Milwaukee Brewers,St. Louis Cardinals,2026-05-25T17:00:00+00:00,2026-05-25T18:10:00+00:00,0.12402586726706694,-1.0,162,162,0.687412850313044,0.5400813591768365,0.6651480637813212,1,0.09771072614941544,0.21152515617662604,0.11212581918939814
823948,2026-05-25,2026,Los Angeles Dodgers,Colorado Rockies,2026-05-25T17:00:00+00:00,2026-05-26T01:10:00+00:00,0.21152155223957175,0.0,162,162,0.7382429178717608,0.5400813591768365,0.7386138613861386,1,0.06851677004428977,0.21152515617662604,0.06832271345946477
824107,2026-05-25,2026,Kansas City Royals,New York Yankees,2026-05-25T17:00:00+00:00,2026-05-25T19:40:00+00:00,-0.06360564234754618,0.0,162,162,0.4761136040707974,0.5400813591768365,0.4582278481012658,0,0.22668416398128402,0.2916878745302991,0.20997276077551674
824437,2026-05-25,2026,Cleveland Guardians,Washington Nationals,2026-05-25T17:00:00+00:00,2026-05-25T22:10:00+00:00,0.10705152580270322,0.0,162,162,0.647219188649118,0.5400813591768365,0.6116504854368933,0,0.4188926781556226,0.2916878745302991,0.37411631633518716
824598,2026-05-25,2026,Chicago White Sox,Minnesota Twins,2026-05-25T17:00:00+00:00,2026-05-25T18:10:00+00:00,0.029030529541194228,0.0,162,162,0.5709404610315955,0.5400813591768365,0.5076530612244898,1,0.18409208797977986,0.21152515617662604,0.24240550812161596
824838,2026-05-25,2026,Baltimore Orioles,Tampa Bay Rays,2026-05-25T17:00:00+00:00,2026-05-25T17:35:00+00:00,-0.023239207309127707,0.0,162,162,0.517627026734113,0.5400813591768365,0.49489795918367346,1,0.23268368533737216,0.21152515617662604,0.25512807163681794
822811,2026-05-26,2026,Toronto Blue Jays,Miami Marlins,2026-05-26T17:00:00+00:00,2026-05-26T23:07:00+00:00,0.05742498395698087,0.0,162,162,0.5993040274596452,0.5400813591768365,0.5628140703517588,1,0.1605572624100608,0.21152515617662604,0.1911315370823969
822898,2026-05-26,2026,Texas Rangers,Houston Astros,2026-05-26T17:00:00+00:00,2026-05-27T00:05:00+00:00,0.07102634520679907,0.0,162,162,0.6126705615227889,0.5400813591768365,0.5491183879093199,1,0.1500240939110717,0.21152515617662604,0.20329422812149053
823216,2026-05-26,2026,San Francisco Giants,Arizona Diamondbacks,2026-05-26T17:00:00+00:00,2026-05-27T01:45:00+00:00,0.004968410783860844,0.0,162,162,0.5465262883333424,0.5400813591768365,0.5051020408163266,0,0.29869098383941967,0.2916878745302991,0.25512807163681805
823294,2026-05-26,2026,San Diego Padres,Philadelphia Phillies,2026-05-26T17:00:00+00:00,2026-05-27T01:40:00+00:00,0.013752011061655578,0.0,162,162,0.5554707342870334,0.5400813591768365,0.5076530612244898,0,0.30854773664937607,0.2916878745302991,0.2577116305705956
823379,2026-05-26,2026,Pittsburgh Pirates,Chicago Cubs,2026-05-26T17:00:00+00:00,2026-05-26T22:40:00+00:00,-0.006947425394470241,0.0,162,162,0.5343451601849843,0.5400813591768365,0.5591939546599496,1,0.21683442984314788,0.21152515617662604,0.19430996960833458
823624,2026-05-26,2026,New York Mets,Cincinnati Reds,2026-05-26T17:00:00+00:00,2026-05-26T23:10:00+00:00,0.01716212575219206,0.0,162,162,0.5589339556417929,0.5400813591768365,0.4607594936708861,0,0.31240716676938174,0.2916878745302991,0.21229931100785132
823785,2026-05-26,2026,Milwaukee Brewers,St. Louis Cardinals,2026-05-26T17:00:00+00:00,2026-05-26T23:40:00+00:00,0.12490978350361259,0.0,162,162,0.6638159101243705,0.5400813591768365,0.6244019138755981,1,0.11301974228550536,0.21152515617662604,0.14107392230031365
823949,2026-05-26,2026,Los Angeles Dodgers,Colorado Rockies,2026-05-26T17:00:00+00:00,2026-05-27T02:10:00+00:00,0.2110542473526303,0.0,162,162,0.7378710472619723,0.5400813591768365,0.6741573033707866,1,0.06871158786353516,0.21152515617662604,0.10617346294659759
824106,2026-05-26,2026,Kansas City Royals,New York Yankees,2026-05-26T17:00:00+00:00,2026-05-26T23:40:00+00:00,-0.062405759183439324,0.0,162,162,0.4773456641810038,0.5400813591768365,0.35597189695550346,0,0.22785888311240368,0.2916878745302991,0.12671599142209958
824275,2026-05-26,2026,Detroit Tigers,Los Angeles Angels,2026-05-26T17:00:00+00:00,2026-05-26T22:40:00+00:00,0.062354250238805975,0.0,162,162,0.6041664231077126,0.5400813591768365,0.5516372795969774,0,0.3650170668107676,0.2916878745302991,0.30430368824115384
824434,2026-05-26,2026,Cleveland Guardians,Washington Nationals,2026-05-26T17:00:00+00:00,2026-05-26T22:10:00+00:00,0.09858117469850125,0.0,162,162,0.6392182060835364,0.5400813591768365,0.5541561712846348,0,0.40859991498865444,0.2916878745302991,0.3070890621728455
824597,2026-05-26,2026,Chicago White Sox,Minnesota Twins,2026-05-26T17:00:00+00:00,2026-05-26T23:40:00+00:00,0.028565160741324147,0.0,162,162,0.5704711514688064,0.5400813591768365,0.4872448979591837,0,0.3254373346581459,0.2916878745302991,0.23740759058725533
824758,2026-05-26,2026,Boston Red Sox,Atlanta Braves,2026-05-26T17:00:00+00:00,2026-05-26T22:45:00+00:00,-0.03816726307460505,0.0,162,162,0.5022726598554721,0.5400813591768365,0.5025510204081632,0,0.25227782483829075,0.2916878745302991,0.2525575281132861
824837,2026-05-26,2026,Baltimore Orioles,Tampa Bay Rays,2026-05-26T17:00:00+00:00,2026-05-26T22:35:00+00:00,-0.02608049681662966,0.0,162,162,0.5147062735589545,0.5400813591768365,0.4872448979591837,1,0.2355100009230363,0.21152515617662604,0.2629177946688879
822809,2026-05-27,2026,Toronto Blue Jays,Miami Marlins,2026-05-27T17:00:00+00:00,2026-05-27T17:07:00+00:00,0.06274178182539852,0.0,162,162,0.6045478391396659,0.5400813591768365,0.5831265508684863,1,0.15638241152910753,0.21152515617662604,0.17378347259080473
822897,2026-05-27,2026,Texas Rangers,Houston Astros,2026-05-27T17:00:00+00:00,2026-05-28T00:05:00+00:00,0.07619966206142836,0.0,162,162,0.6177115344699985,0.5400813591768365,0.5675,0,0.38156753981728014,0.2916878745302991,0.32205625
823217,2026-05-27,2026,San Francisco Giants,Arizona Diamondbacks,2026-05-27T17:00:00+00:00,2026-05-27T19:45:00+00:00,0.005340445025919072,0.0,162,162,0.5469057867164991,0.5400813591768365,0.4783715012722647,0,0.29910593954399284,0.2916878745302991,0.22883929322948032
823295,2026-05-27,2026,San Diego Padres,Philadelphia Phillies,2026-05-27T17:00:00+00:00,2026-05-27T20:10:00+00:00,0.01416436859673087,0.0,162,162,0.5558898069707316,0.5400813591768365,0.43609022556390975,0,0.3090134774939573,0.2916878745302991,0.19017468483238167
823376,2026-05-27,2026,Pittsburgh Pirates,Chicago Cubs,2026-05-27T17:00:00+00:00,2026-05-27T22:40:00+00:00,0.0011172796646463645,0.0,162,162,0.5425947938417403,0.5400813591768365,0.5355329949238579,0,0.2944091103041606,0.2916878745302991,0.2867955886521168
823626,2026-05-27,2026,New York Mets,Cincinnati Reds,2026-05-27T17:00:00+00:00,2026-05-27T23:10:00+00:00,0.012438491893648151,0.0,162,162,0.5541353014920448,0.5400813591768365,0.5216284987277354,1,0.19879532937558977,0.21152515617662604,0.22883929322948024
823783,2026-05-27,2026,Milwaukee Brewers,St. Louis Cardinals,2026-05-27T17:00:00+00:00,2026-05-27T17:40:00+00:00,0.12567540209704292,0.0,162,162,0.6645188329528032,0.5400813591768365,0.6125907990314771,1,0.11254761344334914,0.21152515617662604,0.1500858889950694
823947,2026-05-27,2026,Los Angeles Dodgers,Colorado Rockies,2026-05-27T17:00:00+00:00,2026-05-28T02:10:00+00:00,0.21939191441929512,0.0,162,162,0.7444546193518699,0.5400813591768365,0.7743682310469315,1,0.06530344157059773,0.21152515617662604,0.050909695160890875
824104,2026-05-27,2026,Kansas City Royals,New York Yankees,2026-05-27T17:00:00+00:00,2026-05-27T23:40:00+00:00,-0.07099938746479811,0.0,162,162,0.468528562554909,0.5400813591768365,0.4158415841584158,0,0.21951901392976927,0.2916878745302991,0.17292422311538083
824270,2026-05-27,2026,Detroit Tigers,Los Angeles Angels,2026-05-27T17:00:00+00:00,2026-05-27T22:40:00+00:00,0.06038667341134979,0.0,162,162,0.6022279492432613,0.5400813591768365,0.5076530612244898,1,0.15822260436322153,0.21152515617662604,0.24240550812161596
824432,2026-05-27,2026,Cleveland Guardians,Washington Nationals,2026-05-27T17:00:00+00:00,2026-05-27T17:10:00+00:00,0.09716312293272683,0.0,162,162,0.637871004679393,0.5400813591768365,0.6159420289855072,1,0.13113740925191225,0.21152515617662604,0.147500525099769
824596,2026-05-27,2026,Chicago White Sox,Minnesota Twins,2026-05-27T17:00:00+00:00,2026-05-27T23:40:00+00:00,0.029329238219703346,0.0,162,162,0.5712416320376428,0.5400813591768365,0.5,1,0.18383373809774411,0.21152515617662604,0.25
824756,2026-05-27,2026,Boston Red Sox,Atlanta Braves,2026-05-27T17:00:00+00:00,2026-05-27T22:45:00+00:00,-0.04142290313928099,0.0,162,162,0.4989224730957017,0.5400813591768365,0.5165394402035622,1,0.2510786879685278,0.21152515617662604,0.23373411287868498
824836,2026-05-27,2026,Baltimore Orioles,Tampa Bay Rays,2026-05-27T17:00:00+00:00,2026-05-27T22:35:00+00:00,-0.024475034298294618,0.0,162,162,0.516356773049556,0.5400813591768365,0.49744897959183665,1,0.2339107709750387,0.21152515617662604,0.25255752811328624
822896,2026-05-28,2026,Texas Rangers,Houston Astros,2026-05-28T17:00:00+00:00,2026-05-29T00:05:00+00:00,0.07234771850920779,0.0,162,162,0.6139604756103132,0.5400813591768365,0.5468354430379747,0,0.376947465611642,0.2916878745302991,0.2990290017625381
823378,2026-05-28,2026,Pittsburgh Pirates,Chicago Cubs,2026-05-28T17:00:00+00:00,2026-05-28T22:40:00+00:00,-0.0034232278371156832,0.0,162,162,0.5379527502749087,0.5400813591768365,0.6039119804400979,0,0.2893931615283383,0.2916878745302991,0.36470968011908117
824272,2026-05-28,2026,Detroit Tigers,Los Angeles Angels,2026-05-28T17:00:00+00:00,2026-05-28T17:10:00+00:00,0.06508640040455632,0.0,162,162,0.606852729957473,0.5400813591768365,0.5505050505050506,0,0.3682702358568376,0.2916878745302991,0.30305581063156833
824595,2026-05-28,2026,Chicago White Sox,Minnesota Twins,2026-05-28T17:00:00+00:00,2026-05-28T18:10:00+00:00,0.03928810026303159,0.0,162,162,0.5812510761870985,0.5400813591768365,0.6039119804400979,1,0.17535066119446321,0.21152515617662604,0.15688571923888542
824757,2026-05-28,2026,Boston Red Sox,Atlanta Braves,2026-05-28T17:00:00+00:00,2026-05-28T20:10:00+00:00,-0.0305840701893354,0.0,162,162,0.5100747676300391,0.5400813591768365,0.4408060453400503,0,0.2601762685728384,0.2916878745302991,0.1943099696083345
824834,2026-05-28,2026,Baltimore Orioles,Toronto Blue Jays,2026-05-28T17:00:00+00:00,2026-05-28T22:35:00+00:00,-0.07784040388687952,0.0,162,162,0.46152340137495707,0.5400813591768365,0.5417721518987342,0,0.2130038500167097,0.2916878745302991,0.2935170645729851
822732,2026-05-29,2026,Washington Nationals,San Diego Padres,2026-05-29T17:00:00+00:00,2026-05-29T22:45:00+00:00,-0.09425949537541362,0.0,162,162,0.4447773721597837,0.5400813591768365,0.5204081632653061,0,0.19782691078536271,0.2916878745302991,0.27082465639316955
822894,2026-05-29,2026,Texas Rangers,Kansas City Royals,2026-05-29T17:00:00+00:00,2026-05-30T00:05:00+00:00,0.057420583406564085,-1.0,162,162,0.6257184267467392,0.5400813591768365,0.5417721518987342,1,0.14008669607693605,0.21152515617662604,0.20997276077551674
822978,2026-05-29,2026,Tampa Bay Rays,Los Angeles Angels,2026-05-29T17:00:00+00:00,2026-05-29T23:10:00+00:00,0.06375605884824126,1.0,162,162,0.5786616622714137,0.5400813591768365,0.5945945945945945,1,0.17752599483988826,0.21152515617662604,0.16435354273192118
823055,2026-05-29,2026,St. Louis Cardinals,Chicago Cubs,2026-05-29T17:00:00+00:00,2026-05-29T23:15:00+00:00,-0.04930783792345894,1.0,162,162,0.4630400139547383,0.5400813591768365,0.4593908629441624,1,0.2883260266137276,0.21152515617662604,0.2922582390682574
823135,2026-05-29,2026,Seattle Mariners,Arizona Diamondbacks,2026-05-29T17:00:00+00:00,2026-05-30T02:10:00+00:00,0.014123170078740366,0.0,162,162,0.5558479411094026,0.5400813591768365,0.5639097744360902,1,0.1972710514167567,0.21152515617662604,0.19017468483238167
823377,2026-05-29,2026,Pittsburgh Pirates,Minnesota Twins,2026-05-29T17:00:00+00:00,2026-05-29T22:45:00+00:00,0.04000833359808981,0.0,162,162,0.5819724836732941,0.5400813591768365,0.5541561712846348,1,0.17474700440627433,0.21152515617662604,0.1987767196035759
823623,2026-05-29,2026,New York Mets,Miami Marlins,2026-05-29T17:00:00+00:00,2026-05-29T23:10:00+00:00,0.02235681058417005,0.0,162,162,0.5641984266525092,0.5400813591768365,0.5139949109414759,1,0.18992301133214842,0.21152515617662604,0.23620094659078397
823946,2026-05-29,2026,Los Angeles Dodgers,Philadelphia Phillies,2026-05-29T17:00:00+00:00,2026-05-30T02:15:00+00:00,0.08428609228537498,0.0,162,162,0.6255402482590317,0.5400813591768365,0.5216284987277354,1,0.14022010567390764,0.21152515617662604,0.22883929322948024
824191,2026-05-29,2026,Houston Astros,Milwaukee Brewers,2026-05-29T17:00:00+00:00,2026-05-30T00:10:00+00:00,-0.10401261575841225,-1.0,162,162,0.46242179399599176,0.5400813591768365,0.47328244274809167,0,0.21383391556247144,0.2916878745302991,0.22399627061360067
824353,2026-05-29,2026,Colorado Rockies,San Francisco Giants,2026-05-29T17:00:00+00:00,2026-05-30T00:40:00+00:00,-0.10695880173675254,0.0,162,162,0.4319086839523421,0.5400813591768365,0.4158415841584158,1,0.32272774336876,0.21152515617662604,0.34124105479854927
824433,2026-05-29,2026,Cleveland Guardians,Boston Red Sox,2026-05-29T17:00:00+00:00,2026-05-29T23:10:00+00:00,0.017855995290223525,1.0,162,162,0.5320431859299903,0.5400813591768365,0.5417721518987342,1,0.2189835798345536,0.21152515617662604,0.20997276077551674
824515,2026-05-29,2026,Cincinnati Reds,Atlanta Braves,2026-05-29T17:00:00+00:00,2026-05-29T22:40:00+00:00,-0.07883579372669552,1.0,162,162,0.4329923761826628,0.5400813591768365,0.44332493702770776,0,0.18748239783230855,0.2916878745302991,0.19653699979062106
824594,2026-05-29,2026,Chicago White Sox,Detroit Tigers,2026-05-29T17:00:00+00:00,2026-05-29T23:40:00+00:00,0.030303647912984566,0.0,162,162,0.5722237061579372,0.5400813591768365,0.48469387755102045,1,0.1829925575732509,0.21152515617662604,0.2655403998334027
824835,2026-05-29,2026,Baltimore Orioles,Toronto Blue Jays,2026-05-29T17:00:00+00:00,2026-05-29T23:05:00+00:00,-0.07912121059213689,0.0,162,162,0.46021346582029526,0.5400813591768365,0.5139949109414759,0,0.21179643412232807,0.2916878745302991,0.26419076847373574
822731,2026-05-30,2026,Washington Nationals,San Diego Padres,2026-05-30T17:00:00+00:00,2026-05-30T20:05:00+00:00,-0.09570177230104254,0.0,162,162,0.44331179146063615,0.5400813591768365,0.46446700507614214,1,0.30990176152676624,0.21152515617662604,0.2867955886521168
822893,2026-05-30,2026,Texas Rangers,Kansas City Royals,2026-05-30T17:00:00+00:00,2026-05-30T20:05:00+00:00,0.06523854485807234,0.0,162,162,0.6070021333619885,0.5400813591768365,0.5228426395939086,1,0.15444732318202828,0.21152515617662604,0.22767914658970856
822975,2026-05-30,2026,Tampa Bay Rays,Los Angeles Angels,2026-05-30T17:00:00+00:00,2026-05-30T20:10:00+00:00,0.06329191764201725,0.0,162,162,0.6050890748292519,0.5400813591768365,0.6014669926650367,0,0.36613278847772,0.2916878745302991,0.36176254326552326
823054,2026-05-30,2026,St. Louis Cardinals,Chicago Cubs,2026-05-30T17:00:00+00:00,2026-05-30T23:15:00+00:00,-0.04788986166959153,0.0,162,162,0.49226828859388155,0.5400813591768365,0.4494949494949495,0,0.24232806795514905,0.2916878745302991,0.2020457096214672
823132,2026-05-30,2026,Seattle Mariners,Arizona Diamondbacks,2026-05-30T17:00:00+00:00,2026-05-31T02:10:00+00:00,0.015444298866911566,0.0,162,162,0.5571900716573541,0.5400813591768365,0.5771144278606966,1,0.19608063263881917,0.21152515617662604,0.17883220712358602
823375,2026-05-30,2026,Pittsburgh Pirates,Minnesota Twins,2026-05-30T17:00:00+00:00,2026-05-30T20:05:00+00:00,0.04403210547565939,0.0,162,162,0.5859962837646533,0.5400813591768365,0.5541561712846348,1,0.17139907705667748,0.21152515617662604,0.1987767196035759
823622,2026-05-30,2026,New York Mets,Miami Marlins,2026-05-30T17:00:00+00:00,2026-05-30T20:10:00+00:00,0.027928606624385732,0.0,162,162,0.5698290019281802,0.5400813591768365,0.5417721518987342,1,0.18504708758210558,0.21152515617662604,0.20997276077551674
823945,2026-05-30,2026,Los Angeles Dodgers,Philadelphia Phillies,2026-05-30T17:00:00+00:00,2026-05-31T02:10:00+00:00,0.08659039560478865,0.0,162,162,0.6277593378780789,0.5400813591768365,0.5392405063291139,0,0.39408178629312407,0.2916878745302991,0.29078032366607914
824190,2026-05-30,2026,Houston Astros,Milwaukee Brewers,2026-05-30T17:00:00+00:00,2026-05-30T20:10:00+00:00,-0.10239217421494629,0.0,162,162,0.4365265779568574,0.5400813591768365,0.4885496183206107,1,0.3175022973490094,0.21152515617662604,0.261581492919993
824352,2026-05-30,2026,Colorado Rockies,San Francisco Giants,2026-05-30T17:00:00+00:00,2026-05-31T01:10:00+00:00,-0.10655591727685643,0.0,162,162,0.43231562773353627,0.5400813591768365,0.48979591836734687,1,0.322265546515569,0.21152515617662604,0.26030820491461903
824431,2026-05-30,2026,Cleveland Guardians,Boston Red Sox,2026-05-30T17:00:00+00:00,2026-05-30T20:10:00+00:00,0.020943715398233476,0.0,162,162,0.5627677287893659,0.5400813591768365,0.5380710659898477,0,0.3167075165667413,0.2916878745302991,0.289520472055451
824513,2026-05-30,2026,Cincinnati Reds,Atlanta Braves,2026-05-30T17:00:00+00:00,2026-05-30T23:15:00+00:00,-0.08238289316799019,0.0,162,162,0.4568801267680549,0.5400813591768365,0.4545454545454545,0,0.2087394502355939,0.2916878745302991,0.2066115702479338
824593,2026-05-30,2026,Chicago White Sox,Detroit Tigers,2026-05-30T17:00:00+00:00,2026-05-30T18:10:00+00:00,0.031111364753406423,0.0,162,162,0.5730373454169734,0.5400813591768365,0.48979591836734687,1,0.1822971084085849,0.21152515617662604,0.26030820491461903
824833,2026-05-30,2026,Baltimore Orioles,Toronto Blue Jays,2026-05-30T17:00:00+00:00,2026-05-30T20:05:00+00:00,-0.07356192891868801,0.0,162,162,0.46590293209380246,0.5400813591768365,0.46700507614213205,1,0.28525967794599744,0.21152515617662604,0.28408358885825447
822729,2026-05-31,2026,Washington Nationals,San Diego Padres,2026-05-31T17:00:00+00:00,2026-05-31T17:35:00+00:00,-0.08898863803609869,0.0,162,162,0.4501413819093089,0.5400813591768365,0.49489795918367346,1,0.3023444998886044,0.21152515617662604,0.25512807163681794
822895,2026-05-31,2026,Texas Rangers,Kansas City Royals,2026-05-31T17:00:00+00:00,2026-05-31T18:35:00+00:00,0.06733690472191411,0.0,162,162,0.6090606356915523,0.5400813591768365,0.5051020408163266,1,0.15283358656589316,0.21152515617662604,0.24492399000416487
822976,2026-05-31,2026,Tampa Bay Rays,Los Angeles Angels,2026-05-31T17:00:00+00:00,2026-05-31T17:40:00+00:00,0.056024527706633465,0.0,162,162,0.5979189499866547,0.5400813591768365,0.6496519721577726,1,0.16166917077983425,0.21152515617662604,0.12274374061293815
823053,2026-05-31,2026,St. Louis Cardinals,Chicago Cubs,2026-05-31T17:00:00+00:00,2026-05-31T23:20:00+00:00,-0.05607536552928005,0.0,162,162,0.48385003036017715,0.5400813591768365,0.5216284987277354,1,0.26641079115919003,0.21152515617662604,0.22883929322948024
823133,2026-05-31,2026,Seattle Mariners,Arizona Diamondbacks,2026-05-31T17:00:00+00:00,2026-05-31T20:10:00+00:00,0.015898233036536424,0.0,162,162,0.5576510302685332,0.5400813591768365,0.5614035087719298,1,0.1956726110224901,0.21152515617662604,0.19236688211757466
823373,2026-05-31,2026,Pittsburgh Pirates,Minnesota Twins,2026-05-31T17:00:00+00:00,2026-05-31T17:35:00+00:00,0.044358102760629126,0.0,162,162,0.5863217888490425,0.5400813591768365,0.6048780487804878,1,0.17112966238105617,0.21152515617662604,0.15612135633551458
823621,2026-05-31,2026,New York Mets,Miami Marlins,2026-05-31T17:00:00+00:00,2026-05-31T17:40:00+00:00,0.0366957265527279,0.0,162,162,0.57865161985081,0.5400813591768365,0.5771144278606966,1,0.1775344574543463,0.21152515617662604,0.17883220712358602
823944,2026-05-31,2026,Los Angeles Dodgers,Philadelphia Phillies,2026-05-31T17:00:00+00:00,2026-05-31T20:10:00+00:00,0.0874369947244199,0.0,162,162,0.6285732845043622,0.5400813591768365,0.680709534368071,1,0.13795780498387744,0.21152515617662604,0.10194640144345402
824187,2026-05-31,2026,Houston Astros,Milwaukee Brewers,2026-05-31T17:00:00+00:00,2026-05-31T18:10:00+00:00,-0.10348499710108222,0.0,162,162,0.4354204533230942,0.5400813591768365,0.35597189695550346,0,0.18959097117208887,0.2916878745302991,0.12671599142209958
824354,2026-05-31,2026,Colorado Rockies,San Francisco Giants,2026-05-31T17:00:00+00:00,2026-05-31T19:10:00+00:00,-0.10100557178280106,0.0,162,162,0.4379309660473039,0.5400813591768365,0.49234693877551017,0,0.19178353102312484,0.2916878745302991,0.24240550812161596
824430,2026-05-31,2026,Cleveland Guardians,Boston Red Sox,2026-05-31T17:00:00+00:00,2026-05-31T17:40:00+00:00,0.015047866668825627,0.0,162,162,0.5567874242153983,0.5400813591768365,0.5190839694656489,0,0.3100122357644179,0.2916878745302991,0.26944816735621474
824512,2026-05-31,2026,Cincinnati Reds,Atlanta Braves,2026-05-31T17:00:00+00:00,2026-05-31T17:40:00+00:00,-0.08470252150242236,0.0,162,162,0.454511867897156,0.5400813591768365,0.47328244274809167,1,0.29755730226504973,0.21152515617662604,0.2774313851174173
824592,2026-05-31,2026,Chicago White Sox,Detroit Tigers,2026-05-31T17:00:00+00:00,2026-05-31T18:10:00+00:00,0.035620096538700796,0.0,162,162,0.5775717613915318,0.5400813591768365,0.5541561712846348,1,0.17844561677385298,0.21152515617662604,0.1987767196035759
822730,2026-06-01,2026,Washington Nationals,Miami Marlins,2026-06-01T17:00:00+00:00,2026-06-01T22:45:00+00:00,-0.02389636248979954,0.0,162,162,0.5169515923583914,0.5400813591768365,0.5725,0,0.26723894884187643,0.2916878745302991,0.32775625
822974,2026-06-01,2026,Tampa Bay Rays,Detroit Tigers,2026-06-01T17:00:00+00:00,2026-06-01T22:40:00+00:00,0.01279068235408548,0.0,162,162,0.5544934451021277,0.5400813591768365,0.597051597051597,0,0.30746298066122635,0.2916878745302991,0.3564706095418626
823050,2026-06-01,2026,St. Louis Cardinals,Texas Rangers,2026-06-01T17:00:00+00:00,2026-06-01T23:45:00+00:00,-0.10023476356344391,0.0,162,162,0.4387120931236791,0.5400813591768365,0.46954314720812185,0,0.19246830065295967,0.2916878745302991,0.220470767090108
823131,2026-06-01,2026,Seattle Mariners,New York Mets,2026-06-01T17:00:00+00:00,2026-06-02T01:40:00+00:00,-0.0009667140103328808,0.0,162,162,0.5404650663308763,0.5400813591768365,0.5367088607594936,1,0.2111723552622859,0.21152515617662604,0.21463867969876624
823702,2026-06-01,2026,Minnesota Twins,Chicago White Sox,2026-06-01T17:00:00+00:00,2026-06-01T23:40:00+00:00,-0.051276806135534814,0.0,162,162,0.48878423159572754,0.5400813591768365,0.582089552238806,1,0.26134156186517066,0.21152515617662604,0.17464914234796167
823781,2026-06-01,2026,Milwaukee Brewers,San Francisco Giants,2026-06-01T17:00:00+00:00,2026-06-01T23:40:00+00:00,0.08033340301335146,0.0,162,162,0.6217214534864333,0.5400813591768365,0.568922305764411,1,0.14309465875241667,0.21152515617662604,0.18582797846747193
824027,2026-06-01,2026,Los Angeles Angels,Colorado Rockies,2026-06-01T17:00:00+00:00,2026-06-02T01:38:00+00:00,0.03273924012352558,0.0,162,162,0.5746759521090683,0.5400813591768365,0.6519721577726217,0,0.33025244993246416,0.2916878745302991,0.4250676945106884
824510,2026-06-01,2026,Cincinnati Reds,Kansas City Royals,2026-06-01T17:00:00+00:00,2026-06-01T23:10:00+00:00,0.0026813953483473263,0.0,162,162,0.5441922166653591,0.5400813591768365,0.6225961538461539,0,0.29614516867915713,0.2916878745302991,0.38762597078402367
825078,2026-06-01,2026,Arizona Diamondbacks,Los Angeles Dodgers,2026-06-01T17:00:00+00:00,2026-06-02T01:40:00+00:00,-0.12016922367659477,0.0,162,162,0.41861914200503914,0.5400813591768365,0.4029484029484029,1,0.3380037020429569,0.21152515617662604,0.3564706095418626
822728,2026-06-02,2026,Washington Nationals,Miami Marlins,2026-06-02T17:00:00+00:00,2026-06-02T22:45:00+00:00,-0.02962691447374527,0.0,162,162,0.5110592848460553,0.5400813591768365,0.5165394402035622,0,0.2611815926273615,0.2916878745302991,0.26681299328580943
822971,2026-06-02,2026,Tampa Bay Rays,Detroit Tigers,2026-06-02T17:00:00+00:00,2026-06-02T22:40:00+00:00,0.012200390113853432,0.0,162,162,0.5538931431547378,0.5400813591768365,0.5639097744360902,0,0.3067976140338349,0.2916878745302991,0.3179942337045622
823052,2026-06-02,2026,St. Louis Cardinals,Texas Rangers,2026-06-02T17:00:00+00:00,2026-06-02T23:45:00+00:00,-0.09869629702410182,0.0,162,162,0.44027205991185575,0.5400813591768365,0.5025510204081632,0,0.1938394867390287,0.2916878745302991,0.2525575281132861
823129,2026-06-02,2026,Seattle Mariners,New York Mets,2026-06-02T17:00:00+00:00,2026-06-03T01:40:00+00:00,0.0007654308796637421,0.0,162,162,0.5422353306984886,0.5400813591768365,0.5760598503740648,1,0.20954849246072207,0.21152515617662604,0.17972525046486032
823460,2026-06-02,2026,Philadelphia Phillies,San Diego Padres,2026-06-02T17:00:00+00:00,2026-06-02T22:40:00+00:00,-0.014436112415406654,0.0,162,162,0.5266677958090781,0.5400813591768365,0.57356608478803,1,0.22404337552423662,0.21152515617662604,0.18184588404300966
823541,2026-06-02,2026,New York Yankees,Cleveland Guardians,2026-06-02T17:00:00+00:00,2026-06-02T23:05:00+00:00,0.04480535906618721,0.0,162,162,0.5867682471358862,0.5400813591768365,0.6928104575163399,0,0.3442969758469204,0.2916878745302991,0.47998633004400015
823700,2026-06-02,2026,Minnesota Twins,Chicago White Sox,2026-06-02T17:00:00+00:00,2026-06-02T23:40:00+00:00,-0.05108009220387427,0.0,162,162,0.4889865592921782,0.5400813591768365,0.46446700507614214,1,0.26113473658404646,0.21152515617662604,0.2867955886521168
823782,2026-06-02,2026,Milwaukee Brewers,San Francisco Giants,2026-06-02T17:00:00+00:00,2026-06-02T23:40:00+00:00,0.09176693680872516,0.0,162,162,0.6327247408848237,0.5400813591768365,0.6941431670281994,1,0.13489111595811992,0.21152515617662604,0.0935484022755399
824026,2026-06-02,2026,Los Angeles Angels,Colorado Rockies,2026-06-02T17:00:00+00:00,2026-06-03T01:38:00+00:00,0.02850350005096447,0.0,162,162,0.5704089591079271,0.5400813591768365,0.597051597051597,0,0.32536638063058887,0.2916878745302991,0.3564706095418626
824189,2026-06-02,2026,Houston Astros,Pittsburgh Pirates,2026-06-02T17:00:00+00:00,2026-06-03T00:10:00+00:00,-0.03328078992028005,0.0,162,162,0.507300563324693,0.5400813591768365,0.5051020408163266,0,0.2573538615495508,0.2916878745302991,0.25512807163681805
824511,2026-06-02,2026,Cincinnati Reds,Kansas City Royals,2026-06-02T17:00:00+00:00,2026-06-02T23:10:00+00:00,-0.0037214688511700844,0.0,162,162,0.5376476005805175,0.5400813591768365,0.530456852791878,1,0.21376974124895265,0.21152515617662604,0.2204707670901081
824754,2026-06-02,2026,Boston Red Sox,Baltimore Orioles,2026-06-02T17:00:00+00:00,2026-06-02T22:45:00+00:00,0.04825871360145456,0.0,162,162,0.5902105866572358,0.5400813591768365,0.5566750629722922,0,0.34834853660227844,0.2916878745302991,0.3098871257352055
824918,2026-06-02,2026,Atlanta Braves,Toronto Blue Jays,2026-06-02T17:00:00+00:00,2026-06-02T23:15:00+00:00,0.03439810994542769,0.0,162,162,0.5763440712308694,0.5400813591768365,0.5204081632653061,1,0.17948434598123467,0.21152515617662604,0.23000832986255726
825079,2026-06-02,2026,Arizona Diamondbacks,Los Angeles Dodgers,2026-06-02T17:00:00+00:00,2026-06-03T01:40:00+00:00,-0.1147305830891377,0.0,162,162,0.42407720825635276,0.5400813591768365,0.47959183673469385,0,0.179841478562502,0.2916878745302991,0.23000832986255726
822727,2026-06-03,2026,Washington Nationals,Miami Marlins,2026-06-03T17:00:00+00:00,2026-06-03T17:05:00+00:00,-0.028599948725192337,0.0,162,162,0.5121155120922414,0.5400813591768365,0.49109414758269715,0,0.26226229772549864,0.2916878745302991,0.24117346178997592
822973,2026-06-03,2026,Tampa Bay Rays,Detroit Tigers,2026-06-03T17:00:00+00:00,2026-06-03T17:10:00+00:00,0.0037638534558209757,0.0,162,162,0.545297195111715,0.5400813591768365,0.565,0,0.29734903099670384,0.2916878745302991,0.3192249999999999
823051,2026-06-03,2026,St. Louis Cardinals,Texas Rangers,2026-06-03T17:00:00+00:00,2026-06-03T23:45:00+00:00,-0.0954099676583412,0.0,162,162,0.44360823220324774,0.5400813591768365,0.5178571428571429,1,0.3095717992719951,0.21152515617662604,0.23246173469387751
823130,2026-06-03,2026,Seattle Mariners,New York Mets,2026-06-03T17:00:00+00:00,2026-06-03T19:40:00+00:00,0.005995817065711728,0.0,162,162,0.5475741746488737,0.5400813591768365,0.5725,0,0.29983747674239525,0.2916878745302991,0.32775625
823456,2026-06-03,2026,Philadelphia Phillies,San Diego Padres,2026-06-03T17:00:00+00:00,2026-06-03T22:40:00+00:00,-0.015847390628632607,0.0,162,162,0.5252194362607644,0.5400813591768365,0.6597701149425287,1,0.22541658370454637,0.21152515617662604,0.11575637468622015
823540,2026-06-03,2026,New York Yankees,Cleveland Guardians,2026-06-03T17:00:00+00:00,2026-06-03T23:05:00+00:00,0.03979240714054799,0.0,162,162,0.5817562418648977,0.5400813591768365,0.5806451612903225,0,0.33844032494876936,0.2916878745302991,0.33714880332986463
823701,2026-06-03,2026,Minnesota Twins,Chicago White Sox,2026-06-03T17:00:00+00:00,2026-06-03T17:40:00+00:00,-0.048572356391624216,0.0,162,162,0.491566153633985,0.5400813591768365,0.5785536159600998,0,0.24163728339851054,0.2916878745302991,0.3347242865405066
823780,2026-06-03,2026,Milwaukee Brewers,San Francisco Giants,2026-06-03T17:00:00+00:00,2026-06-03T23:40:00+00:00,0.09619431840753118,0.0,162,162,0.6369493558960724,0.5400813591768365,0.5831265508684863,0,0.40570448197642145,0.2916878745302991,0.34003657432777734
824024,2026-06-03,2026,Los Angeles Angels,Colorado Rockies,2026-06-03T17:00:00+00:00,2026-06-04T01:38:00+00:00,0.01852104133044391,0.0,162,162,0.5603124569820433,0.5400813591768365,0.5796019900497512,1,0.19332513548516747,0.21152515617662604,0.17673448677012948
824188,2026-06-03,2026,Houston Astros,Pittsburgh Pirates,2026-06-03T17:00:00+00:00,2026-06-04T00:10:00+00:00,-0.0411836933761347,0.0,162,162,0.499168630094609,0.5400813591768365,0.4133663366336633,1,0.2508320610813106,0.21152515617662604,0.34413905499460845
824509,2026-06-03,2026,Cincinnati Reds,Kansas City Royals,2026-06-03T17:00:00+00:00,2026-06-03T23:10:00+00:00,-0.0027285131589714906,0.0,162,162,0.5386634472055659,0.5400813591768365,0.5901234567901236,0,0.2901583093553835,0.2916878745302991,0.3482456942539248
824755,2026-06-03,2026,Boston Red Sox,Baltimore Orioles,2026-06-03T17:00:00+00:00,2026-06-03T22:45:00+00:00,0.044353620348072886,0.0,162,162,0.5863173137147936,0.5400813591768365,0.5876543209876544,1,0.17113336493214454,0.21152515617662604,0.17002895900015239
824917,2026-06-03,2026,Atlanta Braves,Toronto Blue Jays,2026-06-03T17:00:00+00:00,2026-06-03T23:15:00+00:00,0.036448803942303765,0.0,162,162,0.5784037926834785,0.5400813591768365,0.568922305764411,1,0.17774336202367536,0.21152515617662604,0.18582797846747193
825077,2026-06-03,2026,Arizona Diamondbacks,Los Angeles Dodgers,2026-06-03T17:00:00+00:00,2026-06-04T01:40:00+00:00,-0.11631369968588862,0.0,162,162,0.4224864630517365,0.5400813591768365,0.3672985781990522,0,0.1784948114619663,0.2916878745302991,0.13490824554704528
823457,2026-06-04,2026,Philadelphia Phillies,San Diego Padres,2026-06-04T17:00:00+00:00,2026-06-04T17:05:00+00:00,-0.020299827630444023,0.0,162,162,0.5206473439587624,0.5400813591768365,0.6582568807339451,1,0.229778968853789,0.21152515617662604,0.11678835956569306
823542,2026-06-04,2026,New York Yankees,Cleveland Guardians,2026-06-04T17:00:00+00:00,2026-06-04T17:35:00+00:00,0.04090033804186677,0.0,162,162,0.5828654560595574,0.5400813591768365,0.6004901960784313,1,0.17400122774840102,0.21152515617662604,0.15960808342945024
823698,2026-06-04,2026,Minnesota Twins,Kansas City Royals,2026-06-04T17:00:00+00:00,2026-06-04T23:40:00+00:00,-0.028413445723100117,0.0,162,162,0.5123073178223436,0.5400813591768365,0.48469387755102045,0,0.2624587878943238,0.2916878745302991,0.2349281549354436
823779,2026-06-04,2026,Milwaukee Brewers,San Francisco Giants,2026-06-04T17:00:00+00:00,2026-06-04T18:10:00+00:00,0.08976256538416699,0.0,162,162,0.6308053964324637,0.5400813591768365,0.6367924528301887,0,0.3979154481683177,0.2916878745302991,0.4055046279814881
824185,2026-06-04,2026,Houston Astros,Pittsburgh Pirates,2026-06-04T17:00:00+00:00,2026-06-05T00:10:00+00:00,-0.03877383605614665,0.0,162,162,0.5016484779041925,0.5400813591768365,0.5089058524173028,0,0.25165119538359315,0.2916878745302991,0.2589851666245816
824753,2026-06-04,2026,Boston Red Sox,Baltimore Orioles,2026-06-04T17:00:00+00:00,2026-06-04T17:35:00+00:00,0.04728454338757937,0.0,162,162,0.589240402919196,0.5400813591768365,0.5253807106598984,0,0.34720425243237646,0.2916878745302991,0.27602489113349993
824919,2026-06-04,2026,Atlanta Braves,Toronto Blue Jays,2026-06-04T17:00:00+00:00,2026-06-04T23:15:00+00:00,0.033841806274539254,0.0,162,162,0.5757848577236244,0.5400813591768365,0.6928104575163399,0,0.3315282023838144,0.2916878745302991,0.47998633004400015
825076,2026-06-04,2026,Arizona Diamondbacks,Los Angeles Dodgers,2026-06-04T17:00:00+00:00,2026-06-05T01:40:00+00:00,-0.12308988423868084,0.0,162,162,0.4156961619329762,0.5400813591768365,0.44584382871536526,1,0.34141097517985475,0.21152515617662604,0.3070890621728455
822810,2026-06-05,2026,Toronto Blue Jays,Baltimore Orioles,2026-06-05T17:00:00+00:00,2026-06-05T23:07:00+00:00,0.0749563705410255,0.0,162,162,0.6165023139794558,0.5400813591768365,0.5796019900497512,0,0.3800751031420235,0.2916878745302991,0.3359384668696319
822892,2026-06-05,2026,Texas Rangers,Cleveland Guardians,2026-06-05T17:00:00+00:00,2026-06-06T00:15:00+00:00,0.01849873597043683,1.0,162,162,0.5327018231208632,0.5400813591768365,0.457070707070707,1,0.218367586114565,0.21152515617662604,0.29477221712070206
823049,2026-06-05,2026,St. Louis Cardinals,Cincinnati Reds,2026-06-05T17:00:00+00:00,2026-06-06T00:15:00+00:00,-0.02118044184809237,0.0,162,162,0.5197426297994217,0.5400813591768365,0.5639097744360902,1,0.23064714163197536,0.21152515617662604,0.19017468483238167
823293,2026-06-05,2026,San Diego Padres,New York Mets,2026-06-05T17:00:00+00:00,2026-06-06T01:40:00+00:00,0.01917372802660544,-1.0,162,162,0.5881834635642287,0.5400813591768365,0.5380710659898477,0,0.34595978681041234,0.2916878745302991,0.289520472055451
823455,2026-06-05,2026,Philadelphia Phillies,Chicago White Sox,2026-06-05T17:00:00+00:00,2026-06-05T22:40:00+00:00,0.00548188041975306,-1.0,162,162,0.5744676435425068,0.5400813591768365,0.6192771084337348,1,0.18107778639226707,0.21152515617662604,0.1449499201625781
823538,2026-06-05,2026,New York Yankees,Boston Red Sox,2026-06-05T17:00:00+00:00,2026-06-05T23:05:00+00:00,0.061949711009273045,0.0,162,162,0.6037681325915762,0.5400813591768365,0.57,0,0.3645359579331192,0.2916878745302991,0.32489999999999997
823699,2026-06-05,2026,Minnesota Twins,Kansas City Royals,2026-06-05T17:00:00+00:00,2026-06-06T00:15:00+00:00,-0.03310330434081332,0.0,162,162,0.5074831642683216,0.5400813591768365,0.5153061224489797,1,0.24257283347914504,0.21152515617662604,0.2349281549354435
823860,2026-06-05,2026,Miami Marlins,Tampa Bay Rays,2026-06-05T17:00:00+00:00,2026-06-05T23:10:00+00:00,-0.00029699218958079143,0.0,162,162,0.5411496503571618,0.5400813591768365,0.4483627204030227,0,0.29284294408167844,0.2916878745302991,0.20102912904719913
823943,2026-06-05,2026,Los Angeles Dodgers,Los Angeles Angels,2026-06-05T17:00:00+00:00,2026-06-06T02:10:00+00:00,0.18903199534728754,-1.0,162,162,0.7418543536591629,0.5400813591768365,0.6448598130841121,1,0.06663917472472856,0.21152515617662604,0.1261245523626518
824271,2026-06-05,2026,Detroit Tigers,Seattle Mariners,2026-06-05T17:00:00+00:00,2026-06-05T22:40:00+00:00,-0.03455672044367675,0.0,162,162,0.5059878044554394,0.5400813591768365,0.4707379134860051,1,0.24404804934675714,0.21152515617662604,0.2801183562211475
824350,2026-06-05,2026,Colorado Rockies,Milwaukee Brewers,2026-06-05T17:00:00+00:00,2026-06-06T00:40:00+00:00,-0.18263376239453255,1.0,162,162,0.33249895137942015,0.5400813591768365,0.41687344913151364,0,0.110555552668414,0.2916878745302991,0.17378347259080468
824673,2026-06-05,2026,Chicago Cubs,San Francisco Giants,2026-06-05T17:00:00+00:00,2026-06-05T18:20:00+00:00,0.019303073840138296,0.0,162,162,0.5611053405801688,0.5400813591768365,0.6201923076923077,0,0.31483920322758724,0.2916878745302991,0.3846384985207101
824914,2026-06-05,2026,Atlanta Braves,Pittsburgh Pirates,2026-06-05T17:00:00+00:00,2026-06-05T23:15:00+00:00,0.05409398054844039,0.0,162,162,0.596007042023236,0.5400813591768365,0.565,1,0.16321031009481543,0.21152515617662604,0.18922500000000006
825073,2026-06-05,2026,Arizona Diamondbacks,Washington Nationals,2026-06-05T17:00:00+00:00,2026-06-06T01:40:00+00:00,0.044928256290635404,-1.0,162,162,0.6136002876485134,0.5400813591768365,0.5541561712846348,0,0.37650531300233836,0.2916878745302991,0.3070890621728455
822808,2026-06-06,2026,Toronto Blue Jays,Baltimore Orioles,2026-06-06T17:00:00+00:00,2026-06-06T19:07:00+00:00,0.06719501077076517,0.0,162,162,0.6089215583635325,0.5400813591768365,0.5139949109414759,1,0.15294234751280794,0.21152515617662604,0.23620094659078397
822891,2026-06-06,2026,Texas Rangers,Cleveland Guardians,2026-06-06T17:00:00+00:00,2026-06-06T23:35:00+00:00,0.019129391234222526,0.0,162,162,0.5609292748430771,0.5400813591768365,0.5228426395939086,0,0.3146416513759803,0.2916878745302991,0.27336442577752584
823048,2026-06-06,2026,St. Louis Cardinals,Cincinnati Reds,2026-06-06T17:00:00+00:00,2026-06-06T18:15:00+00:00,-0.011130765795777042,0.0,162,162,0.5300581920228629,0.5400813591768365,0.5367088607594936,1,0.22084530288482043,0.21152515617662604,0.21463867969876624
823292,2026-06-06,2026,San Diego Padres,New York Mets,2026-06-06T17:00:00+00:00,2026-06-07T02:10:00+00:00,0.016902155890502146,0.0,162,162,0.5586701346553288,0.5400813591768365,0.4607594936708861,1,0.19477205004514564,0.21152515617662604,0.29078032366607914
823454,2026-06-06,2026,Philadelphia Phillies,Chicago White Sox,2026-06-06T17:00:00+00:00,2026-06-06T20:05:00+00:00,0.006819857107527416,0.0,162,162,0.5484143366563841,0.5400813591768365,0.5541561712846348,0,0.3007582846502618,0.2916878745302991,0.3070890621728455
823697,2026-06-06,2026,Minnesota Twins,Kansas City Royals,2026-06-06T17:00:00+00:00,2026-06-06T18:10:00+00:00,-0.03302334827285347,0.0,162,162,0.5075654241242795,0.5400813591768365,0.57,0,0.25762265976645976,0.2916878745302991,0.32489999999999997
823859,2026-06-06,2026,Miami Marlins,Tampa Bay Rays,2026-06-06T17:00:00+00:00,2026-06-06T20:10:00+00:00,-0.006487913542835899,0.0,162,162,0.5348157572858989,0.5400813591768365,0.45569620253164556,1,0.2163963796694917,0.21152515617662604,0.2962666239384714
823942,2026-06-06,2026,Los Angeles Dodgers,Los Angeles Angels,2026-06-06T17:00:00+00:00,2026-06-07T02:10:00+00:00,0.19251009252975898,0.0,162,162,0.7228416824693678,0.5400813591768365,0.7566037735849056,1,0.07681673297641077,0.21152515617662604,0.059241723033107895
824269,2026-06-06,2026,Detroit Tigers,Seattle Mariners,2026-06-06T17:00:00+00:00,2026-06-06T17:10:00+00:00,-0.02884252830909312,0.0,162,162,0.5118660300585653,0.5400813591768365,0.46446700507614214,0,0.26200683272791614,0.2916878745302991,0.21572959880440104
824351,2026-06-06,2026,Colorado Rockies,Milwaukee Brewers,2026-06-06T17:00:00+00:00,2026-06-07T01:10:00+00:00,-0.1833397148658154,0.0,162,162,0.3569869151397114,0.5400813591768365,0.29700854700854695,0,0.12743965758096754,0.2916878745302991,0.08821407699612825
824669,2026-06-06,2026,Chicago Cubs,San Francisco Giants,2026-06-06T17:00:00+00:00,2026-06-06T18:20:00+00:00,0.0035246176901320148,0.0,162,162,0.5450530201032001,0.5400813591768365,0.5851851851851853,1,0.20697675451721925,0.21152515617662604,0.17207133058984905
824915,2026-06-06,2026,Atlanta Braves,Pittsburgh Pirates,2026-06-06T17:00:00+00:00,2026-06-06T20:10:00+00:00,0.05591317156979636,0.0,162,162,0.5978087492660847,0.5400813591768365,0.5076530612244898,1,0.1617578021669111,0.21152515617662604,0.24240550812161596
825075,2026-06-06,2026,Arizona Diamondbacks,Washington Nationals,2026-06-06T17:00:00+00:00,2026-06-06T20:10:00+00:00,0.03357052411125255,0.0,162,162,0.5755120860775552,0.5400813591768365,0.5628140703517588,0,0.33121416122133934,0.2916878745302991,0.3167596777859145
822807,2026-06-07,2026,Toronto Blue Jays,Baltimore Orioles,2026-06-07T17:00:00+00:00,2026-06-07T17:37:00+00:00,0.0703450782987029,0.0,162,162,0.612004895121249,0.5400813591768365,0.5541561712846348,1,0.15054020140987298,0.21152515617662604,0.1987767196035759
822890,2026-06-07,2026,Texas Rangers,Cleveland Guardians,2026-06-07T17:00:00+00:00,2026-06-07T18:35:00+00:00,0.01409181484743005,0.0,162,162,0.5558160774471681,0.5400813591768365,0.5664160401002506,1,0.19729935705442017,0.21152515617662604,0.1879950502823475
823047,2026-06-07,2026,St. Louis Cardinals,Cincinnati Reds,2026-06-07T17:00:00+00:00,2026-06-07T18:15:00+00:00,-0.010443589517498908,0.0,162,162,0.5307627122252926,0.5400813591768365,0.57356608478803,1,0.2201836322381636,0.21152515617662604,0.18184588404300966
823291,2026-06-07,2026,San Diego Padres,New York Mets,2026-06-07T17:00:00+00:00,2026-06-07T20:10:00+00:00,0.01730401231218126,0.0,162,162,0.5590779300453813,0.5400813591768365,0.49744897959183665,0,0.31256813186382826,0.2916878745302991,0.24745548729695951
823453,2026-06-07,2026,Philadelphia Phillies,Chicago White Sox,2026-06-07T17:00:00+00:00,2026-06-07T17:35:00+00:00,0.0041508544657161695,0.0,162,162,0.5456921399455135,0.5400813591768365,0.6073170731707317,1,0.20639563170728692,0.21152515617662604,0.15419988102320048
823537,2026-06-07,2026,New York Yankees,Boston Red Sox,2026-06-07T17:00:00+00:00,2026-06-07T17:35:00+00:00,0.062482491778994675,0.0,162,162,0.6042926549504339,0.5400813591768365,0.57,1,0.15658430292617634,0.21152515617662604,0.18490000000000004
823696,2026-06-07,2026,Minnesota Twins,Kansas City Royals,2026-06-07T17:00:00+00:00,2026-06-07T18:10:00+00:00,-0.03403407567042399,0.0,162,162,0.506525545813314,0.5400813591768365,0.47328244274809167,0,0.25656812856147565,0.2916878745302991,0.22399627061360067
823857,2026-06-07,2026,Miami Marlins,Tampa Bay Rays,2026-06-07T17:00:00+00:00,2026-06-07T17:40:00+00:00,-0.01199971839827535,0.0,162,162,0.529167136382626,0.5400813591768365,0.5025510204081632,1,0.22168358546213668,0.21152515617662604,0.24745548729695963
823941,2026-06-07,2026,Los Angeles Dodgers,Los Angeles Angels,2026-06-07T17:00:00+00:00,2026-06-07T20:10:00+00:00,0.19517057286311834,0.0,162,162,0.7250302661679507,0.5400813591768365,0.6582568807339451,0,0.5256688868595695,0.2916878745302991,0.4333021210335832
824268,2026-06-07,2026,Detroit Tigers,Seattle Mariners,2026-06-07T17:00:00+00:00,2026-06-07T17:40:00+00:00,-0.02978406747470791,0.0,162,162,0.5108976451121812,0.5400813591768365,0.5153061224489797,1,0.2392211135568099,0.21152515617662604,0.2349281549354435
824349,2026-06-07,2026,Colorado Rockies,Milwaukee Brewers,2026-06-07T17:00:00+00:00,2026-06-07T19:10:00+00:00,-0.1840498068617234,0.0,162,162,0.3563162591835659,0.5400813591768365,0.37649880095923266,0,0.12696127655857012,0.2916878745302991,0.14175134712373988
824670,2026-06-07,2026,Chicago Cubs,San Francisco Giants,2026-06-07T17:00:00+00:00,2026-06-08T00:30:00+00:00,0.0026775833491800016,0.0,162,162,0.5441883245829152,0.5400813591768365,0.5468354430379747,0,0.2961409326123603,0.2916878745302991,0.2990290017625381
824916,2026-06-07,2026,Atlanta Braves,Pittsburgh Pirates,2026-06-07T17:00:00+00:00,2026-06-07T17:35:00+00:00,0.054621825409047475,0.0,162,162,0.5965300828628364,0.5400813591768365,0.5796019900497512,1,0.16278797403466969,0.21152515617662604,0.17673448677012948
825074,2026-06-07,2026,Arizona Diamondbacks,Washington Nationals,2026-06-07T17:00:00+00:00,2026-06-07T19:15:00+00:00,0.028925732630175505,0.0,162,162,0.5708347877928507,0.5400813591768365,0.5443037974683544,1,0.1841827793688075,0.21152515617662604,0.20765902900176253
822806,2026-06-08,2026,Toronto Blue Jays,Philadelphia Phillies,2026-06-08T17:00:00+00:00,2026-06-08T23:07:00+00:00,0.02546283012716588,0.0,162,162,0.5673393511479258,0.5400813591768365,0.3883495145631068,0,0.32187393936094943,0.2916878745302991,0.15081534546140068
822972,2026-06-08,2026,Tampa Bay Rays,Boston Red Sox,2026-06-08T17:00:00+00:00,2026-06-08T22:40:00+00:00,-0.030710365140368012,0.0,162,162,0.5099448563771073,0.5400813591768365,0.4885496183206107,1,0.240154043791254,0.21152515617662604,0.261581492919993
823218,2026-06-08,2026,San Francisco Giants,Washington Nationals,2026-06-08T17:00:00+00:00,2026-06-09T01:45:00+00:00,0.05557804455149862,0.0,162,162,0.5974770399040648,0.5400813591768365,0.5725,0,0.3569788132125234,0.2916878745302991,0.32775625
823289,2026-06-08,2026,San Diego Padres,Cincinnati Reds,2026-06-08T17:00:00+00:00,2026-06-09T01:40:00+00:00,0.05454141927758743,0.0,162,162,0.5964504226581706,0.5400813591768365,0.5516372795969774,1,0.16285226137276915,0.21152515617662604,0.20102912904719902
824025,2026-06-08,2026,Los Angeles Angels,Houston Astros,2026-06-08T17:00:00+00:00,2026-06-09T01:38:00+00:00,-0.05808358680356862,0.0,162,162,0.48178592117868607,0.5400813591768365,0.457070707070707,0,0.2321176738459951,0.2916878745302991,0.20891363126211607
824427,2026-06-08,2026,Cleveland Guardians,New York Yankees,2026-06-08T17:00:00+00:00,2026-06-08T22:40:00+00:00,-0.05370331383078153,0.0,162,162,0.4862887997506045,0.5400813591768365,0.547979797979798,0,0.23647679676288355,0.2916878745302991,0.30028185899398024
824829,2026-06-08,2026,Baltimore Orioles,Seattle Mariners,2026-06-08T17:00:00+00:00,2026-06-08T22:35:00+00:00,-0.04747008020536836,0.0,162,162,0.4927001654894894,0.5400813591768365,0.46329113924050636,0,0.24275345307337026,0.2916878745302991,0.21463867969876624
822805,2026-06-09,2026,Toronto Blue Jays,Philadelphia Phillies,2026-06-09T17:00:00+00:00,2026-06-09T23:07:00+00:00,0.023657291318894047,0.0,162,162,0.5655141639891605,0.5400813591768365,0.5089058524173028,1,0.18877794169403808,0.21152515617662604,0.24117346178997598
822969,2026-06-09,2026,Tampa Bay Rays,Boston Red Sox,2026-06-09T17:00:00+00:00,2026-06-09T22:40:00+00:00,-0.029432799765278073,0.0,162,162,0.5112589383514208,0.5400813591768365,0.4783715012722647,1,0.23886782534138032,0.21152515617662604,0.27209629068495095
823214,2026-06-09,2026,San Francisco Giants,Washington Nationals,2026-06-09T17:00:00+00:00,2026-06-10T01:45:00+00:00,0.053154855944608004,0.0,162,162,0.5950759256972216,0.5400813591768365,0.5025510204081632,0,0.35411535734440514,0.2916878745302991,0.2525575281132861
823290,2026-06-09,2026,San Diego Padres,Cincinnati Reds,2026-06-09T17:00:00+00:00,2026-06-10T01:40:00+00:00,0.06012071039572886,0.0,162,162,0.6019656724571713,0.5400813591768365,0.46700507614213205,0,0.3623626708168144,0.2916878745302991,0.21809374114251856
823374,2026-06-09,2026,Pittsburgh Pirates,Los Angeles Dodgers,2026-06-09T17:00:00+00:00,2026-06-09T22:40:00+00:00,-0.09744607596246169,0.0,162,162,0.44154062379602743,0.5400813591768365,0.5153061224489797,0,0.19495812246218502,0.2916878745302991,0.26554039983340283
823620,2026-06-09,2026,New York Mets,St. Louis Cardinals,2026-06-09T17:00:00+00:00,2026-06-09T23:10:00+00:00,0.04467698023046174,0.0,162,162,0.5866401119228016,0.5400813591768365,0.5367088607594936,0,0.3441466209167972,0.2916878745302991,0.28805640121775355
823858,2026-06-09,2026,Miami Marlins,Arizona Diamondbacks,2026-06-09T17:00:00+00:00,2026-06-09T22:40:00+00:00,-0.017621057015175412,0.0,162,162,0.5233985678269228,0.5400813591768365,0.5796019900497512,1,0.22714892514942828,0.21152515617662604,0.17673448677012948
824023,2026-06-09,2026,Los Angeles Angels,Houston Astros,2026-06-09T17:00:00+00:00,2026-06-10T01:38:00+00:00,-0.060041128265328036,0.0,162,162,0.4797744997644732,0.5400813591768365,0.46446700507614214,1,0.27063457109530414,0.21152515617662604,0.2867955886521168
824105,2026-06-09,2026,Kansas City Royals,Texas Rangers,2026-06-09T17:00:00+00:00,2026-06-09T23:40:00+00:00,-0.06221044847128082,0.0,162,162,0.477546238977216,0.5400813591768365,0.46954314720812185,1,0.27295793240685223,0.21152515617662604,0.2813844726738643
824267,2026-06-09,2026,Detroit Tigers,Minnesota Twins,2026-06-09T17:00:00+00:00,2026-06-09T22:40:00+00:00,0.03058577136655244,0.0,162,162,0.5725079428556218,0.5400813591768365,0.5417721518987342,1,0.18274945892153233,0.21152515617662604,0.20997276077551674
824347,2026-06-09,2026,Colorado Rockies,Chicago Cubs,2026-06-09T17:00:00+00:00,2026-06-10T00:40:00+00:00,-0.11481504288341243,0.0,162,162,0.42399230142768574,0.5400813591768365,0.41687344913151364,1,0.33178486881457403,0.21152515617662604,0.34003657432777745
824429,2026-06-09,2026,Cleveland Guardians,New York Yankees,2026-06-09T17:00:00+00:00,2026-06-09T22:40:00+00:00,-0.058193437512613855,0.0,162,162,0.48167303066144396,0.5400813591768365,0.47959183673469385,0,0.23200890846658034,0.2916878745302991,0.23000832986255726
824591,2026-06-09,2026,Chicago White Sox,Atlanta Braves,2026-06-09T17:00:00+00:00,2026-06-09T23:40:00+00:00,-0.05928684957548003,0.0,162,162,0.4805494653723039,0.5400813591768365,0.41687344913151364,1,0.2698288579249993,0.21152515617662604,0.34003657432777745
824830,2026-06-09,2026,Baltimore Orioles,Seattle Mariners,2026-06-09T17:00:00+00:00,2026-06-09T22:35:00+00:00,-0.04786177957914067,0.0,162,162,0.4922971794785374,0.5400813591768365,0.47328244274809167,0,0.24235651292252328,0.2916878745302991,0.22399627061360067
822804,2026-06-10,2026,Toronto Blue Jays,Philadelphia Phillies,2026-06-10T17:00:00+00:00,2026-06-10T23:07:00+00:00,0.023238392238732142,0.0,162,162,0.5650904504499095,0.5400813591768365,0.4582278481012658,0,0.3193272171896816,0.2916878745302991,0.20997276077551674
822970,2026-06-10,2026,Tampa Bay Rays,Boston Red Sox,2026-06-10T17:00:00+00:00,2026-06-10T17:10:00+00:00,-0.029425471634321354,0.0,162,162,0.5112664755105764,0.5400813591768365,0.5945945945945945,1,0.23886045795985406,0.21152515617662604,0.16435354273192118
823215,2026-06-10,2026,San Francisco Giants,Washington Nationals,2026-06-10T17:00:00+00:00,2026-06-10T19:45:00+00:00,0.049445280004206116,0.0,162,162,0.5913913489510912,0.5400813591768365,0.5025510204081632,1,0.16696102971200888,0.21152515617662604,0.24745548729695963
823287,2026-06-10,2026,San Diego Padres,Cincinnati Reds,2026-06-10T17:00:00+00:00,2026-06-10T20:10:00+00:00,0.054792507359776144,0.0,162,162,0.5966991645243979,0.5400813591768365,0.6004901960784313,1,0.1626515638953187,0.21152515617662604,0.15960808342945024
823372,2026-06-10,2026,Pittsburgh Pirates,Los Angeles Dodgers,2026-06-10T17:00:00+00:00,2026-06-10T22:40:00+00:00,-0.09888800498070283,0.0,162,162,0.4400776078157984,0.5400813591768365,0.35597189695550346,1,0.31351308526927885,0.21152515617662604,0.4147721975110926
823618,2026-06-10,2026,New York Mets,St. Louis Cardinals,2026-06-10T17:00:00+00:00,2026-06-10T23:10:00+00:00,0.040158627844013584,0.0,162,162,0.5821229788245629,0.5400813591768365,0.5505050505050506,0,0.33886716247558246,0.2916878745302991,0.30305581063156833
823856,2026-06-10,2026,Miami Marlins,Arizona Diamondbacks,2026-06-10T17:00:00+00:00,2026-06-10T22:40:00+00:00,-0.009684447799041707,0.0,162,162,0.5315408715943808,0.5400813591768365,0.48469387755102045,1,0.21945395498655243,0.21152515617662604,0.2655403998334027
824022,2026-06-10,2026,Los Angeles Angels,Houston Astros,2026-06-10T17:00:00+00:00,2026-06-11T01:38:00+00:00,-0.053887556830218175,0.0,162,162,0.486099349741661,0.5400813591768365,0.5153061224489797,1,0.2640938783359436,0.21152515617662604,0.2349281549354435
824103,2026-06-10,2026,Kansas City Royals,Texas Rangers,2026-06-10T17:00:00+00:00,2026-06-10T23:40:00+00:00,-0.05817856531695803,0.0,162,162,0.48168831429387005,0.5400813591768365,0.4707379134860051,0,0.23202363212727012,0.2916878745302991,0.2215941831931576
824266,2026-06-10,2026,Detroit Tigers,Minnesota Twins,2026-06-10T17:00:00+00:00,2026-06-10T22:40:00+00:00,0.039540547774389645,0.0,162,162,0.581503974966243,0.5400813591768365,0.608272506082725,0,0.3381468729015409,0.2916878745302991,0.3699954416561587
824348,2026-06-10,2026,Colorado Rockies,Chicago Cubs,2026-06-10T17:00:00+00:00,2026-06-11T00:40:00+00:00,-0.11597288086157331,0.0,162,162,0.42282878958974224,0.5400813591768365,0.3941605839416058,1,0.333126606126442,0.21152515617662604,0.36704139804997604
824428,2026-06-10,2026,Cleveland Guardians,New York Yankees,2026-06-10T17:00:00+00:00,2026-06-10T17:10:00+00:00,-0.058243982822120066,0.0,162,162,0.481621087281031,0.5400813591768365,0.5241730279898218,0,0.23195887171376245,0.2916878745302991,0.2747573632720185
824590,2026-06-10,2026,Chicago White Sox,Atlanta Braves,2026-06-10T17:00:00+00:00,2026-06-10T23:40:00+00:00,-0.05630468103427211,0.0,162,162,0.4836143039098722,0.5400813591768365,0.4228855721393035,1,0.26665418712648586,0.21152515617662604,0.3330610628449791
824831,2026-06-10,2026,Baltimore Orioles,Seattle Mariners,2026-06-10T17:00:00+00:00,2026-06-10T22:35:00+00:00,-0.041812255629091744,0.0,162,162,0.4985218140290136,0.5400813591768365,0.5,1,0.2514803710047513,0.21152515617662604,0.25
823371,2026-06-11,2026,Pittsburgh Pirates,Los Angeles Dodgers,2026-06-11T17:00:00+00:00,2026-06-11T22:40:00+00:00,-0.09575597470588504,0.0,162,162,0.4432567323443393,0.5400813591768365,0.3864734299516908,0,0.19647653076858126,0.2916878745302991,0.14936171205862447
823619,2026-06-11,2026,New York Mets,St. Louis Cardinals,2026-06-11T17:00:00+00:00,2026-06-11T17:10:00+00:00,0.03290935177445553,0.0,162,162,0.5748470911784344,0.5400813591768365,0.575,1,0.18075499587943852,0.21152515617662604,0.18062500000000004
823855,2026-06-11,2026,Miami Marlins,Arizona Diamondbacks,2026-06-11T17:00:00+00:00,2026-06-11T17:10:00+00:00,0.0003296677537231729,0.0,162,162,0.5417900763031205,0.5400813591768365,0.5380710659898477,1,0.20995633417430015,0.21152515617662604,0.21337834007575568
824101,2026-06-11,2026,Kansas City Royals,Texas Rangers,2026-06-11T17:00:00+00:00,2026-06-11T18:10:00+00:00,-0.05795918874424283,0.0,162,162,0.4819137638476189,0.5400813591768365,0.5076530612244898,0,0.23224087578577862,0.2916878745302991,0.2577116305705956
824265,2026-06-11,2026,Detroit Tigers,Minnesota Twins,2026-06-11T17:00:00+00:00,2026-06-11T17:10:00+00:00,0.036100478976096695,0.0,162,162,0.5780541245544997,0.5400813591768365,0.5417721518987342,1,0.1780383218054697,0.21152515617662604,0.20997276077551674
824346,2026-06-11,2026,Colorado Rockies,Chicago Cubs,2026-06-11T17:00:00+00:00,2026-06-11T19:10:00+00:00,-0.10994858546891251,0.0,162,162,0.4288916827511283,0.5400813591768365,0.41791044776119407,0,0.1839480755330945,0.2916878745302991,0.17464914234796172
824827,2026-06-11,2026,Baltimore Orioles,Seattle Mariners,2026-06-11T17:00:00+00:00,2026-06-11T23:05:00+00:00,-0.032789018155271576,0.0,162,162,0.5078065036600314,0.5400813591768365,0.48346055979643765,1,0.24225443783936265,0.21152515617662604,0.26681299328580954
822726,2026-06-12,2026,Washington Nationals,Seattle Mariners,2026-06-12T17:00:00+00:00,2026-06-12T22:45:00+00:00,-0.05572051358422525,1.0,162,162,0.45648390873034456,0.5400813591768365,0.4335839598997493,0,0.20837755892973353,0.2916878745302991,0.1879950502823474
822803,2026-06-12,2026,Toronto Blue Jays,New York Yankees,2026-06-12T17:00:00+00:00,2026-06-12T23:37:00+00:00,-0.047789632839409624,0.0,162,162,0.4923714043568613,0.5400813591768365,0.5076530612244898,1,0.2576867911146253,0.21152515617662604,0.24240550812161596
823211,2026-06-12,2026,San Francisco Giants,Chicago Cubs,2026-06-12T17:00:00+00:00,2026-06-13T02:15:00+00:00,0.0011221165629063945,1.0,162,162,0.5148628476022205,0.5400813591768365,0.5355329949238579,0,0.2650837518410673,0.2916878745302991,0.2867955886521168
823370,2026-06-12,2026,Pittsburgh Pirates,Miami Marlins,2026-06-12T17:00:00+00:00,2026-06-12T22:40:00+00:00,0.04235863385873867,0.0,162,162,0.5843241618329615,0.5400813591768365,0.5664160401002506,0,0.34143472610179304,0.2916878745302991,0.32082713048284867
823617,2026-06-12,2026,New York Mets,Atlanta Braves,2026-06-12T17:00:00+00:00,2026-06-12T23:15:00+00:00,-0.060226794435598974,-1.0,162,162,0.5074078914177651,0.5400813591768365,0.5343511450381679,1,0.2426469854374923,0.21152515617662604,0.2168288561272653
823695,2026-06-12,2026,Minnesota Twins,St. Louis Cardinals,2026-06-12T17:00:00+00:00,2026-06-13T00:10:00+00:00,-0.029524682592115048,0.0,162,162,0.5111644342180214,0.5400813591768365,0.5603015075376885,1,0.23896021037338716,0.21152515617662604,0.19333476427362942
823778,2026-06-12,2026,Milwaukee Brewers,Philadelphia Phillies,2026-06-12T17:00:00+00:00,2026-06-12T23:40:00+00:00,0.06109755167455111,0.0,162,162,0.6029286862853365,0.5400813591768365,0.6934782608695652,1,0.15766562817508875,0.21152515617662604,0.09395557655954631
824020,2026-06-12,2026,Los Angeles Angels,Tampa Bay Rays,2026-06-12T17:00:00+00:00,2026-06-13T01:38:00+00:00,-0.05025651819990268,0.0,162,162,0.4898336746271728,0.5400813591768365,0.39512195121951227,1,0.26026967954441343,0.21152515617662604,0.36587745389649
824102,2026-06-12,2026,Kansas City Royals,Houston Astros,2026-06-12T17:00:00+00:00,2026-06-13T00:10:00+00:00,0.006308025891449465,-1.0,162,162,0.5752987165474213,0.5400813591768365,0.4885496183206107,0,0.33096861326111016,0.2916878745302991,0.23868072956121442
824425,2026-06-12,2026,Cleveland Guardians,Detroit Tigers,2026-06-12T17:00:00+00:00,2026-06-12T23:10:00+00:00,0.028057539345241245,1.0,162,162,0.5424823506354671,0.5400813591768365,0.5367088607594936,1,0.20932239948004766,0.21152515617662604,0.21463867969876624
824507,2026-06-12,2026,Cincinnati Reds,Arizona Diamondbacks,2026-06-12T17:00:00+00:00,2026-06-12T23:15:00+00:00,-0.0018459614057159124,1.0,162,162,0.5118107407868139,0.5400813591768365,0.5139949109414759,0,0.2619502343847472,0.2916878745302991,0.26419076847373574
824588,2026-06-12,2026,Chicago White Sox,Los Angeles Dodgers,2026-06-12T17:00:00+00:00,2026-06-12T23:40:00+00:00,-0.10284499992824903,1.0,162,162,0.40890860963996084,0.5400813591768365,0.3995098039215686,1,0.34938903175776426,0.21152515617662604,0.3605884755863131
824752,2026-06-12,2026,Boston Red Sox,Texas Rangers,2026-06-12T17:00:00+00:00,2026-06-12T23:10:00+00:00,-0.03818338046947478,1.0,162,162,0.47444234849632044,0.5400813591768365,0.5417721518987342,1,0.276210845054063,0.21152515617662604,0.20997276077551674
824826,2026-06-12,2026,Baltimore Orioles,San Diego Padres,2026-06-12T17:00:00+00:00,2026-06-12T23:05:00+00:00,-0.045277968243598365,-1.0,162,162,0.5227756942083086,0.5400813591768365,0.5417721518987342,1,0.22774303803836177,0.21152515617662604,0.20997276077551674
822725,2026-06-13,2026,Washington Nationals,Seattle Mariners,2026-06-13T17:00:00+00:00,2026-06-13T20:05:00+00:00,-0.05906632372582482,0.0,162,162,0.48077605723424693,0.5400813591768365,0.5253807106598984,1,0.26959350274121396,0.21152515617662604,0.22526346981370304
822802,2026-06-13,2026,Toronto Blue Jays,New York Yankees,2026-06-13T17:00:00+00:00,2026-06-13T19:07:00+00:00,-0.046903056559968404,0.0,162,162,0.4932835443271251,0.5400813591768365,0.49109414758269715,0,0.2433286551039308,0.2916878745302991,0.24117346178997592
823213,2026-06-13,2026,San Francisco Giants,Chicago Cubs,2026-06-13T17:00:00+00:00,2026-06-14T02:05:00+00:00,-0.006648604022645888,0.0,162,162,0.5346511973185056,0.5400813591768365,0.48600508905852424,0,0.28585190279411166,0.2916878745302991,0.23620094659078408
823369,2026-06-13,2026,Pittsburgh Pirates,Miami Marlins,2026-06-13T17:00:00+00:00,2026-06-13T20:05:00+00:00,0.04102575072669412,0.0,162,162,0.5829909614045726,0.5400813591768365,0.5165394402035622,1,0.17389653827028265,0.21152515617662604,0.23373411287868498
823616,2026-06-13,2026,New York Mets,Atlanta Braves,2026-06-13T17:00:00+00:00,2026-06-13T20:10:00+00:00,-0.060061985544729746,0.0,162,162,0.47975307181703675,0.5400813591768365,0.5253807106598984,0,0.23016300991788283,0.2916878745302991,0.27602489113349993
823694,2026-06-13,2026,Minnesota Twins,St. Louis Cardinals,2026-06-13T17:00:00+00:00,2026-06-13T18:10:00+00:00,-0.02852106144153488,0.0,162,162,0.5121966427694018,0.5400813591768365,0.4872448979591837,0,0.2623454008642462,0.2916878745302991,0.23740759058725533
823776,2026-06-13,2026,Milwaukee Brewers,Philadelphia Phillies,2026-06-13T17:00:00+00:00,2026-06-13T23:10:00+00:00,0.06533776061248264,0.0,162,162,0.6070995508519871,0.5400813591768365,0.6058394160583942,0,0.36856986464468444,0.2916878745302991,0.36704139804997604
824019,2026-06-13,2026,Los Angeles Angels,Tampa Bay Rays,2026-06-13T17:00:00+00:00,2026-06-14T02:07:00+00:00,-0.04903010330559937,0.0,162,162,0.4910952525486432,0.5400813591768365,0.48600508905852424,1,0.25898404197852926,0.21152515617662604,0.26419076847373557
824100,2026-06-13,2026,Kansas City Royals,Houston Astros,2026-06-13T17:00:00+00:00,2026-06-13T23:10:00+00:00,0.0046184617365238045,0.0,162,162,0.5461692688725087,0.5400813591768365,0.5367088607594936,0,0.2983008702607307,0.2916878745302991,0.28805640121775355
824426,2026-06-13,2026,Cleveland Guardians,Detroit Tigers,2026-06-13T17:00:00+00:00,2026-06-13T20:10:00+00:00,0.026786932416088427,0.0,162,162,0.5686767048142837,0.5400813591768365,0.44332493702770776,1,0.1860397849698646,0.21152515617662604,0.3098871257352056
824508,2026-06-13,2026,Cincinnati Reds,Arizona Diamondbacks,2026-06-13T17:00:00+00:00,2026-06-13T20:10:00+00:00,-0.0014171199470922602,0.0,162,162,0.540004579097831,0.5400813591768365,0.4228855721393035,1,0.21159578725096367,0.21152515617662604,0.3330610628449791
824587,2026-06-13,2026,Chicago White Sox,Los Angeles Dodgers,2026-06-13T17:00:00+00:00,2026-06-13T20:10:00+00:00,-0.09693487645802001,0.0,162,162,0.4420595442787272,0.5400813591768365,0.35116279069767437,0,0.19541664068791595,0.2916878745302991,0.12331530557057865
824749,2026-06-13,2026,Boston Red Sox,Texas Rangers,2026-06-13T17:00:00+00:00,2026-06-13T20:10:00+00:00,-0.0326169471463027,0.0,162,162,0.5079835285305525,0.5400813591768365,0.5178571428571429,1,0.24208020819724563,0.21152515617662604,0.23246173469387751
824828,2026-06-13,2026,Baltimore Orioles,San Diego Padres,2026-06-13T17:00:00+00:00,2026-06-13T20:05:00+00:00,-0.043018291844103385,0.0,162,162,0.49728076953205547,0.5400813591768365,0.5267175572519084,0,0.24728816374639326,0.2916878745302991,0.2774313851174174
822722,2026-06-14,2026,Washington Nationals,Seattle Mariners,2026-06-14T17:00:00+00:00,2026-06-14T17:35:00+00:00,-0.05058128901117104,0.0,162,162,0.48949961320917906,0.5400813591768365,0.4531645569620253,1,0.2606106449135777,0.21152515617662604,0.2990290017625381
822801,2026-06-14,2026,Toronto Blue Jays,New York Yankees,2026-06-14T17:00:00+00:00,2026-06-14T17:37:00+00:00,-0.05654128917179635,0.0,162,162,0.48337108859211836,0.5400813591768365,0.457070707070707,0,0.23364760928672954,0.2916878745302991,0.20891363126211607
823212,2026-06-14,2026,San Francisco Giants,Chicago Cubs,2026-06-14T17:00:00+00:00,2026-06-14T19:10:00+00:00,-0.012697986972624586,0.0,162,162,0.5284509713527835,0.5400813591768365,0.5505050505050506,1,0.22235848641813338,0.21152515617662604,0.20204570962146712
823615,2026-06-14,2026,New York Mets,Atlanta Braves,2026-06-14T17:00:00+00:00,2026-06-14T17:40:00+00:00,-0.059965709355727426,0.0,162,162,0.47985198280244284,0.5400813591768365,0.547979797979798,1,0.27055395979455027,0.21152515617662604,0.20432226303438422
823693,2026-06-14,2026,Minnesota Twins,St. Louis Cardinals,2026-06-14T17:00:00+00:00,2026-06-14T18:10:00+00:00,-0.03164948611310331,0.0,162,162,0.5089788038699279,0.5400813591768365,0.5076530612244898,1,0.24110181504900674,0.21152515617662604,0.24240550812161596
823777,2026-06-14,2026,Milwaukee Brewers,Philadelphia Phillies,2026-06-14T17:00:00+00:00,2026-06-14T18:10:00+00:00,0.06682942661487434,0.0,162,162,0.6085631496420572,0.5400813591768365,0.4607594936708861,1,0.15322280781814654,0.21152515617662604,0.29078032366607914
824021,2026-06-14,2026,Los Angeles Angels,Tampa Bay Rays,2026-06-14T17:00:00+00:00,2026-06-14T20:07:00+00:00,-0.04378057582485112,0.0,162,162,0.49649637462546803,0.5400813591768365,0.4746192893401016,0,0.2465086500162331,0.2916878745302991,0.2252634698137031
824099,2026-06-14,2026,Kansas City Royals,Houston Astros,2026-06-14T17:00:00+00:00,2026-06-14T18:10:00+00:00,0.007684361433193843,0.0,162,162,0.5492954579847058,0.5400813591768365,0.5267175572519084,1,0.2031345841932161,0.21152515617662604,0.2239962706136006
824506,2026-06-14,2026,Cincinnati Reds,Arizona Diamondbacks,2026-06-14T17:00:00+00:00,2026-06-14T17:40:00+00:00,-0.0038934485009874953,0.0,162,162,0.5374716242269516,0.5400813591768365,0.4783715012722647,0,0.28887574684915746,0.2916878745302991,0.22883929322948032
824586,2026-06-14,2026,Chicago White Sox,Los Angeles Dodgers,2026-06-14T17:00:00+00:00,2026-06-14T18:10:00+00:00,-0.10456856204969989,0.0,162,162,0.4343243336042183,0.5400813591768365,0.3608490566037736,1,0.3199889595523117,0.21152515617662604,0.40851392844428613
824751,2026-06-14,2026,Boston Red Sox,Texas Rangers,2026-06-14T17:00:00+00:00,2026-06-14T23:20:00+00:00,-0.027232120006371208,0.0,162,162,0.5135221449507686,0.5400813591768365,0.5165394402035622,0,0.26370499335483827,0.2916878745302991,0.26681299328580943
824823,2026-06-14,2026,Baltimore Orioles,San Diego Padres,2026-06-14T17:00:00+00:00,2026-06-14T17:35:00+00:00,-0.046520702944986836,0.0,162,162,0.4936769369467429,0.5400813591768365,0.5639097744360902,0,0.24371691807311838,0.2916878745302991,0.3179942337045622
822724,2026-06-15,2026,Washington Nationals,Kansas City Royals,2026-06-15T17:00:00+00:00,2026-06-15T22:45:00+00:00,-0.021175353318111323,0.0,162,162,0.5197478579658744,0.5400813591768365,0.5468354430379747,1,0.23064211992836595,0.21152515617662604,0.20535811568658865
822887,2026-06-15,2026,Texas Rangers,Minnesota Twins,2026-06-15T17:00:00+00:00,2026-06-16T00:05:00+00:00,0.08944278058595645,0.0,162,162,0.6304987921977924,0.5400813591768365,0.5945945945945945,0,0.39752872696287495,0.2916878745302991,0.3535427319211102
823046,2026-06-15,2026,St. Louis Cardinals,San Diego Padres,2026-06-15T17:00:00+00:00,2026-06-15T23:45:00+00:00,-0.05356925032289783,0.0,162,162,0.48642665459279966,0.5400813591768365,0.5911330049261084,1,0.2637575811127435,0.21152515617662604,0.16717221966075368
823452,2026-06-15,2026,Philadelphia Phillies,Miami Marlins,2026-06-15T17:00:00+00:00,2026-06-15T22:40:00+00:00,0.039611701028389124,0.0,162,162,0.5815752476793635,0.5400813591768365,0.6318289786223278,1,0.17507927335458598,0.21152515617662604,0.13554990098227837
823938,2026-06-15,2026,Los Angeles Dodgers,Tampa Bay Rays,2026-06-15T17:00:00+00:00,2026-06-16T02:10:00+00:00,0.1359351232823951,0.0,162,162,0.6738671799765301,0.5400813591768365,0.6048780487804878,1,0.106362616296461,0.21152515617662604,0.15612135633551458
824181,2026-06-15,2026,Houston Astros,Detroit Tigers,2026-06-15T17:00:00+00:00,2026-06-16T00:10:00+00:00,-0.022281388530299928,-1.0,162,162,0.5463227903684988,0.5400813591768365,0.5292620865139949,0,0.2984685912760227,0.2916878745302991,0.2801183562211474
824505,2026-06-15,2026,Cincinnati Reds,New York Mets,2026-06-15T17:00:00+00:00,2026-06-15T23:10:00+00:00,-0.04685137877257067,0.0,162,162,0.4933367136385456,0.5400813591768365,0.5603015075376885,1,0.25670768574658914,0.21152515617662604,0.19333476427362942
824666,2026-06-15,2026,Chicago Cubs,Colorado Rockies,2026-06-15T17:00:00+00:00,2026-06-16T00:05:00+00:00,0.11418979070686497,0.0,162,162,0.6538986002193669,0.5400813591768365,0.6574712643678161,1,0.11978617893011365,0.21152515617662604,0.11732593473378253
825071,2026-06-15,2026,Arizona Diamondbacks,Los Angeles Angels,2026-06-15T17:00:00+00:00,2026-06-16T01:40:00+00:00,0.043931198280871664,0.0,162,162,0.5858955136829055,0.5400813591768365,0.5443037974683544,1,0.17148252558794472,0.21152515617662604,0.20765902900176253
822723,2026-06-16,2026,Washington Nationals,Kansas City Royals,2026-06-16T17:00:00+00:00,2026-06-16T22:45:00+00:00,-0.014024885683277033,0.0,162,162,0.5270897441836163,0.5400813591768365,0.5664160401002506,1,0.22364411005631746,0.21152515617662604,0.1879950502823475
822888,2026-06-16,2026,Texas Rangers,Minnesota Twins,2026-06-16T17:00:00+00:00,2026-06-17T00:05:00+00:00,0.08523063734906422,0.0,162,162,0.6264505083155419,0.5400813591768365,0.5429292929292929,0,0.3924402393688009,0.2916878745302991,0.29477221712070195
823045,2026-06-16,2026,St. Louis Cardinals,San Diego Padres,2026-06-16T17:00:00+00:00,2026-06-16T23:45:00+00:00,-0.05048394663043726,0.0,162,162,0.48959973925920586,0.5400813591768365,0.5190839694656489,1,0.26050842616427067,0.21152515617662604,0.23128022842491688
823128,2026-06-16,2026,Seattle Mariners,Baltimore Orioles,2026-06-16T17:00:00+00:00,2026-06-17T01:40:00+00:00,0.024997009691330507,0.0,162,162,0.5668686343925167,0.5400813591768365,0.5866336633663367,1,0.1876027798730034,0.21152515617662604,0.17087172826193503
823451,2026-06-16,2026,Philadelphia Phillies,Miami Marlins,2026-06-16T17:00:00+00:00,2026-06-16T22:40:00+00:00,0.042404470073818756,0.0,162,162,0.5843699871347738,0.5400813591768365,0.6135265700483092,1,0.17274830759434806,0.21152515617662604,0.14936171205862442
823535,2026-06-16,2026,New York Yankees,Chicago White Sox,2026-06-16T17:00:00+00:00,2026-06-16T23:05:00+00:00,0.07961290229220663,0.0,162,162,0.6210237139354179,0.5400813591768365,0.5725,1,0.14362302539930397,0.21152515617662604,0.18275624999999998
823775,2026-06-16,2026,Milwaukee Brewers,Cleveland Guardians,2026-06-16T17:00:00+00:00,2026-06-16T23:40:00+00:00,0.06004108280591536,-1.0,162,162,0.6282411150378853,0.5400813591768365,0.5866336633663367,1,0.13820466854827484,0.21152515617662604,0.17087172826193503
823939,2026-06-16,2026,Los Angeles Dodgers,Tampa Bay Rays,2026-06-16T17:00:00+00:00,2026-06-17T02:10:00+00:00,0.1379818734539559,0.0,162,162,0.6757159813864507,0.5400813591768365,0.5831265508684863,1,0.10516012472815277,0.21152515617662604,0.17378347259080473
824182,2026-06-16,2026,Houston Astros,Detroit Tigers,2026-06-16T17:00:00+00:00,2026-06-17T00:10:00+00:00,-0.031135039956628585,0.0,162,162,0.5095080117643084,0.5400813591768365,0.6235011990407675,1,0.24058239052340186,0.21152515617662604,0.14175134712373977
824504,2026-06-16,2026,Cincinnati Reds,New York Mets,2026-06-16T17:00:00+00:00,2026-06-16T23:10:00+00:00,-0.039442547583510956,0.0,162,162,0.5009603476314917,0.5400813591768365,0.47582697201017815,1,0.24904057463608165,0.21152515617662604,0.2747573632720185
824667,2026-06-16,2026,Chicago Cubs,Colorado Rockies,2026-06-16T17:00:00+00:00,2026-06-17T00:05:00+00:00,0.11048230801368736,0.0,162,162,0.6504368119624224,0.5400813591768365,0.6408450704225352,0,0.42306804635583967,0.2916878745302991,0.41068240428486413
824750,2026-06-16,2026,Boston Red Sox,Toronto Blue Jays,2026-06-16T17:00:00+00:00,2026-06-16T22:45:00+00:00,-0.013150339880545814,0.0,162,162,0.527986962043873,0.5400813591768365,0.4783715012722647,0,0.27877023208831814,0.2916878745302991,0.22883929322948032
825070,2026-06-16,2026,Arizona Diamondbacks,Los Angeles Angels,2026-06-16T17:00:00+00:00,2026-06-17T01:40:00+00:00,0.046390901961573416,0.0,162,162,0.5883498074209351,0.5400813591768365,0.5063938618925831,0,0.3461554958922514,0.2916878745302991,0.2564347433624845
822721,2026-06-17,2026,Washington Nationals,Kansas City Royals,2026-06-17T17:00:00+00:00,2026-06-17T17:05:00+00:00,-0.01415110612531767,0.0,162,162,0.526960236967452,0.5400813591768365,0.5417721518987342,0,0.27768709134479314,0.2916878745302991,0.2935170645729851
823044,2026-06-17,2026,St. Louis Cardinals,San Diego Padres,2026-06-17T17:00:00+00:00,2026-06-17T18:15:00+00:00,-0.04464810418095316,0.0,162,162,0.49560370380720786,0.5400813591768365,0.547979797979798,0,0.24562303122742263,0.2916878745302991,0.30028185899398024
823127,2026-06-17,2026,Seattle Mariners,Baltimore Orioles,2026-06-17T17:00:00+00:00,2026-06-18T01:40:00+00:00,0.02587727607815532,0.0,162,162,0.5677580512658984,0.5400813591768365,0.5443037974683544,0,0.32234920477725054,0.2916878745302991,0.2962666239384714
823450,2026-06-17,2026,Philadelphia Phillies,Miami Marlins,2026-06-17T17:00:00+00:00,2026-06-17T17:05:00+00:00,0.047677839351172535,0.0,162,162,0.5896321734488176,0.5400813591768365,0.5216284987277354,0,0.34766609996597647,0.2916878745302991,0.27209629068495106
823536,2026-06-17,2026,New York Yankees,Chicago White Sox,2026-06-17T17:00:00+00:00,2026-06-17T23:05:00+00:00,0.08857586903736514,0.0,162,162,0.6296670828114999,0.5400813591768365,0.6201923076923077,1,0.1371464695533445,0.21152515617662604,0.14425388313609466
823774,2026-06-17,2026,Milwaukee Brewers,Cleveland Guardians,2026-06-17T17:00:00+00:00,2026-06-17T23:40:00+00:00,0.05759774068433443,0.0,162,162,0.5994747777013041,0.5400813591768365,0.5329949238578681,1,0.16042045369741978,0.21152515617662604,0.21809374114251845
823940,2026-06-17,2026,Los Angeles Dodgers,Tampa Bay Rays,2026-06-17T17:00:00+00:00,2026-06-17T19:10:00+00:00,0.13900041048566208,0.0,162,162,0.6766339777767987,0.5400813591768365,0.5935960591133005,1,0.10456558432845593,0.21152515617662604,0.16516416316823995
824178,2026-06-17,2026,Houston Astros,Detroit Tigers,2026-06-17T17:00:00+00:00,2026-06-17T18:10:00+00:00,-0.029828015046953538,0.0,162,162,0.510852442423417,0.5400813591768365,0.5076530612244898,1,0.2392653330831366,0.21152515617662604,0.24240550812161596
824668,2026-06-17,2026,Chicago Cubs,Colorado Rockies,2026-06-17T17:00:00+00:00,2026-06-18T00:05:00+00:00,0.1043048280829233,0.0,162,162,0.6446334721576162,0.5400813591768365,0.6350710900473934,1,0.12628536911075172,0.21152515617662604,0.13317310931919768
824746,2026-06-17,2026,Boston Red Sox,Toronto Blue Jays,2026-06-17T17:00:00+00:00,2026-06-17T22:45:00+00:00,-0.021577371695158387,0.0,162,162,0.5193347944018474,0.5400813591768365,0.5443037974683544,0,0.2697086286764091,0.2916878745302991,0.2962666239384714
824913,2026-06-17,2026,Atlanta Braves,San Francisco Giants,2026-06-17T17:00:00+00:00,2026-06-17T23:15:00+00:00,0.06832046282548421,0.0,162,162,0.6100241818382635,0.5400813591768365,0.5841584158415841,0,0.3721295024274427,0.2916878745302991,0.3412410547985491
825072,2026-06-17,2026,Arizona Diamondbacks,Los Angeles Angels,2026-06-17T17:00:00+00:00,2026-06-17T19:40:00+00:00,0.041084059335821266,0.0,162,162,0.5830493094334804,0.5400813591768365,0.6092233009708737,1,0.17384787836389756,0.21152515617662604,0.15270642850410032
822889,2026-06-18,2026,Texas Rangers,Minnesota Twins,2026-06-18T17:00:00+00:00,2026-06-18T18:35:00+00:00,0.07461471056988672,0.0,162,162,0.6161697635459155,0.5400813591768365,0.4707379134860051,0,0.37966517750822937,0.2916878745302991,0.2215941831931576
823125,2026-06-18,2026,Seattle Mariners,Baltimore Orioles,2026-06-18T17:00:00+00:00,2026-06-18T20:10:00+00:00,0.02413486015912686,0.0,162,162,0.5659971047877911,0.5400813591768365,0.5591939546599496,1,0.18835851305257958,0.21152515617662604,0.19430996960833458
823448,2026-06-18,2026,Philadelphia Phillies,New York Mets,2026-06-18T17:00:00+00:00,2026-06-18T22:40:00+00:00,0.0033010530151157402,0.0,162,162,0.5448248201427944,0.5400813591768365,0.5216284987277354,0,0.2968340846436283,0.2916878745302991,0.27209629068495106
823533,2026-06-18,2026,New York Yankees,Chicago White Sox,2026-06-18T17:00:00+00:00,2026-06-18T23:05:00+00:00,0.09399273583709006,0.0,162,162,0.6348511973439355,0.5400813591768365,0.5980392156862746,0,0.4030360427690285,0.2916878745302991,0.35765090349865447
823772,2026-06-18,2026,Milwaukee Brewers,Cleveland Guardians,2026-06-18T17:00:00+00:00,2026-06-18T18:10:00+00:00,0.06021356155286317,0.0,162,162,0.6020572433640315,0.5400813591768365,0.568922305764411,0,0.3624729242870967,0.2916878745302991,0.323672589996294
824098,2026-06-18,2026,Kansas City Royals,St. Louis Cardinals,2026-06-18T17:00:00+00:00,2026-06-18T23:40:00+00:00,-0.0003244999592227349,0.0,162,162,0.5411215351866991,0.5400813591768365,0.5165394402035622,1,0.21056944546941178,0.21152515617662604,0.23373411287868498
824748,2026-06-18,2026,Boston Red Sox,Toronto Blue Jays,2026-06-18T17:00:00+00:00,2026-06-18T17:35:00+00:00,-0.022531066431163538,0.0,162,162,0.5183547928393288,0.5400813591768365,0.5555555555555556,0,0.26869169125950354,0.2916878745302991,0.308641975308642
822886,2026-06-19,2026,Texas Rangers,San Diego Padres,2026-06-19T17:00:00+00:00,2026-06-20T00:05:00+00:00,-0.0012370585488630237,-1.0,162,162,0.5676933916087906,0.5400813591768365,0.5945945945945945,1,0.18688900365871047,0.21152515617662604,0.16435354273192118
822966,2026-06-19,2026,Tampa Bay Rays,Washington Nationals,2026-06-19T17:00:00+00:00,2026-06-19T23:10:00+00:00,0.011116285631829148,0.0,162,162,0.552790246972884,0.5400813591768365,0.5329949238578681,1,0.19999656320257406,0.21152515617662604,0.21809374114251845
823124,2026-06-19,2026,Seattle Mariners,Boston Red Sox,2026-06-19T17:00:00+00:00,2026-06-20T02:10:00+00:00,-0.002817746310417979,0.0,162,162,0.5385721699368818,0.5400813591768365,0.5089058524173028,0,0.29005998223052154,0.2916878745302991,0.2589851666245816
823534,2026-06-19,2026,New York Yankees,Cincinnati Reds,2026-06-19T17:00:00+00:00,2026-06-19T23:05:00+00:00,0.12130759639822802,-1.0,162,162,0.6850035913955295,0.5400813591768365,0.7088607594936709,1,0.09922273743371456,0.21152515617662604,0.08476205736260214
823853,2026-06-19,2026,Miami Marlins,San Francisco Giants,2026-06-19T17:00:00+00:00,2026-06-19T23:10:00+00:00,-0.03383359289775151,0.0,162,162,0.5067318155884928,0.5400813591768365,0.5165394402035622,1,0.2433135017526247,0.21152515617662604,0.23373411287868498
823936,2026-06-19,2026,Los Angeles Dodgers,Baltimore Orioles,2026-06-19T17:00:00+00:00,2026-06-20T02:10:00+00:00,0.13192571239930428,1.0,162,162,0.6451712919957117,0.5400813591768365,0.6582568807339451,1,0.12590341202399252,0.21152515617662604,0.11678835956569306
824097,2026-06-19,2026,Kansas City Royals,St. Louis Cardinals,2026-06-19T17:00:00+00:00,2026-06-20T00:15:00+00:00,0.00977646322323833,0.0,162,162,0.551426483350796,0.5400813591768365,0.4783715012722647,1,0.20121819983903366,0.21152515617662604,0.27209629068495095
824179,2026-06-19,2026,Houston Astros,Cleveland Guardians,2026-06-19T17:00:00+00:00,2026-06-20T00:10:00+00:00,-0.03892551315894738,1.0,162,162,0.4736807150640386,0.5400813591768365,0.5367088607594936,1,0.2770119896955018,0.21152515617662604,0.21463867969876624
824264,2026-06-19,2026,Detroit Tigers,Chicago White Sox,2026-06-19T17:00:00+00:00,2026-06-19T22:40:00+00:00,0.009022162383042431,1.0,162,162,0.5229805377857252,0.5400813591768365,0.6350710900473934,1,0.22754756733119597,0.21152515617662604,0.13317310931919768
824345,2026-06-19,2026,Colorado Rockies,Pittsburgh Pirates,2026-06-19T17:00:00+00:00,2026-06-20T00:40:00+00:00,-0.10657162710147045,0.0,162,162,0.4322997579070114,0.5400813591768365,0.4422110552763819,1,0.3222835648724379,0.21152515617662604,0.31112850685588755
824663,2026-06-19,2026,Chicago Cubs,Toronto Blue Jays,2026-06-19T17:00:00+00:00,2026-06-19T18:20:00+00:00,-0.020015704872755946,1.0,162,162,0.49311586756225256,0.5400813591768365,0.5292620865139949,1,0.2569315237171679,0.21152515617662604,0.22159418319315766
824910,2026-06-19,2026,Atlanta Braves,Milwaukee Brewers,2026-06-19T17:00:00+00:00,2026-06-19T23:15:00+00:00,-0.005815538338495574,1.0,162,162,0.5077274447791793,0.5400813591768365,0.3995098039215686,1,0.24233226862363597,0.21152515617662604,0.3605884755863131
825069,2026-06-19,2026,Arizona Diamondbacks,Minnesota Twins,2026-06-19T17:00:00+00:00,2026-06-20T01:45:00+00:00,0.01895680625984525,1.0,162,162,0.5331711531665464,0.5400813591768365,0.6092233009708737,1,0.2179291722358521,0.21152515617662604,0.15270642850410032
822885,2026-06-20,2026,Texas Rangers,San Diego Padres,2026-06-20T17:00:00+00:00,2026-06-20T20:05:00+00:00,-0.002183814405534279,0.0,162,162,0.5392205672650813,0.5400813591768365,0.5417721518987342,0,0.29075882016167603,0.2916878745302991,0.2935170645729851
822967,2026-06-20,2026,Tampa Bay Rays,Washington Nationals,2026-06-20T17:00:00+00:00,2026-06-20T20:10:00+00:00,0.011155481689014757,0.0,162,162,0.5528301315683196,0.5400813591768365,0.5292620865139949,0,0.3056211543698456,0.2916878745302991,0.2801183562211474
823126,2026-06-20,2026,Seattle Mariners,Boston Red Sox,2026-06-20T17:00:00+00:00,2026-06-21T02:10:00+00:00,-0.0071920298850102204,0.0,162,162,0.5340946298734056,0.5400813591768365,0.5267175572519084,0,0.2852570736596101,0.2916878745302991,0.2774313851174174
823447,2026-06-20,2026,Philadelphia Phillies,New York Mets,2026-06-20T17:00:00+00:00,2026-06-20T23:15:00+00:00,0.000640435797959471,0.0,162,162,0.5421076199927902,0.5400813591768365,0.6327014218009479,1,0.209665431668667,0.21152515617662604,0.1349082455470452
823532,2026-06-20,2026,New York Yankees,Cincinnati Reds,2026-06-20T17:00:00+00:00,2026-06-20T17:35:00+00:00,0.12679772327916844,0.0,162,162,0.665547930984595,0.5400813591768365,0.6519721577726217,0,0.44295404843787517,0.2916878745302991,0.4250676945106884
823854,2026-06-20,2026,Miami Marlins,San Francisco Giants,2026-06-20T17:00:00+00:00,2026-06-20T20:10:00+00:00,-0.033808943702879235,0.0,162,162,0.5067571761338568,0.5400813591768365,0.5664160401002506,1,0.2432884832954471,0.21152515617662604,0.1879950502823475
823937,2026-06-20,2026,Los Angeles Dodgers,Baltimore Orioles,2026-06-20T17:00:00+00:00,2026-06-21T02:10:00+00:00,0.13785209627991762,0.0,162,162,0.6755989173010223,0.5400813591768365,0.669683257918552,0,0.45643389705831355,0.2916878745302991,0.4484756659364058
824180,2026-06-20,2026,Houston Astros,Cleveland Guardians,2026-06-20T17:00:00+00:00,2026-06-20T23:15:00+00:00,-0.03113189894805024,0.0,162,162,0.5095112428380847,0.5400813591768365,0.57,0,0.2596017065784097,0.2916878745302991,0.32489999999999997
824263,2026-06-20,2026,Detroit Tigers,Chicago White Sox,2026-06-20T17:00:00+00:00,2026-06-20T17:10:00+00:00,0.0050844152199226444,0.0,162,162,0.5466446259948984,0.5400813591768365,0.5241730279898218,1,0.20553109513930556,0.21152515617662604,0.2264113072923749
824342,2026-06-20,2026,Colorado Rockies,Pittsburgh Pirates,2026-06-20T17:00:00+00:00,2026-06-21T01:10:00+00:00,-0.1033777941126367,0.0,162,162,0.435528932928708,0.5400813591768365,0.34642032332563516,1,0.31862758556060305,0.21152515617662604,0.42716639376176735
824665,2026-06-20,2026,Chicago Cubs,Toronto Blue Jays,2026-06-20T17:00:00+00:00,2026-06-20T18:20:00+00:00,-0.012392228176517972,0.0,162,162,0.5287645812621208,0.5400813591768365,0.5468354430379747,0,0.2795919823973059,0.2916878745302991,0.2990290017625381
824909,2026-06-20,2026,Atlanta Braves,Milwaukee Brewers,2026-06-20T17:00:00+00:00,2026-06-20T20:10:00+00:00,-0.00232693468046008,0.0,162,162,0.5390741927098069,0.5400813591768365,0.5505050505050506,1,0.2124525998261162,0.21152515617662604,0.20204570962146712
825068,2026-06-20,2026,Arizona Diamondbacks,Minnesota Twins,2026-06-20T17:00:00+00:00,2026-06-21T02:10:00+00:00,0.01994663145434178,0.0,162,162,0.5617575941353243,0.5400813591768365,0.5443037974683544,0,0.31557159456870776,0.2916878745302991,0.2962666239384714
822883,2026-06-21,2026,Texas Rangers,San Diego Padres,2026-06-21T17:00:00+00:00,2026-06-21T18:35:00+00:00,-0.000371821208333456,0.0,162,162,0.5410731684215586,0.5400813591768365,0.6039119804400979,1,0.2106138367426271,0.21152515617662604,0.15688571923888542
822968,2026-06-21,2026,Tampa Bay Rays,Washington Nationals,2026-06-21T17:00:00+00:00,2026-06-21T17:40:00+00:00,0.010512233189296394,0.0,162,162,0.5521754978221214,0.5400813591768365,0.547979797979798,1,0.20054678475086482,0.21152515617662604,0.20432226303438422
823123,2026-06-21,2026,Seattle Mariners,Boston Red Sox,2026-06-21T17:00:00+00:00,2026-06-21T20:10:00+00:00,-0.011612202352025036,0.0,162,162,0.5295645327537366,0.5400813591768365,0.530456852791878,1,0.22130952884321015,0.21152515617662604,0.2204707670901081
823449,2026-06-21,2026,Philadelphia Phillies,New York Mets,2026-06-21T17:00:00+00:00,2026-06-21T23:20:00+00:00,0.01524435843140104,0.0,162,162,0.5569870059259537,0.5400813591768365,0.6192771084337348,1,0.19626051291845095,0.21152515617662604,0.1449499201625781
823531,2026-06-21,2026,New York Yankees,Cincinnati Reds,2026-06-21T17:00:00+00:00,2026-06-21T17:35:00+00:00,0.12162953455955439,0.0,162,162,0.6607960867785886,0.5400813591768365,0.5127551020408163,0,0.436651468301896,0.2916878745302991,0.2629177946688879
823852,2026-06-21,2026,Miami Marlins,San Francisco Giants,2026-06-21T17:00:00+00:00,2026-06-21T17:40:00+00:00,-0.03377327751582221,0.0,162,162,0.50679387154891,0.5400813591768365,0.43859649122807015,1,0.2432522851417131,0.21152515617662604,0.3151738996614343
823934,2026-06-21,2026,Los Angeles Dodgers,Baltimore Orioles,2026-06-21T17:00:00+00:00,2026-06-21T20:10:00+00:00,0.13851527678274533,0.0,162,162,0.6761969011620103,0.5400813591768365,0.68,0,0.45724224914110545,0.2916878745302991,0.4624000000000001
824095,2026-06-21,2026,Kansas City Royals,St. Louis Cardinals,2026-06-21T17:00:00+00:00,2026-06-21T18:10:00+00:00,0.007533717580127053,0.0,162,162,0.5491419406261251,0.5400813591768365,0.46329113924050636,0,0.3015568709546267,0.2916878745302991,0.21463867969876624
824177,2026-06-21,2026,Houston Astros,Cleveland Guardians,2026-06-21T17:00:00+00:00,2026-06-21T18:10:00+00:00,-0.034314434356019774,0.0,162,162,0.5062370907702836,0.5400813591768365,0.5516372795969774,1,0.2438018105309932,0.21152515617662604,0.20102912904719902
824260,2026-06-21,2026,Detroit Tigers,Chicago White Sox,2026-06-21T17:00:00+00:00,2026-06-21T17:40:00+00:00,0.005492368379766521,0.0,162,162,0.5470607424644626,0.5400813591768365,0.5216284987277354,1,0.2051539710168439,0.21152515617662604,0.22883929322948024
824343,2026-06-21,2026,Colorado Rockies,Pittsburgh Pirates,2026-06-21T17:00:00+00:00,2026-06-21T19:10:00+00:00,-0.09990433401339083,0.0,162,162,0.43904703941761186,0.5400813591768365,0.42643391521197016,0,0.19276230282137002,0.2916878745302991,0.18184588404300975
824908,2026-06-21,2026,Atlanta Braves,Milwaukee Brewers,2026-06-21T17:00:00+00:00,2026-06-21T17:35:00+00:00,0.0019482537961587054,0.0,162,162,0.5434435743695335,0.5400813591768365,0.5216284987277354,0,0.2953309185235347,0.2916878745302991,0.27209629068495106
825067,2026-06-21,2026,Arizona Diamondbacks,Minnesota Twins,2026-06-21T17:00:00+00:00,2026-06-21T19:15:00+00:00,0.014421740102569747,0.0,162,162,0.5561513294539336,0.5400813591768365,0.547979797979798,0,0.3093043012533778,0.2916878745302991,0.30028185899398024
822720,2026-06-22,2026,Washington Nationals,Philadelphia Phillies,2026-06-22T17:00:00+00:00,2026-06-22T22:45:00+00:00,-0.05953552061089129,0.0,162,162,0.48029396373680283,0.5400813591768365,0.530456852791878,1,0.27009436412840354,0.21152515617662604,0.2204707670901081
822800,2026-06-22,2026,Toronto Blue Jays,Houston Astros,2026-06-22T17:00:00+00:00,2026-06-22T23:07:00+00:00,0.04072072641295105,-1.0,162,162,0.6094860550498657,0.5400813591768365,0.5367088607594936,1,0.15250114120051647,0.21152515617662604,0.21463867969876624
822964,2026-06-22,2026,Tampa Bay Rays,Kansas City Royals,2026-06-22T17:00:00+00:00,2026-06-22T22:40:00+00:00,-0.006078657024230216,0.0,162,162,0.5352348345423826,0.5400813591768365,0.6350710900473934,0,0.2864763281076117,0.2916878745302991,0.4033152894139844
823040,2026-06-22,2026,St. Louis Cardinals,Arizona Diamondbacks,2026-06-22T17:00:00+00:00,2026-06-22T23:45:00+00:00,-0.0013754687845914937,0.0,162,162,0.5400471654036576,0.5400813591768365,0.57,1,0.2115566100532103,0.21152515617662604,0.18490000000000004
823288,2026-06-22,2026,San Diego Padres,Atlanta Braves,2026-06-22T17:00:00+00:00,2026-06-23T02:10:00+00:00,-0.05165163761841107,0.0,162,162,0.4883987135091619,0.5400813591768365,0.5051020408163266,1,0.26173587633908063,0.21152515617662604,0.24492399000416487
823692,2026-06-22,2026,Minnesota Twins,Los Angeles Dodgers,2026-06-22T17:00:00+00:00,2026-06-22T23:40:00+00:00,-0.13723464089441284,0.0,162,162,0.401627377376733,0.5400813591768365,0.42643391521197016,0,0.1613045502585127,0.2916878745302991,0.18184588404300975
823851,2026-06-22,2026,Miami Marlins,Texas Rangers,2026-06-22T17:00:00+00:00,2026-06-22T22:40:00+00:00,-0.054812359150571366,0.0,162,162,0.4851484724332255,0.5400813591768365,0.5429292929292929,0,0.23536904030429218,0.2916878745302991,0.29477221712070195
824016,2026-06-22,2026,Los Angeles Angels,Baltimore Orioles,2026-06-22T17:00:00+00:00,2026-06-23T01:38:00+00:00,-0.04022820166050023,0.0,162,162,0.5001518744551899,0.5400813591768365,0.4044117647058823,0,0.25015189752104006,0.2916878745302991,0.16354887543252591
824261,2026-06-22,2026,Detroit Tigers,New York Yankees,2026-06-22T17:00:00+00:00,2026-06-22T22:10:00+00:00,-0.09224103909490766,0.0,162,162,0.44683005032797796,0.5400813591768365,0.4582278481012658,1,0.3059969932201474,0.21152515617662604,0.2935170645729851
824344,2026-06-22,2026,Colorado Rockies,Boston Red Sox,2026-06-22T17:00:00+00:00,2026-06-23T00:40:00+00:00,-0.1051005032495953,0.0,162,162,0.433786463338354,0.5400813591768365,0.4607594936708861,1,0.3205977690988891,0.21152515617662604,0.29078032366607914
824502,2026-06-22,2026,Cincinnati Reds,Milwaukee Brewers,2026-06-22T17:00:00+00:00,2026-06-22T23:10:00+00:00,-0.10487669445545855,0.0,162,162,0.43401274779423277,0.5400813591768365,0.4193548387096774,0,0.1883670652479003,0.2916878745302991,0.17585848074921953
824585,2026-06-22,2026,Chicago White Sox,Cleveland Guardians,2026-06-22T17:00:00+00:00,2026-06-22T23:40:00+00:00,-0.02367826621610758,0.0,162,162,0.5171757621094614,0.5400813591768365,0.5,1,0.23311924469457945,0.21152515617662604,0.25
822718,2026-06-23,2026,Washington Nationals,Philadelphia Phillies,2026-06-23T17:00:00+00:00,2026-06-23T22:45:00+00:00,-0.06006950426945057,0.0,162,162,0.47974534739363117,0.5400813591768365,0.39268292682926825,0,0.23015559834583585,0.2916878745302991,0.15419988102320045
822799,2026-06-23,2026,Toronto Blue Jays,Houston Astros,2026-06-23T17:00:00+00:00,2026-06-23T20:07:00+00:00,0.03870222034748577,0.0,162,162,0.5806639846101644,0.5400813591768365,0.5417721518987342,0,0.3371706630233533,0.2916878745302991,0.2935170645729851
822963,2026-06-23,2026,Tampa Bay Rays,Kansas City Royals,2026-06-23T17:00:00+00:00,2026-06-23T22:40:00+00:00,-0.002541849066486024,0.0,162,162,0.5388543789334225,0.5400813591768365,0.6350710900473934,0,0.29036404169572444,0.2916878745302991,0.4033152894139844
823043,2026-06-23,2026,St. Louis Cardinals,Arizona Diamondbacks,2026-06-23T17:00:00+00:00,2026-06-23T23:45:00+00:00,-0.0035783974074442004,0.0,162,162,0.5377939897733672,0.5400813591768365,0.5139949109414759,0,0.2892223754363566,0.2916878745302991,0.26419076847373574
823286,2026-06-23,2026,San Diego Padres,Atlanta Braves,2026-06-23T17:00:00+00:00,2026-06-24T01:40:00+00:00,-0.05385348263118961,0.0,162,162,0.4861343866340409,0.5400813591768365,0.4885496183206107,1,0.26405786859997343,0.21152515617662604,0.261581492919993
823365,2026-06-23,2026,Pittsburgh Pirates,Seattle Mariners,2026-06-23T17:00:00+00:00,2026-06-23T22:40:00+00:00,0.005207488819163608,0.0,162,162,0.5467701692402611,0.5400813591768365,0.4619289340101523,0,0.29895761797102377,0.2916878745302991,0.21337834007575562
823614,2026-06-23,2026,New York Mets,Chicago Cubs,2026-06-23T17:00:00+00:00,2026-06-23T23:10:00+00:00,-0.013994574817681682,2.0,162,162,0.47150632358100936,0.5400813591768365,0.5076530612244898,0,0.2223182131768795,0.2916878745302991,0.2577116305705956
823690,2026-06-23,2026,Minnesota Twins,Los Angeles Dodgers,2026-06-23T17:00:00+00:00,2026-06-23T23:40:00+00:00,-0.13619966660111787,0.0,162,162,0.40265161527938825,0.5400813591768365,0.3864734299516908,0,0.1621283232871005,0.2916878745302991,0.14936171205862447
823849,2026-06-23,2026,Miami Marlins,Texas Rangers,2026-06-23T17:00:00+00:00,2026-06-23T22:40:00+00:00,-0.053916053529974195,0.0,162,162,0.4860700480337138,0.5400813591768365,0.5935960591133005,1,0.26412399552806926,0.21152515617662604,0.16516416316823995
824017,2026-06-23,2026,Los Angeles Angels,Baltimore Orioles,2026-06-23T17:00:00+00:00,2026-06-24T01:38:00+00:00,-0.040707781600715365,0.0,162,162,0.4996583645917718,0.5400813591768365,0.4408060453400503,1,0.2503417521229803,0.21152515617662604,0.31269787892823386
824262,2026-06-23,2026,Detroit Tigers,New York Yankees,2026-06-23T17:00:00+00:00,2026-06-23T22:40:00+00:00,-0.09361637691516278,0.0,162,162,0.4454311932510217,0.5400813591768365,0.4821428571428572,0,0.19840894792102903,0.2916878745302991,0.23246173469387763
824340,2026-06-23,2026,Colorado Rockies,Boston Red Sox,2026-06-23T17:00:00+00:00,2026-06-24T00:40:00+00:00,-0.10032881350970735,0.0,162,162,0.43861676777477093,0.5400813591768365,0.4088669950738916,0,0.19238466897318734,0.2916878745302991,0.1671722196607537
824501,2026-06-23,2026,Cincinnati Reds,Milwaukee Brewers,2026-06-23T17:00:00+00:00,2026-06-23T23:10:00+00:00,-0.10518754667325592,0.0,162,162,0.4336984645341615,0.5400813591768365,0.5025510204081632,0,0.18809435813928935,0.2916878745302991,0.2525575281132861
824584,2026-06-23,2026,Chicago White Sox,Cleveland Guardians,2026-06-23T17:00:00+00:00,2026-06-23T23:40:00+00:00,-0.02107633390398167,0.0,162,162,0.5198495937506665,0.5400813591768365,0.48600508905852424,1,0.23054441262139996,0.21152515617662604,0.26419076847373557
822719,2026-06-24,2026,Washington Nationals,Philadelphia Phillies,2026-06-24T17:00:00+00:00,2026-06-24T22:45:00+00:00,-0.06329699329941135,0.0,162,162,0.47643050290751,0.5400813591768365,0.4593908629441624,0,0.22698602410070287,0.2916878745302991,0.21103996495658223
822798,2026-06-24,2026,Toronto Blue Jays,Houston Astros,2026-06-24T17:00:00+00:00,2026-06-24T23:07:00+00:00,0.04306233336258264,0.0,162,162,0.5850275326960626,0.5400813591768365,0.5614035087719298,0,0.3422572140124425,0.2916878745302991,0.3151738996614343
822965,2026-06-24,2026,Tampa Bay Rays,Kansas City Royals,2026-06-24T17:00:00+00:00,2026-06-24T22:40:00+00:00,-0.009066370031524607,0.0,162,162,0.5321743200477769,0.5400813591768365,0.5771144278606966,1,0.2188608668227599,0.21152515617662604,0.17883220712358602
823041,2026-06-24,2026,St. Louis Cardinals,Arizona Diamondbacks,2026-06-24T17:00:00+00:00,2026-06-24T23:45:00+00:00,-0.007444589113396349,0.0,162,162,0.5338359340638185,0.5400813591768365,0.5216284987277354,0,0.2849808044977895,0.2916878745302991,0.27209629068495106
823284,2026-06-24,2026,San Diego Padres,Atlanta Braves,2026-06-24T17:00:00+00:00,2026-06-25T00:40:00+00:00,-0.0516487716702676,0.0,162,162,0.4884016611149228,0.5400813591768365,0.47328244274809167,1,0.2617328603499703,0.21152515617662604,0.2774313851174173
823367,2026-06-24,2026,Pittsburgh Pirates,Seattle Mariners,2026-06-24T17:00:00+00:00,2026-06-24T22:40:00+00:00,0.003967312392062716,0.0,162,162,0.5455048375100108,0.5400813591768365,0.5216284987277354,1,0.2065658527268017,0.21152515617662604,0.22883929322948024
823611,2026-06-24,2026,New York Mets,Chicago Cubs,2026-06-24T17:00:00+00:00,2026-06-24T23:10:00+00:00,-0.015666840574609597,0.0,162,162,0.5254047544525721,0.5400813591768365,0.5204081632653061,0,0.27605015600136756,0.2916878745302991,0.27082465639316955
823613,2026-06-24,2026,New York Mets,Chicago Cubs,2026-06-24T17:00:00+00:00,2026-06-24T17:10:00+00:00,-0.015666840574609597,0.0,162,162,0.5254047544525721,0.5400813591768365,0.4936061381074168,0,0.27605015600136756,0.2916878745302991,0.24364701957731824
823691,2026-06-24,2026,Minnesota Twins,Los Angeles Dodgers,2026-06-24T17:00:00+00:00,2026-06-24T23:40:00+00:00,-0.14430984199526548,0.0,162,162,0.3946489807442948,0.5400813591768365,0.3864734299516908,0,0.15574781800251075,0.2916878745302991,0.14936171205862447
824018,2026-06-24,2026,Los Angeles Angels,Baltimore Orioles,2026-06-24T17:00:00+00:00,2026-06-24T20:07:00+00:00,-0.03534324118873666,0.0,162,162,0.5051785393557876,0.5400813591768365,0.5355329949238579,1,0.24484827791407185,0.21152515617662604,0.21572959880440104
824259,2026-06-24,2026,Detroit Tigers,New York Yankees,2026-06-24T17:00:00+00:00,2026-06-24T22:40:00+00:00,-0.09369908478400518,0.0,162,162,0.4453470983443058,0.5400813591768365,0.5392405063291139,0,0.1983340380036928,0.2916878745302991,0.29078032366607914
824341,2026-06-24,2026,Colorado Rockies,Boston Red Sox,2026-06-24T17:00:00+00:00,2026-06-24T19:10:00+00:00,-0.10113785697209798,0.0,162,162,0.4377969407685124,0.5400813591768365,0.39077669902912626,1,0.3160722798092436,0.21152515617662604,0.3711530304458478
824500,2026-06-24,2026,Cincinnati Reds,Milwaukee Brewers,2026-06-24T17:00:00+00:00,2026-06-24T23:10:00+00:00,-0.10605693316123976,0.0,162,162,0.43281976603137173,0.5400813591768365,0.4520202020202021,0,0.18733294986745136,0.2916878745302991,0.2043222630343843
824583,2026-06-24,2026,Chicago White Sox,Cleveland Guardians,2026-06-24T17:00:00+00:00,2026-06-24T18:10:00+00:00,-0.022324353088287674,0.0,162,162,0.5185672204346835,0.5400813591768365,0.5,0,0.26891196210935364,0.2916878745302991,0.25
822717,2026-06-25,2026,Washington Nationals,Philadelphia Phillies,2026-06-25T17:00:00+00:00,2026-06-25T22:45:00+00:00,-0.058580314041120796,0.0,162,162,0.4812754633922918,0.5400813591768365,0.39268292682926825,0,0.23162607166346522,0.2916878745302991,0.15419988102320045
822797,2026-06-25,2026,Toronto Blue Jays,Texas Rangers,2026-06-25T17:00:00+00:00,2026-06-25T23:07:00+00:00,-0.003526833339099089,0.0,162,162,0.5378467479883013,0.5400813591768365,0.5796019900497512,0,0.2892791243215913,0.2916878745302991,0.3359384668696319
823612,2026-06-25,2026,New York Mets,Chicago Cubs,2026-06-25T17:00:00+00:00,2026-06-25T23:10:00+00:00,-0.027208120474848718,0.0,162,162,0.5135468234818517,0.5400813591768365,0.5051020408163266,0,0.2637303399083001,0.2916878745302991,0.25512807163681805
824258,2026-06-25,2026,Detroit Tigers,Houston Astros,2026-06-25T17:00:00+00:00,2026-06-25T22:40:00+00:00,0.013695071166139994,0.0,162,162,0.5554128609238917,0.5400813591768365,0.5165394402035622,0,0.3084834460796623,0.2916878745302991,0.26681299328580943
824747,2026-06-25,2026,Boston Red Sox,New York Yankees,2026-06-25T17:00:00+00:00,2026-06-25T23:10:00+00:00,-0.09178494272063797,0.0,162,162,0.44729413333661106,0.5400813591768365,0.43609022556390975,1,0.3054837750441279,0.21152515617662604,0.3179942337045622
822796,2026-06-26,2026,Toronto Blue Jays,Texas Rangers,2026-06-26T17:00:00+00:00,2026-06-26T23:07:00+00:00,-0.005283692314678068,0.0,162,162,0.5360487329583297,0.5400813591768365,0.49489795918367346,0,0.2873482441062306,0.2916878745302991,0.24492399000416493
822962,2026-06-26,2026,Tampa Bay Rays,Arizona Diamondbacks,2026-06-26T17:00:00+00:00,2026-06-26T23:10:00+00:00,-0.0039177387463336655,-1.0,162,162,0.5649834140588984,0.5400813591768365,0.5628140703517588,1,0.18923943004385183,0.21152515617662604,0.1911315370823969
823039,2026-06-26,2026,St. Louis Cardinals,Miami Marlins,2026-06-26T17:00:00+00:00,2026-06-27T00:15:00+00:00,0.005271869789192973,0.0,162,162,0.5468358397367231,0.5400813591768365,0.5076530612244898,0,0.2990294356205671,0.2916878745302991,0.2577116305705956
823206,2026-06-26,2026,San Francisco Giants,Atlanta Braves,2026-06-26T17:00:00+00:00,2026-06-27T02:15:00+00:00,-0.06849194957355365,-1.0,162,162,0.49890320868377735,0.5400813591768365,0.47582697201017815,0,0.2489044116349687,0.2916878745302991,0.22641130729237485
823285,2026-06-26,2026,San Diego Padres,Los Angeles Dodgers,2026-06-26T17:00:00+00:00,2026-06-27T01:45:00+00:00,-0.08498008191130246,0.0,162,162,0.45422862416657783,0.5400813591768365,0.43107769423558895,1,0.2978663946791065,0.21152515617662604,0.323672589996294
823363,2026-06-26,2026,Pittsburgh Pirates,Cincinnati Reds,2026-06-26T17:00:00+00:00,2026-06-26T22:40:00+00:00,0.04262373563614408,-1.0,162,162,0.6113488350439013,0.5400813591768365,0.6285714285714284,0,0.37374739810953517,0.2916878745302991,0.3951020408163264
823610,2026-06-26,2026,New York Mets,Philadelphia Phillies,2026-06-26T17:00:00+00:00,2026-06-26T23:10:00+00:00,-0.023339675153215778,0.0,162,162,0.5175237684215825,0.5400813591768365,0.4054054054054054,0,0.2678308508812758,0.2916878745302991,0.16435354273192107
823688,2026-06-26,2026,Minnesota Twins,Colorado Rockies,2026-06-26T17:00:00+00:00,2026-06-27T00:10:00+00:00,0.05299167737835775,0.0,162,162,0.5949140686249599,0.5400813591768365,0.6116504854368933,1,0.1640946117979837,0.21152515617662604,0.15081534546140066
823773,2026-06-26,2026,Milwaukee Brewers,Chicago Cubs,2026-06-26T17:00:00+00:00,2026-06-26T23:45:00+00:00,0.054001888888204674,1.0,162,162,0.5688429136150286,0.5400813591768365,0.6785714285714286,1,0.1858964331399777,0.21152515617662604,0.10331632653061222
824255,2026-06-26,2026,Detroit Tigers,Houston Astros,2026-06-26T17:00:00+00:00,2026-06-26T22:40:00+00:00,0.01198937659276944,0.0,162,162,0.5536785131948485,0.5400813591768365,0.5102040816326531,1,0.19920286958396102,0.21152515617662604,0.23990004164931278
824423,2026-06-26,2026,Cleveland Guardians,Seattle Mariners,2026-06-26T17:00:00+00:00,2026-06-26T23:10:00+00:00,0.01852333317152033,1.0,162,162,0.53272702641994,0.5400813591768365,0.5,0,0.2837980846782314,0.2916878745302991,0.25
824582,2026-06-26,2026,Chicago White Sox,Kansas City Royals,2026-06-26T17:00:00+00:00,2026-06-26T23:40:00+00:00,0.010791689257043102,1.0,162,162,0.5247973040265713,0.5400813591768365,0.5491183879093199,1,0.2258176022604149,0.21152515617662604,0.20329422812149053
824743,2026-06-26,2026,Boston Red Sox,New York Yankees,2026-06-26T17:00:00+00:00,2026-06-26T23:10:00+00:00,-0.08964461595652001,0.0,162,162,0.44947315287561407,0.5400813591768365,0.48600508905852424,1,0.303079809404717,0.21152515617662604,0.26419076847373557
824824,2026-06-26,2026,Baltimore Orioles,Washington Nationals,2026-06-26T17:00:00+00:00,2026-06-26T23:05:00+00:00,0.004894106177494528,1.0,162,162,0.5187399968340973,0.5400813591768365,0.5577889447236182,1,0.23161119064724464,0.21152515617662604,0.19555061740865123
822794,2026-06-27,2026,Toronto Blue Jays,Texas Rangers,2026-06-27T17:00:00+00:00,2026-06-27T19:07:00+00:00,-0.006236501540062722,0.0,162,162,0.5350732081664947,0.5400813591768365,0.6235011990407675,0,0.286303338097585,0.2916878745302991,0.3887537452052748
822960,2026-06-27,2026,Tampa Bay Rays,Arizona Diamondbacks,2026-06-27T17:00:00+00:00,2026-06-27T22:10:00+00:00,0.0017331165857639719,0.0,162,162,0.5432238511265488,0.5400813591768365,0.5614035087719298,1,0.20864445017966124,0.21152515617662604,0.19236688211757466
823038,2026-06-27,2026,St. Louis Cardinals,Miami Marlins,2026-06-27T17:00:00+00:00,2026-06-27T23:15:00+00:00,0.0056221801207286815,0.0,162,162,0.5471931380266196,0.5400813591768365,0.5591939546599496,0,0.2994203303034192,0.2916878745302991,0.31269787892823375
823207,2026-06-27,2026,San Francisco Giants,Atlanta Braves,2026-06-27T17:00:00+00:00,2026-06-28T01:05:00+00:00,-0.07024999780120755,0.0,162,162,0.4692967379413111,0.5400813591768365,0.5443037974683544,1,0.28164595235973344,0.21152515617662604,0.20765902900176253
823283,2026-06-27,2026,San Diego Padres,Los Angeles Dodgers,2026-06-27T17:00:00+00:00,2026-06-28T00:40:00+00:00,-0.07812964219598006,0.0,162,162,0.46122753793689025,0.5400813591768365,0.35597189695550346,0,0.21273084175132553,0.2916878745302991,0.12671599142209958
823364,2026-06-27,2026,Pittsburgh Pirates,Cincinnati Reds,2026-06-27T17:00:00+00:00,2026-06-27T20:05:00+00:00,0.04207561853500963,0.0,162,162,0.5840411816247647,0.5400813591768365,0.4809160305343511,0,0.3411041018336514,0.2916878745302991,0.23128022842491694
823609,2026-06-27,2026,New York Mets,Philadelphia Phillies,2026-06-27T17:00:00+00:00,2026-06-27T20:10:00+00:00,-0.02385006210574836,0.0,162,162,0.516999182674694,0.5400813591768365,0.5417721518987342,1,0.2332897895369136,0.21152515617662604,0.20997276077551674
823689,2026-06-27,2026,Minnesota Twins,Colorado Rockies,2026-06-27T17:00:00+00:00,2026-06-27T23:10:00+00:00,0.04940962427928719,0.0,162,162,0.5913558829282384,0.5400813591768365,0.5664160401002506,0,0.34970178027383636,0.2916878745302991,0.32082713048284867
823770,2026-06-27,2026,Milwaukee Brewers,Chicago Cubs,2026-06-27T17:00:00+00:00,2026-06-27T23:10:00+00:00,0.05202647542951,0.0,162,162,0.5939562623302966,0.5400813591768365,0.5945945945945945,0,0.35278404156137616,0.2916878745302991,0.3535427319211102
824257,2026-06-27,2026,Detroit Tigers,Houston Astros,2026-06-27T17:00:00+00:00,2026-06-27T17:10:00+00:00,0.015583934789827003,0.0,162,162,0.5573318789159838,0.5400813591768365,0.5541561712846348,0,0.3106188232560208,0.2916878745302991,0.3070890621728455
824421,2026-06-27,2026,Cleveland Guardians,Seattle Mariners,2026-06-27T17:00:00+00:00,2026-06-27T23:10:00+00:00,0.013218771050683031,0.0,162,162,0.5549286936524077,0.5400813591768365,0.4335839598997493,1,0.19808846773395233,0.21152515617662604,0.32082713048284883
824581,2026-06-27,2026,Chicago White Sox,Kansas City Royals,2026-06-27T17:00:00+00:00,2026-06-27T20:10:00+00:00,0.026415641915412236,0.0,162,162,0.5683017986669334,0.5400813591768365,0.5292620865139949,1,0.18636333703420488,0.21152515617662604,0.22159418319315766
824745,2026-06-27,2026,Boston Red Sox,New York Yankees,2026-06-27T17:00:00+00:00,2026-06-27T17:10:00+00:00,-0.08328378604498288,0.0,162,162,0.45596010934947306,0.5400813591768365,0.49234693877551017,1,0.2959794026190373,0.21152515617662604,0.2577116305705956
824825,2026-06-27,2026,Baltimore Orioles,Washington Nationals,2026-06-27T17:00:00+00:00,2026-06-27T23:05:00+00:00,0.0045653105902518365,0.0,162,162,0.5461150396908098,0.5400813591768365,0.5,0,0.2982416365764947,0.2916878745302991,0.25
822795,2026-06-28,2026,Toronto Blue Jays,Texas Rangers,2026-06-28T17:00:00+00:00,2026-06-28T17:37:00+00:00,-0.008934557426198753,0.0,162,162,0.5323093972925711,0.5400813591768365,0.5443037974683544,0,0.2833532944459803,0.2916878745302991,0.2962666239384714
822959,2026-06-28,2026,Tampa Bay Rays,Arizona Diamondbacks,2026-06-28T17:00:00+00:00,2026-06-28T17:40:00+00:00,0.00649517146253753,0.0,162,162,0.5480833313620032,0.5400813591768365,0.6350710900473934,1,0.20422867539286504,0.21152515617662604,0.13317310931919768
823037,2026-06-28,2026,St. Louis Cardinals,Miami Marlins,2026-06-28T17:00:00+00:00,2026-06-28T18:15:00+00:00,0.0,0.0,162,162,0.5414531837294128,0.5400813591768365,0.5279187817258882,1,0.2102651827118917,0.21152515617662604,0.22286067664716955
823204,2026-06-28,2026,San Francisco Giants,Atlanta Braves,2026-06-28T17:00:00+00:00,2026-06-28T20:05:00+00:00,-0.06811920117656345,0.0,162,162,0.4714817324265761,0.5400813591768365,0.39853300733496333,1,0.2793315591588133,0.21152515617662604,0.36176254326552326
823281,2026-06-28,2026,San Diego Padres,Los Angeles Dodgers,2026-06-28T17:00:00+00:00,2026-06-28T20:10:00+00:00,-0.09195209006827632,0.0,162,162,0.44712404839290537,0.5400813591768365,0.4422110552763819,0,0.1999199146512612,0.2916878745302991,0.19555061740865126
823362,2026-06-28,2026,Pittsburgh Pirates,Cincinnati Reds,2026-06-28T17:00:00+00:00,2026-06-28T17:35:00+00:00,0.041181636960614276,0.0,162,162,0.5831469478220248,0.5400813591768365,0.5516372795969774,1,0.17376646711009372,0.21152515617662604,0.20102912904719902
823608,2026-06-28,2026,New York Mets,Philadelphia Phillies,2026-06-28T17:00:00+00:00,2026-06-28T17:40:00+00:00,-0.01637012837879359,0.0,162,162,0.524682854563177,0.5400813591768365,0.40196078431372556,0,0.2752920978725639,0.2916878745302991,0.1615724721261054
823686,2026-06-28,2026,Minnesota Twins,Colorado Rockies,2026-06-28T17:00:00+00:00,2026-06-28T18:10:00+00:00,0.038026234653931956,0.0,162,162,0.5799863171456858,0.5400813591768365,0.5935960591133005,1,0.17641149378484441,0.21152515617662604,0.16516416316823995
823769,2026-06-28,2026,Milwaukee Brewers,Chicago Cubs,2026-06-28T17:00:00+00:00,2026-06-28T18:10:00+00:00,0.04102188095802073,0.0,162,162,0.5829870889374559,0.5400813591768365,0.597051597051597,0,0.3398739458677691,0.2916878745302991,0.3564706095418626
824256,2026-06-28,2026,Detroit Tigers,Houston Astros,2026-06-28T17:00:00+00:00,2026-06-28T17:40:00+00:00,0.017792004586515087,0.0,162,162,0.5595730270774866,0.5400813591768365,0.49234693877551017,0,0.3131219726326615,0.2916878745302991,0.24240550812161596
824422,2026-06-28,2026,Cleveland Guardians,Seattle Mariners,2026-06-28T17:00:00+00:00,2026-06-28T17:40:00+00:00,0.011006858299630662,0.0,162,162,0.5526788937889854,0.5400813591768365,0.5329949238578681,1,0.20009617206184582,0.21152515617662604,0.21809374114251845
824580,2026-06-28,2026,Chicago White Sox,Kansas City Royals,2026-06-28T17:00:00+00:00,2026-06-28T18:10:00+00:00,0.030326988161772594,0.0,162,162,0.5722472230484148,0.5400813591768365,0.5614035087719298,0,0.3274668842866222,0.2916878745302991,0.3151738996614343
824744,2026-06-28,2026,Boston Red Sox,New York Yankees,2026-06-28T17:00:00+00:00,2026-06-28T23:20:00+00:00,-0.08373847218363906,0.0,162,162,0.45549588463579965,0.5400813591768365,0.5089058524173028,1,0.2964847316485503,0.21152515617662604,0.24117346178997598
824821,2026-06-28,2026,Baltimore Orioles,Washington Nationals,2026-06-28T17:00:00+00:00,2026-06-28T17:35:00+00:00,0.0008396493802098615,0.0,162,162,0.542311159033672,0.5400813591768365,0.647196261682243,0,0.29410139321244466,0.2916878745302991,0.4188630011354703
822792,2026-06-29,2026,Toronto Blue Jays,New York Mets,2026-06-29T17:00:00+00:00,2026-06-29T23:07:00+00:00,0.02068696232006445,0.0,162,162,0.5625076645169546,0.5400813591768365,0.5380710659898477,1,0.1913995436064096,0.21152515617662604,0.21337834007575568
823121,2026-06-29,2026,Seattle Mariners,Los Angeles Angels,2026-06-29T17:00:00+00:00,2026-06-30T01:40:00+00:00,0.06843946792453359,0.0,162,162,0.6101407075474647,0.5400813591768365,0.6480186480186481,1,0.15199026791159143,0.21152515617662604,0.12389087214262037
823444,2026-06-29,2026,Philadelphia Phillies,Pittsburgh Pirates,2026-06-29T17:00:00+00:00,2026-06-29T22:40:00+00:00,-0.00030026167462748887,0.0,162,162,0.5411463086921223,0.5400813591768365,0.5076530612244898,0,0.29283932741110974,0.2916878745302991,0.2577116305705956
823529,2026-06-29,2026,New York Yankees,Detroit Tigers,2026-06-29T17:00:00+00:00,2026-06-29T23:05:00+00:00,0.08506709233889354,0.0,162,162,0.626292963528304,0.5400813591768365,0.5505050505050506,0,0.39224287616506553,0.2916878745302991,0.30305581063156833
823771,2026-06-29,2026,Milwaukee Brewers,Cincinnati Reds,2026-06-29T17:00:00+00:00,2026-06-29T23:40:00+00:00,0.09077935065501941,0.0,162,162,0.6317795704335536,0.5400813591768365,0.5628140703517588,1,0.13558628475009832,0.21152515617662604,0.1911315370823969
824176,2026-06-29,2026,Houston Astros,Minnesota Twins,2026-06-29T17:00:00+00:00,2026-06-30T00:10:00+00:00,0.020248190782498898,0.0,162,162,0.5620631549376445,0.5400813591768365,0.5628140703517588,0,0.31591499013845853,0.2916878745302991,0.3167596777859145
824339,2026-06-29,2026,Colorado Rockies,Miami Marlins,2026-06-29T17:00:00+00:00,2026-06-30T00:40:00+00:00,-0.05331652779172219,0.0,162,162,0.4866865297506616,0.5400813591768365,0.4335839598997493,0,0.23686377824074165,0.2916878745302991,0.1879950502823474
824420,2026-06-29,2026,Cleveland Guardians,Texas Rangers,2026-06-29T17:00:00+00:00,2026-06-29T23:10:00+00:00,-0.01321699569669843,0.0,162,162,0.5279185845080413,0.5400813591768365,0.5796019900497512,0,0.27869803186897396,0.2916878745302991,0.3359384668696319
824662,2026-06-29,2026,Chicago Cubs,San Diego Padres,2026-06-29T17:00:00+00:00,2026-06-30T00:05:00+00:00,0.0054003349911819765,0.0,162,162,0.546966873174139,0.5400813591768365,0.5876543209876544,1,0.2052390140016167,0.21152515617662604,0.17002895900015239
824741,2026-06-29,2026,Boston Red Sox,Washington Nationals,2026-06-29T17:00:00+00:00,2026-06-29T23:10:00+00:00,0.031862620864444136,0.0,162,162,0.5737937554522209,0.5400813591768365,0.6092233009708737,1,0.1816517628915213,0.21152515617662604,0.15270642850410032
824822,2026-06-29,2026,Baltimore Orioles,Chicago White Sox,2026-06-29T17:00:00+00:00,2026-06-29T22:35:00+00:00,-0.03662860686618191,0.0,162,162,0.503855947406147,0.5400813591768365,0.5541561712846348,0,0.253870815736546,0.2916878745302991,0.3070890621728455
825065,2026-06-29,2026,Arizona Diamondbacks,San Francisco Giants,2026-06-29T17:00:00+00:00,2026-06-30T01:40:00+00:00,-0.020657470553962498,0.0,162,162,0.5202799293468551,0.5400813591768365,0.5541561712846348,1,0.23013134618745837,0.21152515617662604,0.1987767196035759
822793,2026-06-30,2026,Toronto Blue Jays,New York Mets,2026-06-30T17:00:00+00:00,2026-06-30T23:07:00+00:00,0.01901380097169325,0.0,162,162,0.5608120900411715,0.5400813591768365,0.5190839694656489,0,0.314510200336347,0.2916878745302991,0.26944816735621474
823122,2026-06-30,2026,Seattle Mariners,Los Angeles Angels,2026-06-30T17:00:00+00:00,2026-07-01T01:40:00+00:00,0.07717120565052438,0.0,162,162,0.6186554412336217,0.5400813591768365,0.6276849642004773,1,0.14542367250072374,0.21152515617662604,0.1386184858823999
823445,2026-06-30,2026,Philadelphia Phillies,Pittsburgh Pirates,2026-06-30T17:00:00+00:00,2026-06-30T22:40:00+00:00,-0.0016402447089678418,0.0,162,162,0.5397764348532712,0.5400813591768365,0.6643835616438356,1,0.21180572991636532,0.21152515617662604,0.11263839369487709
823528,2026-06-30,2026,New York Yankees,Detroit Tigers,2026-06-30T17:00:00+00:00,2026-06-30T23:05:00+00:00,0.08063637245222582,0.0,162,162,0.6220147016373739,0.5400813591768365,0.5165394402035622,0,0.3869022890530313,0.2916878745302991,0.26681299328580943
823768,2026-06-30,2026,Milwaukee Brewers,Cincinnati Reds,2026-06-30T17:00:00+00:00,2026-06-30T23:40:00+00:00,0.0916810741961635,0.0,162,162,0.6326426063451969,0.5400813591768365,0.6073170731707317,1,0.13495145467285,0.21152515617662604,0.15419988102320048
824096,2026-06-30,2026,Kansas City Royals,Tampa Bay Rays,2026-06-30T17:00:00+00:00,2026-06-30T23:40:00+00:00,-0.01828231421606641,0.0,162,162,0.5227195509804108,0.5400813591768365,0.47715736040609136,0,0.27323572897716225,0.2916878745302991,0.22767914658970856
824175,2026-06-30,2026,Houston Astros,Minnesota Twins,2026-06-30T17:00:00+00:00,2026-07-01T00:10:00+00:00,0.021070436880499588,0.0,162,162,0.5628960718169521,0.5400813591768365,0.4885496183206107,1,0.1910598440330511,0.21152515617662604,0.261581492919993
824338,2026-06-30,2026,Colorado Rockies,Miami Marlins,2026-06-30T17:00:00+00:00,2026-07-01T00:40:00+00:00,-0.05352247621315226,0.0,162,162,0.48647475196777523,0.5400813591768365,0.4483627204030227,0,0.23665768430210843,0.2916878745302991,0.20102912904719913
824418,2026-06-30,2026,Cleveland Guardians,Texas Rangers,2026-06-30T17:00:00+00:00,2026-06-30T22:40:00+00:00,-0.016816401828741556,0.0,162,162,0.5242247170618517,0.5400813591768365,0.4707379134860051,0,0.2748115539785785,0.2916878745302991,0.2215941831931576
824661,2026-06-30,2026,Chicago Cubs,San Diego Padres,2026-06-30T17:00:00+00:00,2026-07-01T00:05:00+00:00,0.0013421174275796144,0.0,162,162,0.5428244741173867,0.5400813591768365,0.5796019900497512,1,0.20900946146604407,0.21152515617662604,0.17673448677012948
824742,2026-06-30,2026,Boston Red Sox,Washington Nationals,2026-06-30T17:00:00+00:00,2026-06-30T23:10:00+00:00,0.027265640547566916,0.0,162,162,0.5691599584390787,0.5400813591768365,0.5454545454545454,0,0.32394305829037384,0.2916878745302991,0.29752066115702475
824819,2026-06-30,2026,Baltimore Orioles,Chicago White Sox,2026-06-30T17:00:00+00:00,2026-06-30T22:35:00+00:00,-0.03838195040432785,0.0,162,162,0.5020517408068218,0.5400813591768365,0.5541561712846348,0,0.25205595044716017,0.2916878745302991,0.3070890621728455
824907,2026-06-30,2026,Atlanta Braves,St. Louis Cardinals,2026-06-30T17:00:00+00:00,2026-06-30T23:15:00+00:00,0.09376494719439504,0.0,162,162,0.6346338153118315,0.5400813591768365,0.568922305764411,0,0.40276007953725185,0.2916878745302991,0.323672589996294
825066,2026-06-30,2026,Arizona Diamondbacks,San Francisco Giants,2026-06-30T17:00:00+00:00,2026-07-01T01:40:00+00:00,-0.017185516999923545,0.0,162,162,0.5238457582263539,0.5400813591768365,0.5051020408163266,1,0.2267228619590358,0.21152515617662604,0.24492399000416487
822791,2026-07-01,2026,Toronto Blue Jays,New York Mets,2026-07-01T17:00:00+00:00,2026-07-01T19:07:00+00:00,0.013344658525852593,0.0,162,162,0.555056670615567,0.5400813591768365,0.5114503816793893,1,0.19797456636370409,0.21152515617662604,0.23868072956121442
823446,2026-07-01,2026,Philadelphia Phillies,Pittsburgh Pirates,2026-07-01T17:00:00+00:00,2026-07-01T22:40:00+00:00,0.004482610454866642,0.0,162,162,0.546030660018725,0.5400813591768365,0.5628140703517588,1,0.20608816164303442,0.21152515617662604,0.1911315370823969
823530,2026-07-01,2026,New York Yankees,Detroit Tigers,2026-07-01T17:00:00+00:00,2026-07-01T17:35:00+00:00,0.07222435361773727,0.0,162,162,0.6138401151721601,0.5400813591768365,0.547979797979798,0,0.3767996869945708,0.2916878745302991,0.30028185899398024
823767,2026-07-01,2026,Milwaukee Brewers,Cincinnati Reds,2026-07-01T17:00:00+00:00,2026-07-02T00:10:00+00:00,0.09659843158422171,0.0,162,162,0.637333921974661,0.5400813591768365,0.5911330049261084,1,0.1315266841502813,0.21152515617662604,0.16717221966075368
824094,2026-07-01,2026,Kansas City Royals,Tampa Bay Rays,2026-07-01T17:00:00+00:00,2026-07-01T23:40:00+00:00,-0.02247533714699096,0.0,162,162,0.5184120633249538,0.5400813591768365,0.45569620253164556,0,0.26875106740083593,0.2916878745302991,0.20765902900176253
824174,2026-07-01,2026,Houston Astros,Minnesota Twins,2026-07-01T17:00:00+00:00,2026-07-02T00:10:00+00:00,0.02023639222621254,0.0,162,162,0.562051200706477,0.5400813591768365,0.5516372795969774,0,0.31590155221559246,0.2916878745302991,0.30430368824115384
824337,2026-07-01,2026,Colorado Rockies,Miami Marlins,2026-07-01T17:00:00+00:00,2026-07-02T00:40:00+00:00,-0.06282375554543068,0.0,162,162,0.47691642646336413,0.5400813591768365,0.42039800995024873,1,0.2736164249038572,0.21152515617662604,0.335938466869632
824419,2026-07-01,2026,Cleveland Guardians,Texas Rangers,2026-07-01T17:00:00+00:00,2026-07-01T17:10:00+00:00,-0.018061375872518548,0.0,162,162,0.5229464326185516,0.5400813591768365,0.530456852791878,1,0.22758010615136617,0.21152515617662604,0.2204707670901081
824660,2026-07-01,2026,Chicago Cubs,San Diego Padres,2026-07-01T17:00:00+00:00,2026-07-01T18:20:00+00:00,0.003092334128809271,0.0,162,162,0.5446117567816922,0.5400813591768365,0.5267175572519084,1,0.2073784520614567,0.21152515617662604,0.2239962706136006
824740,2026-07-01,2026,Boston Red Sox,Washington Nationals,2026-07-01T17:00:00+00:00,2026-07-01T17:35:00+00:00,0.02194360221978764,0.0,162,162,0.5637801804968271,0.5400813591768365,0.57356608478803,0,0.31784809192103497,0.2916878745302991,0.32897805361906957
824905,2026-07-01,2026,Atlanta Braves,St. Louis Cardinals,2026-07-01T17:00:00+00:00,2026-07-01T23:15:00+00:00,0.0932159860985855,0.0,162,162,0.6341097083193871,0.5400813591768365,0.5505050505050506,1,0.13387570554612402,0.21152515617662604,0.20204570962146712
825064,2026-07-01,2026,Arizona Diamondbacks,San Francisco Giants,2026-07-01T17:00:00+00:00,2026-07-02T01:40:00+00:00,-0.015016551957524493,0.0,162,162,0.5260721581569995,0.5400813591768365,0.5541561712846348,0,0.2767519155879631,0.2916878745302991,0.3070890621728455
822884,2026-07-02,2026,Texas Rangers,Detroit Tigers,2026-07-02T17:00:00+00:00,2026-07-03T00:05:00+00:00,0.0263927029624762,0.0,162,162,0.5682786337615517,0.5400813591768365,0.5178571428571429,1,0.18638333806679236,0.21152515617662604,0.23246173469387751
823119,2026-07-02,2026,Seattle Mariners,Los Angeles Angels,2026-07-02T17:00:00+00:00,2026-07-03T01:40:00+00:00,0.08147440812130707,0.0,162,162,0.6228253821793878,0.5400813591768365,0.6535796766743649,1,0.1422606923281249,0.21152515617662604,0.12000704041303757
823765,2026-07-02,2026,Milwaukee Brewers,Cincinnati Reds,2026-07-02T17:00:00+00:00,2026-07-02T18:10:00+00:00,0.09800617851147603,0.0,162,162,0.6386722012272944,0.5400813591768365,0.6496519721577726,0,0.40790218062051764,0.2916878745302991,0.4220476849284833
823935,2026-07-02,2026,Los Angeles Dodgers,San Diego Padres,2026-07-02T17:00:00+00:00,2026-07-03T02:10:00+00:00,0.0964862176630682,0.0,162,162,0.6372271534797684,0.5400813591768365,0.635933806146572,1,0.13160413817239147,0.21152515617662604,0.1325441935069218
824093,2026-07-02,2026,Kansas City Royals,Tampa Bay Rays,2026-07-02T17:00:00+00:00,2026-07-02T23:40:00+00:00,-0.02654792160733238,0.0,162,162,0.5142256745115773,0.5400813591768365,0.4707379134860051,0,0.26442804432688666,0.2916878745302991,0.2215941831931576
824335,2026-07-02,2026,Colorado Rockies,Miami Marlins,2026-07-02T17:00:00+00:00,2026-07-02T19:10:00+00:00,-0.06158646998409362,0.0,162,162,0.47818708336266624,0.5400813591768365,0.42999999999999994,1,0.27228871996956105,0.21152515617662604,0.3249000000000001
824416,2026-07-02,2026,Cleveland Guardians,Chicago White Sox,2026-07-02T17:00:00+00:00,2026-07-02T22:40:00+00:00,0.004855220771553537,0.0,162,162,0.5464108166343156,0.5400813591768365,0.5089058524173028,1,0.2057431472663485,0.21152515617662604,0.24117346178997598
824906,2026-07-02,2026,Atlanta Braves,St. Louis Cardinals,2026-07-02T17:00:00+00:00,2026-07-02T23:15:00+00:00,0.09591104808354894,0.0,162,162,0.6366796829566288,0.5400813591768365,0.5139949109414759,0,0.4053610186897534,0.2916878745302991,0.26419076847373574
822714,2026-07-03,2026,Washington Nationals,Pittsburgh Pirates,2026-07-03T17:00:00+00:00,2026-07-03T22:45:00+00:00,-0.031869904133329297,1.0,162,162,0.48092617409951766,0.5400813591768365,0.5831265508684863,1,0.26943763673496424,0.21152515617662604,0.17378347259080473
823120,2026-07-03,2026,Seattle Mariners,Toronto Blue Jays,2026-07-03T17:00:00+00:00,2026-07-04T02:10:00+00:00,-0.00857269753654244,-1.0,162,162,0.5602684323758191,0.5400813591768365,0.46329113924050636,0,0.31390071631685784,0.2916878745302991,0.21463867969876624
823527,2026-07-03,2026,New York Yankees,Minnesota Twins,2026-07-03T17:00:00+00:00,2026-07-03T23:05:00+00:00,0.10629309381049085,0.0,162,162,0.646506061211219,0.5400813591768365,0.6294536817102138,1,0.12495796476040644,0.21152515617662604,0.13730457399811558
823933,2026-07-03,2026,Los Angeles Dodgers,San Diego Padres,2026-07-03T17:00:00+00:00,2026-07-04T02:10:00+00:00,0.10263051403422485,0.0,162,162,0.6430531247983969,0.5400813591768365,0.6899563318777293,1,0.1274110717161888,0.21152515617662604,0.09612707614271272
824013,2026-07-03,2026,Los Angeles Angels,Boston Red Sox,2026-07-03T17:00:00+00:00,2026-07-04T01:38:00+00:00,-0.07064343567027898,-1.0,162,162,0.49668927669058,0.5400813591768365,0.5051020408163266,0,0.24670023757941154,0.2916878745302991,0.25512807163681805
824173,2026-07-03,2026,Houston Astros,Tampa Bay Rays,2026-07-03T17:00:00+00:00,2026-07-04T00:15:00+00:00,-0.022220608213858795,1.0,162,162,0.49084750753769874,0.5400813591768365,0.5025510204081632,0,0.24093127565597122,0.2916878745302991,0.2525575281132861
824336,2026-07-03,2026,Colorado Rockies,San Francisco Giants,2026-07-03T17:00:00+00:00,2026-07-04T00:10:00+00:00,-0.07943592659276572,-1.0,162,162,0.48764386502302903,0.5400813591768365,0.4228855721393035,1,0.26250880904854007,0.21152515617662604,0.3330610628449791
824417,2026-07-03,2026,Cleveland Guardians,Chicago White Sox,2026-07-03T17:00:00+00:00,2026-07-03T23:10:00+00:00,0.005782050655214976,0.0,162,162,0.5473561815066238,0.5400813591768365,0.5443037974683544,1,0.2048864264202645,0.21152515617662604,0.20765902900176253
824498,2026-07-03,2026,Cincinnati Reds,Baltimore Orioles,2026-07-03T17:00:00+00:00,2026-07-03T23:10:00+00:00,0.0009300618045335884,-1.0,162,162,0.569881246778638,0.5400813591768365,0.4720812182741116,0,0.32476463542997497,0.2916878745302991,0.22286067664716938
824659,2026-07-03,2026,Chicago Cubs,St. Louis Cardinals,2026-07-03T17:00:00+00:00,2026-07-03T20:05:00+00:00,0.05122173733084051,1.0,162,162,0.5660340622624633,0.5400813591768365,0.5392405063291139,0,0.3203945596413462,0.2916878745302991,0.29078032366607914
824904,2026-07-03,2026,Atlanta Braves,New York Mets,2026-07-03T17:00:00+00:00,2026-07-03T23:15:00+00:00,0.0729425548698045,-1.0,162,162,0.6405572056226894,0.5400813591768365,0.5076530612244898,1,0.1291991224297696,0.21152515617662604,0.24240550812161596
825062,2026-07-03,2026,Arizona Diamondbacks,Milwaukee Brewers,2026-07-03T17:00:00+00:00,2026-07-04T01:45:00+00:00,-0.08081860572756855,1.0,162,162,0.4309897232052708,0.5400813591768365,0.4325,0,0.18575214150855593,0.2916878745302991,0.18705625
822882,2026-07-04,2026,Texas Rangers,Detroit Tigers,2026-07-04T17:00:00+00:00,2026-07-04T20:05:00+00:00,0.03301062239097169,0.0,162,162,0.5749489649208891,0.5400813591768365,0.46329113924050636,0,0.3305663122636018,0.2916878745302991,0.21463867969876624
823118,2026-07-04,2026,Seattle Mariners,Toronto Blue Jays,2026-07-04T17:00:00+00:00,2026-07-04T20:10:00+00:00,-0.013058290529623817,0.0,162,162,0.5280813873025526,0.5400813591768365,0.6048780487804878,1,0.22270717701028336,0.21152515617662604,0.15612135633551458
823526,2026-07-04,2026,New York Yankees,Minnesota Twins,2026-07-04T17:00:00+00:00,2026-07-04T17:35:00+00:00,0.10923781356982315,0.0,162,162,0.6492712040363787,0.5400813591768365,0.5831265508684863,0,0.4215530963908489,0.2916878745302991,0.34003657432777734
823932,2026-07-04,2026,Los Angeles Dodgers,San Diego Padres,2026-07-04T17:00:00+00:00,2026-07-05T02:10:00+00:00,0.10733527343293636,0.0,162,162,0.6474858184783447,0.5400813591768365,0.6928104575163399,1,0.12426624817388252,0.21152515617662604,0.09436541501132044
824012,2026-07-04,2026,Los Angeles Angels,Boston Red Sox,2026-07-04T17:00:00+00:00,2026-07-05T01:38:00+00:00,-0.07097113491485785,0.0,162,162,0.46855752065809797,0.5400813591768365,0.39608801955990225,0,0.2195461501652639,0.2916878745302991,0.1568857192388855
824092,2026-07-04,2026,Kansas City Royals,Philadelphia Phillies,2026-07-04T17:00:00+00:00,2026-07-05T00:10:00+00:00,-0.05298174751575929,0.0,162,162,0.48703079613576866,0.5400813591768365,0.4158415841584158,0,0.23719899638464065,0.2916878745302991,0.17292422311538083
824171,2026-07-04,2026,Houston Astros,Tampa Bay Rays,2026-07-04T17:00:00+00:00,2026-07-04T23:10:00+00:00,-0.024917878969245688,0.0,162,162,0.5159015396584152,0.5400813591768365,0.49744897959183665,1,0.23435131930509293,0.21152515617662604,0.25255752811328624
824334,2026-07-04,2026,Colorado Rockies,San Francisco Giants,2026-07-04T17:00:00+00:00,2026-07-05T00:10:00+00:00,-0.07116638553325122,0.0,162,162,0.4683573983658384,0.5400813591768365,0.43107769423558895,0,0.21935865260401663,0.2916878745302991,0.18582797846747193
824415,2026-07-04,2026,Cleveland Guardians,Chicago White Sox,2026-07-04T17:00:00+00:00,2026-07-04T23:10:00+00:00,0.011689914082852026,0.0,162,162,0.553373884031907,0.5400813591768365,0.5639097744360902,0,0.3062226555285585,0.2916878745302991,0.3179942337045622
824499,2026-07-04,2026,Cincinnati Reds,Baltimore Orioles,2026-07-04T17:00:00+00:00,2026-07-04T23:10:00+00:00,-0.003314380817032392,0.0,162,162,0.538064111639371,0.5400813591768365,0.5468354430379747,0,0.28951298823426547,0.2916878745302991,0.2990290017625381
824658,2026-07-04,2026,Chicago Cubs,St. Louis Cardinals,2026-07-04T17:00:00+00:00,2026-07-05T00:08:00+00:00,0.03485214201544451,0.0,162,162,0.5768003333697805,0.5400813591768365,0.5945945945945945,0,0.33269862457549,0.2916878745302991,0.3535427319211102
824903,2026-07-04,2026,Atlanta Braves,New York Mets,2026-07-04T17:00:00+00:00,2026-07-05T00:08:00+00:00,0.07502368137051624,0.0,162,162,0.6165678172900882,0.5400813591768365,0.6058394160583942,1,0.14702023873768716,0.21152515617662604,0.15536256593318767
825063,2026-07-04,2026,Arizona Diamondbacks,Milwaukee Brewers,2026-07-04T17:00:00+00:00,2026-07-05T01:40:00+00:00,-0.08755116065005891,0.0,162,162,0.45160633169947473,0.5400813591768365,0.41687344913151364,1,0.30073561543210653,0.21152515617662604,0.34003657432777745
822879,2026-07-05,2026,Texas Rangers,Detroit Tigers,2026-07-05T17:00:00+00:00,2026-07-05T19:30:00+00:00,0.02866023541527407,0.0,162,162,0.5705670415656184,0.5400813591768365,0.46446700507614214,0,0.32554674892094215,0.2916878745302991,0.21572959880440104
823117,2026-07-05,2026,Seattle Mariners,Toronto Blue Jays,2026-07-05T17:00:00+00:00,2026-07-05T21:00:00+00:00,-0.006816719936300064,0.0,162,162,0.5344790250362711,0.5400813591768365,0.5406091370558376,1,0.21670977813118072,0.21152515617662604,0.21103996495658223
823525,2026-07-05,2026,New York Yankees,Minnesota Twins,2026-07-05T17:00:00+00:00,2026-07-05T17:35:00+00:00,0.10390505244217513,0.0,162,162,0.6442564179024198,0.5400813591768365,0.5603015075376885,0,0.41506633200845744,0.2916878745302991,0.3139377793490064
823931,2026-07-05,2026,Los Angeles Dodgers,San Diego Padres,2026-07-05T17:00:00+00:00,2026-07-05T23:20:00+00:00,0.1142210031059036,0.0,162,162,0.6539276757196806,0.5400813591768365,0.6543778801843317,0,0.42762140507214375,0.2916878745302991,0.42821041007453964
824010,2026-07-05,2026,Los Angeles Angels,Boston Red Sox,2026-07-05T17:00:00+00:00,2026-07-06T01:30:00+00:00,-0.06906404909797692,0.0,162,162,0.4705127119772311,0.5400813591768365,0.41234567901234565,0,0.22138221213216883,0.2916878745302991,0.17002895900015239
824091,2026-07-05,2026,Kansas City Royals,Philadelphia Phillies,2026-07-05T17:00:00+00:00,2026-07-05T19:00:00+00:00,-0.059101112211737916,0.0,162,162,0.4807403112924788,0.5400813591768365,0.4545454545454545,1,0.26963062431663176,0.21152515617662604,0.29752066115702486
824172,2026-07-05,2026,Houston Astros,Tampa Bay Rays,2026-07-05T17:00:00+00:00,2026-07-05T19:30:00+00:00,-0.02306724482688316,0.0,162,162,0.5178037619316057,0.5400813591768365,0.5204081632653061,1,0.2325132120073116,0.21152515617662604,0.23000832986255726
824333,2026-07-05,2026,Colorado Rockies,San Francisco Giants,2026-07-05T17:00:00+00:00,2026-07-05T20:00:00+00:00,-0.07221447062801173,0.0,162,162,0.4672833381766988,0.5400813591768365,0.4783715012722647,1,0.2837870417841615,0.21152515617662604,0.27209629068495095
824413,2026-07-05,2026,Cleveland Guardians,Chicago White Sox,2026-07-05T17:00:00+00:00,2026-07-05T18:00:00+00:00,0.01000437946040722,0.0,162,162,0.5516585273821358,0.5400813591768365,0.5491183879093199,0,0.3043271308334267,0.2916878745302991,0.3015310039401303
824497,2026-07-05,2026,Cincinnati Reds,Baltimore Orioles,2026-07-05T17:00:00+00:00,2026-07-05T17:05:00+00:00,-0.01260092845497579,0.0,162,162,0.5285505245327842,0.5400813591768365,0.4821428571428572,1,0.22226460791831293,0.21152515617662604,0.2681760204081632
824656,2026-07-05,2026,Chicago Cubs,St. Louis Cardinals,2026-07-05T17:00:00+00:00,2026-07-05T18:30:00+00:00,0.028148430581366513,0.0,162,162,0.5700507848488622,0.5400813591768365,0.57356608478803,1,0.1848563276090794,0.21152515617662604,0.18184588404300966
825061,2026-07-05,2026,Arizona Diamondbacks,Milwaukee Brewers,2026-07-05T17:00:00+00:00,2026-07-05T20:00:00+00:00,-0.08677328851416449,0.0,162,162,0.4523994216870449,0.5400813591768365,0.47582697201017815,0,0.20466523674277265,0.2916878745302991,0.22641130729237485
822712,2026-07-06,2026,Washington Nationals,Houston Astros,2026-07-06T17:00:00+00:00,2026-07-06T22:45:00+00:00,-0.0038311238709198836,0.0,162,162,0.5375353983248908,0.5400813591768365,0.5165394402035622,1,0.21387350780251738,0.21152515617662604,0.23373411287868498
822958,2026-07-06,2026,Tampa Bay Rays,New York Yankees,2026-07-06T17:00:00+00:00,2026-07-06T22:40:00+00:00,-0.0702820735031614,0.0,162,162,0.46926385515798225,0.5400813591768365,0.5051020408163266,0,0.22020856575773173,0.2916878745302991,0.25512807163681805
823036,2026-07-06,2026,St. Louis Cardinals,Milwaukee Brewers,2026-07-06T17:00:00+00:00,2026-07-06T23:45:00+00:00,-0.07211092577848516,0.0,162,162,0.4673894358834393,0.5400813591768365,0.5025510204081632,0,0.21845288477543962,0.2916878745302991,0.2525575281132861
823205,2026-07-06,2026,San Francisco Giants,Toronto Blue Jays,2026-07-06T17:00:00+00:00,2026-07-07T01:45:00+00:00,-0.010023436349576476,0.0,162,162,0.531193409595596,0.5400813591768365,0.49234693877551017,1,0.2197796192066026,0.21152515617662604,0.2577116305705956
823282,2026-07-06,2026,San Diego Padres,Arizona Diamondbacks,2026-07-06T17:00:00+00:00,2026-07-07T01:40:00+00:00,0.020981975510624307,0.0,162,162,0.5628064793697795,0.5400813591768365,0.5292620865139949,0,0.316751133220606,0.2916878745302991,0.2801183562211474
823930,2026-07-06,2026,Los Angeles Dodgers,Colorado Rockies,2026-07-06T17:00:00+00:00,2026-07-07T02:10:00+00:00,0.1818409901843409,0.0,162,162,0.7139579708799584,0.5400813591768365,0.6748878923766817,1,0.08182004242311074,0.21152515617662604,0.10569788252327612
824089,2026-07-06,2026,Kansas City Royals,Philadelphia Phillies,2026-07-06T17:00:00+00:00,2026-07-06T18:10:00+00:00,-0.05447458035440372,0.0,162,162,0.4854957628707213,0.5400813591768365,0.35116279069767437,1,0.26471461002398106,0.21152515617662604,0.42098972417522984
824900,2026-07-06,2026,Atlanta Braves,New York Mets,2026-07-06T17:00:00+00:00,2026-07-06T23:15:00+00:00,0.07798231962994445,0.0,162,162,0.6194427964890982,0.5400813591768365,0.5417721518987342,0,0.38370937812223427,0.2916878745302991,0.2935170645729851
822713,2026-07-07,2026,Washington Nationals,Houston Astros,2026-07-07T17:00:00+00:00,2026-07-07T22:45:00+00:00,-0.0004593977880978928,0.0,162,162,0.5409836548834046,0.5400813591768365,0.5267175572519084,0,0.2926633148510066,0.2916878745302991,0.2774313851174174
822881,2026-07-07,2026,Texas Rangers,Los Angeles Angels,2026-07-07T17:00:00+00:00,2026-07-08T00:05:00+00:00,0.10848033780578997,0.0,162,162,0.6485608693865562,0.5400813591768365,0.6004901960784313,1,0.1235094625263332,0.21152515617662604,0.15960808342945024
822956,2026-07-07,2026,Tampa Bay Rays,New York Yankees,2026-07-07T17:00:00+00:00,2026-07-07T22:40:00+00:00,-0.07749276615695844,0.0,162,162,0.4618790377493499,0.5400813591768365,0.5292620865139949,1,0.28957417001356556,0.21152515617662604,0.22159418319315766
823035,2026-07-07,2026,St. Louis Cardinals,Milwaukee Brewers,2026-07-07T17:00:00+00:00,2026-07-07T23:45:00+00:00,-0.07351777369599116,0.0,162,162,0.46594815883304574,0.5400813591768365,0.3456221198156682,0,0.2171076867199052,0.2916878745302991,0.1194546497058761
823062,2026-07-07,2026,St. Louis Cardinals,Milwaukee Brewers,2026-07-07T17:00:00+00:00,2026-07-07T18:15:00+00:00,-0.07351777369599116,0.0,162,162,0.46594815883304574,0.5400813591768365,0.4783715012722647,0,0.2171076867199052,0.2916878745302991,0.22883929322948032
823203,2026-07-07,2026,San Francisco Giants,Toronto Blue Jays,2026-07-07T17:00:00+00:00,2026-07-08T01:45:00+00:00,7.500945162719486e-05,0.0,162,162,0.5415298403894231,0.5400813591768365,0.48346055979643765,0,0.2932545680321941,0.2916878745302991,0.23373411287868487
823280,2026-07-07,2026,San Diego Padres,Arizona Diamondbacks,2026-07-07T17:00:00+00:00,2026-07-08T01:40:00+00:00,0.01758712107346133,0.0,162,162,0.5593651750061923,0.5400813591768365,0.5216284987277354,1,0.19415904899732353,0.21152515617662604,0.22883929322948024
823361,2026-07-07,2026,Pittsburgh Pirates,Atlanta Braves,2026-07-07T17:00:00+00:00,2026-07-07T22:40:00+00:00,-0.04212537646552139,1.0,162,162,0.47039821697578477,0.5400813591768365,0.5760598503740648,1,0.280478048582428,0.21152515617662604,0.17972525046486032
823607,2026-07-07,2026,New York Mets,Kansas City Royals,2026-07-07T17:00:00+00:00,2026-07-07T23:10:00+00:00,0.02685190716724939,0.0,162,162,0.5687423042144465,0.5400813591768365,0.5760598503740648,0,0.323467808603158,0.2916878745302991,0.33184495121298996
823687,2026-07-07,2026,Minnesota Twins,Cleveland Guardians,2026-07-07T17:00:00+00:00,2026-07-07T23:40:00+00:00,-0.04836934265089676,0.0,162,162,0.4917750061757914,0.5400813591768365,0.5089058524173028,1,0.2582926443476169,0.21152515617662604,0.24117346178997598
823847,2026-07-07,2026,Miami Marlins,Seattle Mariners,2026-07-07T17:00:00+00:00,2026-07-07T22:40:00+00:00,-0.027038393195482402,0.0,162,162,0.5137213508271751,0.5400813591768365,0.5329949238578681,1,0.23646692464134736,0.21152515617662604,0.21809374114251845
823929,2026-07-07,2026,Los Angeles Dodgers,Colorado Rockies,2026-07-07T17:00:00+00:00,2026-07-08T02:10:00+00:00,0.18446294645601186,0.0,162,162,0.7161569287975179,0.5400813591768365,0.7145833333333332,0,0.5128807466646932,0.2916878745302991,0.5106293402777776
824495,2026-07-07,2026,Cincinnati Reds,Philadelphia Phillies,2026-07-07T17:00:00+00:00,2026-07-07T23:10:00+00:00,-0.051715665253258325,1.0,162,162,0.46057670977667775,0.5400813591768365,0.39077669902912626,0,0.21213090558871003,0.2916878745302991,0.15270642850410032
824579,2026-07-07,2026,Chicago White Sox,Boston Red Sox,2026-07-07T17:00:00+00:00,2026-07-07T23:40:00+00:00,0.01131171270945247,0.0,162,162,0.5529891002628825,0.5400813591768365,0.46954314720812185,0,0.30579694500955235,0.2916878745302991,0.220470767090108
824820,2026-07-07,2026,Baltimore Orioles,Chicago Cubs,2026-07-07T17:00:00+00:00,2026-07-07T22:35:00+00:00,-0.044857654097782695,0.0,162,162,0.4953880847606741,0.5400813591768365,0.49234693877551017,0,0.24540935452284882,0.2916878745302991,0.24240550812161596
822710,2026-07-08,2026,Washington Nationals,Houston Astros,2026-07-08T17:00:00+00:00,2026-07-08T22:45:00+00:00,-0.004952460914104007,0.0,162,162,0.5363877968933677,0.5400813591768365,0.5591939546599496,1,0.2149362748693853,0.21152515617662604,0.19430996960833458
822880,2026-07-08,2026,Texas Rangers,Los Angeles Angels,2026-07-08T17:00:00+00:00,2026-07-09T00:05:00+00:00,0.11220366301627632,0.0,162,162,0.6520460920365485,0.5400813591768365,0.5771144278606966,0,0.4251641061401351,0.2916878745302991,0.3330610628449791
822957,2026-07-08,2026,Tampa Bay Rays,New York Yankees,2026-07-08T17:00:00+00:00,2026-07-08T22:40:00+00:00,-0.07214320888204562,0.0,162,162,0.46735635653588986,0.5400813591768365,0.5139949109414759,1,0.28370925092272214,0.21152515617662604,0.23620094659078397
823032,2026-07-08,2026,St. Louis Cardinals,Milwaukee Brewers,2026-07-08T17:00:00+00:00,2026-07-08T23:45:00+00:00,-0.0830572130755115,0.0,162,162,0.45619146407082545,0.5400813591768365,0.42999999999999994,1,0.29572772374943235,0.21152515617662604,0.3249000000000001
823202,2026-07-08,2026,San Francisco Giants,Toronto Blue Jays,2026-07-08T17:00:00+00:00,2026-07-08T19:45:00+00:00,-0.005206648138228243,0.0,162,162,0.5361276019625688,0.5400813591768365,0.47582697201017815,0,0.2874328055861346,0.2916878745302991,0.22641130729237485
823279,2026-07-08,2026,San Diego Padres,Arizona Diamondbacks,2026-07-08T17:00:00+00:00,2026-07-09T02:10:00+00:00,0.02320806430308192,0.0,162,162,0.5650597702517544,0.5400813591768365,0.5603015075376885,1,0.1891730034534567,0.21152515617662604,0.19333476427362942
823360,2026-07-08,2026,Pittsburgh Pirates,Atlanta Braves,2026-07-08T17:00:00+00:00,2026-07-08T22:40:00+00:00,-0.03930027300069949,0.0,162,162,0.5011067541254931,0.5400813591768365,0.5190839694656489,0,0.2511079790301874,0.2916878745302991,0.26944816735621474
823605,2026-07-08,2026,New York Mets,Kansas City Royals,2026-07-08T17:00:00+00:00,2026-07-08T23:10:00+00:00,0.021394698787242483,0.0,162,162,0.5632244446411144,0.5400813591768365,0.6159420289855072,1,0.19077288575906293,0.21152515617662604,0.147500525099769
823684,2026-07-08,2026,Minnesota Twins,Cleveland Guardians,2026-07-08T17:00:00+00:00,2026-07-08T23:40:00+00:00,-0.04604887910287908,0.0,162,162,0.49416239364557574,0.5400813591768365,0.5204081632653061,1,0.25587168400237353,0.21152515617662604,0.23000832986255726
823848,2026-07-08,2026,Miami Marlins,Seattle Mariners,2026-07-08T17:00:00+00:00,2026-07-08T22:40:00+00:00,-0.024828677450949577,0.0,162,162,0.5159932387643698,0.5400813591768365,0.4607594936708861,1,0.23426254492180437,0.21152515617662604,0.29078032366607914
823928,2026-07-08,2026,Los Angeles Dodgers,Colorado Rockies,2026-07-08T17:00:00+00:00,2026-07-09T02:10:00+00:00,0.18504231693470835,0.0,162,162,0.7166414510250099,0.5400813591768365,0.6829268292682927,1,0.08029206727721189,0.21152515617662604,0.10053539559785839
824496,2026-07-08,2026,Cincinnati Reds,Philadelphia Phillies,2026-07-08T17:00:00+00:00,2026-07-08T23:10:00+00:00,-0.053189292426974455,0.0,162,162,0.4868173689008592,0.5400813591768365,0.568922305764411,1,0.2633564128618368,0.21152515617662604,0.18582797846747193
824578,2026-07-08,2026,Chicago White Sox,Boston Red Sox,2026-07-08T17:00:00+00:00,2026-07-08T23:40:00+00:00,0.006013189654889284,0.0,162,162,0.5475918899397098,0.5400813591768365,0.5076530612244898,0,0.2998568779277432,0.2916878745302991,0.2577116305705956
824815,2026-07-08,2026,Baltimore Orioles,Chicago Cubs,2026-07-08T17:00:00+00:00,2026-07-08T22:35:00+00:00,-0.04818116678421269,0.0,162,162,0.4919685966625683,0.5400813591768365,0.5367088607594936,0,0.24203310010213683,0.2916878745302991,0.28805640121775355
822877,2026-07-09,2026,Texas Rangers,Los Angeles Angels,2026-07-09T17:00:00+00:00,2026-07-10T00:05:00+00:00,0.10122586453153631,0.0,162,162,0.6417249004976514,0.5400813591768365,0.5577889447236182,1,0.1283610469234178,0.21152515617662604,0.19555061740865123
822954,2026-07-09,2026,Tampa Bay Rays,New York Yankees,2026-07-09T17:00:00+00:00,2026-07-09T17:10:00+00:00,-0.06904951448329988,0.0,162,162,0.47052761677398447,0.5400813591768365,0.5725,0,0.2213962381470056,0.2916878745302991,0.32775625
823034,2026-07-09,2026,St. Louis Cardinals,Milwaukee Brewers,2026-07-09T17:00:00+00:00,2026-07-09T23:45:00+00:00,-0.07927893897118421,0.0,162,162,0.4600521879258205,0.5400813591768365,0.44332493702770776,0,0.21164801561533444,0.2916878745302991,0.19653699979062106
823201,2026-07-09,2026,San Francisco Giants,Colorado Rockies,2026-07-09T17:00:00+00:00,2026-07-10T01:45:00+00:00,0.07363422498839073,0.0,162,162,0.6152148177462362,0.5400813591768365,0.5417721518987342,1,0.14805963648206222,0.21152515617662604,0.20997276077551674
823277,2026-07-09,2026,San Diego Padres,Arizona Diamondbacks,2026-07-09T17:00:00+00:00,2026-07-10T01:40:00+00:00,0.028330418730378837,0.0,162,162,0.570234373519481,0.5400813591768365,0.5367088607594936,0,0.325167240743155,0.2916878745302991,0.28805640121775355
823606,2026-07-09,2026,New York Mets,Kansas City Royals,2026-07-09T17:00:00+00:00,2026-07-09T17:10:00+00:00,0.02864158758258467,0.0,162,162,0.5705482342141595,0.5400813591768365,0.5603015075376885,1,0.18442881913657644,0.21152515617662604,0.19333476427362942
823683,2026-07-09,2026,Minnesota Twins,Cleveland Guardians,2026-07-09T17:00:00+00:00,2026-07-09T17:40:00+00:00,-0.04842132071358696,0.0,162,162,0.4917215329154488,0.5400813591768365,0.4746192893401016,0,0.2417900659327188,0.2916878745302991,0.2252634698137031
823846,2026-07-09,2026,Miami Marlins,Seattle Mariners,2026-07-09T17:00:00+00:00,2026-07-09T22:40:00+00:00,-0.020902198355818413,0.0,162,162,0.5200285023103551,0.5400813591768365,0.4707379134860051,1,0.23037263859444077,0.21152515617662604,0.2801183562211475
824494,2026-07-09,2026,Cincinnati Reds,Philadelphia Phillies,2026-07-09T17:00:00+00:00,2026-07-09T23:10:00+00:00,-0.046091016067613066,0.0,162,162,0.4941190387161469,0.5400813591768365,0.4044117647058823,0,0.24415362442176905,0.2916878745302991,0.16354887543252591
824577,2026-07-09,2026,Chicago White Sox,Boston Red Sox,2026-07-09T17:00:00+00:00,2026-07-09T18:10:00+00:00,0.0033821478316101716,0.0,162,162,0.5449075985222334,0.5400813591768365,0.5114503816793893,0,0.29692429092726746,0.2916878745302991,0.261581492919993
824816,2026-07-09,2026,Baltimore Orioles,Chicago Cubs,2026-07-09T17:00:00+00:00,2026-07-09T17:35:00+00:00,-0.053995214278623416,0.0,162,162,0.4859886515624883,0.5400813591768365,0.5329949238578681,1,0.2642076663225491,0.21152515617662604,0.21809374114251845
822709,2026-07-10,2026,Washington Nationals,New York Yankees,2026-07-10T17:00:00+00:00,2026-07-10T22:45:00+00:00,-0.0884163417092586,1.0,162,162,0.42333737915644276,0.5400813591768365,0.4133663366336633,0,0.17921453659104578,0.2916878745302991,0.17087172826193503
822878,2026-07-10,2026,Texas Rangers,Houston Astros,2026-07-10T17:00:00+00:00,2026-07-11T00:05:00+00:00,0.05478592280824024,-1.0,162,162,0.6231751993697944,0.5400813591768365,0.43969849246231163,1,0.14199693036999422,0.21152515617662604,0.31393777934900624
822955,2026-07-10,2026,Tampa Bay Rays,Seattle Mariners,2026-07-10T17:00:00+00:00,2026-07-10T23:10:00+00:00,-0.010711584556767129,0.0,162,162,0.5304879675782771,0.5400813591768365,0.5216284987277354,1,0.220441548588777,0.21152515617662604,0.22883929322948024
823033,2026-07-10,2026,St. Louis Cardinals,Atlanta Braves,2026-07-10T17:00:00+00:00,2026-07-11T00:15:00+00:00,-0.08503382853509195,0.0,162,162,0.4541737804456811,0.5400813591768365,0.39608801955990225,1,0.2979262619529595,0.21152515617662604,0.364709680119081
823200,2026-07-10,2026,San Francisco Giants,Colorado Rockies,2026-07-10T17:00:00+00:00,2026-07-11T02:15:00+00:00,0.07553696451854969,0.0,162,162,0.6170671777867728,0.5400813591768365,0.5796019900497512,0,0.38077190190173266,0.2916878745302991,0.3359384668696319
823278,2026-07-10,2026,San Diego Padres,Toronto Blue Jays,2026-07-10T17:00:00+00:00,2026-07-11T01:40:00+00:00,-0.01571433136424305,-1.0,162,162,0.5530138064078162,0.5400813591768365,0.5329949238578681,0,0.30582427007766155,0.2916878745302991,0.2840835888582546
823604,2026-07-10,2026,New York Mets,Boston Red Sox,2026-07-10T17:00:00+00:00,2026-07-10T23:15:00+00:00,-0.004837680871975836,0.0,162,162,0.5365052832735894,0.5400813591768365,0.57356608478803,0,0.2878379189804744,0.2916878745302991,0.32897805361906957
823685,2026-07-10,2026,Minnesota Twins,Los Angeles Angels,2026-07-10T17:00:00+00:00,2026-07-11T00:10:00+00:00,0.04174289307763429,0.0,162,162,0.5837084265944116,0.5400813591768365,0.571072319201995,0,0.34071552727732357,0.2916878745302991,0.3261235937587452
823845,2026-07-10,2026,Miami Marlins,Cleveland Guardians,2026-07-10T17:00:00+00:00,2026-07-10T23:10:00+00:00,-0.02864571297404539,0.0,162,162,0.5120684461086092,0.5400813591768365,0.5253807106598984,0,0.2622140935000857,0.2916878745302991,0.27602489113349993
823927,2026-07-10,2026,Los Angeles Dodgers,Arizona Diamondbacks,2026-07-10T17:00:00+00:00,2026-07-11T02:10:00+00:00,0.1370182931283141,1.0,162,162,0.6499552916119493,0.5400813591768365,0.6989247311827957,0,0.4224418810943741,0.2916878745302991,0.48849577985894327
824252,2026-07-10,2026,Detroit Tigers,Philadelphia Phillies,2026-07-10T17:00:00+00:00,2026-07-10T22:40:00+00:00,-0.004757050497811499,0.0,162,162,0.5365878123662783,0.5400813591768365,0.5204081632653061,1,0.2147508556474717,0.21152515617662604,0.23000832986255726
824493,2026-07-10,2026,Cincinnati Reds,Chicago Cubs,2026-07-10T17:00:00+00:00,2026-07-10T23:10:00+00:00,-0.06403112404831862,0.0,162,162,0.4756767813800982,0.5400813591768365,0.4885496183206107,1,0.27491483758393337,0.21152515617662604,0.261581492919993
824817,2026-07-10,2026,Baltimore Orioles,Kansas City Royals,2026-07-10T17:00:00+00:00,2026-07-10T23:05:00+00:00,0.006383549945525591,0.0,162,162,0.5479695274130726,0.5400813591768365,0.5725,1,0.20433154814716092,0.21152515617662604,0.18275624999999998
822711,2026-07-11,2026,Washington Nationals,New York Yankees,2026-07-11T17:00:00+00:00,2026-07-11T20:05:00+00:00,-0.08673057940471446,0.0,162,162,0.452442973371623,0.5400813591768365,0.35034802784222735,0,0.20470464415335515,0.2916878745302991,0.12274374061293811
822875,2026-07-11,2026,Texas Rangers,Houston Astros,2026-07-11T17:00:00+00:00,2026-07-11T23:05:00+00:00,0.05043506858113683,0.0,162,162,0.5923754904724449,0.5400813591768365,0.5153061224489797,0,0.3509087217124696,0.2916878745302991,0.26554039983340283
822953,2026-07-11,2026,Tampa Bay Rays,Seattle Mariners,2026-07-11T17:00:00+00:00,2026-07-11T20:10:00+00:00,-0.008059742788658675,0.0,162,162,0.5332057577606434,0.5400813591768365,0.5089058524173028,1,0.21789686458781515,0.21152515617662604,0.24117346178997598
823030,2026-07-11,2026,St. Louis Cardinals,Atlanta Braves,2026-07-11T17:00:00+00:00,2026-07-11T23:15:00+00:00,-0.08192594174331652,0.0,162,162,0.4573468914249067,0.5400813591768365,0.5076530612244898,1,0.294472396246212,0.21152515617662604,0.24240550812161596
823198,2026-07-11,2026,San Francisco Giants,Colorado Rockies,2026-07-11T17:00:00+00:00,2026-07-11T20:05:00+00:00,0.07846457062888429,0.0,162,162,0.6199106243252709,0.5400813591768365,0.5796019900497512,1,0.14446793350080536,0.21152515617662604,0.17673448677012948
823276,2026-07-11,2026,San Diego Padres,Toronto Blue Jays,2026-07-11T17:00:00+00:00,2026-07-12T00:40:00+00:00,-0.018882695392369753,0.0,162,162,0.5221029723201033,0.5400813591768365,0.5051020408163266,1,0.22838556906528,0.21152515617662604,0.24492399000416487
823356,2026-07-11,2026,Pittsburgh Pirates,Milwaukee Brewers,2026-07-11T17:00:00+00:00,2026-07-11T20:05:00+00:00,-0.040539801389506414,0.0,162,162,0.4998312239452011,0.5400813591768365,0.518324607329843,1,0.2501688045401556,0.21152515617662604,0.23201118390394995
823603,2026-07-11,2026,New York Mets,Boston Red Sox,2026-07-11T17:00:00+00:00,2026-07-11T20:10:00+00:00,-0.008926410418440667,0.0,162,162,0.5323177459243416,0.5400813591768365,0.582089552238806,0,0.28336218262597185,0.2916878745302991,0.33882824682557366
823682,2026-07-11,2026,Minnesota Twins,Los Angeles Angels,2026-07-11T17:00:00+00:00,2026-07-11T18:10:00+00:00,0.04126223826832881,0.0,162,162,0.5832275944041987,0.5400813591768365,0.6135265700483092,1,0.17369923806611112,0.21152515617662604,0.14936171205862442
823844,2026-07-11,2026,Miami Marlins,Cleveland Guardians,2026-07-11T17:00:00+00:00,2026-07-11T20:10:00+00:00,-0.038302434918446315,0.0,162,162,0.5021335644829388,0.5400813591768365,0.5831265508684863,0,0.25213811658034163,0.2916878745302991,0.34003657432777734
823926,2026-07-11,2026,Los Angeles Dodgers,Arizona Diamondbacks,2026-07-11T17:00:00+00:00,2026-07-12T01:10:00+00:00,0.13171203641314877,0.0,162,162,0.670035428816039,0.5400813591768365,0.7139874739039667,0,0.4489474758686932,0.2916878745302991,0.5097781128917674
824249,2026-07-11,2026,Detroit Tigers,Philadelphia Phillies,2026-07-11T17:00:00+00:00,2026-07-11T22:10:00+00:00,0.009522820709142898,0.0,162,162,0.5511682207928987,0.5400813591768365,0.43609022556390975,0,0.3037864076120096,0.2916878745302991,0.19017468483238167
824492,2026-07-11,2026,Cincinnati Reds,Chicago Cubs,2026-07-11T17:00:00+00:00,2026-07-11T23:10:00+00:00,-0.06005984917540258,0.0,162,162,0.47975526663532403,0.5400813591768365,0.5139949109414759,0,0.23016511586433086,0.2916878745302991,0.26419076847373574
824813,2026-07-11,2026,Baltimore Orioles,Kansas City Royals,2026-07-11T17:00:00+00:00,2026-07-11T23:05:00+00:00,0.006321584618464493,0.0,162,162,0.5479063483693045,0.5400813591768365,0.582089552238806,1,0.20438866984477666,0.21152515617662604,0.17464914234796167
822708,2026-07-12,2026,Washington Nationals,New York Yankees,2026-07-12T17:00:00+00:00,2026-07-12T17:35:00+00:00,-0.08442383893240929,0.0,162,162,0.4547962863864899,0.5400813591768365,0.530456852791878,0,0.20683966211094212,0.2916878745302991,0.2813844726738642
822876,2026-07-12,2026,Texas Rangers,Houston Astros,2026-07-12T17:00:00+00:00,2026-07-12T18:35:00+00:00,0.04102475954542495,0.0,162,162,0.5829899695331143,0.5400813591768365,0.5664160401002506,1,0.1738973655099929,0.21152515617662604,0.1879950502823475
822951,2026-07-12,2026,Tampa Bay Rays,Seattle Mariners,2026-07-12T17:00:00+00:00,2026-07-12T17:40:00+00:00,-0.0075995905117242635,0.0,162,162,0.533677157483456,0.5400813591768365,0.5760598503740648,0,0.2848113084196215,0.2916878745302991,0.33184495121298996
823029,2026-07-12,2026,St. Louis Cardinals,Atlanta Braves,2026-07-12T17:00:00+00:00,2026-07-12T18:15:00+00:00,-0.07519629323854943,0.0,162,162,0.4642293071722382,0.5400813591768365,0.5505050505050506,0,0.2155088496376163,0.2916878745302991,0.30305581063156833
823199,2026-07-12,2026,San Francisco Giants,Colorado Rockies,2026-07-12T17:00:00+00:00,2026-07-12T20:05:00+00:00,0.0817935286266292,0.0,162,162,0.623133905657012,0.5400813591768365,0.5639097744360902,1,0.14202805306533794,0.21152515617662604,0.19017468483238167
823274,2026-07-12,2026,San Diego Padres,Toronto Blue Jays,2026-07-12T17:00:00+00:00,2026-07-12T20:10:00+00:00,-0.01699427353716715,0.0,162,162,0.5240421052775464,0.5400813591768365,0.457070707070707,1,0.22653591754863026,0.21152515617662604,0.29477221712070206
823602,2026-07-12,2026,New York Mets,Boston Red Sox,2026-07-12T17:00:00+00:00,2026-07-12T17:40:00+00:00,-0.013837226129945812,0.0,162,162,0.5272822836383714,0.5400813591768365,0.4885496183206107,0,0.27802660663889595,0.2916878745302991,0.23868072956121442
823681,2026-07-12,2026,Minnesota Twins,Los Angeles Angels,2026-07-12T17:00:00+00:00,2026-07-12T18:10:00+00:00,0.040474692930246636,0.0,162,162,0.5824394164878787,0.5400813591768365,0.5505050505050506,1,0.17435684090298326,0.21152515617662604,0.20204570962146712
823842,2026-07-12,2026,Miami Marlins,Cleveland Guardians,2026-07-12T17:00:00+00:00,2026-07-12T17:40:00+00:00,-0.04116439190972959,0.0,162,162,0.499188492141905,0.5400813591768365,0.5051020408163266,0,0.24918915068690878,0.2916878745302991,0.25512807163681805
823925,2026-07-12,2026,Los Angeles Dodgers,Arizona Diamondbacks,2026-07-12T17:00:00+00:00,2026-07-12T20:10:00+00:00,0.12349359187399461,0.0,162,162,0.6625137769722691,0.5400813591768365,0.6613272311212814,0,0.43892450467806154,0.2916878745302991,0.4373537066225408
824250,2026-07-12,2026,Detroit Tigers,Philadelphia Phillies,2026-07-12T17:00:00+00:00,2026-07-12T17:40:00+00:00,0.002772344088281531,0.0,162,162,0.5442850744737611,0.5400813591768365,0.5505050505050506,0,0.29624624229490765,0.2916878745302991,0.30305581063156833
824491,2026-07-12,2026,Cincinnati Reds,Chicago Cubs,2026-07-12T17:00:00+00:00,2026-07-12T17:40:00+00:00,-0.060812151293378414,0.0,162,162,0.4789824312016945,0.5400813591768365,0.45569620253164556,0,0.229424169399886,0.2916878745302991,0.20765902900176253
824814,2026-07-12,2026,Baltimore Orioles,Kansas City Royals,2026-07-12T17:00:00+00:00,2026-07-12T17:35:00+00:00,0.009772930590340234,0.0,162,162,0.5514228865618601,0.5400813591768365,0.5841584158415841,1,0.2012214267004938,0.21152515617662604,0.1729242231153809
823440,2026-07-16,2026,Philadelphia Phillies,New York Mets,2026-07-16T17:00:00+00:00,2026-07-16T22:10:00+00:00,0.012279698543395168,0.0,162,162,0.5539738056148076,0.5400813591768365,0.5417721518987342,0,0.3068869773073526,0.2916878745302991,0.2935170645729851
822789,2026-07-17,2026,Toronto Blue Jays,Chicago White Sox,2026-07-17T17:00:00+00:00,2026-07-17T23:15:00+00:00,-0.004214912120877656,0.0,162,162,0.5371426649838931,0.5400813591768365,0.5454545454545454,0,0.2885222425459988,0.2916878745302991,0.29752066115702475
823115,2026-07-17,2026,Seattle Mariners,San Francisco Giants,2026-07-17T17:00:00+00:00,2026-07-18T02:10:00+00:00,-0.0005479769286059755,0.0,162,162,0.5408931139200328,0.5400813591768365,0.6382978723404256,0,0.2925653606861096,0.2916878745302991,0.40742417383431423
823524,2026-07-17,2026,New York Yankees,Los Angeles Dodgers,2026-07-17T17:00:00+00:00,2026-07-17T23:05:00+00:00,-0.042629291380189005,0.0,162,162,0.4976810588040042,0.5400813591768365,0.49234693877551017,0,0.2476864362922747,0.2916878745302991,0.24240550812161596
823766,2026-07-17,2026,Milwaukee Brewers,Miami Marlins,2026-07-17T17:00:00+00:00,2026-07-17T23:40:00+00:00,0.07776323431965398,0.0,162,162,0.6192301902352465,0.5400813591768365,0.5771144278606966,1,0.14498564802828656,0.21152515617662604,0.17883220712358602
824009,2026-07-17,2026,Los Angeles Angels,Detroit Tigers,2026-07-17T17:00:00+00:00,2026-07-18T01:38:00+00:00,-0.07181490148710895,0.0,162,162,0.46769277477265575,0.5400813591768365,0.49489795918367346,0,0.2187365315745461,0.2916878745302991,0.24492399000416493
824090,2026-07-17,2026,Kansas City Royals,San Diego Padres,2026-07-17T17:00:00+00:00,2026-07-18T00:10:00+00:00,-0.03565756553412619,0.0,162,162,0.5048551176533536,0.5400813591768365,0.46954314720812185,1,0.24516845451407435,0.21152515617662604,0.2813844726738643
824170,2026-07-17,2026,Houston Astros,Baltimore Orioles,2026-07-17T17:00:00+00:00,2026-07-18T00:10:00+00:00,0.021596196518708033,0.0,162,162,0.5634284690146929,0.5400813591768365,0.5178571428571429,0,0.31745163969624074,0.2916878745302991,0.2681760204081633
824332,2026-07-17,2026,Colorado Rockies,Cincinnati Reds,2026-07-17T17:00:00+00:00,2026-07-18T00:40:00+00:00,-0.0329708019807089,0.0,162,162,0.5076194842190297,0.5400813591768365,0.5089058524173028,0,0.25767754075879373,0.2916878745302991,0.2589851666245816
824655,2026-07-17,2026,Chicago Cubs,Minnesota Twins,2026-07-17T17:00:00+00:00,2026-07-18T00:05:00+00:00,0.05302624047165427,0.0,162,162,0.5949483535345303,0.5400813591768365,0.568922305764411,0,0.3539635433734485,0.2916878745302991,0.323672589996294
824737,2026-07-17,2026,Boston Red Sox,Tampa Bay Rays,2026-07-17T17:00:00+00:00,2026-07-17T23:10:00+00:00,0.011831492981680958,0.0,162,162,0.5535179106135414,0.5400813591768365,0.530456852791878,1,0.1993462561428976,0.21152515617662604,0.2204707670901081
824766,2026-07-17,2026,Boston Red Sox,Tampa Bay Rays,2026-07-17T17:00:00+00:00,2026-07-17T17:35:00+00:00,0.011831492981680958,0.0,162,162,0.5535179106135414,0.5400813591768365,0.5089058524173028,1,0.1993462561428976,0.21152515617662604,0.24117346178997598
824901,2026-07-17,2026,Atlanta Braves,Texas Rangers,2026-07-17T17:00:00+00:00,2026-07-17T23:15:00+00:00,0.03237749170679116,0.0,162,162,0.5743119593996597,0.5400813591768365,0.6535796766743649,1,0.18121030791015694,0.21152515617662604,0.12000704041303757
825060,2026-07-17,2026,Arizona Diamondbacks,St. Louis Cardinals,2026-07-17T17:00:00+00:00,2026-07-18T01:40:00+00:00,-0.007461575314436308,0.0,162,162,0.5338185344842551,0.5400813591768365,0.49489795918367346,0,0.28496222775891783,0.2916878745302991,0.24492399000416493
822790,2026-07-18,2026,Toronto Blue Jays,Chicago White Sox,2026-07-18T17:00:00+00:00,2026-07-18T19:07:00+00:00,-0.011127409652642806,0.0,162,162,0.5300616331664807,0.5400813591768365,0.5076530612244898,1,0.22084206862215536,0.21152515617662604,0.24240550812161596
823116,2026-07-18,2026,Seattle Mariners,San Francisco Giants,2026-07-18T17:00:00+00:00,2026-07-19T00:08:00+00:00,-0.004839220367333752,0.0,162,162,0.5365037075060662,0.5400813591768365,0.5831265508684863,1,0.2148288131556222,0.21152515617662604,0.17378347259080473
823441,2026-07-18,2026,Philadelphia Phillies,New York Mets,2026-07-18T17:00:00+00:00,2026-07-18T19:05:00+00:00,0.012277888289058514,0.0,162,162,0.5539719644857347,0.5400813591768365,0.608272506082725,1,0.19894100846471469,0.21152515617662604,0.15345042949070872
823763,2026-07-18,2026,Milwaukee Brewers,Miami Marlins,2026-07-18T17:00:00+00:00,2026-07-18T20:10:00+00:00,0.07656275674479557,0.0,162,162,0.618064404835193,0.5400813591768365,0.5675,1,0.14587479885389537,0.21152515617662604,0.18705625
824008,2026-07-18,2026,Los Angeles Angels,Detroit Tigers,2026-07-18T17:00:00+00:00,2026-07-19T02:07:00+00:00,-0.0721342371190859,0.0,162,162,0.46736554955338655,0.5400813591768365,0.3591549295774648,0,0.21843055690933902,0.2916878745302991,0.1289922634397937
824088,2026-07-18,2026,Kansas City Royals,San Diego Padres,2026-07-18T17:00:00+00:00,2026-07-18T20:10:00+00:00,-0.03220482228344712,0.0,162,162,0.5084075100943588,0.5400813591768365,0.49744897959183665,1,0.24166317613162794,0.21152515617662604,0.25255752811328624
824169,2026-07-18,2026,Houston Astros,Baltimore Orioles,2026-07-18T17:00:00+00:00,2026-07-18T20:10:00+00:00,0.024273636336809568,0.0,162,162,0.5661374185417002,0.5400813591768365,0.5025510204081632,0,0.32051157667306024,0.2916878745302991,0.2525575281132861
824331,2026-07-18,2026,Colorado Rockies,Cincinnati Reds,2026-07-18T17:00:00+00:00,2026-07-18T19:10:00+00:00,-0.03909851516769258,0.0,162,162,0.5013143710394599,0.5400813591768365,0.49489795918367346,1,0.24868735653176952,0.21152515617662604,0.25512807163681794
824412,2026-07-18,2026,Cleveland Guardians,Pittsburgh Pirates,2026-07-18T17:00:00+00:00,2026-07-18T23:10:00+00:00,-0.00020252408650778264,0.0,162,162,0.5412462024205502,0.5400813591768365,0.5429292929292929,1,0.21045504679356677,0.21152515617662604,0.20891363126211612
824414,2026-07-18,2026,Cleveland Guardians,Pittsburgh Pirates,2026-07-18T17:00:00+00:00,2026-07-18T17:10:00+00:00,-0.00020252408650778264,0.0,162,162,0.5412462024205502,0.5400813591768365,0.5025510204081632,0,0.29294745163466723,0.2916878745302991,0.2525575281132861
824657,2026-07-18,2026,Chicago Cubs,Minnesota Twins,2026-07-18T17:00:00+00:00,2026-07-18T18:20:00+00:00,0.04854653406184928,0.0,162,162,0.5904970953478982,0.5400813591768365,0.5725,1,0.1676926289185084,0.21152515617662604,0.18275624999999998
824738,2026-07-18,2026,Boston Red Sox,Tampa Bay Rays,2026-07-18T17:00:00+00:00,2026-07-18T20:10:00+00:00,0.010023775794853806,0.0,162,162,0.5516782739668307,0.5400813591768365,0.49489795918367346,1,0.20099237003336015,0.21152515617662604,0.25512807163681794
824899,2026-07-18,2026,Atlanta Braves,Texas Rangers,2026-07-18T17:00:00+00:00,2026-07-18T20:10:00+00:00,0.0480065071339395,0.0,162,162,0.5899594792905669,0.5400813591768365,0.5114503816793893,0,0.34805218720479686,0.2916878745302991,0.261581492919993
825059,2026-07-18,2026,Arizona Diamondbacks,St. Louis Cardinals,2026-07-18T17:00:00+00:00,2026-07-18T20:10:00+00:00,-0.010471781087947829,0.0,162,162,0.5307338115087854,0.5400813591768365,0.5292620865139949,1,0.22021075566107215,0.21152515617662604,0.22159418319315766
823113,2026-07-19,2026,Seattle Mariners,San Francisco Giants,2026-07-19T17:00:00+00:00,2026-07-19T20:10:00+00:00,-8.261172882628731e-05,0.0,162,162,0.5413687555756111,0.5400813591768365,0.6456876456876457,1,0.2103426183622635,0.21152515617662604,0.12553724441836328
823439,2026-07-19,2026,Philadelphia Phillies,New York Mets,2026-07-19T17:00:00+00:00,2026-07-19T17:35:00+00:00,0.02071645621300372,0.0,162,162,0.5625375405249212,0.5400813591768365,0.46446700507614214,0,0.3164484844998274,0.2916878745302991,0.21572959880440104
823521,2026-07-19,2026,New York Yankees,Los Angeles Dodgers,2026-07-19T17:00:00+00:00,2026-07-19T23:20:00+00:00,-0.04242516394299922,0.0,162,162,0.4978911112487993,0.5400813591768365,0.4934383202099738,1,0.25211333616296555,0.21152515617662604,0.25660473543169304
823764,2026-07-19,2026,Milwaukee Brewers,Miami Marlins,2026-07-19T17:00:00+00:00,2026-07-19T18:10:00+00:00,0.08087490324560576,0.0,162,162,0.6222455159954368,0.5400813591768365,0.5417721518987342,1,0.14269845018555383,0.21152515617662604,0.20997276077551674
824007,2026-07-19,2026,Los Angeles Angels,Detroit Tigers,2026-07-19T17:00:00+00:00,2026-07-19T20:07:00+00:00,-0.07577355770086969,0.0,162,162,0.4636383662246415,0.5400813591768365,0.41481481481481486,1,0.2876838021861718,0.21152515617662604,0.3424417009602194
824086,2026-07-19,2026,Kansas City Royals,San Diego Padres,2026-07-19T17:00:00+00:00,2026-07-19T18:10:00+00:00,-0.029663367802330254,0.0,162,162,0.511021790976296,0.5400813591768365,0.5139949109414759,0,0.2611432708526211,0.2916878745302991,0.26419076847373574
824168,2026-07-19,2026,Houston Astros,Baltimore Orioles,2026-07-19T17:00:00+00:00,2026-07-19T18:10:00+00:00,0.020743558261635542,0.0,162,162,0.562564993300533,0.5400813591768365,0.5343511450381679,0,0.3164793716872287,0.2916878745302991,0.2855311462036012
824330,2026-07-19,2026,Colorado Rockies,Cincinnati Reds,2026-07-19T17:00:00+00:00,2026-07-19T19:10:00+00:00,-0.02968700251712425,0.0,162,162,0.51099748155465,0.5400813591768365,0.39608801955990225,0,0.2611184261551948,0.2916878745302991,0.1568857192388855
824411,2026-07-19,2026,Cleveland Guardians,Pittsburgh Pirates,2026-07-19T17:00:00+00:00,2026-07-19T17:40:00+00:00,-0.00011818579462086198,0.0,162,162,0.5413323985932685,0.5400813591768365,0.5114503816793893,0,0.2930407657667414,0.2916878745302991,0.261581492919993
824653,2026-07-19,2026,Chicago Cubs,Minnesota Twins,2026-07-19T17:00:00+00:00,2026-07-19T18:20:00+00:00,0.04816841722130827,0.0,162,162,0.5901206891815591,0.5400813591768365,0.608272506082725,1,0.16800104943700006,0.21152515617662604,0.15345042949070872
824739,2026-07-19,2026,Boston Red Sox,Tampa Bay Rays,2026-07-19T17:00:00+00:00,2026-07-19T17:35:00+00:00,0.012291278041498266,0.0,162,162,0.5539855825716428,0.5400813591768365,0.5329949238578681,1,0.1989288605539569,0.21152515617662604,0.21809374114251845
824897,2026-07-19,2026,Atlanta Braves,Texas Rangers,2026-07-19T17:00:00+00:00,2026-07-19T17:35:00+00:00,0.046120265019933604,0.0,162,162,0.5880799784441632,0.5400813591768365,0.47959183673469385,1,0.1696781041585611,0.21152515617662604,0.27082465639316955
825057,2026-07-19,2026,Arizona Diamondbacks,St. Louis Cardinals,2026-07-19T17:00:00+00:00,2026-07-19T20:10:00+00:00,-0.010962178441632109,0.0,162,162,0.530231045620499,0.5400813591768365,0.5417721518987342,1,0.22068287049880964,0.21152515617662604,0.20997276077551674
822788,2026-07-20,2026,Toronto Blue Jays,Tampa Bay Rays,2026-07-20T17:00:00+00:00,2026-07-20T23:07:00+00:00,0.010838826785596112,0.0,162,162,0.5525078947431292,0.5400813591768365,0.5945945945945945,0,0.30526497375348477,0.2916878745302991,0.3535427319211102
822874,2026-07-20,2026,Texas Rangers,Chicago White Sox,2026-07-20T17:00:00+00:00,2026-07-21T00:05:00+00:00,0.005411467359720867,0.0,162,162,0.5469782277912671,0.5400813591768365,0.6073170731707317,0,0.2991851816776753,0.2916878745302991,0.36883402736466386
823112,2026-07-20,2026,Seattle Mariners,Cincinnati Reds,2026-07-20T17:00:00+00:00,2026-07-21T01:40:00+00:00,0.04180102155392457,0.0,162,162,0.5837665657462313,0.5400813591768365,0.5664160401002506,1,0.1732502717906864,0.21152515617662604,0.1879950502823475
823436,2026-07-20,2026,Philadelphia Phillies,Los Angeles Dodgers,2026-07-20T17:00:00+00:00,2026-07-20T23:10:00+00:00,-0.09548342687729994,0.0,162,162,0.44353360209688436,0.5400813591768365,0.565,1,0.3096548519952687,0.21152515617662604,0.18922500000000006
823522,2026-07-20,2026,New York Yankees,Pittsburgh Pirates,2026-07-20T17:00:00+00:00,2026-07-20T23:05:00+00:00,0.025254543142466113,0.0,162,162,0.5671288897963194,0.5400813591768365,0.5114503816793893,1,0.18737739804896703,0.21152515617662604,0.23868072956121442
823762,2026-07-20,2026,Milwaukee Brewers,New York Mets,2026-07-20T17:00:00+00:00,2026-07-20T23:40:00+00:00,0.0743944322254726,0.0,162,162,0.615955300752742,0.5400813591768365,0.6527777777777778,1,0.14749033101991688,0.21152515617662604,0.12056327160493827
824006,2026-07-20,2026,Los Angeles Angels,St. Louis Cardinals,2026-07-20T17:00:00+00:00,2026-07-21T02:10:00+00:00,-0.05608693037387302,0.0,162,162,0.48383814202568476,0.5400813591768365,0.5051020408163266,1,0.2664230636274972,0.21152515617662604,0.24492399000416487
824087,2026-07-20,2026,Kansas City Royals,San Francisco Giants,2026-07-20T17:00:00+00:00,2026-07-20T23:40:00+00:00,-0.053636443718639015,0.0,162,162,0.48635756069920066,0.5400813591768365,0.5204081632653061,1,0.26382855545087536,0.21152515617662604,0.23000832986255726
824167,2026-07-20,2026,Houston Astros,Miami Marlins,2026-07-20T17:00:00+00:00,2026-07-21T00:10:00+00:00,0.0006155117024105317,0.0,162,162,0.5420821537379097,0.5400813591768365,0.5267175572519084,1,0.2096887539253114,0.21152515617662604,0.2239962706136006
824328,2026-07-20,2026,Colorado Rockies,Washington Nationals,2026-07-20T17:00:00+00:00,2026-07-21T00:40:00+00:00,-0.05551641800437834,0.0,162,162,0.48442463421057735,0.5400813591768365,0.46329113924050636,0,0.23466722623005168,0.2916878745302991,0.21463867969876624
824410,2026-07-20,2026,Cleveland Guardians,Minnesota Twins,2026-07-20T17:00:00+00:00,2026-07-20T22:40:00+00:00,0.05137720335162965,0.0,162,162,0.5933115623076451,0.5400813591768365,0.45569620253164556,1,0.1653954853526484,0.21152515617662604,0.2962666239384714
824654,2026-07-20,2026,Chicago Cubs,Detroit Tigers,2026-07-20T17:00:00+00:00,2026-07-21T00:05:00+00:00,0.02800752597017908,0.0,162,162,0.5699086277940065,0.5400813591768365,0.5114503816793893,0,0.3247958440340475,0.2916878745302991,0.261581492919993
824736,2026-07-20,2026,Boston Red Sox,Baltimore Orioles,2026-07-20T17:00:00+00:00,2026-07-20T23:10:00+00:00,0.03973723819779257,0.0,162,162,0.5817009873064796,0.5400813591768365,0.5925925925925927,1,0.17497406402037397,0.21152515617662604,0.16598079561042517
824898,2026-07-20,2026,Atlanta Braves,San Diego Padres,2026-07-20T17:00:00+00:00,2026-07-20T23:15:00+00:00,0.07232261095995429,0.0,162,162,0.6139359806639035,0.5400813591768365,0.5417721518987342,1,0.14904542702594187,0.21152515617662604,0.20997276077551674
822787,2026-07-21,2026,Toronto Blue Jays,Tampa Bay Rays,2026-07-21T17:00:00+00:00,2026-07-21T23:07:00+00:00,0.004541331432071416,0.0,162,162,0.5460905738182983,0.5400813591768365,0.5051020408163266,0,0.2982149148131983,0.2916878745302991,0.25512807163681805
822871,2026-07-21,2026,Texas Rangers,Chicago White Sox,2026-07-21T17:00:00+00:00,2026-07-22T00:05:00+00:00,-0.001660943079069721,0.0,162,162,0.5397552699999689,0.5400813591768365,0.5392405063291139,1,0.2118252114928015,0.21152515617662604,0.21229931100785132
823114,2026-07-21,2026,Seattle Mariners,Cincinnati Reds,2026-07-21T17:00:00+00:00,2026-07-22T01:40:00+00:00,0.04035575765552907,0.0,162,162,0.5823203489636707,0.5400813591768365,0.5241730279898218,0,0.3390969888171712,0.2916878745302991,0.2747573632720185
823437,2026-07-21,2026,Philadelphia Phillies,Los Angeles Dodgers,2026-07-21T17:00:00+00:00,2026-07-21T22:40:00+00:00,-0.08789696797904956,0.0,162,162,0.4512538378615289,0.5400813591768365,0.530456852791878,0,0.203630026184759,0.2916878745302991,0.2813844726738642
823760,2026-07-21,2026,Milwaukee Brewers,New York Mets,2026-07-21T17:00:00+00:00,2026-07-21T23:40:00+00:00,0.07964184952811754,0.0,162,162,0.6210517563836606,0.5400813591768365,0.5541561712846348,0,0.3857052841072297,0.2916878745302991,0.3070890621728455
824005,2026-07-21,2026,Los Angeles Angels,St. Louis Cardinals,2026-07-21T17:00:00+00:00,2026-07-22T01:38:00+00:00,-0.05287332130315764,0.0,162,162,0.4871422972945989,0.5400813591768365,0.5204081632653061,1,0.2630230232242616,0.21152515617662604,0.23000832986255726
824085,2026-07-21,2026,Kansas City Royals,San Francisco Giants,2026-07-21T17:00:00+00:00,2026-07-21T23:40:00+00:00,-0.048563240766024696,0.0,162,162,0.4915755313680502,0.5400813591768365,0.49234693877551017,1,0.2584954403036805,0.21152515617662604,0.2577116305705956
824165,2026-07-21,2026,Houston Astros,Miami Marlins,2026-07-21T17:00:00+00:00,2026-07-22T00:10:00+00:00,0.0014626841025568438,0.0,162,162,0.5429476300418778,0.5400813591768365,0.5292620865139949,1,0.20889686888433617,0.21152515617662604,0.22159418319315766
824329,2026-07-21,2026,Colorado Rockies,Washington Nationals,2026-07-21T17:00:00+00:00,2026-07-22T00:40:00+00:00,-0.05449543628383341,0.0,162,162,0.4854743192420918,0.5400813591768365,0.49744897959183665,1,0.26473667615938884,0.21152515617662604,0.25255752811328624
824409,2026-07-21,2026,Cleveland Guardians,Minnesota Twins,2026-07-21T17:00:00+00:00,2026-07-21T22:40:00+00:00,0.05937472856506365,0.0,162,162,0.6012297178473878,0.5400813591768365,0.5760598503740648,1,0.15901773792807397,0.21152515617662604,0.17972525046486032
824652,2026-07-21,2026,Chicago Cubs,Detroit Tigers,2026-07-21T17:00:00+00:00,2026-07-22T00:05:00+00:00,0.02280299863652202,0.0,162,162,0.5646499520112909,0.5400813591768365,0.5241730279898218,1,0.18952966428377135,0.21152515617662604,0.2264113072923749
824895,2026-07-21,2026,Atlanta Braves,San Diego Padres,2026-07-21T17:00:00+00:00,2026-07-21T23:15:00+00:00,0.07628090886197741,0.0,162,162,0.6177905042527431,0.5400813591768365,0.57356608478803,0,0.3816651071448586,0.2916878745302991,0.32897805361906957
822784,2026-07-22,2026,Toronto Blue Jays,Tampa Bay Rays,2026-07-22T17:00:00+00:00,2026-07-22T23:07:00+00:00,-0.004465542591114591,0.0,162,162,0.5368861680712371,0.5400813591768365,0.5,0,0.2882467574662167,0.2916878745302991,0.25
822873,2026-07-22,2026,Texas Rangers,Chicago White Sox,2026-07-22T17:00:00+00:00,2026-07-23T00:05:00+00:00,0.007810297461381399,0.0,162,162,0.5494237890199121,0.5400813591768365,0.49744897959183665,0,0.30186649994099685,0.2916878745302991,0.24745548729695951
823110,2026-07-22,2026,Seattle Mariners,Cincinnati Reds,2026-07-22T17:00:00+00:00,2026-07-22T19:40:00+00:00,0.03606168977306007,0.0,162,162,0.5780151809282575,0.5400813591768365,0.5901234567901236,0,0.3341015493835263,0.2916878745302991,0.3482456942539248
823438,2026-07-22,2026,Philadelphia Phillies,Los Angeles Dodgers,2026-07-22T17:00:00+00:00,2026-07-22T22:40:00+00:00,-0.09242114124473444,0.0,162,162,0.44664681990626137,0.5400813591768365,0.46954314720812185,0,0.19949338173237627,0.2916878745302991,0.220470767090108
823518,2026-07-22,2026,New York Yankees,Pittsburgh Pirates,2026-07-22T17:00:00+00:00,2026-07-22T17:05:00+00:00,0.027932377233441774,0.0,162,162,0.5698328063755627,0.5400813591768365,0.6327014218009479,0,0.3247094272218495,0.2916878745302991,0.400311089148941
823519,2026-07-22,2026,New York Yankees,Pittsburgh Pirates,2026-07-22T17:00:00+00:00,2026-07-22T23:05:00+00:00,0.027932377233441774,0.0,162,162,0.5698328063755627,0.5400813591768365,0.6014669926650367,1,0.18504381447072416,0.21152515617662604,0.15882855793544995
823761,2026-07-22,2026,Milwaukee Brewers,New York Mets,2026-07-22T17:00:00+00:00,2026-07-22T18:10:00+00:00,0.08007076875212898,0.0,162,162,0.6214671742348724,0.5400813591768365,0.5901234567901236,1,0.14328710018173244,0.21152515617662604,0.1679987806736777
824004,2026-07-22,2026,Los Angeles Angels,St. Louis Cardinals,2026-07-22T17:00:00+00:00,2026-07-22T20:07:00+00:00,-0.052407275124811636,0.0,162,162,0.4876215748843465,0.5400813591768365,0.5468354430379747,0,0.23777480029269032,0.2916878745302991,0.2990290017625381
824083,2026-07-22,2026,Kansas City Royals,San Francisco Giants,2026-07-22T17:00:00+00:00,2026-07-22T18:10:00+00:00,-0.04438001089287752,0.0,162,162,0.49587956417209433,0.5400813591768365,0.4520202020202021,1,0.25413741381931754,0.21152515617662604,0.30028185899398013
824166,2026-07-22,2026,Houston Astros,Miami Marlins,2026-07-22T17:00:00+00:00,2026-07-23T00:10:00+00:00,0.005511691196075197,0.0,162,162,0.5470804503115498,0.5400813591768365,0.5127551020408163,1,0.20513611848998847,0.21152515617662604,0.23740759058725533
824327,2026-07-22,2026,Colorado Rockies,Washington Nationals,2026-07-22T17:00:00+00:00,2026-07-22T19:10:00+00:00,-0.05272720688733501,0.0,162,162,0.487292557508919,0.5400813591768365,0.4335839598997493,0,0.2374540366035831,0.2916878745302991,0.1879950502823474
824408,2026-07-22,2026,Cleveland Guardians,Minnesota Twins,2026-07-22T17:00:00+00:00,2026-07-22T22:40:00+00:00,0.06261481114041234,0.0,162,162,0.6044228861419862,0.5400813591768365,0.5367088607594936,0,0.36532702529220845,0.2916878745302991,0.28805640121775355
824650,2026-07-22,2026,Chicago Cubs,Detroit Tigers,2026-07-22T17:00:00+00:00,2026-07-23T00:10:00+00:00,0.02874345956450186,0.0,162,162,0.5706509751530398,0.5400813591768365,0.5329949238578681,0,0.32564253544311517,0.2916878745302991,0.2840835888582546
824732,2026-07-22,2026,Boston Red Sox,Baltimore Orioles,2026-07-22T17:00:00+00:00,2026-07-22T23:10:00+00:00,0.03709320054804738,0.0,162,162,0.5790504666524898,0.5400813591768365,0.5980392156862746,0,0.3352994429304662,0.2916878745302991,0.35765090349865447
824735,2026-07-22,2026,Boston Red Sox,Baltimore Orioles,2026-07-22T17:00:00+00:00,2026-07-22T17:35:00+00:00,0.03709320054804738,0.0,162,162,0.5790504666524898,0.5400813591768365,0.5566750629722922,1,0.17719850962548658,0.21152515617662604,0.1965369997906211
824896,2026-07-22,2026,Atlanta Braves,San Diego Padres,2026-07-22T17:00:00+00:00,2026-07-22T23:15:00+00:00,0.07451627853518006,0.0,162,162,0.6160739357862555,0.5400813591768365,0.5165394402035622,1,0.1473992227826563,0.21152515617662604,0.23373411287868498
822785,2026-07-23,2026,Toronto Blue Jays,Tampa Bay Rays,2026-07-23T17:00:00+00:00,2026-07-23T19:07:00+00:00,-0.0026356246176939546,0.0,162,162,0.5387584608462888,0.5400813591768365,0.4885496183206107,1,0.21274375744088453,0.21152515617662604,0.261581492919993
823042,2026-07-23,2026,St. Louis Cardinals,Arizona Diamondbacks,2026-07-23T17:00:00+00:00,2026-07-23T21:15:00+00:00,0.0020126349456127124,0.0,162,162,0.5435093246351149,0.5400813591768365,0.5241730279898218,0,0.29540238596531876,0.2916878745302991,0.2747573632720185
824247,2026-07-23,2026,Detroit Tigers,Kansas City Royals,2026-07-23T17:00:00+00:00,2026-07-23T22:40:00+00:00,0.05059408804729726,0.0,162,162,0.5925335338336593,0.5400813591768365,0.6666666666666666,1,0.1660289210500857,0.21152515617662604,0.11111111111111113
824406,2026-07-23,2026,Cleveland Guardians,Minnesota Twins,2026-07-23T17:00:00+00:00,2026-07-23T17:10:00+00:00,0.061127624649799095,0.0,162,162,0.6029583209619918,0.5400813591768365,0.5796019900497512,0,0.3635587368173043,0.2916878745302991,0.3359384668696319
822707,2026-07-24,2026,Washington Nationals,Arizona Diamondbacks,2026-07-24T17:00:00+00:00,2026-07-24T22:45:00+00:00,-6.786488669691115e-05,1.0,162,162,0.513639297098284,0.5400813591768365,0.4582278481012658,0,0.2638253275236193,0.2916878745302991,0.20997276077551674
822872,2026-07-24,2026,Texas Rangers,Seattle Mariners,2026-07-24T17:00:00+00:00,2026-07-25T00:05:00+00:00,0.019835037063199945,0.0,162,162,0.5616445070786276,0.5400813591768365,0.4821428571428572,1,0.1921555381743394,0.21152515617662604,0.2681760204081632
822952,2026-07-24,2026,Tampa Bay Rays,Cleveland Guardians,2026-07-24T17:00:00+00:00,2026-07-24T23:10:00+00:00,-0.03542462926917639,0.0,162,162,0.5050947960993483,0.5400813591768365,0.5392405063291139,1,0.24493116084794567,0.21152515617662604,0.21229931100785132
823031,2026-07-24,2026,St. Louis Cardinals,Cincinnati Reds,2026-07-24T17:00:00+00:00,2026-07-25T00:15:00+00:00,0.019903958038875902,-1.0,162,162,0.5889113367412359,0.5400813591768365,0.5796019900497512,0,0.34681656254234927,0.2916878745302991,0.3359384668696319
823196,2026-07-24,2026,San Francisco Giants,Los Angeles Angels,2026-07-24T17:00:00+00:00,2026-07-25T02:15:00+00:00,0.06683384162433109,0.0,162,162,0.6085674786961309,0.5400813591768365,0.5925925925925927,1,0.15321941873430392,0.21152515617662604,0.16598079561042517
823352,2026-07-24,2026,Pittsburgh Pirates,Chicago Cubs,2026-07-24T17:00:00+00:00,2026-07-24T22:40:00+00:00,-0.0031229887588117844,0.0,162,162,0.5382599155979819,0.5400813591768365,0.5025510204081632,0,0.2897237367395466,0.2916878745302991,0.2525575281132861
823434,2026-07-24,2026,Philadelphia Phillies,New York Yankees,2026-07-24T17:00:00+00:00,2026-07-24T22:45:00+00:00,-0.05687669230606718,0.0,162,162,0.4830263329958148,0.5400813591768365,0.5541561712846348,0,0.23331443836738378,0.2916878745302991,0.3070890621728455
823601,2026-07-24,2026,New York Mets,Los Angeles Dodgers,2026-07-24T17:00:00+00:00,2026-07-24T23:10:00+00:00,-0.1112474149707412,0.0,162,162,0.42758266052795074,0.5400813591768365,0.4494949494949495,0,0.18282693158416077,0.2916878745302991,0.2020457096214672
823759,2026-07-24,2026,Milwaukee Brewers,Colorado Rockies,2026-07-24T17:00:00+00:00,2026-07-24T20:10:00+00:00,0.13805556918427792,0.0,162,162,0.6757824480351984,0.5400813591768365,0.7184265010351967,0,0.4566819170724456,0.2916878745302991,0.5161366373896754
823843,2026-07-24,2026,Miami Marlins,San Diego Padres,2026-07-24T17:00:00+00:00,2026-07-24T23:10:00+00:00,-0.016215530043576953,1.0,162,162,0.49702602310392824,0.5400813591768365,0.5516372795969774,0,0.2470348676425066,0.2916878745302991,0.30430368824115384
824248,2026-07-24,2026,Detroit Tigers,Kansas City Royals,2026-07-24T17:00:00+00:00,2026-07-24T22:40:00+00:00,0.05385684627438475,0.0,162,162,0.595771994840106,0.5400813591768365,0.7023554603854391,1,0.16340028015554728,0.21152515617662604,0.08859227196236394
824573,2026-07-24,2026,Chicago White Sox,Houston Astros,2026-07-24T17:00:00+00:00,2026-07-24T23:40:00+00:00,0.020916342808764976,0.0,162,162,0.5627400048322028,0.5400813591768365,0.5505050505050506,0,0.3166763130385476,0.2916878745302991,0.30305581063156833
824733,2026-07-24,2026,Boston Red Sox,Toronto Blue Jays,2026-07-24T17:00:00+00:00,2026-07-24T23:15:00+00:00,0.01763344816656859,1.0,162,162,0.5318151085401439,0.5400813591768365,0.5417721518987342,1,0.21919709259127723,0.21152515617662604,0.20997276077551674
824812,2026-07-24,2026,Baltimore Orioles,Atlanta Braves,2026-07-24T17:00:00+00:00,2026-07-24T23:05:00+00:00,-0.10473784555791404,1.0,162,162,0.40702677854126706,0.5400813591768365,0.5204081632653061,0,0.16567079844968166,0.2916878745302991,0.27082465639316955
822704,2026-07-25,2026,Washington Nationals,Arizona Diamondbacks,2026-07-25T17:00:00+00:00,2026-07-25T20:05:00+00:00,0.00038561952859511583,0.0,162,162,0.5418472505025871,0.5400813591768365,0.5628140703517588,1,0.2099039418720392,0.21152515617662604,0.1911315370823969
822869,2026-07-25,2026,Texas Rangers,Seattle Mariners,2026-07-25T17:00:00+00:00,2026-07-25T23:15:00+00:00,0.01986566227903619,0.0,162,162,0.5616755425696968,0.5400813591768365,0.49109414758269715,1,0.19212832998156973,0.21152515617662604,0.2589851666245817
822948,2026-07-25,2026,Tampa Bay Rays,Cleveland Guardians,2026-07-25T17:00:00+00:00,2026-07-25T22:10:00+00:00,-0.024371651737859046,0.0,162,162,0.5164630438894031,0.5400813591768365,0.5204081632653061,1,0.23380798792470128,0.21152515617662604,0.23000832986255726
823027,2026-07-25,2026,St. Louis Cardinals,Cincinnati Reds,2026-07-25T17:00:00+00:00,2026-07-25T23:15:00+00:00,0.019580449027938207,0.0,162,162,0.5613864897677874,0.5400813591768365,0.5025510204081632,1,0.1923818113582233,0.21152515617662604,0.24745548729695963
823197,2026-07-25,2026,San Francisco Giants,Los Angeles Angels,2026-07-25T17:00:00+00:00,2026-07-25T20:05:00+00:00,0.06249764090773646,0.0,162,162,0.6043075657567529,0.5400813591768365,0.5367088607594936,1,0.15657250251734642,0.21152515617662604,0.21463867969876624
823355,2026-07-25,2026,Pittsburgh Pirates,Chicago Cubs,2026-07-25T17:00:00+00:00,2026-07-25T22:40:00+00:00,-0.003961166472287614,0.0,162,162,0.537402329966424,0.5400813591768365,0.5216284987277354,0,0.2888012642533413,0.2916878745302991,0.27209629068495106
823435,2026-07-25,2026,Philadelphia Phillies,New York Yankees,2026-07-25T17:00:00+00:00,2026-07-25T22:05:00+00:00,-0.057411351582957404,0.0,162,162,0.4824767986910925,0.5400813591768365,0.46329113924050636,0,0.232783861275205,0.2916878745302991,0.21463867969876624
823600,2026-07-25,2026,New York Mets,Los Angeles Dodgers,2026-07-25T17:00:00+00:00,2026-07-25T23:15:00+00:00,-0.11917494717929,0.0,162,162,0.41961552411203173,0.5400813591768365,0.41234567901234565,0,0.1760771880758151,0.2916878745302991,0.17002895900015239
823758,2026-07-25,2026,Milwaukee Brewers,Colorado Rockies,2026-07-25T17:00:00+00:00,2026-07-25T23:10:00+00:00,0.13385124307549756,0.0,162,162,0.6719792671344625,0.5400813591768365,0.6756152125279643,1,0.10759760118964429,0.21152515617662604,0.10522549034327777
823841,2026-07-25,2026,Miami Marlins,San Diego Padres,2026-07-25T17:00:00+00:00,2026-07-25T20:10:00+00:00,-0.01980543443361904,0.0,162,162,0.5211552083386551,0.5400813591768365,0.5541561712846348,0,0.271602751178507,0.2916878745302991,0.3070890621728455
824244,2026-07-25,2026,Detroit Tigers,Kansas City Royals,2026-07-25T17:00:00+00:00,2026-07-25T17:10:00+00:00,0.05470710265021422,0.0,162,162,0.5966145634261867,0.5400813591768365,0.5955882352941176,0,0.3559489372922193,0.2916878745302991,0.3547253460207612
824571,2026-07-25,2026,Chicago White Sox,Houston Astros,2026-07-25T17:00:00+00:00,2026-07-25T23:10:00+00:00,0.023871276995403812,0.0,162,162,0.5657305721308935,0.5400813591768365,0.5329949238578681,0,0.3200510802435481,0.2916878745302991,0.2840835888582546
824734,2026-07-25,2026,Boston Red Sox,Toronto Blue Jays,2026-07-25T17:00:00+00:00,2026-07-25T20:10:00+00:00,0.0207449017157047,0.0,162,162,0.5625663541302426,0.5400813591768365,0.5076530612244898,0,0.3164809027993935,0.2916878745302991,0.2577116305705956
824811,2026-07-25,2026,Baltimore Orioles,Atlanta Braves,2026-07-25T17:00:00+00:00,2026-07-25T23:05:00+00:00,-0.10121941556020675,0.0,162,162,0.43771431387540866,0.5400813591768365,0.5051020408163266,1,0.3161651928206024,0.21152515617662604,0.24492399000416487
822706,2026-07-26,2026,Washington Nationals,Arizona Diamondbacks,2026-07-26T17:00:00+00:00,2026-07-26T17:35:00+00:00,0.0052921650220073,0.0,162,162,0.546856541137529,0.5400813591768365,0.48600508905852424,1,0.20533899430984393,0.21152515617662604,0.26419076847373557
822870,2026-07-26,2026,Texas Rangers,Seattle Mariners,2026-07-26T17:00:00+00:00,2026-07-26T18:35:00+00:00,0.01825948017793716,0.0,162,162,0.5600471976256958,0.5400813591768365,0.5089058524173028,0,0.3136528635683951,0.2916878745302991,0.2589851666245816
823028,2026-07-26,2026,St. Louis Cardinals,Cincinnati Reds,2026-07-26T17:00:00+00:00,2026-07-26T18:15:00+00:00,0.02654072815870051,0.0,162,162,0.5684281117708123,0.5400813591768365,0.5516372795969774,0,0.3231105182513311,0.2916878745302991,0.30430368824115384
823194,2026-07-26,2026,San Francisco Giants,Los Angeles Angels,2026-07-26T17:00:00+00:00,2026-07-26T20:05:00+00:00,0.07433843302525439,0.0,162,162,0.6159007727899103,0.5400813591768365,0.49109414758269715,0,0.3793337619232087,0.2916878745302991,0.24117346178997592
823354,2026-07-26,2026,Pittsburgh Pirates,Chicago Cubs,2026-07-26T17:00:00+00:00,2026-07-26T17:35:00+00:00,-0.01205954208186466,0.0,162,162,0.5291057840935389,0.5400813591768365,0.5454545454545454,1,0.22174136257416077,0.21152515617662604,0.20661157024793392
823433,2026-07-26,2026,Philadelphia Phillies,New York Yankees,2026-07-26T17:00:00+00:00,2026-07-26T23:20:00+00:00,-0.05795012135729005,0.0,162,162,0.4819230824053005,0.5400813591768365,0.6391509433962265,1,0.2684036925444251,0.21152515617662604,0.13021204165183337
823599,2026-07-26,2026,New York Mets,Los Angeles Dodgers,2026-07-26T17:00:00+00:00,2026-07-26T17:40:00+00:00,-0.1183412360935337,0.0,162,162,0.42045150658793173,0.5400813591768365,0.4228855721393035,1,0.33587645621619816,0.21152515617662604,0.3330610628449791
823755,2026-07-26,2026,Milwaukee Brewers,Colorado Rockies,2026-07-26T17:00:00+00:00,2026-07-26T18:10:00+00:00,0.13310464805714695,0.0,162,162,0.6713015220516754,0.5400813591768365,0.7528517110266159,1,0.10804268940554525,0.21152515617662604,0.061082276742471395
823840,2026-07-26,2026,Miami Marlins,San Diego Padres,2026-07-26T17:00:00+00:00,2026-07-26T17:40:00+00:00,-0.025586656332236446,0.0,162,162,0.5152140032567679,0.5400813591768365,0.5292620865139949,0,0.26544546915186484,0.2916878745302991,0.2801183562211474
824246,2026-07-26,2026,Detroit Tigers,Kansas City Royals,2026-07-26T17:00:00+00:00,2026-07-26T17:40:00+00:00,0.05263866016964186,0.0,162,162,0.5945638397321265,0.5400813591768365,0.6285714285714284,0,0.35350615951700975,0.2916878745302991,0.3951020408163264
824572,2026-07-26,2026,Chicago White Sox,Houston Astros,2026-07-26T17:00:00+00:00,2026-07-26T18:10:00+00:00,0.024351845687218765,0.0,162,162,0.5662164897462352,0.5400813591768365,0.5114503816793893,1,0.1881681337680781,0.21152515617662604,0.23868072956121442
824730,2026-07-26,2026,Boston Red Sox,Toronto Blue Jays,2026-07-26T17:00:00+00:00,2026-07-26T17:35:00+00:00,0.01901016169517855,0.0,162,162,0.5608084004515468,0.5400813591768365,0.568922305764411,1,0.1928892611139289,0.21152515617662604,0.18582797846747193
824810,2026-07-26,2026,Baltimore Orioles,Atlanta Braves,2026-07-26T17:00:00+00:00,2026-07-26T17:35:00+00:00,-0.09368619626392305,0.0,162,162,0.44536020280335586,0.5400813591768365,0.49234693877551017,0,0.19834571024104627,0.2916878745302991,0.24240550812161596
822705,2026-07-27,2026,Washington Nationals,Toronto Blue Jays,2026-07-27T17:00:00+00:00,2026-07-27T22:45:00+00:00,0.0030490675966631797,0.0,162,162,0.5445675876121847,0.5400813591768365,0.5292620865139949,0,0.2965538574777545,0.2916878745302991,0.2801183562211474
822868,2026-07-27,2026,Texas Rangers,Seattle Mariners,2026-07-27T17:00:00+00:00,2026-07-27T18:35:00+00:00,0.015557404730130675,0.0,162,162,0.557304937032841,0.5400813591768365,0.4607594936708861,1,0.19597891877549686,0.21152515617662604,0.29078032366607914
823025,2026-07-27,2026,St. Louis Cardinals,Chicago Cubs,2026-07-27T17:00:00+00:00,2026-07-27T23:45:00+00:00,-0.04024633152265322,0.0,162,162,0.5001332179907197,0.5400813591768365,0.4707379134860051,0,0.2501332357377528,0.2916878745302991,0.2215941831931576
823195,2026-07-27,2026,San Francisco Giants,Milwaukee Brewers,2026-07-27T17:00:00+00:00,2026-07-28T01:45:00+00:00,-0.06644920737826754,0.0,162,162,0.47319497175945885,0.5400813591768365,0.4422110552763819,1,0.27752353777951744,0.21152515617662604,0.31112850685588755
823353,2026-07-27,2026,Pittsburgh Pirates,Arizona Diamondbacks,2026-07-27T17:00:00+00:00,2026-07-27T22:40:00+00:00,0.03848816936213789,0.0,162,162,0.5804494338813195,0.5400813591768365,0.5204081632653061,1,0.17602267753050527,0.21152515617662604,0.23000832986255726
823597,2026-07-27,2026,New York Mets,Atlanta Braves,2026-07-27T17:00:00+00:00,2026-07-27T23:10:00+00:00,-0.09629838137872415,0.0,162,162,0.4427058295037221,0.5400813591768365,0.5,1,0.3105767924691345,0.21152515617662604,0.25
823839,2026-07-27,2026,Miami Marlins,Philadelphia Phillies,2026-07-27T17:00:00+00:00,2026-07-27T22:40:00+00:00,-0.02515724134627295,0.0,162,162,0.5156554700072936,0.5400813591768365,0.3681710213776722,1,0.23458962373385567,0.21152515617662604,0.39920785822693394
824001,2026-07-27,2026,Los Angeles Angels,Houston Astros,2026-07-27T17:00:00+00:00,2026-07-28T01:38:00+00:00,-0.05638484314546588,0.0,162,162,0.4835319024310532,0.5400813591768365,0.49234693877551017,0,0.23380310066859356,0.2916878745302991,0.24240550812161596
824245,2026-07-27,2026,Detroit Tigers,Baltimore Orioles,2026-07-27T17:00:00+00:00,2026-07-27T22:40:00+00:00,0.029526022623995396,0.0,162,162,0.5714400097704402,0.5400813591768365,0.5216284987277354,0,0.32654368476644074,0.2916878745302991,0.27209629068495106
824570,2026-07-27,2026,Chicago White Sox,New York Yankees,2026-07-27T17:00:00+00:00,2026-07-27T23:40:00+00:00,-0.03560203910419257,0.0,162,162,0.5049122514645583,0.5400813591768365,0.4239401496259351,0,0.2549363816790094,0.2916878745302991,0.17972525046486026
822703,2026-07-28,2026,Washington Nationals,Toronto Blue Jays,2026-07-28T17:00:00+00:00,2026-07-28T22:45:00+00:00,0.004055675115386126,0.0,162,162,0.5455950121964722,0.5400813591768365,0.5603015075376885,1,0.20648389294072422,0.21152515617662604,0.19333476427362942
822949,2026-07-28,2026,Tampa Bay Rays,Texas Rangers,2026-07-28T17:00:00+00:00,2026-07-28T22:40:00+00:00,-0.011120289984086373,1.0,162,162,0.5022692099388475,0.5400813591768365,0.6092233009708737,0,0.25227435925259406,0.2916878745302991,0.3711530304458478
823026,2026-07-28,2026,St. Louis Cardinals,Chicago Cubs,2026-07-28T17:00:00+00:00,2026-07-28T23:45:00+00:00,-0.042428686260508386,0.0,162,162,0.4978874866858976,0.5400813591768365,0.4872448979591837,0,0.24789194939839987,0.2916878745302991,0.23740759058725533
823193,2026-07-28,2026,San Francisco Giants,Milwaukee Brewers,2026-07-28T17:00:00+00:00,2026-07-29T01:45:00+00:00,-0.06706469520453484,0.0,162,162,0.4725634698818906,0.5400813591768365,0.42144638403990026,0,0.2233162330668125,0.2916878745302991,0.1776170546203071
823275,2026-07-28,2026,San Diego Padres,Colorado Rockies,2026-07-28T17:00:00+00:00,2026-07-29T01:40:00+00:00,0.08016187559373728,0.0,162,162,0.6215553903269393,0.5400813591768365,0.6574712643678161,1,0.14322032259059528,0.21152515617662604,0.11732593473378253
823350,2026-07-28,2026,Pittsburgh Pirates,Arizona Diamondbacks,2026-07-28T17:00:00+00:00,2026-07-28T22:40:00+00:00,0.04025077173031061,0.0,162,162,0.5822152383244862,0.5400813591768365,0.5114503816793893,0,0.33897458373723827,0.2916878745302991,0.261581492919993
823676,2026-07-28,2026,Minnesota Twins,Kansas City Royals,2026-07-28T17:00:00+00:00,2026-07-28T23:40:00+00:00,0.020234578853986496,0.0,162,162,0.5620493634015028,0.5400813591768365,0.6192771084337348,1,0.19180076009702896,0.21152515617662604,0.1449499201625781
823838,2026-07-28,2026,Miami Marlins,Philadelphia Phillies,2026-07-28T17:00:00+00:00,2026-07-28T22:40:00+00:00,-0.021530801751466877,0.0,162,162,0.5193826451880639,0.5400813591768365,0.5089058524173028,1,0.2309930417464225,0.21152515617662604,0.24117346178997598
823923,2026-07-28,2026,Los Angeles Dodgers,Seattle Mariners,2026-07-28T17:00:00+00:00,2026-07-29T02:10:00+00:00,0.10253147379226046,1.0,162,162,0.6170128873172294,0.5400813591768365,0.6294536817102138,0,0.380704903115544,0.2916878745302991,0.3962119374185431
824003,2026-07-28,2026,Los Angeles Angels,Houston Astros,2026-07-28T17:00:00+00:00,2026-07-29T01:38:00+00:00,-0.058936714969545057,0.0,162,162,0.4809092348388627,0.5400813591768365,0.49744897959183665,0,0.2312736921533004,0.2916878745302991,0.24745548729695951
824243,2026-07-28,2026,Detroit Tigers,Baltimore Orioles,2026-07-28T17:00:00+00:00,2026-07-28T22:40:00+00:00,0.027236026436295357,0.0,162,162,0.5691300669443362,0.5400813591768365,0.575,1,0.1856488992113922,0.21152515617662604,0.18062500000000004
824489,2026-07-28,2026,Cincinnati Reds,Cleveland Guardians,2026-07-28T17:00:00+00:00,2026-07-28T23:10:00+00:00,-0.05608588700019029,0.0,162,162,0.4838392145836912,0.5400813591768365,0.5945945945945945,1,0.26642195640158084,0.21152515617662604,0.16435354273192118
824490,2026-07-28,2026,Cincinnati Reds,Cleveland Guardians,2026-07-28T17:00:00+00:00,2026-07-28T17:40:00+00:00,-0.05608588700019029,0.0,162,162,0.4838392145836912,0.5400813591768365,0.4582278481012658,0,0.2341003855689632,0.2916878745302991,0.20997276077551674
824569,2026-07-28,2026,Chicago White Sox,New York Yankees,2026-07-28T17:00:00+00:00,2026-07-28T23:40:00+00:00,-0.04269615151294015,0.0,162,162,0.4976122581618774,0.5400813591768365,0.47328244274809167,0,0.2476179594729629,0.2916878745302991,0.22399627061360067
822702,2026-07-29,2026,Washington Nationals,Toronto Blue Jays,2026-07-29T17:00:00+00:00,2026-07-29T17:05:00+00:00,-0.0015130605492097993,0.0,162,162,0.5399064822355626,0.5400813591768365,0.47715736040609136,0,0.29149900955997987,0.2916878745302991,0.22767914658970856
822947,2026-07-29,2026,Tampa Bay Rays,Texas Rangers,2026-07-29T17:00:00+00:00,2026-07-29T22:40:00+00:00,-0.013907333779431319,0.0,162,162,0.5272103538551567,0.5400813591768365,0.57356608478803,1,0.22353004950176616,0.21152515617662604,0.18184588404300966
823022,2026-07-29,2026,St. Louis Cardinals,Chicago Cubs,2026-07-29T17:00:00+00:00,2026-07-29T23:45:00+00:00,-0.05113401026030029,0.0,162,162,0.4889311021761925,0.5400813591768365,0.49489795918367346,1,0.2611914183228414,0.21152515617662604,0.25512807163681794
823192,2026-07-29,2026,San Francisco Giants,Milwaukee Brewers,2026-07-29T17:00:00+00:00,2026-07-29T19:45:00+00:00,-0.07487650856138245,0.0,162,162,0.4645567114990893,0.5400813591768365,0.48979591836734687,1,0.2866995152006695,0.21152515617662604,0.26030820491461903
823273,2026-07-29,2026,San Diego Padres,Colorado Rockies,2026-07-29T17:00:00+00:00,2026-07-29T20:10:00+00:00,0.08058905747754158,0.0,162,162,0.6219689107184391,0.5400813591768365,0.6014669926650367,1,0.1429075044634035,0.21152515617662604,0.15882855793544995
823596,2026-07-29,2026,New York Mets,Atlanta Braves,2026-07-29T17:00:00+00:00,2026-07-29T17:10:00+00:00,-0.08519113723580218,0.0,162,162,0.4540132670934887,0.5400813591768365,0.49234693877551017,1,0.29810151250992617,0.21152515617662604,0.2577116305705956
823598,2026-07-29,2026,New York Mets,Atlanta Braves,2026-07-29T17:00:00+00:00,2026-07-29T23:10:00+00:00,-0.08519113723580218,0.0,162,162,0.4540132670934887,0.5400813591768365,0.4193548387096774,0,0.20612804669690352,0.2916878745302991,0.17585848074921953
823677,2026-07-29,2026,Minnesota Twins,Kansas City Royals,2026-07-29T17:00:00+00:00,2026-07-29T23:40:00+00:00,0.021087478254849468,0.0,162,162,0.5629133306130532,0.5400813591768365,0.6448598130841121,0,0.3168714177818805,0.2916878745302991,0.415844178530876
823924,2026-07-29,2026,Los Angeles Dodgers,Seattle Mariners,2026-07-29T17:00:00+00:00,2026-07-30T02:10:00+00:00,0.1042468967811539,0.0,162,162,0.6445788445092445,0.5400813591768365,0.6058394160583942,1,0.12632419777038378,0.21152515617662604,0.15536256593318767
824002,2026-07-29,2026,Los Angeles Angels,Houston Astros,2026-07-29T17:00:00+00:00,2026-07-30T01:38:00+00:00,-0.05887292672601485,0.0,162,162,0.480974780524025,0.5400813591768365,0.4545454545454545,0,0.231336739500134,0.2916878745302991,0.2066115702479338
824242,2026-07-29,2026,Detroit Tigers,Baltimore Orioles,2026-07-29T17:00:00+00:00,2026-07-29T17:10:00+00:00,0.04005757825343875,0.0,162,162,0.5820217958389192,0.5400813591768365,0.6327014218009479,0,0.3387493708315606,0.2916878745302991,0.400311089148941
824487,2026-07-29,2026,Cincinnati Reds,Cleveland Guardians,2026-07-29T17:00:00+00:00,2026-07-29T23:10:00+00:00,-0.0517435719516639,0.0,162,162,0.4883041601792418,0.5400813591768365,0.4483627204030227,0,0.23844095284835462,0.2916878745302991,0.20102912904719913
824567,2026-07-29,2026,Chicago White Sox,New York Yankees,2026-07-29T17:00:00+00:00,2026-07-29T23:40:00+00:00,-0.04154660222647277,0.0,162,162,0.49879518168225423,0.5400813591768365,0.42750000000000005,1,0.25120626990492456,0.21152515617662604,0.32775625
823023,2026-07-30,2026,St. Louis Cardinals,Chicago Cubs,2026-07-30T17:00:00+00:00,2026-07-30T18:15:00+00:00,-0.05083771433298079,0.0,162,162,0.4892358590273721,0.5400813591768365,0.5114503816793893,0,0.2393517257582507,0.2916878745302991,0.261581492919993
823271,2026-07-30,2026,San Diego Padres,San Francisco Giants,2026-07-30T17:00:00+00:00,2026-07-31T01:40:00+00:00,0.01051921475503137,0.0,162,162,0.5521826039338813,0.5400813591768365,0.5831265508684863,0,0.3049056280872016,0.2916878745302991,0.34003657432777734
823595,2026-07-30,2026,New York Mets,Miami Marlins,2026-07-30T17:00:00+00:00,2026-07-30T23:10:00+00:00,-0.004102327885121604,0.0,162,162,0.5372578780597338,0.5400813591768365,0.5380710659898477,1,0.2141302714177802,0.21152515617662604,0.21337834007575568
823674,2026-07-30,2026,Minnesota Twins,Kansas City Royals,2026-07-30T17:00:00+00:00,2026-07-30T17:40:00+00:00,0.019306827400936755,0.0,162,162,0.5611091454746159,0.5400813591768365,0.5516372795969774,1,0.1926251821860219,0.21152515617662604,0.20102912904719902
823921,2026-07-30,2026,Los Angeles Dodgers,Seattle Mariners,2026-07-30T17:00:00+00:00,2026-07-31T02:10:00+00:00,0.10861172520710133,0.0,162,162,0.6486841272254514,0.5400813591768365,0.5935960591133005,1,0.1234228424633428,0.21152515617662604,0.16516416316823995
824488,2026-07-30,2026,Cincinnati Reds,Pittsburgh Pirates,2026-07-30T17:00:00+00:00,2026-07-30T23:10:00+00:00,-0.05081049713999691,0.0,162,162,0.4892638538298023,0.5400813591768365,0.48469387755102045,1,0.26085141100478554,0.21152515617662604,0.2655403998334027
824568,2026-07-30,2026,Chicago White Sox,New York Yankees,2026-07-30T17:00:00+00:00,2026-07-30T18:10:00+00:00,-0.03958343601012526,0.0,162,162,0.5008153673878086,0.5400813591768365,0.5139949109414759,1,0.24918529743616846,0.21152515617662604,0.23620094659078397
824894,2026-07-30,2026,Atlanta Braves,Washington Nationals,2026-07-30T17:00:00+00:00,2026-07-30T23:15:00+00:00,0.07354235167228168,0.0,162,162,0.6151252919264707,0.5400813591768365,0.5841584158415841,1,0.14812854091468441,0.21152515617662604,0.1729242231153809
822782,2026-07-31,2026,Toronto Blue Jays,St. Louis Cardinals,2026-07-31T17:00:00+00:00,2026-07-31T23:07:00+00:00,0.016889232179544467,1.0,162,162,0.5310523028571225,0.5400813591768365,0.6350710900473934,1,0.21991194265560798,0.21152515617662604,0.13317310931919768
822945,2026-07-31,2026,Tampa Bay Rays,Chicago White Sox,2026-07-31T17:00:00+00:00,2026-07-31T23:10:00+00:00,-0.024521055164195393,0.0,162,162,0.5163094659863183,0.5400813591768365,0.5664160401002506,0,0.2665754646670772,0.2916878745302991,0.32082713048284867
823111,2026-07-31,2026,Seattle Mariners,Minnesota Twins,2026-07-31T17:00:00+00:00,2026-08-01T02:10:00+00:00,0.006493282434111236,0.0,162,162,0.548081405440952,0.5400813591768365,0.6004901960784313,0,0.30039322699012916,0.2916878745302991,0.3605884755863129
823272,2026-07-31,2026,San Diego Padres,San Francisco Giants,2026-07-31T17:00:00+00:00,2026-08-01T01:45:00+00:00,0.009683667343330427,0.0,162,162,0.5513320004236169,0.5400813591768365,0.5760598503740648,1,0.20130297384387336,0.21152515617662604,0.17972525046486032
823593,2026-07-31,2026,New York Mets,Miami Marlins,2026-07-31T17:00:00+00:00,2026-07-31T23:10:00+00:00,-0.004890536434745241,0.0,162,162,0.536451181959999,0.5400813591768365,0.5367088607594936,0,0.2877798706262799,0.2916878745302991,0.28805640121775355
823922,2026-07-31,2026,Los Angeles Dodgers,Boston Red Sox,2026-07-31T17:00:00+00:00,2026-08-01T02:10:00+00:00,0.08097717846541097,0.0,162,162,0.6223444656629729,0.5400813591768365,0.5443037974683544,0,0.3873126339413312,0.2916878745302991,0.2962666239384714
823999,2026-07-31,2026,Los Angeles Angels,Milwaukee Brewers,2026-07-31T17:00:00+00:00,2026-08-01T01:38:00+00:00,-0.12481685545654225,0.0,162,162,0.4139705914187976,0.5400813591768365,0.3995098039215686,0,0.17137165055962908,0.2916878745302991,0.15960808342945018
824164,2026-07-31,2026,Houston Astros,Texas Rangers,2026-07-31T17:00:00+00:00,2026-08-01T00:15:00+00:00,-0.01819060166271802,1.0,162,162,0.4949937153680423,0.5400813591768365,0.5392405063291139,1,0.2550313475177738,0.21152515617662604,0.21229931100785132
824325,2026-07-31,2026,Colorado Rockies,Kansas City Royals,2026-07-31T17:00:00+00:00,2026-08-01T00:40:00+00:00,-0.02994417373534841,1.0,162,162,0.4829052447237792,0.5400813591768365,0.49234693877551017,1,0.2673869859341747,0.21152515617662604,0.2577116305705956
824407,2026-07-31,2026,Cleveland Guardians,Arizona Diamondbacks,2026-07-31T17:00:00+00:00,2026-07-31T23:10:00+00:00,0.03609006882717447,0.0,162,162,0.5780436730571402,0.5400813591768365,0.5639097744360902,0,0.33413448796139,0.2916878745302991,0.3179942337045622
824486,2026-07-31,2026,Cincinnati Reds,Pittsburgh Pirates,2026-07-31T17:00:00+00:00,2026-07-31T22:10:00+00:00,-0.050470156248039244,0.0,162,162,0.48961392406848053,0.5400813591768365,0.46446700507614214,1,0.2604939465047748,0.21152515617662604,0.2867955886521168
824651,2026-07-31,2026,Chicago Cubs,New York Yankees,2026-07-31T17:00:00+00:00,2026-07-31T18:20:00+00:00,-0.02491698313067614,0.0,162,162,0.5159024605852469,0.5400813591768365,0.5925925925925927,0,0.26615534883791225,0.2916878745302991,0.3511659807956105
824809,2026-07-31,2026,Baltimore Orioles,Philadelphia Phillies,2026-07-31T17:00:00+00:00,2026-07-31T23:05:00+00:00,-0.028790570259237647,0.0,162,162,0.5119194670438659,0.5400813591768365,0.5178571428571429,1,0.23822260665074388,0.21152515617662604,0.23246173469387751
824892,2026-07-31,2026,Atlanta Braves,Washington Nationals,2026-07-31T17:00:00+00:00,2026-07-31T23:15:00+00:00,0.07374106291472066,0.0,162,162,0.6153189159978828,0.5400813591768365,0.5216284987277354,1,0.14797953638904396,0.21152515617662604,0.22883929322948024
822781,2026-08-01,2026,Toronto Blue Jays,St. Louis Cardinals,2026-08-01T17:00:00+00:00,2026-08-01T19:07:00+00:00,0.016039372157137577,0.0,162,162,0.5577943332573893,0.5400813591768365,0.5980392156862746,1,0.1955458516992769,0.21152515617662604,0.16157247212610526
822944,2026-08-01,2026,Tampa Bay Rays,Chicago White Sox,2026-08-01T17:00:00+00:00,2026-08-01T20:10:00+00:00,-0.03087062539526586,0.0,162,162,0.5097800053338131,0.5400813591768365,0.6048780487804878,1,0.24031564317051635,0.21152515617662604,0.15612135633551458
823109,2026-08-01,2026,Seattle Mariners,Minnesota Twins,2026-08-01T17:00:00+00:00,2026-08-01T20:10:00+00:00,0.00017624170118057947,0.0,162,162,0.5416332925828147,0.5400813591768365,0.6048780487804878,1,0.21010003846847158,0.21152515617662604,0.15612135633551458
823269,2026-08-01,2026,San Diego Padres,San Francisco Giants,2026-08-01T17:00:00+00:00,2026-08-02T00:40:00+00:00,0.012297929912796046,0.0,162,162,0.5539923478461899,0.5400813591768365,0.5760598503740648,1,0.19892282577975406,0.21152515617662604,0.17972525046486032
823594,2026-08-01,2026,New York Mets,Miami Marlins,2026-08-01T17:00:00+00:00,2026-08-01T20:10:00+00:00,-0.007185090857252718,0.0,162,162,0.5341017372446263,0.5400813591768365,0.5468354430379747,0,0.2852646657277278,0.2916878745302991,0.2990290017625381
823920,2026-08-01,2026,Los Angeles Dodgers,Boston Red Sox,2026-08-01T17:00:00+00:00,2026-08-02T01:10:00+00:00,0.0750546798409566,0.0,162,162,0.6165979819260926,0.5400813591768365,0.6039119804400979,0,0.38019307131533003,0.2916878745302991,0.36470968011908117
824000,2026-08-01,2026,Los Angeles Angels,Milwaukee Brewers,2026-08-01T17:00:00+00:00,2026-08-02T01:38:00+00:00,-0.12850638148484472,0.0,162,162,0.41029117473175436,0.5400813591768365,0.4707379134860051,0,0.16833884806276297,0.2916878745302991,0.2215941831931576
824162,2026-08-01,2026,Houston Astros,Texas Rangers,2026-08-01T17:00:00+00:00,2026-08-01T23:10:00+00:00,-0.008425380334288357,0.0,162,162,0.5328311406595951,0.5400813591768365,0.46329113924050636,1,0.218246743137415,0.21152515617662604,0.28805640121775355
824326,2026-08-01,2026,Colorado Rockies,Kansas City Royals,2026-08-01T17:00:00+00:00,2026-08-02T00:10:00+00:00,-0.025457270213077476,0.0,162,162,0.5153470231982782,0.5400813591768365,0.5241730279898218,1,0.2348885079227703,0.21152515617662604,0.2264113072923749
824405,2026-08-01,2026,Cleveland Guardians,Arizona Diamondbacks,2026-08-01T17:00:00+00:00,2026-08-01T23:15:00+00:00,0.03331311299774398,0.0,162,162,0.5752532191021457,0.5400813591768365,0.6183574879227054,0,0.33091626608738123,0.2916878745302991,0.3823659828700787
824485,2026-08-01,2026,Cincinnati Reds,Pittsburgh Pirates,2026-08-01T17:00:00+00:00,2026-08-01T22:40:00+00:00,-0.051106214523428894,0.0,162,162,0.48895969129226574,0.5400813591768365,0.46700507614213205,0,0.2390815797086278,0.2916878745302991,0.21809374114251856
824649,2026-08-01,2026,Chicago Cubs,New York Yankees,2026-08-01T17:00:00+00:00,2026-08-01T23:15:00+00:00,-0.029003139741831996,0.0,162,162,0.5117008452676876,0.5400813591768365,0.5204081632653061,1,0.23843606451229082,0.21152515617662604,0.23000832986255726
824808,2026-08-01,2026,Baltimore Orioles,Philadelphia Phillies,2026-08-01T17:00:00+00:00,2026-08-01T23:05:00+00:00,-0.021407076330690666,0.0,162,162,0.5195097717775173,0.5400813591768365,0.42750000000000005,0,0.26989040297232814,0.2916878745302991,0.18275625000000004
824890,2026-08-01,2026,Atlanta Braves,Washington Nationals,2026-08-01T17:00:00+00:00,2026-08-01T23:15:00+00:00,0.07833136026563331,0.0,162,162,0.6197814202425825,0.5400813591768365,0.6058394160583942,1,0.14456616839274763,0.21152515617662604,0.15536256593318767
822783,2026-08-02,2026,Toronto Blue Jays,St. Louis Cardinals,2026-08-02T17:00:00+00:00,2026-08-02T17:37:00+00:00,0.017428794608676912,0.0,162,162,0.5592045402884935,0.5400813591768365,0.5505050505050506,0,0.3127097178792654,0.2916878745302991,0.30305581063156833
822943,2026-08-02,2026,Tampa Bay Rays,Chicago White Sox,2026-08-02T17:00:00+00:00,2026-08-02T17:40:00+00:00,-0.02979397859703392,0.0,162,162,0.5108874509496355,0.5400813591768365,0.57,0,0.26100598753781623,0.2916878745302991,0.32489999999999997
823107,2026-08-02,2026,Seattle Mariners,Minnesota Twins,2026-08-02T17:00:00+00:00,2026-08-02T20:10:00+00:00,0.0009517762734978508,0.0,162,162,0.5424257142937279,0.5400813591768365,0.5577889447236182,1,0.20937422693960514,0.21152515617662604,0.19555061740865123
823270,2026-08-02,2026,San Diego Padres,San Francisco Giants,2026-08-02T17:00:00+00:00,2026-08-02T20:10:00+00:00,0.012274617863976434,0.0,162,162,0.5539686382782656,0.5400813591768365,0.5831265508684863,1,0.19894397563934468,0.21152515617662604,0.17378347259080473
823592,2026-08-02,2026,New York Mets,Miami Marlins,2026-08-02T17:00:00+00:00,2026-08-02T17:40:00+00:00,-0.012294574743181852,0.0,162,162,0.5288647374166814,0.5400813591768365,0.4783715012722647,0,0.27969791048281534,0.2916878745302991,0.22883929322948032
823919,2026-08-02,2026,Los Angeles Dodgers,Boston Red Sox,2026-08-02T17:00:00+00:00,2026-08-02T23:20:00+00:00,0.07525111604365375,0.0,162,162,0.6167891132763228,0.5400813591768365,0.6201923076923077,0,0.3804288102561926,0.2916878745302991,0.3846384985207101
823996,2026-08-02,2026,Los Angeles Angels,Milwaukee Brewers,2026-08-02T17:00:00+00:00,2026-08-02T19:15:00+00:00,-0.12719087988766498,0.0,162,162,0.41160194325830485,0.5400813591768365,0.3295711060948081,1,0.34621227317740305,0.21152515617662604,0.44947490178293903
824163,2026-08-02,2026,Houston Astros,Texas Rangers,2026-08-02T17:00:00+00:00,2026-08-02T18:10:00+00:00,-0.007537039586223926,0.0,162,162,0.5337412327093402,0.5400813591768365,0.5516372795969774,1,0.2173972380754057,0.21152515617662604,0.20102912904719902
824323,2026-08-02,2026,Colorado Rockies,Kansas City Royals,2026-08-02T17:00:00+00:00,2026-08-02T19:10:00+00:00,-0.021833037483901085,0.0,162,162,0.5190720905802014,0.5400813591768365,0.5367088607594936,1,0.23129165405889798,0.21152515617662604,0.21463867969876624
824404,2026-08-02,2026,Cleveland Guardians,Arizona Diamondbacks,2026-08-02T17:00:00+00:00,2026-08-02T17:40:00+00:00,0.032213737229117745,0.0,162,162,0.5741471624757014,0.5400813591768365,0.6092233009708737,1,0.18135063922749664,0.21152515617662604,0.15270642850410032
824483,2026-08-02,2026,Cincinnati Reds,Pittsburgh Pirates,2026-08-02T17:00:00+00:00,2026-08-02T17:40:00+00:00,-0.054550833779717034,0.0,162,162,0.48541736096016325,0.5400813591768365,0.5603015075376885,1,0.26479529240120286,0.21152515617662604,0.19333476427362942
824648,2026-08-02,2026,Chicago Cubs,New York Yankees,2026-08-02T17:00:00+00:00,2026-08-02T18:20:00+00:00,-0.031140990103143196,0.0,162,162,0.5095018910012704,0.5400813591768365,0.4809160305343511,0,0.25959217693387043,0.2916878745302991,0.23128022842491694
824807,2026-08-02,2026,Baltimore Orioles,Philadelphia Phillies,2026-08-02T17:00:00+00:00,2026-08-02T17:35:00+00:00,-0.026722394650572134,0.0,162,162,0.5140462771966782,0.5400813591768365,0.42750000000000005,0,0.2642435750997641,0.2916878745302991,0.18275625000000004
824891,2026-08-02,2026,Atlanta Braves,Washington Nationals,2026-08-02T17:00:00+00:00,2026-08-02T17:35:00+00:00,0.08184442022480748,0.0,162,162,0.6231830980789659,0.5400813591768365,0.547979797979798,1,0.14199097757336623,0.21152515617662604,0.20432226303438422
822867,2026-08-03,2026,Texas Rangers,San Francisco Giants,2026-08-03T17:00:00+00:00,2026-08-04T00:05:00+00:00,0.01498728319342435,0.0,162,162,0.556725884328544,0.5400813591768365,0.5292620865139949,0,0.30994371028139933,0.2916878745302991,0.2801183562211474
823431,2026-08-03,2026,Philadelphia Phillies,Washington Nationals,2026-08-03T17:00:00+00:00,2026-08-03T22:40:00+00:00,0.012862014995336013,0.0,162,162,0.5545659766153229,0.5400813591768365,0.597051597051597,1,0.19841146918866104,0.21152515617662604,0.1623674154386685
823520,2026-08-03,2026,New York Yankees,St. Louis Cardinals,2026-08-03T17:00:00+00:00,2026-08-03T23:05:00+00:00,0.07748020383133969,0.0,162,162,0.6189554621875509,0.5400813591768365,0.6643835616438356,0,0.3831058641718048,0.2916878745302991,0.4414055169825483
823757,2026-08-03,2026,Milwaukee Brewers,Pittsburgh Pirates,2026-08-03T17:00:00+00:00,2026-08-03T23:40:00+00:00,0.0410804798899681,0.0,162,162,0.5830457276347238,0.5400813591768365,0.5760598503740648,0,0.3399423205131046,0.2916878745302991,0.33184495121298996
824160,2026-08-03,2026,Houston Astros,Toronto Blue Jays,2026-08-03T17:00:00+00:00,2026-08-04T00:10:00+00:00,-0.0036327759598137055,0.0,162,162,0.5377383509782121,0.5400813591768365,0.5468354430379747,0,0.2891625341127668,0.2916878745302991,0.2990290017625381
824324,2026-08-03,2026,Colorado Rockies,Tampa Bay Rays,2026-08-03T17:00:00+00:00,2026-08-04T00:40:00+00:00,-0.05310218271512229,0.0,162,162,0.4869069469312677,0.5400813591768365,0.3941605839416058,0,0.2370783749699283,0.2916878745302991,0.15536256593318767
824647,2026-08-03,2026,Chicago Cubs,Los Angeles Dodgers,2026-08-03T17:00:00+00:00,2026-08-04T00:05:00+00:00,-0.055501885368097637,0.0,162,162,0.4844395744672045,0.5400813591768365,0.4681933842239186,1,0.2658025523755571,0.21152515617662604,0.28281827658320874
825095,2026-08-03,2026,Arizona Diamondbacks,San Diego Padres,2026-08-03T17:00:00+00:00,2026-08-04T01:40:00+00:00,-0.031012564257918263,0.0,162,162,0.5096339987369335,0.5400813591768365,0.5204081632653061,1,0.24045881519472975,0.21152515617662604,0.23000832986255726
822865,2026-08-04,2026,Texas Rangers,San Francisco Giants,2026-08-04T23:51:01.822983+00:00,2026-08-05T00:06:00Z,0.011444429108007692,0.0,162,162,0.5531241337738971,0.5400813591768365,0.6391509433962265,1,0.1996980398153298,0.21152515617662604,0.13021204165183337
823108,2026-08-04,2026,Seattle Mariners,Detroit Tigers,2026-08-05T00:51:01.967770+00:00,2026-08-05T01:41:00Z,-0.04058625143679312,0.0,162,162,0.4997834247070867,0.5400813591768365,0.5392405063291139,0,0.2497834716119442,0.2916878745302991,0.29078032366607914
823432,2026-08-04,2026,Philadelphia Phillies,Washington Nationals,2026-08-04T21:51:01.434186+00:00,2026-08-04T22:40:00Z,0.010333115623041678,0.0,162,162,0.5519931776509243,0.5400813591768365,0.7406679764243614,1,0.20071011287131632,0.21152515617662604,0.06725309845183555
823517,2026-08-04,2026,New York Yankees,St. Louis Cardinals,2026-08-04T22:51:01.774956+00:00,2026-08-04T23:06:00Z,0.07135490224084146,0.0,162,162,0.6129914446797624,0.5400813591768365,0.6519721577726217,1,0.1497756218910574,0.21152515617662604,0.1211233789654449
823756,2026-08-04,2026,Milwaukee Brewers,Pittsburgh Pirates,2026-08-04T22:51:01.774956+00:00,2026-08-04T23:40:00Z,0.03682493561574662,0.0,162,162,0.5787812864654313,0.5400813591768365,0.57356608478803,1,0.1774252046317171,0.21152515617662604,0.18184588404300966
824084,2026-08-04,2026,Kansas City Royals,Minnesota Twins,2026-08-04T21:51:01.434186+00:00,2026-08-04T23:41:00Z,-0.02427448508434482,0.0,162,162,0.5165629238064555,0.5400813591768365,0.4228855721393035,1,0.23371140663856294,0.21152515617662604,0.3330610628449791
824161,2026-08-04,2026,Houston Astros,Toronto Blue Jays,2026-08-04T23:51:01.822983+00:00,2026-08-05T00:10:00Z,-0.002718985360314674,0.0,162,162,0.5386731931101381,0.5400813591768365,0.5664160401002506,1,0.21282242275519597,0.21152515617662604,0.1879950502823475
824321,2026-08-04,2026,Colorado Rockies,Tampa Bay Rays,2026-08-04T23:51:01.822983+00:00,2026-08-05T00:41:00Z,-0.05575851698638079,0.0,162,162,0.48417574880241715,0.5400813591768365,0.3864734299516908,0,0.23442615572838135,0.2916878745302991,0.14936171205862447
824403,2026-08-04,2026,Cleveland Guardians,New York Mets,2026-08-04T21:51:01.434186+00:00,2026-08-04T22:40:00Z,0.037590760824892155,0.0,162,162,0.5795495999709186,0.5400813591768365,0.5491183879093199,0,0.3358777388264518,0.2916878745302991,0.3015310039401303
824484,2026-08-04,2026,Cincinnati Reds,Athletics,2026-08-04T20:51:01.900523+00:00,2026-08-04T22:40:00Z,0.026480381057810864,0.0,162,162,0.5683671738886417,0.5400813591768365,0.547979797979798,1,0.1863068965768781,0.21152515617662604,0.20432226303438422
824645,2026-08-04,2026,Chicago Cubs,Los Angeles Dodgers,2026-08-04T22:51:01.774956+00:00,2026-08-05T00:06:00Z,-0.0492718856403469,0.0,162,162,0.4908465284930594,0.5400813591768365,0.3672985781990522,1,0.25923725754756893,0.21152515617662604,0.40031108914894087
824731,2026-08-04,2026,Boston Red Sox,Chicago White Sox,2026-08-04T22:51:01.774956+00:00,2026-08-04T23:11:00Z,-0.004366843109714358,0.0,162,162,0.5369871801234005,0.5400813591768365,0.5771144278606966,1,0.21438087137008036,0.21152515617662604,0.17883220712358602
824805,2026-08-04,2026,Baltimore Orioles,Los Angeles Angels,2026-08-04T21:51:01.434186+00:00,2026-08-04T22:36:00Z,0.033647407602057366,0.0,162,162,0.5755893963777905,0.5400813591768365,0.57356608478803,1,0.18012436046696823,0.21152515617662604,0.18184588404300966
824888,2026-08-04,2026,Atlanta Braves,Miami Marlins,2026-08-04T22:51:01.774956+00:00,2026-08-04T23:16:00Z,0.08188363595968962,0.0,162,162,0.6232210027412859,0.5400813591768365,0.5831265508684863,1,0.1419624127752821,0.21152515617662604,0.17378347259080473
825054,2026-08-04,2026,Arizona Diamondbacks,San Diego Padres,2026-08-05T00:51:01.967770+00:00,2026-08-05T01:41:00Z,-0.026793801264705652,0.0,162,162,0.513972854178586,0.5400813591768365,0.5329949238578681,0,0.264168094832482,0.2916878745302991,0.2840835888582546
823429,2026-08-05,2026,Philadelphia Phillies,Washington Nationals,2026-08-05T22:51:02.123868+00:00,2026-08-05T23:05:00Z,0.010333115623041678,0.0,162,162,0.5519931776509243,0.5400813591768365,0.6480186480186481,0,0.3046964681731648,0.2916878745302991,0.41992816817991646
823516,2026-08-05,2026,New York Yankees,St. Louis Cardinals,2026-08-05T23:51:01.872553+00:00,2026-08-06T00:05:00Z,0.07135490224084146,0.0,162,162,0.6129914446797624,0.5400813591768365,0.5876543209876544,0,0.37575851125058224,0.2916878745302991,0.3453376009754611
824082,2026-08-05,2026,Kansas City Royals,Minnesota Twins,2026-08-05T22:51:02.123868+00:00,2026-08-05T23:41:00Z,-0.02427448508434482,0.0,162,162,0.5165629238064555,0.5400813591768365,0.5267175572519084,1,0.23371140663856294,0.21152515617662604,0.2239962706136006
824158,2026-08-05,2026,Houston Astros,Toronto Blue Jays,2026-08-05T17:51:02.495471+00:00,2026-08-05T18:10:00Z,-0.002718985360314674,0.0,162,162,0.5386731931101381,0.5400813591768365,0.6689342403628117,0,0.2901688089754721,0.2916878745302991,0.4474730179297719
824322,2026-08-05,2026,Colorado Rockies,Tampa Bay Rays,2026-08-05T18:51:02.331738+00:00,2026-08-05T19:11:00Z,-0.05575851698638079,0.0,162,162,0.48417574880241715,0.5400813591768365,0.4054054054054054,0,0.23442615572838135,0.2916878745302991,0.16435354273192107
824402,2026-08-05,2026,Cleveland Guardians,New York Mets,2026-08-05T18:51:02.331738+00:00,2026-08-05T22:40:00Z,0.037590760824892155,0.0,162,162,0.5795495999709186,0.5400813591768365,0.5076530612244898,0,0.3358777388264518,0.2916878745302991,0.2577116305705956
824646,2026-08-05,2026,Chicago Cubs,Los Angeles Dodgers,2026-08-05T17:51:02.495471+00:00,2026-08-05T18:21:00Z,-0.0492718856403469,0.0,162,162,0.4908465284930594,0.5400813591768365,0.5228426395939086,1,0.25923725754756893,0.21152515617662604,0.22767914658970856
824728,2026-08-05,2026,Boston Red Sox,Chicago White Sox,2026-08-05T22:51:02.123868+00:00,2026-08-05T23:11:00Z,-0.004366843109714358,0.0,162,162,0.5369871801234005,0.5400813591768365,0.57356608478803,1,0.21438087137008036,0.21152515617662604,0.18184588404300966
824806,2026-08-05,2026,Baltimore Orioles,Los Angeles Angels,2026-08-05T21:51:02.634017+00:00,2026-08-05T22:36:00Z,0.033647407602057366,0.0,162,162,0.5755893963777905,0.5400813591768365,0.5628140703517588,1,0.18012436046696823,0.21152515617662604,0.1911315370823969
824889,2026-08-05,2026,Atlanta Braves,Miami Marlins,2026-08-05T22:51:02.123868+00:00,2026-08-05T23:16:00Z,0.08188363595968962,0.0,162,162,0.6232210027412859,0.5400813591768365,0.5417721518987342,1,0.1419624127752821,0.21152515617662604,0.20997276077551674
