game_pk,official_date,season,home_team,away_team,corte,inicio_utc,dif_pitagorica,dif_descanso,n_previos_local,n_previos_visita,p_v1,p_tasa_base,p_mercado,resultado_local,brier_v1,brier_tasa_base,brier_mercado
778545,2025-03-27,2025,San Diego Padres,Atlanta Braves,2025-03-27T17:00:00+00:00,2025-03-27T20:10:00+00:00,-0.016322559146387694,3.0,162,162,0.3148329916050638,0.5306841046277666,0.457070707070707,1,0.4694538293928665,0.2202574096490411,0.29477221712070206
778546,2025-03-27,2025,Los Angeles Dodgers,Detroit Tigers,2025-03-27T17:00:00+00:00,2025-03-27T23:10:00+00:00,0.04015265807312729,0.0,162,162,0.5738464818912152,0.5306841046277666,0.5911330049261084,1,0.18160682099649433,0.2202574096490411,0.16717221966075368
778551,2025-03-27,2025,St. Louis Cardinals,Minnesota Twins,2025-03-27T17:00:00+00:00,2025-03-27T20:15:00+00:00,-0.018874724671785303,1.0,162,162,0.44354295467951854,0.5306841046277666,0.49234693877551017,1,0.30964444328680035,0.2202574096490411,0.2577116305705956
778552,2025-03-27,2025,Arizona Diamondbacks,Chicago Cubs,2025-03-27T17:00:00+00:00,2025-03-28T02:10:00+00:00,0.014095358166008154,0.0,162,162,0.5473557268351948,0.5306841046277666,0.5355329949238579,0,0.2995982916992844,0.2816256189045743,0.2867955886521168
778553,2025-03-27,2025,Texas Rangers,Boston Red Sox,2025-03-27T17:00:00+00:00,2025-03-27T20:05:00+00:00,-0.02010030416474129,0.0,162,162,0.5122039869332317,0.5306841046277666,0.47328244274809167,0,0.26235292423029816,0.2816256189045743,0.22399627061360067
778554,2025-03-27,2025,Chicago White Sox,Los Angeles Angels,2025-03-27T17:00:00+00:00,2025-03-27T20:10:00+00:00,-0.04334013530877562,1.0,162,162,0.4187775776751326,0.5306841046277666,0.40640394088669946,1,0.33781950421318657,0.2202574096490411,0.35235628139484093
778555,2025-03-27,2025,Washington Nationals,Philadelphia Phillies,2025-03-27T17:00:00+00:00,2025-03-27T20:05:00+00:00,-0.08831166224581388,1.0,162,162,0.37438622017231904,0.5306841046277666,0.4158415841584158,0,0.14016504185491616,0.2816256189045743,0.17292422311538083
778556,2025-03-27,2025,Toronto Blue Jays,Baltimore Orioles,2025-03-27T17:00:00+00:00,2025-03-27T19:07:00+00:00,-0.020642585220526977,-1.0,162,162,0.5810943490028426,0.5306841046277666,0.5204081632653061,0,0.33767064244303746,0.2816256189045743,0.27082465639316955
778557,2025-03-27,2025,New York Yankees,Milwaukee Brewers,2025-03-27T17:00:00+00:00,2025-03-27T19:05:00+00:00,-0.000597227848754045,-1.0,162,162,0.6010923797353335,0.5306841046277666,0.5675,1,0.1591272895052194,0.2202574096490411,0.18705625
778558,2025-03-27,2025,Kansas City Royals,Cleveland Guardians,2025-03-27T17:00:00+00:00,2025-03-27T20:10:00+00:00,0.022707279246554135,0.0,162,162,0.5561482157077269,0.5306841046277666,0.6004901960784313,0,0.3093008378348883,0.2816256189045743,0.3605884755863129
778559,2025-03-27,2025,Houston Astros,New York Mets,2025-03-27T17:00:00+00:00,2025-03-27T20:10:00+00:00,0.013448917361389645,-2.0,162,162,0.6788920046144751,0.5306841046277666,0.5355329949238579,1,0.1031103447005103,0.2202574096490411,0.21572959880440104
778561,2025-03-27,2025,Cincinnati Reds,San Francisco Giants,2025-03-27T17:00:00+00:00,2025-03-27T20:10:00+00:00,-0.046928380559081107,0.0,162,162,0.48452340377367786,0.5306841046277666,0.49744897959183665,0,0.23476292880443048,0.2816256189045743,0.24745548729695951
778562,2025-03-27,2025,Miami Marlins,Pittsburgh Pirates,2025-03-27T17:00:00+00:00,2025-03-27T20:10:00+00:00,-0.052075318579567265,-1.0,162,162,0.549216771512222,0.5306841046277666,0.43107769423558895,1,0.20320551908586423,0.2202574096490411,0.323672589996294
778518,2025-03-28,2025,Houston Astros,New York Mets,2025-03-28T17:00:00+00:00,2025-03-29T00:10:00+00:00,0.013896750669327051,0.0,162,162,0.5471525844818048,0.5306841046277666,0.5355329949238579,0,0.2993759507051186,0.2816256189045743,0.2867955886521168
778542,2025-03-28,2025,San Diego Padres,Atlanta Braves,2025-03-28T17:00:00+00:00,2025-03-29T01:40:00+00:00,-0.008862516629817407,0.0,162,162,0.5237864166861624,0.5306841046277666,0.5664160401002506,1,0.2267793769326053,0.2202574096490411,0.1879950502823475
778543,2025-03-28,2025,Arizona Diamondbacks,Chicago Cubs,2025-03-28T17:00:00+00:00,2025-03-29T01:40:00+00:00,0.016516202685942782,0.0,162,162,0.5498305592885995,0.5306841046277666,0.57,1,0.20265252535041514,0.2202574096490411,0.18490000000000004
778544,2025-03-28,2025,Los Angeles Dodgers,Detroit Tigers,2025-03-28T17:00:00+00:00,2025-03-29T02:10:00+00:00,0.03734805644790462,0.0,162,162,0.5710127359433521,0.5306841046277666,0.6651480637813212,1,0.18403007272280814,0.2202574096490411,0.11212581918939814
778548,2025-03-28,2025,Miami Marlins,Pittsburgh Pirates,2025-03-28T17:00:00+00:00,2025-03-28T23:10:00+00:00,-0.052548984745566074,0.0,162,162,0.4787305493348356,0.5306841046277666,0.42750000000000005,0,0.22918293886643348,0.2816256189045743,0.18275625000000004
778549,2025-03-28,2025,Toronto Blue Jays,Baltimore Orioles,2025-03-28T17:00:00+00:00,2025-03-28T23:07:00+00:00,-0.030822162029404465,0.0,162,162,0.5011409011919737,0.5306841046277666,0.5454545454545454,1,0.2488604004635561,0.2202574096490411,0.20661157024793392
778550,2025-03-28,2025,Texas Rangers,Boston Red Sox,2025-03-28T17:00:00+00:00,2025-03-29T00:05:00+00:00,-0.020466663244226635,0.0,162,162,0.5118261038930461,0.5306841046277666,0.49109414758269715,1,0.23831375284024306,0.2202574096490411,0.2589851666245817
778560,2025-03-28,2025,Tampa Bay Rays,Colorado Rockies,2025-03-28T17:00:00+00:00,2025-03-28T20:10:00+00:00,0.05603100203894523,1.0,162,162,0.5205960647581446,0.5306841046277666,0.6496519721577726,1,0.22982813312537712,0.2202574096490411,0.12274374061293815
778520,2025-03-29,2025,San Diego Padres,Atlanta Braves,2025-03-29T17:00:00+00:00,2025-03-29T23:15:00+00:00,-0.009737431437538024,0.0,162,162,0.5228854267799096,0.5306841046277666,0.4193548387096774,1,0.22763831597898904,0.2202574096490411,0.33714880332986474
778528,2025-03-29,2025,St. Louis Cardinals,Minnesota Twins,2025-03-29T17:00:00+00:00,2025-03-29T18:15:00+00:00,-0.017077796973314796,0.0,162,162,0.5153209961763674,0.5306841046277666,0.5025510204081632,1,0.23491373674746888,0.2202574096490411,0.24745548729695963
778529,2025-03-29,2025,Kansas City Royals,Cleveland Guardians,2025-03-29T17:00:00+00:00,2025-03-29T20:10:00+00:00,0.020676628101273575,0.0,162,162,0.5540779453368161,0.5306841046277666,0.5228426395939086,1,0.1988464788350356,0.2202574096490411,0.22767914658970856
778530,2025-03-29,2025,Houston Astros,New York Mets,2025-03-29T17:00:00+00:00,2025-03-29T23:15:00+00:00,0.012665635568086309,0.0,162,162,0.5458930111192517,0.5306841046277666,0.5241730279898218,1,0.20621315735034007,0.2202574096490411,0.2264113072923749
778531,2025-03-29,2025,Texas Rangers,Boston Red Sox,2025-03-29T17:00:00+00:00,2025-03-29T23:05:00+00:00,-0.021392679671506654,0.0,162,162,0.5108708999897645,0.5306841046277666,0.5165394402035622,1,0.23924727647682292,0.2202574096490411,0.23373411287868498
778532,2025-03-29,2025,Arizona Diamondbacks,Chicago Cubs,2025-03-29T17:00:00+00:00,2025-03-30T00:10:00+00:00,0.01704109473813309,0.0,162,162,0.5503668362346421,0.5306841046277666,0.5253807106598984,0,0.30290365442692935,0.2816256189045743,0.27602489113349993
778533,2025-03-29,2025,Los Angeles Dodgers,Detroit Tigers,2025-03-29T17:00:00+00:00,2025-03-30T01:10:00+00:00,0.042857412050461674,0.0,162,162,0.5765747586103759,0.5306841046277666,0.6621004566210046,1,0.17928893504586146,0.2202574096490411,0.1141761014157336
778534,2025-03-29,2025,Chicago White Sox,Los Angeles Angels,2025-03-29T17:00:00+00:00,2025-03-29T18:10:00+00:00,-0.03602501789484008,0.0,162,162,0.49577138945223087,0.5306841046277666,0.4054054054054054,0,0.24578927059939557,0.2816256189045743,0.16435354273192107
778535,2025-03-29,2025,Washington Nationals,Philadelphia Phillies,2025-03-29T17:00:00+00:00,2025-03-29T20:05:00+00:00,-0.08861213212191477,0.0,162,162,0.44176418493639863,0.5306841046277666,0.4054054054054054,0,0.19515559509252062,0.2816256189045743,0.16435354273192107
778536,2025-03-29,2025,Toronto Blue Jays,Baltimore Orioles,2025-03-29T17:00:00+00:00,2025-03-29T19:07:00+00:00,-0.023997149601714673,0.0,162,162,0.5081839356578182,0.5306841046277666,0.5429292929292929,0,0.25825091246066945,0.2816256189045743,0.29477221712070195
778537,2025-03-29,2025,Tampa Bay Rays,Colorado Rockies,2025-03-29T17:00:00+00:00,2025-03-29T20:10:00+00:00,0.05538129436401612,0.0,162,162,0.5891443260653954,0.5306841046277666,0.6276849642004773,0,0.3470910369350489,0.2816256189045743,0.3939884142833544
778538,2025-03-29,2025,New York Yankees,Milwaukee Brewers,2025-03-29T17:00:00+00:00,2025-03-29T17:05:00+00:00,-0.0009838759097393623,0.0,162,162,0.5318921908850696,0.5306841046277666,0.597051597051597,1,0.21912492095438016,0.2202574096490411,0.1623674154386685
778539,2025-03-29,2025,Miami Marlins,Pittsburgh Pirates,2025-03-29T17:00:00+00:00,2025-03-29T20:10:00+00:00,-0.053802904006972796,0.0,162,162,0.47743892709648883,0.5306841046277666,0.47582697201017815,1,0.2730700749140687,0.2202574096490411,0.2747573632720185
778540,2025-03-29,2025,Cincinnati Reds,San Francisco Giants,2025-03-29T17:00:00+00:00,2025-03-29T20:10:00+00:00,-0.04639300275460778,0.0,162,162,0.4850754304435279,0.5306841046277666,0.5204081632653061,1,0.2651473123329181,0.2202574096490411,0.23000832986255726
778510,2025-03-30,2025,Kansas City Royals,Cleveland Guardians,2025-03-30T17:00:00+00:00,2025-03-30T18:10:00+00:00,0.024306620694444447,0.0,162,162,0.5577773934644717,0.5306841046277666,0.5178571428571429,0,0.31111562066002013,0.2816256189045743,0.2681760204081633
778514,2025-03-30,2025,San Diego Padres,Atlanta Braves,2025-03-30T17:00:00+00:00,2025-03-30T23:10:00+00:00,-0.012856242807889329,0.0,162,162,0.5196724941458628,0.5306841046277666,0.530456852791878,1,0.2307145128800562,0.2202574096490411,0.2204707670901081
778515,2025-03-30,2025,Arizona Diamondbacks,Chicago Cubs,2025-03-30T17:00:00+00:00,2025-03-30T20:10:00+00:00,0.02056371516252553,0.0,162,162,0.553962773637696,0.5306841046277666,0.5417721518987342,1,0.19894920730097723,0.2202574096490411,0.20997276077551674
778516,2025-03-30,2025,Texas Rangers,Boston Red Sox,2025-03-30T17:00:00+00:00,2025-03-30T18:35:00+00:00,-0.019165748313044406,0.0,162,162,0.5131678753987282,0.5306841046277666,0.6116504854368933,1,0.2370055175437882,0.2202574096490411,0.15081534546140066
778517,2025-03-30,2025,St. Louis Cardinals,Minnesota Twins,2025-03-30T17:00:00+00:00,2025-03-30T18:15:00+00:00,-0.009163298981334445,0.0,162,162,0.5234766872800949,0.5306841046277666,0.5051020408163266,1,0.22707446756555247,0.2202574096490411,0.24492399000416487
778519,2025-03-30,2025,Miami Marlins,Pittsburgh Pirates,2025-03-30T17:00:00+00:00,2025-03-30T17:40:00+00:00,-0.05212752630956685,0.0,162,162,0.47916474495316097,0.5306841046277666,0.5241730279898218,1,0.2712693628997059,0.2202574096490411,0.2264113072923749
778522,2025-03-30,2025,Cincinnati Reds,San Francisco Giants,2025-03-30T17:00:00+00:00,2025-03-30T17:40:00+00:00,-0.04591960934864775,0.0,162,162,0.4855635755419215,0.5306841046277666,0.4707379134860051,0,0.23577198589305529,0.2816256189045743,0.2215941831931576
778523,2025-03-30,2025,New York Yankees,Milwaukee Brewers,2025-03-30T17:00:00+00:00,2025-03-30T17:35:00+00:00,0.006983453426602115,0.0,162,162,0.5400721126637513,0.5306841046277666,0.575,1,0.21153366154958506,0.2202574096490411,0.18062500000000004
778524,2025-03-30,2025,Tampa Bay Rays,Colorado Rockies,2025-03-30T17:00:00+00:00,2025-03-30T17:40:00+00:00,0.05617938333614647,0.0,162,162,0.5899415781778026,0.5306841046277666,0.6267942583732058,1,0.1681479093073112,0.2202574096490411,0.13928252558320547
778525,2025-03-30,2025,Toronto Blue Jays,Baltimore Orioles,2025-03-30T17:00:00+00:00,2025-03-30T17:37:00+00:00,-0.024741009741502784,0.0,162,162,0.5074164207664094,0.5306841046277666,0.5468354430379747,1,0.24263858253057508,0.2202574096490411,0.20535811568658865
778526,2025-03-30,2025,Washington Nationals,Philadelphia Phillies,2025-03-30T17:00:00+00:00,2025-03-30T17:35:00+00:00,-0.08832169789396604,0.0,162,162,0.4420598823848737,0.5306841046277666,0.4335839598997493,1,0.31129717484438096,0.2202574096490411,0.32082713048284883
778527,2025-03-30,2025,Chicago White Sox,Los Angeles Angels,2025-03-30T17:00:00+00:00,2025-03-30T18:10:00+00:00,-0.03605845479881453,0.0,162,162,0.4957368833379765,0.5306841046277666,0.46446700507614214,0,0.24575505750165053,0.2816256189045743,0.21572959880440104
778496,2025-03-31,2025,Seattle Mariners,Detroit Tigers,2025-03-31T17:00:00+00:00,2025-04-01T01:40:00+00:00,0.01311017060346964,-1.0,162,162,0.6145800638413094,0.5306841046277666,0.5241730279898218,0,0.3777086548711879,0.2816256189045743,0.2747573632720185
778499,2025-03-31,2025,San Diego Padres,Cleveland Guardians,2025-03-31T17:00:00+00:00,2025-04-01T01:40:00+00:00,0.019171367132767902,0.0,162,162,0.5525420999706528,0.5306841046277666,0.5417721518987342,1,0.20021857229867324,0.2202574096490411,0.20997276077551674
778500,2025-03-31,2025,Los Angeles Dodgers,Atlanta Braves,2025-03-31T17:00:00+00:00,2025-04-01T02:10:00+00:00,0.020034717956568637,1.0,162,162,0.483463744318549,0.5306841046277666,0.6659090909090909,1,0.2668097034334133,0.2202574096490411,0.11161673553719009
778502,2025-03-31,2025,Philadelphia Phillies,Colorado Rockies,2025-03-31T17:00:00+00:00,2025-03-31T19:05:00+00:00,0.10216524248102177,0.0,162,162,0.6349618260807274,0.5306841046277666,0.7244897959183673,1,0.13325286841831713,0.2202574096490411,0.07590587255310292
778503,2025-03-31,2025,St. Louis Cardinals,Los Angeles Angels,2025-03-31T17:00:00+00:00,2025-03-31T23:45:00+00:00,0.07034587308458334,0.0,162,162,0.6040110177854783,0.5306841046277666,0.5876543209876544,0,0.3648293096062494,0.2816256189045743,0.3453376009754611
778504,2025-03-31,2025,Milwaukee Brewers,Kansas City Royals,2025-03-31T17:00:00+00:00,2025-03-31T18:10:00+00:00,0.01124786179885262,0.0,162,162,0.5444417371888689,0.5306841046277666,0.5267175572519084,0,0.2964168051932334,0.2816256189045743,0.2774313851174174
778505,2025-03-31,2025,Houston Astros,San Francisco Giants,2025-03-31T17:00:00+00:00,2025-04-01T00:10:00+00:00,0.018944085141370692,1.0,162,162,0.4823394719868028,0.5306841046277666,0.5355329949238579,0,0.23265136623650776,0.2816256189045743,0.2867955886521168
778506,2025-03-31,2025,Chicago White Sox,Minnesota Twins,2025-03-31T17:00:00+00:00,2025-03-31T18:10:00+00:00,-0.1056425842343337,0.0,162,162,0.42450409377674325,0.5306841046277666,0.3705463182897863,1,0.3311955380797275,0.2202574096490411,0.39621193741854294
778507,2025-03-31,2025,Toronto Blue Jays,Washington Nationals,2025-03-31T17:00:00+00:00,2025-03-31T23:07:00+00:00,0.03804671606200488,0.0,162,162,0.5717190988721597,0.5306841046277666,0.6073170731707317,1,0.18342453027087496,0.2202574096490411,0.15419988102320048
778508,2025-03-31,2025,Tampa Bay Rays,Pittsburgh Pirates,2025-03-31T17:00:00+00:00,2025-03-31T23:05:00+00:00,0.018110183780726985,0.0,162,162,0.5514587505129347,0.5306841046277666,0.6480186480186481,1,0.20118925249141775,0.2202574096490411,0.12389087214262037
778509,2025-03-31,2025,Miami Marlins,New York Mets,2025-03-31T17:00:00+00:00,2025-03-31T22:40:00+00:00,-0.12264825866101908,-1.0,162,162,0.47655895536614146,0.5306841046277666,0.35597189695550346,0,0.227108437939668,0.2816256189045743,0.12671599142209958
778511,2025-03-31,2025,Cincinnati Reds,Texas Rangers,2025-03-31T17:00:00+00:00,2025-03-31T22:40:00+00:00,0.020673876984054484,0.0,162,162,0.5540751392539923,0.5306841046277666,0.48600508905852424,1,0.19884898143134633,0.2202574096490411,0.26419076847373557
778512,2025-03-31,2025,Baltimore Orioles,Boston Red Sox,2025-03-31T17:00:00+00:00,2025-03-31T18:35:00+00:00,0.022598771321044042,0.0,162,162,0.5560376393699759,0.5306841046277666,0.5725,1,0.1971025776561836,0.2202574096490411,0.18275624999999998
778485,2025-04-01,2025,San Diego Padres,Cleveland Guardians,2025-04-01T17:00:00+00:00,2025-04-02T01:40:00+00:00,0.021354747816209385,0.0,162,162,0.5547695078905005,0.5306841046277666,0.6073170731707317,1,0.1982301911040671,0.2202574096490411,0.15419988102320048
778486,2025-04-01,2025,Seattle Mariners,Detroit Tigers,2025-04-01T17:00:00+00:00,2025-04-02T01:40:00+00:00,0.009828453970632145,0.0,162,162,0.5429880341122045,0.5306841046277666,0.6125907990314771,0,0.2948360051890366,0.2816256189045743,0.37526748705802354
778487,2025-04-01,2025,Los Angeles Dodgers,Atlanta Braves,2025-04-01T17:00:00+00:00,2025-04-02T02:10:00+00:00,0.023913199756114167,0.0,162,162,0.5573767470270157,0.5306841046277666,0.5417721518987342,1,0.19591534407238648,0.2202574096490411,0.20997276077551674
778488,2025-04-01,2025,Milwaukee Brewers,Kansas City Royals,2025-04-01T17:00:00+00:00,2025-04-01T23:40:00+00:00,0.0008696162617530812,0.0,162,162,0.533796833421284,0.5306841046277666,0.530456852791878,1,0.21734539252802199,0.2202574096490411,0.2204707670901081
778489,2025-04-01,2025,Houston Astros,San Francisco Giants,2025-04-01T17:00:00+00:00,2025-04-02T00:10:00+00:00,0.01870275363003604,0.0,162,162,0.5520637589012735,0.5306841046277666,0.46954314720812185,0,0.3047743938922034,0.2816256189045743,0.220470767090108
778490,2025-04-01,2025,Chicago White Sox,Minnesota Twins,2025-04-01T17:00:00+00:00,2025-04-01T23:40:00+00:00,-0.09842343360481148,0.0,162,162,0.4318006436427992,0.5306841046277666,0.40196078431372556,0,0.18645179585033567,0.2816256189045743,0.1615724721261054
778491,2025-04-01,2025,Toronto Blue Jays,Washington Nationals,2025-04-01T17:00:00+00:00,2025-04-01T23:07:00+00:00,0.045949474988272065,0.0,162,162,0.5796879929823604,0.5306841046277666,0.5945945945945945,1,0.17666218324319632,0.2202574096490411,0.16435354273192118
778492,2025-04-01,2025,New York Yankees,Arizona Diamondbacks,2025-04-01T17:00:00+00:00,2025-04-01T23:05:00+00:00,0.008140669345829021,0.0,162,162,0.5412585184232824,0.5306841046277666,0.4885496183206107,0,0.2929607837657668,0.2816256189045743,0.23868072956121442
778493,2025-04-01,2025,Tampa Bay Rays,Pittsburgh Pirates,2025-04-01T17:00:00+00:00,2025-04-01T23:05:00+00:00,0.024079668685910438,0.0,162,162,0.5575462824390065,0.5306841046277666,0.608272506082725,1,0.1957652921835434,0.2202574096490411,0.15345042949070872
778495,2025-04-01,2025,St. Louis Cardinals,Los Angeles Angels,2025-04-01T17:00:00+00:00,2025-04-01T23:45:00+00:00,0.06541236079647955,0.0,162,162,0.5991295390358189,0.5306841046277666,0.5771144278606966,0,0.35895620454527283,0.2816256189045743,0.3330610628449791
778497,2025-04-01,2025,Miami Marlins,New York Mets,2025-04-01T17:00:00+00:00,2025-04-01T22:40:00+00:00,-0.12497559505180522,0.0,162,162,0.4051333220228091,0.5306841046277666,0.40987654320987654,1,0.353866364567619,0.2202574096490411,0.3482456942539247
778498,2025-04-01,2025,Cincinnati Reds,Texas Rangers,2025-04-01T17:00:00+00:00,2025-04-01T22:40:00+00:00,0.03515899417741897,0.0,162,162,0.5687976761663089,0.5306841046277666,0.43107769423558895,0,0.32353079641219323,0.2816256189045743,0.18582797846747193
778469,2025-04-02,2025,Seattle Mariners,Detroit Tigers,2025-04-02T17:00:00+00:00,2025-04-02T20:10:00+00:00,0.008176105423613023,0.0,162,162,0.5412948410367384,0.5306841046277666,0.4545454545454545,1,0.2104104228595111,0.2202574096490411,0.29752066115702486
778472,2025-04-02,2025,Los Angeles Dodgers,Atlanta Braves,2025-04-02T17:00:00+00:00,2025-04-03T00:38:00+00:00,0.02644892506794405,0.0,162,162,0.5599577104783273,0.5306841046277666,0.680709534368071,1,0.1936372165674756,0.2202574096490411,0.10194640144345402
778473,2025-04-02,2025,St. Louis Cardinals,Los Angeles Angels,2025-04-02T17:00:00+00:00,2025-04-02T17:15:00+00:00,0.062393069604911866,0.0,162,162,0.596132292953891,0.5306841046277666,0.57,1,0.1631091247946817,0.2202574096490411,0.18490000000000004
778474,2025-04-02,2025,Chicago White Sox,Minnesota Twins,2025-04-02T17:00:00+00:00,2025-04-02T18:10:00+00:00,-0.10317635616247534,0.0,162,162,0.42699323107182413,0.5306841046277666,0.36904761904761907,0,0.1823232193811562,0.2816256189045743,0.13619614512471656
778475,2025-04-02,2025,Houston Astros,San Francisco Giants,2025-04-02T17:00:00+00:00,2025-04-02T20:10:00+00:00,0.01893302818874032,0.0,162,162,0.5522988256382457,0.5306841046277666,0.6125907990314771,0,0.3050339928013854,0.2816256189045743,0.37526748705802354
778476,2025-04-02,2025,San Diego Padres,Cleveland Guardians,2025-04-02T17:00:00+00:00,2025-04-02T20:10:00+00:00,0.030371697659816954,0.0,162,162,0.5639440393637422,0.5306841046277666,0.6285714285714284,1,0.19014480080640966,0.2202574096490411,0.1379591836734695
778477,2025-04-02,2025,Milwaukee Brewers,Kansas City Royals,2025-04-02T17:00:00+00:00,2025-04-02T17:10:00+00:00,-0.00034229004686170406,0.0,162,162,0.532551590450536,0.5306841046277666,0.5267175572519084,1,0.2185080155903234,0.2202574096490411,0.2239962706136006
778478,2025-04-02,2025,Toronto Blue Jays,Washington Nationals,2025-04-02T17:00:00+00:00,2025-04-02T19:07:00+00:00,0.04511150223391491,0.0,162,162,0.5788448977933944,0.5306841046277666,0.49489795918367346,1,0.17737162011465638,0.2202574096490411,0.25512807163681794
778479,2025-04-02,2025,Tampa Bay Rays,Pittsburgh Pirates,2025-04-02T17:00:00+00:00,2025-04-02T17:10:00+00:00,0.031005098378866502,0.0,162,162,0.5645869420517826,0.5306841046277666,0.49489795918367346,0,0.31875841513538294,0.2816256189045743,0.24492399000416493
778481,2025-04-02,2025,Miami Marlins,New York Mets,2025-04-02T17:00:00+00:00,2025-04-02T20:40:00+00:00,-0.12751689212537454,0.0,162,162,0.4026075255238554,0.5306841046277666,0.34252873563218394,0,0.1620928196084419,0.2816256189045743,0.11732593473378256
778482,2025-04-02,2025,Philadelphia Phillies,Colorado Rockies,2025-04-02T17:00:00+00:00,2025-04-02T22:45:00+00:00,0.10359995929208404,0.0,162,162,0.6363335449400975,0.5306841046277666,0.7528517110266159,1,0.13225329053583607,0.2202574096490411,0.061082276742471395
778483,2025-04-02,2025,Baltimore Orioles,Boston Red Sox,2025-04-02T17:00:00+00:00,2025-04-02T22:35:00+00:00,0.023781145181860863,0.0,162,162,0.557242250397004,0.5306841046277666,0.4707379134860051,0,0.3105189256275173,0.2816256189045743,0.2215941831931576
778484,2025-04-02,2025,New York Yankees,Arizona Diamondbacks,2025-04-02T17:00:00+00:00,2025-04-02T23:05:00+00:00,0.0072009737827808395,0.0,162,162,0.5402951548701961,0.5306841046277666,0.57,0,0.2919188543762092,0.2816256189045743,0.32489999999999997
778462,2025-04-03,2025,Minnesota Twins,Houston Astros,2025-04-03T17:00:00+00:00,2025-04-03T20:10:00+00:00,-0.061816674440185515,0.0,162,162,0.46919205078177667,0.5306841046277666,0.5555555555555556,0,0.2201411805168093,0.2816256189045743,0.308641975308642
778466,2025-04-03,2025,New York Yankees,Arizona Diamondbacks,2025-04-03T17:00:00+00:00,2025-04-03T23:05:00+00:00,0.004714218680602289,0.0,162,162,0.5377443317047257,0.5306841046277666,0.5216284987277354,1,0.21368030287111067,0.2202574096490411,0.22883929322948024
778467,2025-04-03,2025,Philadelphia Phillies,Colorado Rockies,2025-04-03T17:00:00+00:00,2025-04-03T17:05:00+00:00,0.10664064955433511,0.0,162,162,0.6392333798178234,0.5306841046277666,0.6605504587155964,1,0.13015255423767091,0.2202574096490411,0.11522599107819205
778468,2025-04-03,2025,Milwaukee Brewers,Cincinnati Reds,2025-04-03T17:00:00+00:00,2025-04-03T23:40:00+00:00,0.035743151911502125,0.0,162,162,0.5693890445299833,0.5306841046277666,0.5216284987277354,1,0.18542579497080072,0.2202574096490411,0.22883929322948024
778470,2025-04-03,2025,Baltimore Orioles,Boston Red Sox,2025-04-03T17:00:00+00:00,2025-04-03T17:05:00+00:00,0.021729844120641495,0.0,162,162,0.5551519490778678,0.5306841046277666,0.5505050505050506,0,0.30819368656495555,0.2816256189045743,0.30305581063156833
778444,2025-04-04,2025,San Francisco Giants,Seattle Mariners,2025-04-04T17:00:00+00:00,2025-04-04T20:35:00+00:00,0.025473861178958668,0.0,162,162,0.5589656268880016,0.5306841046277666,0.5771144278606966,1,0.19451131826629345,0.2202574096490411,0.17883220712358602
778447,2025-04-04,2025,Los Angeles Angels,Cleveland Guardians,2025-04-04T17:00:00+00:00,2025-04-05T01:38:00+00:00,-0.07081246868168306,0.0,162,162,0.45995480622837626,0.5306841046277666,0.4885496183206107,0,0.21155842377258316,0.2816256189045743,0.23868072956121442
778453,2025-04-04,2025,Milwaukee Brewers,Cincinnati Reds,2025-04-04T17:00:00+00:00,2025-04-05T00:10:00+00:00,0.03672045723217393,0.0,162,162,0.5703779700831014,0.5306841046277666,0.5367088607594936,1,0.1845750885899165,0.2202574096490411,0.21463867969876624
778454,2025-04-04,2025,Texas Rangers,Tampa Bay Rays,2025-04-04T17:00:00+00:00,2025-04-05T00:05:00+00:00,-0.041307132636557775,0.0,162,162,0.49032108410980035,0.5306841046277666,0.5406091370558376,1,0.2597725973030092,0.2202574096490411,0.21103996495658223
778455,2025-04-04,2025,Kansas City Royals,Baltimore Orioles,2025-04-04T17:00:00+00:00,2025-04-04T23:40:00+00:00,0.024831075241313227,1.0,162,162,0.48840987496534977,0.5306841046277666,0.5025510204081632,1,0.261724456032969,0.2202574096490411,0.24745548729695963
778457,2025-04-04,2025,Washington Nationals,Arizona Diamondbacks,2025-04-04T17:00:00+00:00,2025-04-04T22:45:00+00:00,-0.09517457546600017,1.0,162,162,0.3677743518653661,0.5306841046277666,0.42999999999999994,0,0.1352579738899901,0.2816256189045743,0.18489999999999995
778458,2025-04-04,2025,Detroit Tigers,Chicago White Sox,2025-04-04T17:00:00+00:00,2025-04-04T17:10:00+00:00,0.12301042380930699,0.0,162,162,0.6546666830459609,0.5306841046277666,0.6792873051224944,1,0.11925509979847884,0.2202574096490411,0.10285663265559203
778459,2025-04-04,2025,Philadelphia Phillies,Los Angeles Dodgers,2025-04-04T17:00:00+00:00,2025-04-04T22:45:00+00:00,-0.02037381254380055,-1.0,162,162,0.5813644151664293,0.5306841046277666,0.4582278481012658,1,0.17525575288894574,0.2202574096490411,0.2935170645729851
778460,2025-04-04,2025,Chicago Cubs,San Diego Padres,2025-04-04T17:00:00+00:00,2025-04-04T18:20:00+00:00,0.00355773196817466,0.0,162,162,0.5365573678807115,0.5306841046277666,0.6039119804400979,1,0.21477907326565418,0.2202574096490411,0.15688571923888542
778461,2025-04-04,2025,Pittsburgh Pirates,New York Yankees,2025-04-04T17:00:00+00:00,2025-04-04T20:12:00+00:00,-0.08276042259279887,1.0,162,162,0.3797690465069816,0.5306841046277666,0.39608801955990225,0,0.14422452868482197,0.2816256189045743,0.1568857192388855
778463,2025-04-04,2025,Boston Red Sox,St. Louis Cardinals,2025-04-04T17:00:00+00:00,2025-04-04T18:10:00+00:00,-0.0033161235594900695,-1.0,162,162,0.5983980179443109,0.5306841046277666,0.5216284987277354,1,0.16128415199105803,0.2202574096490411,0.22883929322948024
778464,2025-04-04,2025,Atlanta Braves,Miami Marlins,2025-04-04T17:00:00+00:00,2025-04-04T23:15:00+00:00,0.1089145572150868,0.0,162,162,0.6413953489320466,0.5306841046277666,0.6843267108167771,1,0.1285972957675686,0.2202574096490411,0.09964962550375467
778465,2025-04-04,2025,New York Mets,Toronto Blue Jays,2025-04-04T17:00:00+00:00,2025-04-04T19:10:00+00:00,0.05170521665323946,0.0,162,162,0.5854661157923023,0.5306841046277666,0.5541561712846348,1,0.17183834115632088,0.2202574096490411,0.1987767196035759
778436,2025-04-05,2025,San Francisco Giants,Seattle Mariners,2025-04-05T17:00:00+00:00,2025-04-06T01:05:00+00:00,0.022207682701068876,0.0,162,162,0.5556390497100128,0.5306841046277666,0.547979797979798,1,0.1974566541426205,0.2202574096490411,0.20432226303438422
778437,2025-04-05,2025,Los Angeles Angels,Cleveland Guardians,2025-04-05T17:00:00+00:00,2025-04-06T01:38:00+00:00,-0.07498360503977003,0.0,162,162,0.4556806452649263,0.5306841046277666,0.42643391521197016,1,0.2962835599392071,0.2202574096490411,0.32897805361906945
778438,2025-04-05,2025,Texas Rangers,Tampa Bay Rays,2025-04-05T17:00:00+00:00,2025-04-05T23:05:00+00:00,-0.03931682188480312,0.0,162,162,0.4923745690821706,0.5306841046277666,0.6135265700483092,1,0.257683578114512,0.2202574096490411,0.14936171205862442
778439,2025-04-05,2025,Milwaukee Brewers,Cincinnati Reds,2025-04-05T17:00:00+00:00,2025-04-05T23:10:00+00:00,0.039523328886236275,0.0,162,162,0.5732110279652588,0.5306841046277666,0.5216284987277354,0,0.3285708825809887,0.2816256189045743,0.27209629068495106
778440,2025-04-05,2025,Minnesota Twins,Houston Astros,2025-04-05T17:00:00+00:00,2025-04-05T18:10:00+00:00,-0.06139886979061587,0.0,162,162,0.46962163232104914,0.5306841046277666,0.5392405063291139,1,0.2813012129017884,0.2202574096490411,0.21229931100785132
778441,2025-04-05,2025,Kansas City Royals,Baltimore Orioles,2025-04-05T17:00:00+00:00,2025-04-05T20:10:00+00:00,0.03163753107481648,0.0,162,162,0.5652286455802364,0.5306841046277666,0.5114503816793893,0,0.31948342178446854,0.2816256189045743,0.261581492919993
778445,2025-04-05,2025,Detroit Tigers,Chicago White Sox,2025-04-05T17:00:00+00:00,2025-04-05T17:10:00+00:00,0.126257721939937,0.0,162,162,0.6576910617491307,0.5306841046277666,0.6711711711711711,1,0.11717540920643743,0.2202574096490411,0.10812839866893927
778446,2025-04-05,2025,New York Mets,Toronto Blue Jays,2025-04-05T17:00:00+00:00,2025-04-05T23:10:00+00:00,0.050510257797246494,0.0,162,162,0.5842683874687511,0.5306841046277666,0.5355329949238579,1,0.17283277365783248,0.2202574096490411,0.21572959880440104
778448,2025-04-05,2025,Philadelphia Phillies,Los Angeles Dodgers,2025-04-05T17:00:00+00:00,2025-04-05T20:05:00+00:00,-0.021302197723574445,0.0,162,162,0.5109642374860633,0.5306841046277666,0.5089058524173028,0,0.26108445198971414,0.2816256189045743,0.2589851666245816
778449,2025-04-05,2025,Pittsburgh Pirates,New York Yankees,2025-04-05T17:00:00+00:00,2025-04-05T20:05:00+00:00,-0.08330846190552837,0.0,162,162,0.44717026843889807,0.5306841046277666,0.41234567901234565,0,0.19996124897571615,0.2816256189045743,0.17002895900015239
778450,2025-04-05,2025,Chicago Cubs,San Diego Padres,2025-04-05T17:00:00+00:00,2025-04-05T18:20:00+00:00,0.00568647025454927,0.0,162,162,0.5387418748264267,0.5306841046277666,0.5204081632653061,1,0.21275905803863984,0.2202574096490411,0.23000832986255726
778451,2025-04-05,2025,Atlanta Braves,Miami Marlins,2025-04-05T17:00:00+00:00,2025-04-05T23:15:00+00:00,0.11672151692265992,0.0,162,162,0.648773931978802,0.5306841046277666,0.6995708154506437,0,0.42090761481523514,0.2816256189045743,0.48939932583027856
778452,2025-04-05,2025,Washington Nationals,Arizona Diamondbacks,2025-04-05T17:00:00+00:00,2025-04-05T20:05:00+00:00,-0.09865007840734696,0.0,162,162,0.4315711010138475,0.5306841046277666,0.4494949494949495,1,0.3231114132026096,0.2202574096490411,0.3030558106315682
778419,2025-04-06,2025,Minnesota Twins,Houston Astros,2025-04-06T17:00:00+00:00,2025-04-06T18:10:00+00:00,-0.061071604887447006,0.0,162,162,0.4699581534946147,0.5306841046277666,0.5076530612244898,0,0.22086066603606785,0.2816256189045743,0.2577116305705956
778420,2025-04-06,2025,Texas Rangers,Tampa Bay Rays,2025-04-06T17:00:00+00:00,2025-04-06T18:35:00+00:00,-0.03716730558754716,0.0,162,162,0.49459259988059456,0.5306841046277666,0.49744897959183665,1,0.2554366400954568,0.2202574096490411,0.25255752811328624
778421,2025-04-06,2025,Milwaukee Brewers,Cincinnati Reds,2025-04-06T17:00:00+00:00,2025-04-06T18:10:00+00:00,0.03354758729605478,0.0,162,162,0.5671653662137658,0.5306841046277666,0.5760598503740648,1,0.18734582020486348,0.2202574096490411,0.17972525046486032
778422,2025-04-06,2025,Kansas City Royals,Baltimore Orioles,2025-04-06T17:00:00+00:00,2025-04-06T18:10:00+00:00,0.024295201441927206,0.0,162,162,0.5577657655449995,0.5306841046277666,0.5025510204081632,1,0.19557111812400038,0.2202574096490411,0.24745548729695963
778425,2025-04-06,2025,Los Angeles Angels,Cleveland Guardians,2025-04-06T17:00:00+00:00,2025-04-06T20:07:00+00:00,-0.06897579551736988,0.0,162,162,0.4618387513934903,0.5306841046277666,0.49234693877551017,1,0.28961752950171754,0.2202574096490411,0.2577116305705956
778427,2025-04-06,2025,San Francisco Giants,Seattle Mariners,2025-04-06T17:00:00+00:00,2025-04-06T20:05:00+00:00,0.030243697103803813,0.0,162,162,0.5638140924210597,0.5306841046277666,0.5089058524173028,1,0.1902581459704638,0.2202574096490411,0.24117346178997598
778428,2025-04-06,2025,Pittsburgh Pirates,New York Yankees,2025-04-06T17:00:00+00:00,2025-04-06T17:35:00+00:00,-0.08901633613994403,0.0,162,162,0.44135272473671944,0.5306841046277666,0.40097799511002447,1,0.3120867781590875,0.2202574096490411,0.3588273623424058
778429,2025-04-06,2025,Washington Nationals,Arizona Diamondbacks,2025-04-06T17:00:00+00:00,2025-04-06T17:35:00+00:00,-0.0979715427957743,0.0,162,162,0.4322583995627192,0.5306841046277666,0.3840579710144928,1,0.322330524867085,0.2202574096490411,0.3793845830707834
778430,2025-04-06,2025,Chicago Cubs,San Diego Padres,2025-04-06T17:00:00+00:00,2025-04-06T18:20:00+00:00,0.009264497689596363,0.0,162,162,0.5424102470051491,0.5306841046277666,0.5541561712846348,0,0.29420887605618684,0.2816256189045743,0.3070890621728455
778432,2025-04-06,2025,Boston Red Sox,St. Louis Cardinals,2025-04-06T17:00:00+00:00,2025-04-06T23:10:00+00:00,0.001325435482904147,0.0,162,162,0.5342650830132709,0.5306841046277666,0.5228426395939086,1,0.21690901290063544,0.2202574096490411,0.22767914658970856
778433,2025-04-06,2025,Detroit Tigers,Chicago White Sox,2025-04-06T17:00:00+00:00,2025-04-06T17:40:00+00:00,0.13141275368286587,0.0,162,162,0.6624659313696476,0.5306841046277666,0.6267942583732058,1,0.11392924748615944,0.2202574096490411,0.13928252558320547
778434,2025-04-06,2025,Philadelphia Phillies,Los Angeles Dodgers,2025-04-06T17:00:00+00:00,2025-04-06T17:35:00+00:00,-0.02683087613595392,0.0,162,162,0.5052599212131277,0.5306841046277666,0.46446700507614214,1,0.24476774555804062,0.2202574096490411,0.2867955886521168
778435,2025-04-06,2025,New York Mets,Toronto Blue Jays,2025-04-06T17:00:00+00:00,2025-04-06T17:40:00+00:00,0.05312847989917868,0.0,162,162,0.5868913592760813,0.5306841046277666,0.5725,1,0.17065874904076375,0.2202574096490411,0.18275624999999998
778443,2025-04-06,2025,Boston Red Sox,St. Louis Cardinals,2025-04-06T17:00:00+00:00,2025-04-06T17:35:00+00:00,0.001325435482904147,0.0,162,162,0.5342650830132709,0.5306841046277666,0.5329949238578681,1,0.21690901290063544,0.2202574096490411,0.21809374114251845
778405,2025-04-07,2025,Seattle Mariners,Houston Astros,2025-04-07T17:00:00+00:00,2025-04-08T01:40:00+00:00,-0.03245496445510998,0.0,162,162,0.499455767401307,0.5306841046277666,0.5935960591133005,1,0.2505445287878146,0.2202574096490411,0.16516416316823995
778410,2025-04-07,2025,San Francisco Giants,Cincinnati Reds,2025-04-07T17:00:00+00:00,2025-04-08T01:45:00+00:00,0.05067674104695469,0.0,162,162,0.5844353165956574,0.5306841046277666,0.5841584158415841,0,0.3415646392842663,0.2816256189045743,0.3412410547985491
778411,2025-04-07,2025,Chicago Cubs,Texas Rangers,2025-04-07T17:00:00+00:00,2025-04-07T23:40:00+00:00,0.07426902064051838,0.0,162,162,0.60787810062977,0.5306841046277666,0.5355329949238579,1,0.1537595839657168,0.2202574096490411,0.21572959880440104
778412,2025-04-07,2025,Kansas City Royals,Minnesota Twins,2025-04-07T17:00:00+00:00,2025-04-07T23:40:00+00:00,0.04114583209329864,0.0,162,162,0.5748488249304756,0.5306841046277666,0.5190839694656489,1,0.18075352166299738,0.2202574096490411,0.23128022842491688
778413,2025-04-07,2025,Arizona Diamondbacks,Baltimore Orioles,2025-04-07T17:00:00+00:00,2025-04-08T01:40:00+00:00,0.033161405210120565,0.0,162,162,0.566773956542693,0.5306841046277666,0.5267175572519084,0,0.32123271781505847,0.2816256189045743,0.2774313851174174
778415,2025-04-07,2025,Pittsburgh Pirates,St. Louis Cardinals,2025-04-07T17:00:00+00:00,2025-04-07T22:40:00+00:00,-0.024647781174553796,0.0,162,162,0.5075126159922574,0.5306841046277666,0.46954314720812185,1,0.24254382340678973,0.2202574096490411,0.2813844726738643
778416,2025-04-07,2025,New York Mets,Miami Marlins,2025-04-07T17:00:00+00:00,2025-04-07T23:10:00+00:00,0.1350357408957128,-1.0,162,162,0.7251074461548515,0.5306841046277666,0.7070063694267517,1,0.07556591615950789,0.2202574096490411,0.08584526755649313
778418,2025-04-07,2025,Washington Nationals,Los Angeles Dodgers,2025-04-07T17:00:00+00:00,2025-04-07T22:45:00+00:00,-0.11399347968900847,0.0,162,162,0.416104723546741,0.5306841046277666,0.38740920096852305,1,0.34093369386442773,0.2202574096490411,0.3752674870580234
778424,2025-04-07,2025,Detroit Tigers,New York Yankees,2025-04-07T17:00:00+00:00,2025-04-07T19:10:00+00:00,-0.034364055462056675,0.0,162,162,0.4974855083890666,0.5306841046277666,0.4158415841584158,1,0.25252081427899487,0.2202574096490411,0.34124105479854927
778426,2025-04-07,2025,Boston Red Sox,Toronto Blue Jays,2025-04-07T17:00:00+00:00,2025-04-07T22:45:00+00:00,0.0006003204833772702,0.0,162,162,0.533520165798962,0.5306841046277666,0.5555555555555556,0,0.2846437673141519,0.2816256189045743,0.308641975308642
778394,2025-04-08,2025,Colorado Rockies,Milwaukee Brewers,2025-04-08T17:00:00+00:00,2025-04-09T00:40:00+00:00,-0.1089324840126703,0.0,162,162,0.421189606491775,0.5306841046277666,0.4054054054054054,0,0.17740068461669628,0.2816256189045743,0.16435354273192107
778396,2025-04-08,2025,Arizona Diamondbacks,Baltimore Orioles,2025-04-08T17:00:00+00:00,2025-04-09T01:40:00+00:00,0.029192820755538418,0.0,162,162,0.5627469065973295,0.5306841046277666,0.5,1,0.19119026769020447,0.2202574096490411,0.25
778397,2025-04-08,2025,San Francisco Giants,Cincinnati Reds,2025-04-08T17:00:00+00:00,2025-04-09T01:45:00+00:00,0.04783030481187606,0.0,162,162,0.5815786210526809,0.5306841046277666,0.547979797979798,0,0.3382336924655378,0.2816256189045743,0.30028185899398024
778398,2025-04-08,2025,Seattle Mariners,Houston Astros,2025-04-08T17:00:00+00:00,2025-04-09T01:40:00+00:00,-0.030186463618052994,0.0,162,162,0.5017969688536206,0.5306841046277666,0.5216284987277354,0,0.2518001979506815,0.2816256189045743,0.27209629068495106
778400,2025-04-08,2025,Kansas City Royals,Minnesota Twins,2025-04-08T17:00:00+00:00,2025-04-08T23:40:00+00:00,0.041671794290979,0.0,162,162,0.5753793942401845,0.5306841046277666,0.5216284987277354,1,0.18030265883583269,0.2202574096490411,0.22883929322948024
778401,2025-04-08,2025,Chicago Cubs,Texas Rangers,2025-04-08T17:00:00+00:00,2025-04-08T23:40:00+00:00,0.0796779679762778,0.0,162,162,0.6131875412535098,0.5306841046277666,0.5876543209876544,1,0.14962387824150516,0.2202574096490411,0.17002895900015239
778402,2025-04-08,2025,Cleveland Guardians,Chicago White Sox,2025-04-08T17:00:00+00:00,2025-04-08T20:10:00+00:00,0.10801992019797624,0.0,162,162,0.640545432447139,0.5306841046277666,0.6382978723404256,1,0.1292075861346143,0.2202574096490411,0.13082842915346307
778403,2025-04-08,2025,Detroit Tigers,New York Yankees,2025-04-08T17:00:00+00:00,2025-04-08T17:10:00+00:00,-0.03469784042049573,0.0,162,162,0.4971410351245902,0.5306841046277666,0.6039119804400979,1,0.25286713855556864,0.2202574096490411,0.15688571923888542
778404,2025-04-08,2025,Boston Red Sox,Toronto Blue Jays,2025-04-08T17:00:00+00:00,2025-04-08T22:45:00+00:00,-0.001083651153548637,0.0,162,162,0.5317896353028956,0.5306841046277666,0.6480186480186481,0,0.2828002162155867,0.2816256189045743,0.41992816817991646
778406,2025-04-08,2025,Atlanta Braves,Philadelphia Phillies,2025-04-08T17:00:00+00:00,2025-04-08T23:15:00+00:00,-0.0014461190361316767,1.0,162,162,0.46136554936901664,0.5306841046277666,0.5076530612244898,1,0.29012707140654126,0.2202574096490411,0.24240550812161596
778407,2025-04-08,2025,New York Mets,Miami Marlins,2025-04-08T17:00:00+00:00,2025-04-08T20:10:00+00:00,0.13242251408123018,0.0,162,162,0.6633973955413526,0.5306841046277666,0.7184265010351967,1,0.11330131332834466,0.2202574096490411,0.0792836353192821
778408,2025-04-08,2025,Pittsburgh Pirates,St. Louis Cardinals,2025-04-08T17:00:00+00:00,2025-04-08T22:40:00+00:00,-0.025639193859048448,0.0,162,162,0.5064896281362866,0.5306841046277666,0.5603015075376885,0,0.2565317434096339,0.2816256189045743,0.3139377793490064
778409,2025-04-08,2025,Washington Nationals,Los Angeles Dodgers,2025-04-08T17:00:00+00:00,2025-04-08T22:45:00+00:00,-0.11271636975808069,0.0,162,162,0.4173862227078849,0.5306841046277666,0.37980769230769235,1,0.33943881349058636,0.2202574096490411,0.3846384985207101
778417,2025-04-08,2025,Tampa Bay Rays,Los Angeles Angels,2025-04-08T17:00:00+00:00,2025-04-08T23:05:00+00:00,0.06820194671327395,0.0,162,162,0.601892186991303,0.5306841046277666,0.6092233009708737,0,0.3622742047611736,0.2816256189045743,0.3711530304458478
778376,2025-04-09,2025,San Francisco Giants,Cincinnati Reds,2025-04-09T17:00:00+00:00,2025-04-09T19:45:00+00:00,0.052569368133774275,0.0,162,162,0.5863316418227514,0.5306841046277666,0.57356608478803,1,0.1711215105570604,0.2202574096490411,0.18184588404300966
778379,2025-04-09,2025,Colorado Rockies,Milwaukee Brewers,2025-04-09T17:00:00+00:00,2025-04-10T00:40:00+00:00,-0.11571670561373354,0.0,162,162,0.4143773741704982,0.5306841046277666,0.44332493702770776,0,0.17170860822443706,0.2816256189045743,0.19653699979062106
778380,2025-04-09,2025,Arizona Diamondbacks,Baltimore Orioles,2025-04-09T17:00:00+00:00,2025-04-09T19:40:00+00:00,0.03202505215857088,0.0,162,162,0.5656217394943133,0.5306841046277666,0.5355329949238579,1,0.18868447319994625,0.2202574096490411,0.21572959880440104
778383,2025-04-09,2025,Seattle Mariners,Houston Astros,2025-04-09T17:00:00+00:00,2025-04-09T20:10:00+00:00,-0.032383010181558536,0.0,162,162,0.4995300278316147,0.5306841046277666,0.43609022556390975,1,0.25047019304222434,0.2202574096490411,0.3179942337045622
778385,2025-04-09,2025,Chicago Cubs,Texas Rangers,2025-04-09T17:00:00+00:00,2025-04-09T18:20:00+00:00,0.08145162940123596,0.0,162,162,0.6149227993803916,0.5306841046277666,0.6125907990314771,0,0.37813004919781734,0.2816256189045743,0.37526748705802354
778386,2025-04-09,2025,Boston Red Sox,Toronto Blue Jays,2025-04-09T17:00:00+00:00,2025-04-09T22:45:00+00:00,-0.007503362847875061,0.0,162,162,0.5251857681890378,0.5306841046277666,0.5367088607594936,0,0.2758200911083098,0.2816256189045743,0.28805640121775355
778387,2025-04-09,2025,Detroit Tigers,New York Yankees,2025-04-09T17:00:00+00:00,2025-04-09T17:10:00+00:00,-0.02936674855866961,0.0,162,162,0.5026429400277069,0.5306841046277666,0.42039800995024873,0,0.252649925159697,0.2816256189045743,0.17673448677012943
778388,2025-04-09,2025,Kansas City Royals,Minnesota Twins,2025-04-09T17:00:00+00:00,2025-04-09T23:40:00+00:00,0.03967808665345551,0.0,162,162,0.5733673143559085,0.5306841046277666,0.49489795918367346,0,0.3287500771717072,0.2816256189045743,0.24492399000416493
778390,2025-04-09,2025,New York Mets,Miami Marlins,2025-04-09T17:00:00+00:00,2025-04-09T17:10:00+00:00,0.14099981221873953,0.0,162,162,0.6712579371907874,0.5306841046277666,0.6543778801843317,0,0.4505872182416311,0.2816256189045743,0.42821041007453964
778391,2025-04-09,2025,Cleveland Guardians,Chicago White Sox,2025-04-09T17:00:00+00:00,2025-04-09T22:10:00+00:00,0.1085869610622594,0.0,162,162,0.6410842311654288,0.5306841046277666,0.6267942583732058,1,0.12882052911811137,0.2202574096490411,0.13928252558320547
778392,2025-04-09,2025,Washington Nationals,Los Angeles Dodgers,2025-04-09T17:00:00+00:00,2025-04-09T20:05:00+00:00,-0.10774695144036378,0.0,162,162,0.42238319723114653,0.5306841046277666,0.37320574162679426,0,0.17840756530320565,0.2816256189045743,0.13928252558320553
778393,2025-04-09,2025,Atlanta Braves,Philadelphia Phillies,2025-04-09T17:00:00+00:00,2025-04-09T23:15:00+00:00,-0.0002754335980632572,0.0,162,162,0.5326202966743684,0.5306841046277666,0.5566750629722922,0,0.2836843804294922,0.2816256189045743,0.3098871257352055
778399,2025-04-09,2025,Tampa Bay Rays,Los Angeles Angels,2025-04-09T17:00:00+00:00,2025-04-09T23:05:00+00:00,0.06620711077398922,0.0,162,162,0.5999172647196948,0.5306841046277666,0.568922305764411,1,0.1600661950693708,0.2202574096490411,0.18582797846747193
778371,2025-04-10,2025,Colorado Rockies,Milwaukee Brewers,2025-04-10T17:00:00+00:00,2025-04-10T19:10:00+00:00,-0.1300468275632412,0.0,162,162,0.40009814277227845,0.5306841046277666,0.4593908629441624,1,0.35988223830526955,0.2202574096490411,0.2922582390682574
778373,2025-04-10,2025,Kansas City Royals,Minnesota Twins,2025-04-10T17:00:00+00:00,2025-04-10T18:10:00+00:00,0.034949234217780734,0.0,162,162,0.5685852790331226,0.5306841046277666,0.5153061224489797,1,0.18611866146692868,0.2202574096490411,0.2349281549354435
778377,2025-04-10,2025,Boston Red Sox,Toronto Blue Jays,2025-04-10T17:00:00+00:00,2025-04-10T20:10:00+00:00,-0.007516056922583891,0.0,162,162,0.5251727004754574,0.5306841046277666,0.5076530612244898,1,0.2254609643737697,0.2202574096490411,0.24240550812161596
778378,2025-04-10,2025,Cleveland Guardians,Chicago White Sox,2025-04-10T17:00:00+00:00,2025-04-10T17:10:00+00:00,0.1036882157466415,0.0,162,162,0.6364178540043552,0.5306841046277666,0.6829268292682927,1,0.13219197688679835,0.2202574096490411,0.10053539559785839
778382,2025-04-10,2025,Tampa Bay Rays,Los Angeles Angels,2025-04-10T17:00:00+00:00,2025-04-10T17:10:00+00:00,0.0669357586290743,0.0,162,162,0.600639018942614,0.5306841046277666,0.5228426395939086,0,0.3607672310763458,0.2816256189045743,0.27336442577752584
778384,2025-04-10,2025,Atlanta Braves,Philadelphia Phillies,2025-04-10T17:00:00+00:00,2025-04-10T23:15:00+00:00,-0.002784034944485647,0.0,162,162,0.5300414627595266,0.5306841046277666,0.5329949238578681,1,0.22086102672520544,0.2202574096490411,0.21809374114251845
778356,2025-04-11,2025,Los Angeles Dodgers,Chicago Cubs,2025-04-11T17:00:00+00:00,2025-04-12T02:10:00+00:00,0.018364302297407376,0.0,162,162,0.551718221949499,0.5306841046277666,0.6318289786223278,1,0.2009565525321186,0.2202574096490411,0.13554990098227837
778360,2025-04-11,2025,Seattle Mariners,Texas Rangers,2025-04-11T17:00:00+00:00,2025-04-12T01:40:00+00:00,0.0546570170579474,0.0,162,162,0.5884204026547046,0.5306841046277666,0.46446700507614214,1,0.16939776495091546,0.2202574096490411,0.2867955886521168
778361,2025-04-11,2025,San Diego Padres,Colorado Rockies,2025-04-11T17:00:00+00:00,2025-04-12T01:40:00+00:00,0.1127393788050225,1.0,162,162,0.5784795092287521,0.5306841046277666,0.6605504587155964,1,0.17767952414003366,0.2202574096490411,0.11522599107819205
778363,2025-04-11,2025,Minnesota Twins,Detroit Tigers,2025-04-11T17:00:00+00:00,2025-04-12T00:10:00+00:00,-0.02309103117745087,-1.0,162,162,0.5786319006672659,0.5306841046277666,0.5241730279898218,0,0.3348148764698127,0.2816256189045743,0.2747573632720185
778365,2025-04-11,2025,St. Louis Cardinals,Philadelphia Phillies,2025-04-11T17:00:00+00:00,2025-04-12T00:15:00+00:00,-0.031049557865314548,1.0,162,162,0.43117579627916464,0.5306841046277666,0.49234693877551017,1,0.32356097473864237,0.2202574096490411,0.2577116305705956
778366,2025-04-11,2025,Chicago White Sox,Boston Red Sox,2025-04-11T17:00:00+00:00,2025-04-11T23:40:00+00:00,-0.1140315768366375,0.0,162,162,0.41606651278945717,0.5306841046277666,0.4054054054054054,1,0.3409783174858652,0.2202574096490411,0.35354273192111035
778367,2025-04-11,2025,Tampa Bay Rays,Atlanta Braves,2025-04-11T17:00:00+00:00,2025-04-11T23:05:00+00:00,-0.04391935216607673,0.0,162,162,0.48762645696240303,0.5306841046277666,0.5591939546599496,1,0.26252664760490024,0.2202574096490411,0.19430996960833458
778368,2025-04-11,2025,Houston Astros,Los Angeles Angels,2025-04-11T17:00:00+00:00,2025-04-12T00:10:00+00:00,0.11756284422453178,1.0,162,162,0.5833271974108034,0.5306841046277666,0.57,1,0.1736162244175356,0.2202574096490411,0.18490000000000004
778369,2025-04-11,2025,Miami Marlins,Washington Nationals,2025-04-11T17:00:00+00:00,2025-04-11T23:10:00+00:00,-0.029073036252921458,0.0,162,162,0.5029460567381895,0.5306841046277666,0.5,0,0.2529547359884941,0.2816256189045743,0.25
778370,2025-04-11,2025,New York Yankees,San Francisco Giants,2025-04-11T17:00:00+00:00,2025-04-11T23:05:00+00:00,-0.009580841604920565,0.0,162,162,0.5230466945746418,0.5306841046277666,0.5417721518987342,0,0.27357784470545865,0.2816256189045743,0.2935170645729851
778374,2025-04-11,2025,Cincinnati Reds,Pittsburgh Pirates,2025-04-11T17:00:00+00:00,2025-04-11T22:40:00+00:00,0.02926766090249283,0.0,162,162,0.5628229275877464,0.5306841046277666,0.5866336633663367,1,0.1911237926429488,0.2202574096490411,0.17087172826193503
778375,2025-04-11,2025,Cleveland Guardians,Kansas City Royals,2025-04-11T17:00:00+00:00,2025-04-11T22:10:00+00:00,-0.03335486545000599,0.0,162,162,0.4985270273899478,0.5306841046277666,0.5417721518987342,1,0.25147514225836215,0.2202574096490411,0.20997276077551674
778341,2025-04-12,2025,Seattle Mariners,Texas Rangers,2025-04-12T17:00:00+00:00,2025-04-13T01:40:00+00:00,0.05424116705890786,0.0,162,162,0.588004582635608,0.5306841046277666,0.5725,1,0.1697402239292596,0.2202574096490411,0.18275624999999998
778345,2025-04-12,2025,Los Angeles Dodgers,Chicago Cubs,2025-04-12T17:00:00+00:00,2025-04-13T01:10:00+00:00,0.02184362889897562,0.0,162,162,0.5552679490212696,0.5306841046277666,0.6192771084337348,0,0.3083224952102873,0.2816256189045743,0.38350413703004776
778347,2025-04-12,2025,St. Louis Cardinals,Philadelphia Phillies,2025-04-12T17:00:00+00:00,2025-04-12T18:15:00+00:00,-0.03209299700161544,0.0,162,162,0.4998293362004546,0.5306841046277666,0.37980769230769235,0,0.2498293653265871,0.2816256189045743,0.1442538831360947
778348,2025-04-12,2025,Minnesota Twins,Detroit Tigers,2025-04-12T17:00:00+00:00,2025-04-12T18:10:00+00:00,-0.02448795305303103,0.0,162,162,0.5076775287622236,0.5306841046277666,0.5796019900497512,0,0.2577364732101184,0.2816256189045743,0.3359384668696319
778349,2025-04-12,2025,Chicago White Sox,Boston Red Sox,2025-04-12T17:00:00+00:00,2025-04-12T20:10:00+00:00,-0.10843132960350932,0.0,162,162,0.42169405575446905,0.5306841046277666,0.40640394088669946,1,0.3344377651497151,0.2202574096490411,0.35235628139484093
778350,2025-04-12,2025,Arizona Diamondbacks,Milwaukee Brewers,2025-04-12T17:00:00+00:00,2025-04-13T00:10:00+00:00,0.0030354291672115563,0.0,162,162,0.5360211640984359,0.5306841046277666,0.6125907990314771,1,0.21527636016457052,0.2202574096490411,0.1500858889950694
778351,2025-04-12,2025,Houston Astros,Los Angeles Angels,2025-04-12T17:00:00+00:00,2025-04-12T23:10:00+00:00,0.12174497741703683,0.0,162,162,0.6534846929578451,0.5306841046277666,0.5866336633663367,0,0.427042243930209,0.2816256189045743,0.34413905499460845
778352,2025-04-12,2025,San Diego Padres,Colorado Rockies,2025-04-12T17:00:00+00:00,2025-04-13T00:40:00+00:00,0.11713455215380514,0.0,162,162,0.6491623669098475,0.5306841046277666,0.6125907990314771,1,0.12308704479230045,0.2202574096490411,0.1500858889950694
778353,2025-04-12,2025,Tampa Bay Rays,Atlanta Braves,2025-04-12T17:00:00+00:00,2025-04-12T20:10:00+00:00,-0.040411137947331255,0.0,162,162,0.4912454821860388,0.5306841046277666,0.5614035087719298,0,0.24132212376819376,0.2816256189045743,0.3151738996614343
778354,2025-04-12,2025,Miami Marlins,Washington Nationals,2025-04-12T17:00:00+00:00,2025-04-12T20:10:00+00:00,-0.03098023944161138,0.0,162,162,0.5009777579153817,0.5306841046277666,0.582089552238806,1,0.2490231980951594,0.2202574096490411,0.17464914234796167
778355,2025-04-12,2025,New York Yankees,San Francisco Giants,2025-04-12T17:00:00+00:00,2025-04-12T19:05:00+00:00,-0.013390567922725749,0.0,162,162,0.5191218731687312,0.5306841046277666,0.5566750629722922,1,0.2312437728647499,0.2202574096490411,0.1965369997906211
778357,2025-04-12,2025,Cincinnati Reds,Pittsburgh Pirates,2025-04-12T17:00:00+00:00,2025-04-12T22:40:00+00:00,0.028338751963308484,0.0,162,162,0.561879154229258,0.5306841046277666,0.5329949238578681,1,0.19194987549887024,0.2202574096490411,0.21809374114251845
778359,2025-04-12,2025,Cleveland Guardians,Kansas City Royals,2025-04-12T17:00:00+00:00,2025-04-12T22:10:00+00:00,-0.024381208271589738,0.0,162,162,0.5077876685113686,0.5306841046277666,0.5505050505050506,1,0.2422729792694744,0.2202574096490411,0.20204570962146712
778362,2025-04-12,2025,Baltimore Orioles,Toronto Blue Jays,2025-04-12T17:00:00+00:00,2025-04-12T20:05:00+00:00,-9.76698996053571e-05,1.0,162,162,0.46274920322024066,0.5306841046277666,0.5367088607594936,1,0.2886384186404862,0.2202574096490411,0.21463867969876624
778329,2025-04-13,2025,Houston Astros,Los Angeles Angels,2025-04-13T17:00:00+00:00,2025-04-13T18:10:00+00:00,0.11856036321258445,0.0,162,162,0.6505017364195841,0.5306841046277666,0.6039119804400979,1,0.12214903624572587,0.2202574096490411,0.15688571923888542
778330,2025-04-13,2025,San Diego Padres,Colorado Rockies,2025-04-13T17:00:00+00:00,2025-04-13T20:10:00+00:00,0.11863625155497909,0.0,162,162,0.6505729576343505,0.5306841046277666,0.6879120879120879,1,0.1220992579364054,0.2202574096490411,0.09739886487139235
778331,2025-04-13,2025,Los Angeles Dodgers,Chicago Cubs,2025-04-13T17:00:00+00:00,2025-04-13T23:10:00+00:00,0.006213676954034852,0.0,162,162,0.5392826667556883,0.5306841046277666,0.6921397379912664,0,0.2908257946631267,0.2816256189045743,0.47905741690661885
778332,2025-04-13,2025,Arizona Diamondbacks,Milwaukee Brewers,2025-04-13T17:00:00+00:00,2025-04-13T20:10:00+00:00,0.006660491037478455,0.0,162,162,0.5397409221479839,0.5306841046277666,0.5204081632653061,1,0.21183841874518824,0.2202574096490411,0.23000832986255726
778334,2025-04-13,2025,Seattle Mariners,Texas Rangers,2025-04-13T17:00:00+00:00,2025-04-13T20:10:00+00:00,0.06528596243052931,0.0,162,162,0.5990042104874302,0.5306841046277666,0.5380710659898477,1,0.16079762320680915,0.2202574096490411,0.21337834007575568
778335,2025-04-13,2025,Minnesota Twins,Detroit Tigers,2025-04-13T17:00:00+00:00,2025-04-13T18:10:00+00:00,-0.029230803362876145,0.0,162,162,0.5027832383218084,0.5306841046277666,0.5114503816793893,1,0.2472245080937476,0.2202574096490411,0.23868072956121442
778336,2025-04-13,2025,St. Louis Cardinals,Philadelphia Phillies,2025-04-13T17:00:00+00:00,2025-04-13T18:15:00+00:00,-0.034349704442018625,0.0,162,162,0.4975003190066264,0.5306841046277666,0.39077669902912626,1,0.25250592939844224,0.2202574096490411,0.3711530304458478
778337,2025-04-13,2025,Miami Marlins,Washington Nationals,2025-04-13T17:00:00+00:00,2025-04-13T17:40:00+00:00,-0.03007845653529123,0.0,162,162,0.5019084361807725,0.5306841046277666,0.42643391521197016,1,0.24809520594788356,0.2202574096490411,0.32897805361906945
778338,2025-04-13,2025,Chicago White Sox,Boston Red Sox,2025-04-13T17:00:00+00:00,2025-04-13T18:10:00+00:00,-0.11035396510087869,0.0,162,162,0.41975967802625236,0.5306841046277666,0.32366071428571425,0,0.17619818729670306,0.2816256189045743,0.10475625797193874
778339,2025-04-13,2025,New York Yankees,San Francisco Giants,2025-04-13T17:00:00+00:00,2025-04-13T17:35:00+00:00,-0.009157797866336304,0.0,162,162,0.5234823521937831,0.5306841046277666,0.530456852791878,0,0.27403377305833604,0.2816256189045743,0.2813844726738642
778340,2025-04-13,2025,Tampa Bay Rays,Atlanta Braves,2025-04-13T17:00:00+00:00,2025-04-13T17:40:00+00:00,-0.04420692947108518,0.0,162,162,0.4873298485641576,0.5306841046277666,0.3864734299516908,1,0.26283068417324956,0.2202574096490411,0.3764148521552429
778342,2025-04-13,2025,Cleveland Guardians,Kansas City Royals,2025-04-13T17:00:00+00:00,2025-04-13T17:40:00+00:00,-0.019427434658723097,0.0,162,162,0.5128979851488501,0.5306841046277666,0.43969849246231163,0,0.2630643431697501,0.2816256189045743,0.19333476427362953
778343,2025-04-13,2025,Cincinnati Reds,Pittsburgh Pirates,2025-04-13T17:00:00+00:00,2025-04-13T17:40:00+00:00,0.029358327125741157,0.0,162,162,0.5629150204082359,0.5306841046277666,0.6235011990407675,1,0.1910432793847328,0.2202574096490411,0.14175134712373977
778344,2025-04-13,2025,Baltimore Orioles,Toronto Blue Jays,2025-04-13T17:00:00+00:00,2025-04-13T17:35:00+00:00,0.0007454875648937875,0.0,162,162,0.5336693093329363,0.5306841046277666,0.5603015075376885,0,0.28480293172389326,0.2816256189045743,0.3139377793490064
778315,2025-04-14,2025,San Diego Padres,Chicago Cubs,2025-04-14T17:00:00+00:00,2025-04-15T01:40:00+00:00,-0.011276088877301582,0.0,162,162,0.5213005549572924,0.5306841046277666,0.5831265508684863,1,0.2291531586841962,0.2202574096490411,0.17378347259080473
778320,2025-04-14,2025,Philadelphia Phillies,San Francisco Giants,2025-04-14T17:00:00+00:00,2025-04-14T22:45:00+00:00,-0.029376202319021494,0.0,162,162,0.5026331835329576,0.5306841046277666,0.5139949109414759,0,0.25264011718847584,0.2816256189045743,0.26419076847373574
778321,2025-04-14,2025,Pittsburgh Pirates,Washington Nationals,2025-04-14T17:00:00+00:00,2025-04-14T22:40:00+00:00,0.016175949242975773,0.0,162,162,0.5494828638065763,0.5306841046277666,0.6582568807339451,1,0.2029656900039239,0.2202574096490411,0.11678835956569306
778322,2025-04-14,2025,Toronto Blue Jays,Atlanta Braves,2025-04-14T17:00:00+00:00,2025-04-14T23:07:00+00:00,-0.02805528273469793,0.0,162,162,0.5039963796426529,0.5306841046277666,0.48469387755102045,0,0.25401235069290107,0.2816256189045743,0.2349281549354436
778323,2025-04-14,2025,Milwaukee Brewers,Detroit Tigers,2025-04-14T17:00:00+00:00,2025-04-14T23:40:00+00:00,0.019717538605474094,0.0,162,162,0.5530994862109676,0.5306841046277666,0.41791044776119407,0,0.30591904164683636,0.2816256189045743,0.17464914234796172
778324,2025-04-14,2025,Minnesota Twins,New York Mets,2025-04-14T17:00:00+00:00,2025-04-14T23:40:00+00:00,-0.06807610384890922,0.0,162,162,0.46276200042046367,0.5306841046277666,0.5253807106598984,0,0.21414866903314922,0.2816256189045743,0.27602489113349993
778325,2025-04-14,2025,St. Louis Cardinals,Houston Astros,2025-04-14T17:00:00+00:00,2025-04-14T23:45:00+00:00,-0.05437082203245325,0.0,162,162,0.47685403107003704,0.5306841046277666,0.5089058524173028,1,0.27368170480766973,0.2202574096490411,0.24117346178997598
778326,2025-04-14,2025,Los Angeles Dodgers,Colorado Rockies,2025-04-14T17:00:00+00:00,2025-04-15T02:10:00+00:00,0.13520316246882724,0.0,162,162,0.6659558638082627,0.5306841046277666,0.7504798464491362,1,0.11158548492408396,0.2202574096490411,0.06226030702804663
778327,2025-04-14,2025,New York Yankees,Kansas City Royals,2025-04-14T17:00:00+00:00,2025-04-14T23:05:00+00:00,0.024765926751887823,0.0,162,162,0.5582450398946884,0.5306841046277666,0.5639097744360902,1,0.19514744477764542,0.2202574096490411,0.19017468483238167
778328,2025-04-14,2025,Tampa Bay Rays,Boston Red Sox,2025-04-14T17:00:00+00:00,2025-04-14T23:05:00+00:00,-0.0037277041363805163,0.0,162,162,0.5290709511137538,0.5306841046277666,0.5380710659898477,1,0.22177416908490447,0.2202574096490411,0.21337834007575568
778302,2025-04-15,2025,Los Angeles Dodgers,Colorado Rockies,2025-04-15T17:00:00+00:00,2025-04-16T02:10:00+00:00,0.13836192689004162,0.0,162,162,0.668850425941614,0.5306841046277666,0.7298387096774194,1,0.10966004039905045,0.2202574096490411,0.0729871227887617
778305,2025-04-15,2025,San Diego Padres,Chicago Cubs,2025-04-15T17:00:00+00:00,2025-04-16T01:40:00+00:00,-0.007568380564557109,0.0,162,162,0.5251188363695838,0.5306841046277666,0.40740740740740744,0,0.27574979231014574,0.2816256189045743,0.16598079561042528
778306,2025-04-15,2025,Texas Rangers,Los Angeles Angels,2025-04-15T17:00:00+00:00,2025-04-16T00:05:00+00:00,0.036105706670306215,0.0,162,162,0.5697559751178344,0.5306841046277666,0.5292620865139949,1,0.18510992094680556,0.2202574096490411,0.22159418319315766
778307,2025-04-15,2025,Minnesota Twins,New York Mets,2025-04-15T17:00:00+00:00,2025-04-15T23:40:00+00:00,-0.07185367081975891,0.0,162,162,0.4588873103428932,0.5306841046277666,0.5,1,0.2928029429079484,0.2202574096490411,0.25
778308,2025-04-15,2025,St. Louis Cardinals,Houston Astros,2025-04-15T17:00:00+00:00,2025-04-15T23:45:00+00:00,-0.0494109223218106,0.0,162,162,0.4819641762182215,0.5306841046277666,0.4607594936708861,0,0.23228946715770887,0.2816256189045743,0.21229931100785132
778310,2025-04-15,2025,Milwaukee Brewers,Detroit Tigers,2025-04-15T17:00:00+00:00,2025-04-15T23:40:00+00:00,0.0066510446295573455,0.0,162,162,0.539731234543808,0.5306841046277666,0.4936061381074168,1,0.21184733645456708,0.2202574096490411,0.2564347433624846
778311,2025-04-15,2025,Toronto Blue Jays,Atlanta Braves,2025-04-15T17:00:00+00:00,2025-04-15T23:07:00+00:00,-0.03146024429176364,0.0,162,162,0.5004823693473012,0.5306841046277666,0.49234693877551017,1,0.24951786333288606,0.2202574096490411,0.2577116305705956
778312,2025-04-15,2025,New York Yankees,Kansas City Royals,2025-04-15T17:00:00+00:00,2025-04-15T23:05:00+00:00,0.024895476441720188,0.0,162,162,0.5583769233916174,0.5306841046277666,0.6659090909090909,1,0.1950309417930534,0.2202574096490411,0.11161673553719009
778313,2025-04-15,2025,Philadelphia Phillies,San Francisco Giants,2025-04-15T17:00:00+00:00,2025-04-15T22:45:00+00:00,-0.04074016895772614,0.0,162,162,0.49090601347169444,0.5306841046277666,0.5980392156862746,1,0.2591766871192825,0.2202574096490411,0.16157247212610526
778314,2025-04-15,2025,Pittsburgh Pirates,Washington Nationals,2025-04-15T17:00:00+00:00,2025-04-15T22:40:00+00:00,0.01906439165589574,0.0,162,162,0.5524329124102066,0.5306841046277666,0.5516372795969774,0,0.30518212271402306,0.2816256189045743,0.30430368824115384
778316,2025-04-15,2025,Cincinnati Reds,Seattle Mariners,2025-04-15T17:00:00+00:00,2025-04-15T22:40:00+00:00,-0.024569105184251816,0.0,162,162,0.5075937951263073,0.5306841046277666,0.5025510204081632,1,0.24246387059811303,0.2202574096490411,0.24745548729695963
778317,2025-04-15,2025,Baltimore Orioles,Cleveland Guardians,2025-04-15T17:00:00+00:00,2025-04-15T23:05:00+00:00,0.011553702855362002,0.0,162,162,0.5447548695885083,0.5306841046277666,0.5771144278606966,0,0.29675786794039266,0.2816256189045743,0.3330610628449791
778318,2025-04-15,2025,Miami Marlins,Arizona Diamondbacks,2025-04-15T17:00:00+00:00,2025-04-15T22:40:00+00:00,-0.12180328809557961,0.0,162,162,0.408293327188981,0.5306841046277666,0.41234567901234565,0,0.1667034410270483,0.2816256189045743,0.17002895900015239
778319,2025-04-15,2025,Tampa Bay Rays,Boston Red Sox,2025-04-15T17:00:00+00:00,2025-04-15T23:05:00+00:00,0.013651101203883687,0.0,162,162,0.5469013043164477,0.5306841046277666,0.547979797979798,0,0.2991010366630317,0.2816256189045743,0.30028185899398024
778287,2025-04-16,2025,Los Angeles Dodgers,Colorado Rockies,2025-04-16T17:00:00+00:00,2025-04-17T02:10:00+00:00,0.14039851187381902,0.0,162,162,0.670709935485047,0.5306841046277666,0.734,1,0.10843194658826193,0.2202574096490411,0.07075600000000001
778288,2025-04-16,2025,San Diego Padres,Chicago Cubs,2025-04-16T17:00:00+00:00,2025-04-16T20:10:00+00:00,-0.007932166819680675,0.0,162,162,0.5247443237678369,0.5306841046277666,0.5139949109414759,1,0.22586795779089067,0.2202574096490411,0.23620094659078397
778289,2025-04-16,2025,Texas Rangers,Los Angeles Angels,2025-04-16T17:00:00+00:00,2025-04-17T00:05:00+00:00,0.04211570781495394,0.0,162,162,0.5758270610985478,0.5306841046277666,0.4483627204030227,1,0.17992268209629514,0.2202574096490411,0.30430368824115367
778290,2025-04-16,2025,St. Louis Cardinals,Houston Astros,2025-04-16T17:00:00+00:00,2025-04-16T17:15:00+00:00,-0.05473408275210939,0.0,162,162,0.4764799437976645,0.5306841046277666,0.49744897959183665,1,0.27407324924609644,0.2202574096490411,0.25255752811328624
778293,2025-04-16,2025,Pittsburgh Pirates,Washington Nationals,2025-04-16T17:00:00+00:00,2025-04-16T22:40:00+00:00,0.014651584543206309,0.0,162,162,0.5479245695111986,0.5306841046277666,0.49234693877551017,1,0.2043721948516351,0.2202574096490411,0.2577116305705956
778295,2025-04-16,2025,Milwaukee Brewers,Detroit Tigers,2025-04-16T17:00:00+00:00,2025-04-16T17:10:00+00:00,0.011727837609413205,0.0,162,162,0.5449331399739414,0.5306841046277666,0.5796019900497512,1,0.20708584709397637,0.2202574096490411,0.17673448677012948
778296,2025-04-16,2025,Philadelphia Phillies,San Francisco Giants,2025-04-16T17:00:00+00:00,2025-04-16T22:45:00+00:00,-0.03882961294050291,0.0,162,162,0.49287728433149625,0.5306841046277666,0.568922305764411,0,0.2429280174099906,0.2816256189045743,0.323672589996294
778297,2025-04-16,2025,Toronto Blue Jays,Atlanta Braves,2025-04-16T17:00:00+00:00,2025-04-16T17:07:00+00:00,-0.0318012303251099,0.0,162,162,0.5001304543900204,0.5306841046277666,0.46700507614213205,1,0.24986956262832752,0.2202574096490411,0.28408358885825447
778298,2025-04-16,2025,Tampa Bay Rays,Boston Red Sox,2025-04-16T17:00:00+00:00,2025-04-16T23:05:00+00:00,0.011208174778170488,0.0,162,162,0.5444011014364801,0.5306841046277666,0.5577889447236182,0,0.29637255924525274,0.2816256189045743,0.31112850685588755
778299,2025-04-16,2025,Minnesota Twins,New York Mets,2025-04-16T17:00:00+00:00,2025-04-16T17:10:00+00:00,-0.06731690222492492,0.0,162,162,0.4635412797961745,0.5306841046277666,0.5216284987277354,1,0.2877879584827264,0.2202574096490411,0.22883929322948024
778300,2025-04-16,2025,New York Yankees,Kansas City Royals,2025-04-16T17:00:00+00:00,2025-04-16T23:05:00+00:00,0.024110515180818637,0.0,162,162,0.5575776956780679,0.5306841046277666,0.57356608478803,1,0.1957374953615283,0.2202574096490411,0.18184588404300966
778301,2025-04-16,2025,Baltimore Orioles,Cleveland Guardians,2025-04-16T17:00:00+00:00,2025-04-16T22:35:00+00:00,0.00875631892494766,0.0,162,162,0.5418895075568928,0.5306841046277666,0.5216284987277354,1,0.20986522328646617,0.2202574096490411,0.22883929322948024
778303,2025-04-16,2025,Miami Marlins,Arizona Diamondbacks,2025-04-16T17:00:00+00:00,2025-04-16T22:40:00+00:00,-0.12518437704143842,0.0,162,162,0.40492562206364996,0.5306841046277666,0.43107769423558895,0,0.1639647594036339,0.2816256189045743,0.18582797846747193
778304,2025-04-16,2025,Cincinnati Reds,Seattle Mariners,2025-04-16T17:00:00+00:00,2025-04-16T22:40:00+00:00,-0.021841737223648572,0.0,162,162,0.510407659399375,0.5306841046277666,0.4619289340101523,0,0.26051597877354843,0.2816256189045743,0.21337834007575562
778278,2025-04-17,2025,New York Mets,St. Louis Cardinals,2025-04-17T17:00:00+00:00,2025-04-17T23:10:00+00:00,0.06597557178175817,0.0,162,162,0.5996878252852571,0.5306841046277666,0.547979797979798,1,0.16024983722484684,0.2202574096490411,0.20432226303438422
778279,2025-04-17,2025,Philadelphia Phillies,San Francisco Giants,2025-04-17T17:00:00+00:00,2025-04-17T20:05:00+00:00,-0.04577035026951559,0.0,162,162,0.4857174915271168,0.5306841046277666,0.6159420289855072,1,0.26448649852116124,0.2202574096490411,0.147500525099769
778281,2025-04-17,2025,Texas Rangers,Los Angeles Angels,2025-04-17T17:00:00+00:00,2025-04-18T00:05:00+00:00,0.04483184151985464,0.0,162,162,0.5785634249298969,0.5306841046277666,0.5841584158415841,1,0.17760878680681866,0.2202574096490411,0.1729242231153809
778282,2025-04-17,2025,Tampa Bay Rays,New York Yankees,2025-04-17T17:00:00+00:00,2025-04-17T23:05:00+00:00,-0.04160846936913587,0.0,162,162,0.49001020944207263,0.5306841046277666,0.49744897959183665,0,0.24011000535746388,0.2816256189045743,0.24745548729695951
778286,2025-04-17,2025,Detroit Tigers,Kansas City Royals,2025-04-17T17:00:00+00:00,2025-04-17T22:40:00+00:00,0.010720872557106076,0.0,162,162,0.5439021020567699,0.5306841046277666,0.5771144278606966,1,0.20802529250823312,0.2202574096490411,0.17883220712358602
778292,2025-04-17,2025,Baltimore Orioles,Cleveland Guardians,2025-04-17T17:00:00+00:00,2025-04-17T22:35:00+00:00,0.019495595864898574,0.0,162,162,0.5528730022457861,0.5306841046277666,0.5051020408163266,1,0.19992255212069684,0.2202574096490411,0.24492399000416487
778260,2025-04-18,2025,Los Angeles Angels,San Francisco Giants,2025-04-18T17:00:00+00:00,2025-04-19T01:38:00+00:00,-0.13254715230332315,0.0,162,162,0.3976232692245215,0.5306841046277666,0.4133663366336633,1,0.3628577257797533,0.2202574096490411,0.34413905499460845
778263,2025-04-18,2025,Texas Rangers,Los Angeles Dodgers,2025-04-18T17:00:00+00:00,2025-04-19T00:05:00+00:00,-0.08061858648661263,-1.0,162,162,0.5199080094636128,0.5306841046277666,0.43609022556390975,0,0.27030433830441614,0.2816256189045743,0.19017468483238167
778268,2025-04-18,2025,Chicago Cubs,Arizona Diamondbacks,2025-04-18T17:00:00+00:00,2025-04-18T18:20:00+00:00,-0.007360186576991112,1.0,162,162,0.45530438761161895,0.5306841046277666,0.49489795918367346,1,0.29669331015515343,0.2202574096490411,0.25512807163681794
778269,2025-04-18,2025,Houston Astros,San Diego Padres,2025-04-18T17:00:00+00:00,2025-04-19T00:10:00+00:00,0.005749646363302663,0.0,162,162,0.5388066837117894,0.5306841046277666,0.5806451612903225,1,0.21269927498891744,0.2202574096490411,0.17585848074921961
778270,2025-04-18,2025,New York Mets,St. Louis Cardinals,2025-04-18T17:00:00+00:00,2025-04-18T23:10:00+00:00,0.07258651062996929,0.0,162,162,0.6062212614778628,0.5306841046277666,0.6116504854368933,1,0.15506169491208568,0.2202574096490411,0.15081534546140066
778271,2025-04-18,2025,Pittsburgh Pirates,Cleveland Guardians,2025-04-18T17:00:00+00:00,2025-04-18T22:40:00+00:00,-0.016359688608303447,0.0,162,162,0.5160613908648456,0.5306841046277666,0.4545454545454545,0,0.26631935914135896,0.2816256189045743,0.2066115702479338
778272,2025-04-18,2025,Tampa Bay Rays,New York Yankees,2025-04-18T17:00:00+00:00,2025-04-18T23:05:00+00:00,-0.04401260977582572,0.0,162,162,0.4875302697207898,0.5306841046277666,0.4783715012722647,0,0.23768576389402604,0.2816256189045743,0.22883929322948032
778273,2025-04-18,2025,Toronto Blue Jays,Seattle Mariners,2025-04-18T17:00:00+00:00,2025-04-18T23:07:00+00:00,-0.02448259775353956,1.0,162,162,0.4378368440350657,0.5306841046277666,0.5114503816793893,1,0.316027413924455,0.2202574096490411,0.23868072956121442
778274,2025-04-18,2025,Philadelphia Phillies,Miami Marlins,2025-04-18T17:00:00+00:00,2025-04-18T22:45:00+00:00,0.08557852887437939,0.0,162,162,0.6189489835756259,0.5306841046277666,0.6574712643678161,1,0.14519987711804863,0.2202574096490411,0.11732593473378253
778275,2025-04-18,2025,Boston Red Sox,Chicago White Sox,2025-04-18T17:00:00+00:00,2025-04-18T23:10:00+00:00,0.1003673896678457,1.0,162,162,0.5659781566369991,0.5306841046277666,0.6496519721577726,1,0.18837496051621727,0.2202574096490411,0.12274374061293815
778276,2025-04-18,2025,Baltimore Orioles,Cincinnati Reds,2025-04-18T17:00:00+00:00,2025-04-18T23:05:00+00:00,0.0057689671690305255,0.0,162,162,0.5388265035988633,0.5306841046277666,0.6092233009708737,0,0.2903340009805758,0.2816256189045743,0.3711530304458478
778277,2025-04-18,2025,Detroit Tigers,Kansas City Royals,2025-04-18T17:00:00+00:00,2025-04-18T22:40:00+00:00,0.013625270973836145,0.0,162,162,0.5468748806228848,0.5306841046277666,0.42999999999999994,1,0.2053223738105249,0.2202574096490411,0.3249000000000001
778284,2025-04-18,2025,Atlanta Braves,Minnesota Twins,2025-04-18T17:00:00+00:00,2025-04-18T23:15:00+00:00,0.02409414378631869,0.0,162,162,0.5575610235484862,0.5306841046277666,0.57356608478803,1,0.19575224788346315,0.2202574096490411,0.18184588404300966
778243,2025-04-19,2025,Los Angeles Angels,San Francisco Giants,2025-04-19T17:00:00+00:00,2025-04-20T01:38:00+00:00,-0.13092140092650706,0.0,162,162,0.3992318848742142,0.5306841046277666,0.44584382871536526,0,0.1593860979002178,0.2816256189045743,0.19877671960357596
778247,2025-04-19,2025,Colorado Rockies,Washington Nationals,2025-04-19T17:00:00+00:00,2025-04-19T20:10:00+00:00,-0.03960174778624126,1.0,162,162,0.42253861377666524,0.5306841046277666,0.4494949494949495,0,0.17853888013230587,0.2816256189045743,0.2020457096214672
778251,2025-04-19,2025,Texas Rangers,Los Angeles Dodgers,2025-04-19T17:00:00+00:00,2025-04-19T20:05:00+00:00,-0.08059501312290968,0.0,162,162,0.44994103404195473,0.5306841046277666,0.5253807106598984,1,0.302564866030834,0.2202574096490411,0.22526346981370304
778252,2025-04-19,2025,Philadelphia Phillies,Miami Marlins,2025-04-19T17:00:00+00:00,2025-04-19T17:05:00+00:00,0.09036889300538409,0.0,162,162,0.6236019862967492,0.5306841046277666,0.6666666666666666,1,0.14167546471975256,0.2202574096490411,0.11111111111111113
778254,2025-04-19,2025,Pittsburgh Pirates,Cleveland Guardians,2025-04-19T17:00:00+00:00,2025-04-19T20:05:00+00:00,-0.01873551317392741,0.0,162,162,0.5136115817080276,0.5306841046277666,0.6058394160583942,0,0.2637968568646219,0.2816256189045743,0.36704139804997604
778255,2025-04-19,2025,Tampa Bay Rays,New York Yankees,2025-04-19T17:00:00+00:00,2025-04-19T20:10:00+00:00,-0.04435606211364135,0.0,162,162,0.48717603605227777,0.5306841046277666,0.530456852791878,1,0.2629884179990547,0.2202574096490411,0.2204707670901081
778256,2025-04-19,2025,New York Mets,St. Louis Cardinals,2025-04-19T17:00:00+00:00,2025-04-19T20:05:00+00:00,0.07481782908554269,0.0,162,162,0.608418000683455,0.5306841046277666,0.635933806146572,1,0.15333646218874267,0.2202574096490411,0.1325441935069218
778257,2025-04-19,2025,Chicago Cubs,Arizona Diamondbacks,2025-04-19T17:00:00+00:00,2025-04-19T18:20:00+00:00,-0.0063053677834961075,0.0,162,162,0.5264188674464153,0.5306841046277666,0.530456852791878,1,0.22427908911073596,0.2202574096490411,0.2204707670901081
778258,2025-04-19,2025,Toronto Blue Jays,Seattle Mariners,2025-04-19T17:00:00+00:00,2025-04-19T19:07:00+00:00,-0.027651214724411677,0.0,162,162,0.5044133690701794,0.5306841046277666,0.47715736040609136,0,0.254432846896729,0.2816256189045743,0.22767914658970856
778259,2025-04-19,2025,Houston Astros,San Diego Padres,2025-04-19T17:00:00+00:00,2025-04-19T23:10:00+00:00,0.009242445924283027,0.0,162,162,0.542387652100047,0.5306841046277666,0.49489795918367346,1,0.2094090609505076,0.2202574096490411,0.25512807163681794
778262,2025-04-19,2025,Baltimore Orioles,Cincinnati Reds,2025-04-19T17:00:00+00:00,2025-04-19T20:05:00+00:00,-0.0002939105584390811,0.0,162,162,0.5326013086195889,0.5306841046277666,0.5267175572519084,1,0.2184615367041208,0.2202574096490411,0.2239962706136006
778264,2025-04-19,2025,Boston Red Sox,Chicago White Sox,2025-04-19T17:00:00+00:00,2025-04-19T20:10:00+00:00,0.11017115080579742,0.0,162,162,0.6425876295034578,0.5306841046277666,0.745136186770428,1,0.12774360258395753,0.2202574096490411,0.06495556329391815
778265,2025-04-19,2025,Detroit Tigers,Kansas City Royals,2025-04-19T17:00:00+00:00,2025-04-19T17:10:00+00:00,0.012131648887362068,0.0,162,162,0.5453464972163193,0.5306841046277666,0.5516372795969774,1,0.20670980759347032,0.2202574096490411,0.20102912904719902
778267,2025-04-19,2025,Atlanta Braves,Minnesota Twins,2025-04-19T17:00:00+00:00,2025-04-19T23:15:00+00:00,0.02883081904652124,0.0,162,162,0.562379151602386,0.5306841046277666,0.6666666666666666,1,0.1915120069522474,0.2202574096490411,0.11111111111111113
778232,2025-04-20,2025,Los Angeles Angels,San Francisco Giants,2025-04-20T17:00:00+00:00,2025-04-20T20:07:00+00:00,-0.1322489912411321,0.0,162,162,0.39791812313251,0.5306841046277666,0.5076530612244898,1,0.36250258645227945,0.2202574096490411,0.24240550812161596
778234,2025-04-20,2025,Texas Rangers,Los Angeles Dodgers,2025-04-20T17:00:00+00:00,2025-04-20T18:35:00+00:00,-0.08021783862906745,0.0,162,162,0.4503264256362964,0.5306841046277666,0.4158415841584158,0,0.20279388962636277,0.2816256189045743,0.17292422311538083
778235,2025-04-20,2025,Colorado Rockies,Washington Nationals,2025-04-20T17:00:00+00:00,2025-04-20T19:10:00+00:00,-0.03923389627828466,0.0,162,162,0.4924601328850195,0.5306841046277666,0.47959183673469385,0,0.24251698248113107,0.2816256189045743,0.23000832986255726
778236,2025-04-20,2025,Chicago Cubs,Arizona Diamondbacks,2025-04-20T17:00:00+00:00,2025-04-20T18:20:00+00:00,0.00011083775401676821,0.0,162,162,0.5330172310264981,0.5306841046277666,0.5614035087719298,0,0.28410736857115526,0.2816256189045743,0.3151738996614343
778237,2025-04-20,2025,Houston Astros,San Diego Padres,2025-04-20T17:00:00+00:00,2025-04-20T23:10:00+00:00,0.009342768732045648,0.0,162,162,0.5424904444711802,0.5306841046277666,0.5089058524173028,0,0.2942958823425387,0.2816256189045743,0.2589851666245816
778240,2025-04-20,2025,Tampa Bay Rays,New York Yankees,2025-04-20T17:00:00+00:00,2025-04-20T17:40:00+00:00,-0.04127507368728128,0.0,162,162,0.4903541582363907,0.5306841046277666,0.39172749391727496,0,0.24044720049971932,0.2816256189045743,0.1534504294907087
778241,2025-04-20,2025,Toronto Blue Jays,Seattle Mariners,2025-04-20T17:00:00+00:00,2025-04-20T17:37:00+00:00,-0.03684448794415218,0.0,162,162,0.4949257276571789,0.5306841046277666,0.49234693877551017,0,0.244951475896988,0.2816256189045743,0.24240550812161596
778242,2025-04-20,2025,Pittsburgh Pirates,Cleveland Guardians,2025-04-20T17:00:00+00:00,2025-04-20T17:35:00+00:00,-0.01972117709749638,0.0,162,162,0.5125950248908031,0.5306841046277666,0.5228426395939086,0,0.26275365954280305,0.2816256189045743,0.27336442577752584
778244,2025-04-20,2025,New York Mets,St. Louis Cardinals,2025-04-20T17:00:00+00:00,2025-04-20T17:40:00+00:00,0.07794561180192933,0.0,162,162,0.6114899149059415,0.5306841046277666,0.568922305764411,1,0.15094008621979257,0.2202574096490411,0.18582797846747193
778245,2025-04-20,2025,Boston Red Sox,Chicago White Sox,2025-04-20T17:00:00+00:00,2025-04-20T17:35:00+00:00,0.10938365994096921,0.0,162,162,0.6418406481686315,0.5306841046277666,0.7094736842105264,0,0.41195941764152905,0.2816256189045743,0.5033529085872577
778246,2025-04-20,2025,Detroit Tigers,Kansas City Royals,2025-04-20T17:00:00+00:00,2025-04-20T17:40:00+00:00,0.01599515430460352,0.0,162,162,0.5492980948261853,0.5306841046277666,0.6704288939051919,0,0.30172839697967685,0.2816256189045743,0.44947490178293903
778248,2025-04-20,2025,Philadelphia Phillies,Miami Marlins,2025-04-20T17:00:00+00:00,2025-04-20T17:35:00+00:00,0.08959688557819967,0.0,162,162,0.6228536301295753,0.5306841046277666,0.7334669338677354,0,0.38794664456558975,0.2816256189045743,0.5379737430773369
778249,2025-04-20,2025,Atlanta Braves,Minnesota Twins,2025-04-20T17:00:00+00:00,2025-04-20T17:35:00+00:00,0.033177395198653814,0.0,162,162,0.5667901646382233,0.5306841046277666,0.5204081632653061,1,0.1876707614541777,0.2202574096490411,0.23000832986255726
778250,2025-04-20,2025,Baltimore Orioles,Cincinnati Reds,2025-04-20T17:00:00+00:00,2025-04-20T17:35:00+00:00,0.0036665444087186083,0.0,162,162,0.5366690657437514,0.5306841046277666,0.6408450704225352,0,0.28801368612627093,0.2816256189045743,0.41068240428486413
778266,2025-04-20,2025,Colorado Rockies,Washington Nationals,2025-04-20T17:00:00+00:00,2025-04-21T00:10:00+00:00,-0.03923389627828466,0.0,162,162,0.4924601328850195,0.5306841046277666,0.47959183673469385,1,0.257596716711092,0.2202574096490411,0.27082465639316955
778225,2025-04-21,2025,New York Mets,Philadelphia Phillies,2025-04-21T17:00:00+00:00,2025-04-21T23:10:00+00:00,0.05911448751867532,0.0,162,162,0.5928695118069682,0.5306841046277666,0.5331632653061223,1,0.1657552344162964,0.2202574096490411,0.2179365368596419
778226,2025-04-21,2025,San Francisco Giants,Milwaukee Brewers,2025-04-21T17:00:00+00:00,2025-04-22T01:45:00+00:00,0.005669905702062383,0.0,162,162,0.5387248819488797,0.5306841046277666,0.5518987341772151,1,0.212774734533075,0.2202574096490411,0.20079474443198211
778227,2025-04-21,2025,Cleveland Guardians,New York Yankees,2025-04-21T17:00:00+00:00,2025-04-21T22:10:00+00:00,-0.04714741212138246,0.0,162,162,0.48429757170499466,0.5306841046277666,0.460559796437659,1,0.2659489945493651,0.2202574096490411,0.29099573321937994
778228,2025-04-21,2025,Detroit Tigers,San Diego Padres,2025-04-21T17:00:00+00:00,2025-04-21T22:40:00+00:00,-0.01293162532954406,0.0,162,162,0.5195948154704242,0.5306841046277666,0.5692695214105793,1,0.2307891413228958,0.2202574096490411,0.1855287451858714
778230,2025-04-21,2025,Miami Marlins,Cincinnati Reds,2025-04-21T17:00:00+00:00,2025-04-21T22:40:00+00:00,-0.09142849828443705,0.0,162,162,0.4388989530005738,0.5306841046277666,0.4731457800511509,1,0.3148343849438523,0.2202574096490411,0.27757536907791025
778231,2025-04-21,2025,Houston Astros,Toronto Blue Jays,2025-04-21T17:00:00+00:00,2025-04-22T00:10:00+00:00,0.053760906728383406,0.0,162,162,0.5875242005994954,0.5306841046277666,0.5532994923857868,1,0.1701362850910853,0.2202574096490411,0.19954134350279576
778233,2025-04-21,2025,Atlanta Braves,St. Louis Cardinals,2025-04-21T17:00:00+00:00,2025-04-21T23:15:00+00:00,0.04153796222555689,0.0,162,162,0.5752444063112938,0.5306841046277666,0.640661938534279,1,0.18041731436984526,0.2202574096490411,0.12912384241794228
778210,2025-04-22,2025,San Francisco Giants,Milwaukee Brewers,2025-04-22T17:00:00+00:00,2025-04-23T01:45:00+00:00,0.008825922673946662,0.0,162,162,0.5419608371407159,0.5306841046277666,0.5541561712846348,0,0.29372154899426556,0.2816256189045743,0.3070890621728455
778211,2025-04-22,2025,Los Angeles Angels,Pittsburgh Pirates,2025-04-22T17:00:00+00:00,2025-04-23T01:38:00+00:00,-0.045590343943932854,0.0,162,162,0.48590311767856725,0.5306841046277666,0.64,0,0.23610183976975158,0.2816256189045743,0.4096
778212,2025-04-22,2025,Arizona Diamondbacks,Tampa Bay Rays,2025-04-22T17:00:00+00:00,2025-04-23T01:40:00+00:00,0.05948274000307585,0.0,162,162,0.5932364038915372,0.5306841046277666,0.6004901960784313,1,0.16545662311908865,0.2202574096490411,0.15960808342945024
778215,2025-04-22,2025,Kansas City Royals,Colorado Rockies,2025-04-22T17:00:00+00:00,2025-04-22T23:40:00+00:00,0.10199224396322082,0.0,162,162,0.6347962752239623,0.5306841046277666,0.6748878923766817,1,0.13337376059029188,0.2202574096490411,0.10569788252327612
778216,2025-04-22,2025,Minnesota Twins,Chicago White Sox,2025-04-22T17:00:00+00:00,2025-04-22T23:40:00+00:00,0.11076799001380111,1.0,162,162,0.5764938014775456,0.5306841046277666,0.6885964912280702,1,0.17935750018694058,0.2202574096490411,0.09697214527546935
778217,2025-04-22,2025,Houston Astros,Toronto Blue Jays,2025-04-22T17:00:00+00:00,2025-04-23T00:10:00+00:00,0.05822735958334124,0.0,162,162,0.5919852363855058,0.5306841046277666,0.4783715012722647,1,0.16647604732739157,0.2202574096490411,0.27209629068495095
778218,2025-04-22,2025,Cleveland Guardians,New York Yankees,2025-04-22T17:00:00+00:00,2025-04-22T22:10:00+00:00,-0.045195886884073944,0.0,162,162,0.48630990327788665,0.5306841046277666,0.49489795918367346,1,0.26387751547037425,0.2202574096490411,0.25512807163681794
778219,2025-04-22,2025,Miami Marlins,Cincinnati Reds,2025-04-22T17:00:00+00:00,2025-04-22T22:40:00+00:00,-0.08829676921904273,0.0,162,162,0.4420852647323002,0.5306841046277666,0.4809160305343511,1,0.31126885182882763,0.2202574096490411,0.26944816735621463
778220,2025-04-22,2025,Chicago Cubs,Los Angeles Dodgers,2025-04-22T17:00:00+00:00,2025-04-22T23:40:00+00:00,-0.002630557944160117,0.0,162,162,0.5301992840958176,0.5306841046277666,0.4783715012722647,1,0.22071271266408227,0.2202574096490411,0.27209629068495095
778221,2025-04-22,2025,Detroit Tigers,San Diego Padres,2025-04-22T17:00:00+00:00,2025-04-22T22:40:00+00:00,-0.012771961352815553,0.0,162,162,0.5197593416901856,0.5306841046277666,0.530456852791878,0,0.2701497732742151,0.2816256189045743,0.2813844726738642
778222,2025-04-22,2025,Washington Nationals,Baltimore Orioles,2025-04-22T17:00:00+00:00,2025-04-22T22:45:00+00:00,-0.049175564163415064,0.0,162,162,0.48220676610589014,0.5306841046277666,0.44332493702770776,1,0.2681098330665203,0.2202574096490411,0.3098871257352056
778223,2025-04-22,2025,New York Mets,Philadelphia Phillies,2025-04-22T17:00:00+00:00,2025-04-22T23:10:00+00:00,0.05470713252050341,0.0,162,162,0.5884705059932588,0.5306841046277666,0.4483627204030227,1,0.16935652443744445,0.2202574096490411,0.30430368824115367
778224,2025-04-22,2025,Boston Red Sox,Seattle Mariners,2025-04-22T17:00:00+00:00,2025-04-22T22:45:00+00:00,-0.04329185358379689,-1.0,162,162,0.5581769544659346,0.5306841046277666,0.5367088607594936,1,0.1952076035649968,0.2202574096490411,0.21463867969876624
778229,2025-04-22,2025,Atlanta Braves,St. Louis Cardinals,2025-04-22T17:00:00+00:00,2025-04-22T23:15:00+00:00,0.03948953499372321,0.0,162,162,0.5731768983268636,0.5306841046277666,0.5675,0,0.3285317567756037,0.2816256189045743,0.32205625
778198,2025-04-23,2025,San Francisco Giants,Milwaukee Brewers,2025-04-23T17:00:00+00:00,2025-04-24T01:45:00+00:00,0.004269227146932453,0.0,162,162,0.537287663122947,0.5306841046277666,0.5639097744360902,1,0.21410270669822343,0.2202574096490411,0.19017468483238167
778199,2025-04-23,2025,Arizona Diamondbacks,Tampa Bay Rays,2025-04-23T17:00:00+00:00,2025-04-24T01:40:00+00:00,0.06229408212665605,0.0,162,162,0.5960339053463461,0.5306841046277666,0.5980392156862746,0,0.3552564163224171,0.2816256189045743,0.35765090349865447
778200,2025-04-23,2025,Houston Astros,Toronto Blue Jays,2025-04-23T17:00:00+00:00,2025-04-23T23:40:00+00:00,0.06102342145437806,0.0,162,162,0.5947702617183945,0.5306841046277666,0.5063938618925831,1,0.16421114078777846,0.2202574096490411,0.24364701957731835
778201,2025-04-23,2025,Minnesota Twins,Chicago White Sox,2025-04-23T17:00:00+00:00,2025-04-23T23:40:00+00:00,0.11087517411314235,0.0,162,162,0.643254851016665,0.5306841046277666,0.6969696969696969,1,0.12726710132314187,0.2202574096490411,0.09182736455463732
778202,2025-04-23,2025,Los Angeles Angels,Pittsburgh Pirates,2025-04-23T17:00:00+00:00,2025-04-24T01:38:00+00:00,-0.04714000512564043,0.0,162,162,0.4843052085693835,0.5306841046277666,0.547979797979798,0,0.2345515350474341,0.2816256189045743,0.30028185899398024
778203,2025-04-23,2025,New York Mets,Philadelphia Phillies,2025-04-23T17:00:00+00:00,2025-04-23T17:10:00+00:00,0.06016291721617173,0.0,162,162,0.5939137946838496,0.5306841046277666,0.4821428571428572,1,0.16490600614807063,0.2202574096490411,0.2681760204081632
778204,2025-04-23,2025,Washington Nationals,Baltimore Orioles,2025-04-23T17:00:00+00:00,2025-04-23T22:45:00+00:00,-0.04043709441781668,0.0,162,162,0.49121870201260215,0.5306841046277666,0.4520202020202021,1,0.25885840918174124,0.2202574096490411,0.30028185899398013
778205,2025-04-23,2025,Chicago Cubs,Los Angeles Dodgers,2025-04-23T17:00:00+00:00,2025-04-23T23:00:00+00:00,-0.0009007648257807199,0.0,162,162,0.5319776158871261,0.5306841046277666,0.5089058524173028,1,0.21904495203069846,0.2202574096490411,0.24117346178997598
778206,2025-04-23,2025,Cleveland Guardians,New York Yankees,2025-04-23T17:00:00+00:00,2025-04-23T17:10:00+00:00,-0.051523249981358155,0.0,162,162,0.47978733828861947,0.5306841046277666,0.4029484029484029,0,0.23019588998207818,0.2816256189045743,0.16236741543866848
778207,2025-04-23,2025,Boston Red Sox,Seattle Mariners,2025-04-23T17:00:00+00:00,2025-04-23T22:45:00+00:00,-0.04184835546727128,0.0,162,162,0.4897627359613267,0.5306841046277666,0.5664160401002506,0,0.2398675375363242,0.2816256189045743,0.32082713048284867
778208,2025-04-23,2025,Miami Marlins,Cincinnati Reds,2025-04-23T17:00:00+00:00,2025-04-23T17:10:00+00:00,-0.08498917054694938,0.0,162,162,0.4454556908226647,0.5306841046277666,0.49234693877551017,0,0.19843077248629742,0.2816256189045743,0.24240550812161596
778209,2025-04-23,2025,Detroit Tigers,San Diego Padres,2025-04-23T17:00:00+00:00,2025-04-23T17:10:00+00:00,-0.012083297737091825,0.0,162,162,0.5204689276062895,0.5306841046277666,0.5980392156862746,1,0.22995004939106203,0.2202574096490411,0.16157247212610526
778188,2025-04-24,2025,Arizona Diamondbacks,Tampa Bay Rays,2025-04-24T17:00:00+00:00,2025-04-25T01:40:00+00:00,0.060761019851320486,0.0,162,162,0.5945091520876808,0.5306841046277666,0.5505050505050506,0,0.35344113191601323,0.2816256189045743,0.30305581063156833
778189,2025-04-24,2025,Minnesota Twins,Chicago White Sox,2025-04-24T17:00:00+00:00,2025-04-24T17:10:00+00:00,0.11376105161278044,0.0,162,162,0.645984046564434,0.5306841046277666,0.6689342403628117,0,0.4172953884157608,0.2816256189045743,0.4474730179297719
778190,2025-04-24,2025,Kansas City Royals,Colorado Rockies,2025-04-24T17:00:00+00:00,2025-04-24T18:10:00+00:00,0.10233701794711825,0.0,162,162,0.6351261749658279,0.5306841046277666,0.7139874739039667,1,0.13313290819506762,0.2202574096490411,0.08180316508383415
778191,2025-04-24,2025,Los Angeles Angels,Pittsburgh Pirates,2025-04-24T17:00:00+00:00,2025-04-25T01:29:00+00:00,-0.05259031522085306,0.0,162,162,0.4786879715026939,0.5306841046277666,0.5866336633663367,1,0.271766231055976,0.2202574096490411,0.17087172826193503
778193,2025-04-24,2025,Washington Nationals,Baltimore Orioles,2025-04-24T17:00:00+00:00,2025-04-24T22:45:00+00:00,-0.03808190313261001,0.0,162,162,0.4936488190178762,0.5306841046277666,0.5216284987277354,0,0.24368915651774392,0.2816256189045743,0.27209629068495106
778194,2025-04-24,2025,San Francisco Giants,Milwaukee Brewers,2025-04-24T17:00:00+00:00,2025-04-24T19:45:00+00:00,0.0042537106701640015,0.0,162,162,0.5372717383441833,0.5306841046277666,0.57,1,0.21411744413501396,0.2202574096490411,0.18490000000000004
778195,2025-04-24,2025,Kansas City Royals,Colorado Rockies,2025-04-24T17:00:00+00:00,2025-04-24T18:15:00+00:00,0.10233701794711825,0.0,162,162,0.6351261749658279,0.5306841046277666,0.6367924528301887,1,0.13313290819506762,0.2202574096490411,0.1319197223211107
778196,2025-04-24,2025,Boston Red Sox,Seattle Mariners,2025-04-24T17:00:00+00:00,2025-04-24T17:35:00+00:00,-0.04058974417408878,0.0,162,162,0.4910612090918757,0.5306841046277666,0.6183574879227054,0,0.24114111107477484,0.2816256189045743,0.3823659828700787
778171,2025-04-25,2025,San Francisco Giants,Texas Rangers,2025-04-25T17:00:00+00:00,2025-04-26T02:15:00+00:00,0.07550210654183492,0.0,162,162,0.6090907992181689,0.5306841046277666,0.5089058524173028,0,0.3709916016922277,0.2816256189045743,0.2589851666245816
778172,2025-04-25,2025,San Diego Padres,Tampa Bay Rays,2025-04-25T17:00:00+00:00,2025-04-26T01:40:00+00:00,0.038969165515256365,1.0,162,162,0.5029989979292695,0.5306841046277666,0.57,0,0.2530079919178493,0.2816256189045743,0.32489999999999997
778175,2025-04-25,2025,Seattle Mariners,Miami Marlins,2025-04-25T17:00:00+00:00,2025-04-26T01:40:00+00:00,0.11357328810664113,-1.0,162,162,0.7070994360746619,0.5306841046277666,0.7201646090534979,0,0.49998961249710483,0.2816256189045743,0.5186370641331775
778176,2025-04-25,2025,Los Angeles Dodgers,Pittsburgh Pirates,2025-04-25T17:00:00+00:00,2025-04-26T02:10:00+00:00,0.07302683226513251,1.0,162,162,0.5380744450173012,0.5306841046277666,0.6613272311212814,0,0.28952410838067666,0.2816256189045743,0.4373537066225408
778177,2025-04-25,2025,Arizona Diamondbacks,Atlanta Braves,2025-04-25T17:00:00+00:00,2025-04-26T01:40:00+00:00,0.023557219102858684,-1.0,162,162,0.6247439496717715,0.5306841046277666,0.4545454545454545,0,0.39030500265148493,0.2816256189045743,0.2066115702479338
778181,2025-04-25,2025,Colorado Rockies,Cincinnati Reds,2025-04-25T17:00:00+00:00,2025-04-26T00:40:00+00:00,-0.10591612673984213,-1.0,162,162,0.49381049467020505,0.5306841046277666,0.47582697201017815,0,0.2438488046464326,0.2816256189045743,0.22641130729237485
778182,2025-04-25,2025,Chicago Cubs,Philadelphia Phillies,2025-04-25T17:00:00+00:00,2025-04-25T18:20:00+00:00,0.03917136155858336,0.0,162,162,0.5728555296814593,0.5306841046277666,0.597051597051597,1,0.18245239852370673,0.2202574096490411,0.1623674154386685
778183,2025-04-25,2025,Washington Nationals,New York Mets,2025-04-25T17:00:00+00:00,2025-04-25T22:45:00+00:00,-0.12199683259216298,-1.0,162,162,0.47722982474122533,0.5306841046277666,0.3705463182897863,1,0.27328865614009,0.2202574096490411,0.39621193741854294
778184,2025-04-25,2025,St. Louis Cardinals,Milwaukee Brewers,2025-04-25T17:00:00+00:00,2025-04-26T00:15:00+00:00,-0.04775447906577418,1.0,162,162,0.41434864687357,0.5306841046277666,0.547979797979798,1,0.34298750741881845,0.2202574096490411,0.20432226303438422
778185,2025-04-25,2025,New York Yankees,Toronto Blue Jays,2025-04-25T17:00:00+00:00,2025-04-25T23:05:00+00:00,0.04997504437437306,0.0,162,162,0.5837316098067273,0.5306841046277666,0.547979797979798,0,0.3407425922875534,0.2816256189045743,0.30028185899398024
778186,2025-04-25,2025,Minnesota Twins,Los Angeles Angels,2025-04-25T17:00:00+00:00,2025-04-25T23:40:00+00:00,0.07759349018238809,0.0,162,162,0.6111445200168558,0.5306841046277666,0.6621004566210046,1,0.15120858431292145,0.2202574096490411,0.1141761014157336
778187,2025-04-25,2025,Kansas City Royals,Houston Astros,2025-04-25T17:00:00+00:00,2025-04-25T23:40:00+00:00,-0.03906700441158495,-1.0,162,162,0.5624737169235157,0.5306841046277666,0.48346055979643765,1,0.1914292483827239,0.2202574096490411,0.26681299328580954
778154,2025-04-26,2025,Seattle Mariners,Miami Marlins,2025-04-26T17:00:00+00:00,2025-04-27T01:40:00+00:00,0.10836234981062598,0.0,162,162,0.6408708494334558,0.5306841046277666,0.6748878923766817,1,0.12897374678664755,0.2202574096490411,0.10569788252327612
778159,2025-04-26,2025,San Francisco Giants,Texas Rangers,2025-04-26T17:00:00+00:00,2025-04-26T20:05:00+00:00,0.0744333404927488,0.0,162,162,0.6080397809430105,0.5306841046277666,0.5664160401002506,1,0.15363281332320322,0.2202574096490411,0.1879950502823475
778160,2025-04-26,2025,San Diego Padres,Tampa Bay Rays,2025-04-26T17:00:00+00:00,2025-04-27T00:40:00+00:00,0.03715772122985517,0.0,162,162,0.5708202518409793,0.5306841046277666,0.5603015075376885,0,0.325835759911799,0.2816256189045743,0.3139377793490064
778161,2025-04-26,2025,Colorado Rockies,Cincinnati Reds,2025-04-26T17:00:00+00:00,2025-04-26T19:10:00+00:00,-0.10597811477208136,0.0,162,162,0.4241657392435353,0.5306841046277666,0.34642032332563516,0,0.17991657434801478,0.2816256189045743,0.1200070404130376
778162,2025-04-26,2025,Arizona Diamondbacks,Atlanta Braves,2025-04-26T17:00:00+00:00,2025-04-27T00:10:00+00:00,0.01662212206985969,0.0,162,162,0.5499387854282896,0.5306841046277666,0.5253807106598984,0,0.3024326677183423,0.2816256189045743,0.27602489113349993
778163,2025-04-26,2025,Los Angeles Dodgers,Pittsburgh Pirates,2025-04-26T17:00:00+00:00,2025-04-27T01:10:00+00:00,0.07515937413149015,0.0,162,162,0.6087538679007621,0.5306841046277666,0.7121848739495799,1,0.1530735358826143,0.2202574096490411,0.08283754678341923
778164,2025-04-26,2025,St. Louis Cardinals,Milwaukee Brewers,2025-04-26T17:00:00+00:00,2025-04-26T18:15:00+00:00,-0.04864584981176939,0.0,162,162,0.4827527872283886,0.5306841046277666,0.5785536159600998,1,0.2675446791200007,0.2202574096490411,0.17761705462030705
778166,2025-04-26,2025,Minnesota Twins,Los Angeles Angels,2025-04-26T17:00:00+00:00,2025-04-26T18:10:00+00:00,0.083043204401206,0.0,162,162,0.6164774308403366,0.5306841046277666,0.5505050505050506,1,0.14708956105482882,0.2202574096490411,0.20204570962146712
778167,2025-04-26,2025,Kansas City Royals,Houston Astros,2025-04-26T17:00:00+00:00,2025-04-26T23:10:00+00:00,-0.03948351286701801,0.0,162,162,0.49220257634745673,0.5306841046277666,0.4422110552763819,1,0.25785822346816056,0.2202574096490411,0.31112850685588755
778168,2025-04-26,2025,Detroit Tigers,Baltimore Orioles,2025-04-26T17:00:00+00:00,2025-04-26T17:10:00+00:00,0.03802086266266291,1.0,162,162,0.5020203256374148,0.5306841046277666,0.5603015075376885,1,0.24798375607826637,0.2202574096490411,0.19333476427362942
778169,2025-04-26,2025,Cleveland Guardians,Boston Red Sox,2025-04-26T17:00:00+00:00,2025-04-26T22:10:00+00:00,-0.012421604596166091,1.0,162,162,0.450127508246769,0.5306841046277666,0.4885496183206107,0,0.2026147736804451,0.2816256189045743,0.23868072956121442
778173,2025-04-26,2025,Washington Nationals,New York Mets,2025-04-26T17:00:00+00:00,2025-04-26T20:05:00+00:00,-0.12410178727306315,0.0,162,162,0.40600296900636845,0.5306841046277666,0.37740384615384615,0,0.1648384108419862,0.2816256189045743,0.14243366309171596
778174,2025-04-26,2025,Chicago Cubs,Philadelphia Phillies,2025-04-26T17:00:00+00:00,2025-04-26T20:05:00+00:00,0.04661357183326098,0.0,162,162,0.5803558195394566,0.5306841046277666,0.48469387755102045,0,0.33681287727331427,0.2816256189045743,0.2349281549354436
778179,2025-04-26,2025,Cleveland Guardians,Boston Red Sox,2025-04-26T17:00:00+00:00,2025-04-26T17:10:00+00:00,-0.012421604596166091,1.0,162,162,0.450127508246769,0.5306841046277666,0.5,1,0.30235975718690705,0.2202574096490411,0.25
778136,2025-04-27,2025,Seattle Mariners,Miami Marlins,2025-04-27T17:00:00+00:00,2025-04-27T20:10:00+00:00,0.11963149082368169,0.0,162,162,0.6515063669523772,0.5306841046277666,0.5675,1,0.12144781227473118,0.2202574096490411,0.18705625
778144,2025-04-27,2025,Minnesota Twins,Los Angeles Angels,2025-04-27T17:00:00+00:00,2025-04-27T17:40:00+00:00,0.08821278982958142,0.0,162,162,0.6215104719597249,0.5306841046277666,0.6225961538461539,1,0.14325432283615022,0.2202574096490411,0.14243366309171596
778145,2025-04-27,2025,Los Angeles Dodgers,Pittsburgh Pirates,2025-04-27T17:00:00+00:00,2025-04-27T20:10:00+00:00,0.07237670561960652,0.0,162,162,0.6060144852921242,0.5306841046277666,0.7495183044315993,1,0.1552245857996298,0.2202574096490411,0.06274107981482098
778146,2025-04-27,2025,San Diego Padres,Tampa Bay Rays,2025-04-27T17:00:00+00:00,2025-04-27T20:10:00+00:00,0.03134464975048257,0.0,162,162,0.5649314979490584,0.5306841046277666,0.5025510204081632,0,0.31914759737496695,0.2816256189045743,0.2525575281132861
778147,2025-04-27,2025,Arizona Diamondbacks,Atlanta Braves,2025-04-27T17:00:00+00:00,2025-04-27T20:10:00+00:00,0.013082236409154513,0.0,162,162,0.5463193086199579,0.5306841046277666,0.46954314720812185,1,0.20582616973107298,0.2202574096490411,0.2813844726738643
778148,2025-04-27,2025,Colorado Rockies,Cincinnati Reds,2025-04-27T17:00:00+00:00,2025-04-27T19:10:00+00:00,-0.1053466585923522,0.0,162,162,0.4248025688239834,0.5306841046277666,0.4133663366336633,0,0.18045722247945514,0.2816256189045743,0.17087172826193503
778150,2025-04-27,2025,St. Louis Cardinals,Milwaukee Brewers,2025-04-27T17:00:00+00:00,2025-04-27T18:15:00+00:00,-0.04712927193883237,0.0,162,162,0.4843162748628312,0.5306841046277666,0.5025510204081632,0,0.23456225409700945,0.2816256189045743,0.2525575281132861
778151,2025-04-27,2025,San Francisco Giants,Texas Rangers,2025-04-27T17:00:00+00:00,2025-04-27T20:05:00+00:00,0.0721606567962107,0.0,162,162,0.6058015157437074,0.5306841046277666,0.5516372795969774,1,0.15539244498995852,0.2202574096490411,0.20102912904719902
778152,2025-04-27,2025,Kansas City Royals,Houston Astros,2025-04-27T17:00:00+00:00,2025-04-27T18:10:00+00:00,-0.035334577345435214,0.0,162,162,0.49648391670861025,0.5306841046277666,0.43500000000000005,0,0.24649627955032224,0.2816256189045743,0.18922500000000006
778153,2025-04-27,2025,Washington Nationals,New York Mets,2025-04-27T17:00:00+00:00,2025-04-27T17:35:00+00:00,-0.12450932981327195,0.0,162,162,0.40559729333665295,0.5306841046277666,0.42750000000000005,1,0.353314577688713,0.2202574096490411,0.32775625
778155,2025-04-27,2025,Detroit Tigers,Baltimore Orioles,2025-04-27T17:00:00+00:00,2025-04-27T17:40:00+00:00,0.043846328842244875,0.0,162,162,0.5775711204378036,0.5306841046277666,0.6785714285714286,1,0.17844615828817267,0.2202574096490411,0.10331632653061222
778156,2025-04-27,2025,New York Yankees,Toronto Blue Jays,2025-04-27T17:00:00+00:00,2025-04-27T17:35:00+00:00,0.04967190690286871,0.0,162,162,0.5834274981770252,0.5306841046277666,0.6391509433962265,1,0.17353264927505233,0.2202574096490411,0.13021204165183337
778157,2025-04-27,2025,Cleveland Guardians,Boston Red Sox,2025-04-27T17:00:00+00:00,2025-04-27T17:40:00+00:00,-0.012133200048498771,0.0,162,162,0.5204175119528419,0.5306841046277666,0.47582697201017815,0,0.27083438674718635,0.2816256189045743,0.22641130729237485
778158,2025-04-27,2025,Chicago Cubs,Philadelphia Phillies,2025-04-27T17:00:00+00:00,2025-04-27T23:10:00+00:00,0.044656016732582016,0.0,162,162,0.5783864346751538,0.5306841046277666,0.5253807106598984,0,0.334530867816236,0.2816256189045743,0.27602489113349993
778170,2025-04-27,2025,New York Yankees,Toronto Blue Jays,2025-04-27T17:00:00+00:00,2025-04-27T17:40:00+00:00,0.04967190690286871,0.0,162,162,0.5834274981770252,0.5306841046277666,0.5945945945945945,1,0.17353264927505233,0.2202574096490411,0.16435354273192118
778132,2025-04-28,2025,Los Angeles Dodgers,Miami Marlins,2025-04-28T17:00:00+00:00,2025-04-29T02:10:00+00:00,0.12931345954839107,0.0,162,162,0.6605253808642808,0.5306841046277666,0.703862660944206,1,0.1152430170373416,0.2202574096490411,0.08769732358304629
778137,2025-04-28,2025,Colorado Rockies,Atlanta Braves,2025-04-28T17:00:00+00:00,2025-04-29T00:40:00+00:00,-0.12560514981125137,0.0,162,162,0.4045071334775015,0.5306841046277666,0.39024390243902446,0,0.16362602103418522,0.2816256189045743,0.15229030339083885
778138,2025-04-28,2025,Washington Nationals,New York Mets,2025-04-28T17:00:00+00:00,2025-04-28T20:05:00+00:00,-0.12005078818764986,0.0,162,162,0.4100423054085726,0.5306841046277666,0.3911980440097799,0,0.16813469222477714,0.2816256189045743,0.15303590963707772
778139,2025-04-28,2025,Cleveland Guardians,Minnesota Twins,2025-04-28T17:00:00+00:00,2025-04-28T22:10:00+00:00,-0.027646658039206295,0.0,162,162,0.5044180714366164,0.5306841046277666,0.544529262086514,0,0.2544375907918355,0.2816256189045743,0.2965121172684834
778140,2025-04-28,2025,Baltimore Orioles,New York Yankees,2025-04-28T17:00:00+00:00,2025-04-28T22:35:00+00:00,-0.05533127042851127,0.0,162,162,0.47586501519806085,0.5306841046277666,0.4517766497461929,1,0.27471748229332904,0.2202574096490411,0.30054884176350843
778141,2025-04-28,2025,Cincinnati Reds,St. Louis Cardinals,2025-04-28T17:00:00+00:00,2025-04-28T22:40:00+00:00,0.026173600767409655,0.0,162,162,0.5596776285762497,0.5306841046277666,0.526854219948849,1,0.1938837907762351,0.2202574096490411,0.2238669291802122
778142,2025-04-28,2025,Houston Astros,Detroit Tigers,2025-04-28T17:00:00+00:00,2025-04-29T00:10:00+00:00,0.018631177961757395,0.0,162,162,0.5519906889468754,0.5306841046277666,0.5140664961636828,1,0.20071234279029534,0.2202574096490411,0.23613137015064006
778120,2025-04-29,2025,Colorado Rockies,Atlanta Braves,2025-04-29T17:00:00+00:00,2025-04-30T00:40:00+00:00,-0.12798269602875473,0.0,162,162,0.40214511830420924,0.5306841046277666,0.3568075117370892,0,0.16172069617590645,0.2816256189045743,0.12731160043201303
778121,2025-04-29,2025,Seattle Mariners,Los Angeles Angels,2025-04-29T17:00:00+00:00,2025-04-30T01:40:00+00:00,0.12552655212950858,0.0,162,162,0.657011191289246,0.5306841046277666,0.6440281030444964,1,0.11764132290082219,0.2202574096490411,0.12671599142209966
778123,2025-04-29,2025,Los Angeles Dodgers,Miami Marlins,2025-04-29T17:00:00+00:00,2025-04-30T02:10:00+00:00,0.13004667873025338,0.0,162,162,0.661203772751186,0.5306841046277666,0.6408450704225352,1,0.11478288359803,0.2202574096490411,0.12899226343979367
778124,2025-04-29,2025,Houston Astros,Detroit Tigers,2025-04-29T17:00:00+00:00,2025-04-30T00:10:00+00:00,0.015226684895062736,0.0,162,162,0.5485125826164227,0.5306841046277666,0.5241730279898218,1,0.20384088805569256,0.2202574096490411,0.2264113072923749
778125,2025-04-29,2025,Chicago White Sox,Milwaukee Brewers,2025-04-29T17:00:00+00:00,2025-04-29T23:40:00+00:00,-0.14651219474943245,0.0,162,162,0.3838996618098262,0.5306841046277666,0.3114035087719298,0,0.14737895033769893,0.2816256189045743,0.09697214527546935
778126,2025-04-29,2025,San Diego Padres,San Francisco Giants,2025-04-29T17:00:00+00:00,2025-04-30T01:40:00+00:00,-0.010664099992234832,0.0,162,162,0.5219309783962207,0.5306841046277666,0.46700507614213205,1,0.2285499894171948,0.2202574096490411,0.28408358885825447
778127,2025-04-29,2025,Toronto Blue Jays,Boston Red Sox,2025-04-29T17:00:00+00:00,2025-04-29T23:07:00+00:00,-0.01960769961382458,0.0,162,162,0.5127120644772252,0.5306841046277666,0.4483627204030227,0,0.2628736610604983,0.2816256189045743,0.20102912904719913
778128,2025-04-29,2025,Tampa Bay Rays,Kansas City Royals,2025-04-29T17:00:00+00:00,2025-04-29T23:05:00+00:00,-0.00930224334914509,0.0,162,162,0.5233336037690555,0.5306841046277666,0.5831265508684863,0,0.27387806083390676,0.2816256189045743,0.34003657432777734
778129,2025-04-29,2025,Cleveland Guardians,Minnesota Twins,2025-04-29T17:00:00+00:00,2025-04-29T22:10:00+00:00,-0.03206485467192194,0.0,162,162,0.4998583805276204,0.5306841046277666,0.5516372795969774,1,0.25014163952845453,0.2202574096490411,0.20102912904719902
778130,2025-04-29,2025,New York Mets,Arizona Diamondbacks,2025-04-29T17:00:00+00:00,2025-04-29T23:10:00+00:00,0.025740755300816542,-1.0,162,162,0.6268548146708024,0.5306841046277666,0.5664160401002506,1,0.13923732933436123,0.2202574096490411,0.1879950502823475
778131,2025-04-29,2025,Philadelphia Phillies,Washington Nationals,2025-04-29T17:00:00+00:00,2025-04-29T22:45:00+00:00,0.06370139124147756,1.0,162,162,0.5284930582306451,0.5306841046277666,0.6309523809523809,1,0.22231879613668987,0.2202574096490411,0.13619614512471656
778133,2025-04-29,2025,Baltimore Orioles,New York Yankees,2025-04-29T17:00:00+00:00,2025-04-29T22:35:00+00:00,-0.054486626357448,0.0,162,162,0.4767347724953606,0.5306841046277666,0.42039800995024873,0,0.22727604330620324,0.2816256189045743,0.17673448677012943
778135,2025-04-29,2025,Pittsburgh Pirates,Chicago Cubs,2025-04-29T17:00:00+00:00,2025-04-29T22:40:00+00:00,-0.08831093435502496,0.0,162,162,0.4420708417704135,0.5306841046277666,0.43859649122807015,0,0.19542662914360198,0.2816256189045743,0.1923668821175746
778102,2025-04-30,2025,Colorado Rockies,Atlanta Braves,2025-04-30T17:00:00+00:00,2025-04-30T19:10:00+00:00,-0.13050859339264936,0.0,162,162,0.3996406892130848,0.5306841046277666,0.2951167728237792,1,0.3604313020485398,0.2202574096490411,0.4968603639543638
778104,2025-04-30,2025,Seattle Mariners,Los Angeles Angels,2025-04-30T17:00:00+00:00,2025-04-30T20:10:00+00:00,0.12643184286488318,0.0,162,162,0.6578528709485197,0.5306841046277666,0.57356608478803,1,0.11706465791817029,0.2202574096490411,0.18184588404300966
778105,2025-04-30,2025,San Diego Padres,San Francisco Giants,2025-04-30T17:00:00+00:00,2025-04-30T20:10:00+00:00,-0.009357858291067944,0.0,162,162,0.5232763309871512,0.5306841046277666,0.5796019900497512,1,0.2272654565970722,0.2202574096490411,0.17673448677012948
778109,2025-04-30,2025,Los Angeles Dodgers,Miami Marlins,2025-04-30T17:00:00+00:00,2025-04-30T19:10:00+00:00,0.1403251158846956,0.0,162,162,0.6706430134001296,0.5306841046277666,0.7386138613861386,1,0.10847602462214724,0.2202574096490411,0.06832271345946477
778110,2025-04-30,2025,Houston Astros,Detroit Tigers,2025-04-30T17:00:00+00:00,2025-04-30T18:10:00+00:00,0.017003428279265487,0.0,162,162,0.5503283566750031,0.5306841046277666,0.5329949238578681,0,0.30286130016060947,0.2816256189045743,0.2840835888582546
778111,2025-04-30,2025,Chicago White Sox,Milwaukee Brewers,2025-04-30T17:00:00+00:00,2025-04-30T23:40:00+00:00,-0.14602941649131107,0.0,162,162,0.38437115838914765,0.5306841046277666,0.4044117647058823,0,0.14774118740141523,0.2816256189045743,0.16354887543252591
778112,2025-04-30,2025,Pittsburgh Pirates,Chicago Cubs,2025-04-30T17:00:00+00:00,2025-04-30T22:40:00+00:00,-0.09612304801881805,0.0,162,162,0.43413208268603776,0.5306841046277666,0.4029484029484029,1,0.3202064998452412,0.2202574096490411,0.3564706095418626
778113,2025-04-30,2025,Tampa Bay Rays,Kansas City Royals,2025-04-30T17:00:00+00:00,2025-04-30T23:05:00+00:00,-0.0168487843133025,0.0,162,162,0.5155571236496493,0.5306841046277666,0.6125907990314771,0,0.2657991477458998,0.2816256189045743,0.37526748705802354
778114,2025-04-30,2025,Toronto Blue Jays,Boston Red Sox,2025-04-30T17:00:00+00:00,2025-04-30T23:07:00+00:00,-0.025333466877043354,0.0,162,162,0.5068050983082939,0.5306841046277666,0.4885496183206107,1,0.24324121105469165,0.2202574096490411,0.261581492919993
778115,2025-04-30,2025,Baltimore Orioles,New York Yankees,2025-04-30T17:00:00+00:00,2025-04-30T22:35:00+00:00,-0.06342163069880807,0.0,162,162,0.46754228480158905,0.5306841046277666,0.5190839694656489,1,0.28351121847431204,0.2202574096490411,0.23128022842491688
778116,2025-04-30,2025,Cleveland Guardians,Minnesota Twins,2025-04-30T17:00:00+00:00,2025-04-30T22:10:00+00:00,-0.03216275466405499,0.0,162,162,0.4997573427215631,0.5306841046277666,0.4494949494949495,1,0.25024271616099164,0.2202574096490411,0.3030558106315682
778117,2025-04-30,2025,New York Mets,Arizona Diamondbacks,2025-04-30T17:00:00+00:00,2025-04-30T23:10:00+00:00,0.028797235604239413,0.0,162,162,0.5623450309373293,0.5306841046277666,0.5025510204081632,0,0.3162319338199059,0.2816256189045743,0.2525575281132861
778118,2025-04-30,2025,Philadelphia Phillies,Washington Nationals,2025-04-30T17:00:00+00:00,2025-04-30T22:45:00+00:00,0.06477923073419123,0.0,162,162,0.5985016378248309,0.5306841046277666,0.6666666666666666,1,0.16120093482934325,0.2202574096490411,0.11111111111111113
778119,2025-04-30,2025,Cincinnati Reds,St. Louis Cardinals,2025-04-30T17:00:00+00:00,2025-04-30T22:40:00+00:00,0.02712031194926745,0.0,162,162,0.5606405385390479,0.5306841046277666,0.4973821989528796,0,0.3143178134533537,0.2816256189045743,0.2473890518352019
778094,2025-05-01,2025,Chicago White Sox,Milwaukee Brewers,2025-05-01T17:00:00+00:00,2025-05-01T18:10:00+00:00,-0.14594499282912238,0.0,162,162,0.38445363156958284,0.5306841046277666,0.4088669950738916,1,0.3788973316878749,0.2202574096490411,0.3494382295129704
778095,2025-05-01,2025,Toronto Blue Jays,Boston Red Sox,2025-05-01T17:00:00+00:00,2025-05-01T23:07:00+00:00,-0.021202204375370626,0.0,162,162,0.5110673856663663,0.5306841046277666,0.49234693877551017,1,0.23905510135912175,0.2202574096490411,0.2577116305705956
778097,2025-05-01,2025,Tampa Bay Rays,Kansas City Royals,2025-05-01T17:00:00+00:00,2025-05-01T17:10:00+00:00,-0.021134726634122303,0.0,162,162,0.5111369918266137,0.5306841046277666,0.6039119804400979,0,0.2612610244135597,0.2816256189045743,0.36470968011908117
778098,2025-05-01,2025,San Francisco Giants,Colorado Rockies,2025-05-01T17:00:00+00:00,2025-05-02T01:45:00+00:00,0.13855368545004876,0.0,162,162,0.6690257377650992,0.5306841046277666,0.6995708154506437,0,0.4475954377921353,0.2816256189045743,0.48939932583027856
778099,2025-05-01,2025,Philadelphia Phillies,Washington Nationals,2025-05-01T17:00:00+00:00,2025-05-01T22:45:00+00:00,0.06832769706775171,0.0,162,162,0.602016571687886,0.5306841046277666,0.6048780487804878,0,0.36242395258683563,0.2816256189045743,0.3658774538964902
778101,2025-05-01,2025,Los Angeles Angels,Detroit Tigers,2025-05-01T17:00:00+00:00,2025-05-02T01:38:00+00:00,-0.12246311166577112,0.0,162,162,0.4076354283184523,0.5306841046277666,0.4545454545454545,0,0.16616664242036805,0.2816256189045743,0.2066115702479338
778103,2025-05-01,2025,New York Mets,Arizona Diamondbacks,2025-05-01T17:00:00+00:00,2025-05-01T17:10:00+00:00,0.02714497088265888,0.0,162,162,0.560665613334223,0.5306841046277666,0.5925925925925927,0,0.31434592997544053,0.2816256189045743,0.3511659807956105
778108,2025-05-01,2025,Cleveland Guardians,Minnesota Twins,2025-05-01T17:00:00+00:00,2025-05-01T17:10:00+00:00,-0.028605459532797972,0.0,162,162,0.5034286002872681,0.5306841046277666,0.47959183673469385,1,0.24658315501266176,0.2202574096490411,0.27082465639316955
778079,2025-05-02,2025,Chicago White Sox,Houston Astros,2025-05-02T17:00:00+00:00,2025-05-02T23:40:00+00:00,-0.15578813128365387,-1.0,162,162,0.4425939602333501,0.5306841046277666,0.31567328918322296,1,0.31070149316834,0.2202574096490411,0.4683030471373087
778080,2025-05-02,2025,Milwaukee Brewers,Chicago Cubs,2025-05-02T17:00:00+00:00,2025-05-03T00:10:00+00:00,-0.01815721539827786,0.0,162,162,0.5142079527456701,0.5306841046277666,0.4783715012722647,0,0.2644098186668933,0.2816256189045743,0.22883929322948032
778081,2025-05-02,2025,Toronto Blue Jays,Cleveland Guardians,2025-05-02T17:00:00+00:00,2025-05-02T23:07:00+00:00,0.008857061861402782,0.0,162,162,0.5419927478720344,0.5306841046277666,0.5901234567901236,1,0.2097706430018098,0.2202574096490411,0.1679987806736777
778082,2025-05-02,2025,San Francisco Giants,Colorado Rockies,2025-05-02T17:00:00+00:00,2025-05-03T02:15:00+00:00,0.13774874884080923,0.0,162,162,0.668289524511464,0.5306841046277666,0.7094736842105264,1,0.11003183954883068,0.2202574096490411,0.08440554016620495
778083,2025-05-02,2025,Texas Rangers,Seattle Mariners,2025-05-02T17:00:00+00:00,2025-05-03T00:05:00+00:00,-0.07511875844833749,-1.0,162,162,0.5255723125400397,0.5306841046277666,0.4872448979591837,0,0.27622625570868514,0.2816256189045743,0.23740759058725533
778084,2025-05-02,2025,St. Louis Cardinals,New York Mets,2025-05-02T17:00:00+00:00,2025-05-03T00:15:00+00:00,-0.0734213116608603,0.0,162,162,0.45728079604773253,0.5306841046277666,0.48346055979643765,0,0.20910572643404796,0.2816256189045743,0.23373411287868487
778085,2025-05-02,2025,Los Angeles Angels,Detroit Tigers,2025-05-02T17:00:00+00:00,2025-05-03T01:38:00+00:00,-0.12621103366850928,0.0,162,162,0.40390478267562935,0.5306841046277666,0.3681710213776722,0,0.16313907346824738,0.2816256189045743,0.13554990098227837
778086,2025-05-02,2025,Philadelphia Phillies,Arizona Diamondbacks,2025-05-02T17:00:00+00:00,2025-05-02T22:45:00+00:00,-0.04104132375562286,0.0,162,162,0.4905953126175046,0.5306841046277666,0.5796019900497512,1,0.2594931355272578,0.2202574096490411,0.17673448677012948
778087,2025-05-02,2025,Cincinnati Reds,Washington Nationals,2025-05-02T17:00:00+00:00,2025-05-02T22:10:00+00:00,0.062277707239261015,0.0,162,162,0.5960176289472647,0.5306841046277666,0.6235011990407675,1,0.16320175612138987,0.2202574096490411,0.14175134712373977
778088,2025-05-02,2025,New York Yankees,Tampa Bay Rays,2025-05-02T17:00:00+00:00,2025-05-02T23:05:00+00:00,0.03982576902941326,1.0,162,162,0.5038830146611613,0.5306841046277666,0.6921397379912664,1,0.24613206314169753,0.2202574096490411,0.09477794092408612
778089,2025-05-02,2025,Boston Red Sox,Minnesota Twins,2025-05-02T17:00:00+00:00,2025-05-02T23:10:00+00:00,-0.011948158219419192,0.0,162,162,0.520608163197064,0.5306841046277666,0.5,1,0.2298165331932928,0.2202574096490411,0.25
778090,2025-05-02,2025,Pittsburgh Pirates,San Diego Padres,2025-05-02T17:00:00+00:00,2025-05-02T22:40:00+00:00,-0.08148266594127918,-1.0,162,162,0.5190175865313041,0.5306841046277666,0.4158415841584158,0,0.2693792551287798,0.2816256189045743,0.17292422311538083
778092,2025-05-02,2025,Atlanta Braves,Los Angeles Dodgers,2025-05-02T17:00:00+00:00,2025-05-02T23:15:00+00:00,-0.019241907159048943,0.0,162,162,0.5130893297472263,0.5306841046277666,0.38164251207729477,0,0.2632606603004579,0.2816256189045743,0.14565100702466807
778093,2025-05-02,2025,Baltimore Orioles,Kansas City Royals,2025-05-02T17:00:00+00:00,2025-05-02T23:05:00+00:00,-0.05510190932033715,1.0,162,162,0.40700787319896353,0.5306841046277666,0.57,1,0.3516396624480166,0.2202574096490411,0.18490000000000004
778064,2025-05-03,2025,Toronto Blue Jays,Cleveland Guardians,2025-05-03T17:00:00+00:00,2025-05-03T19:07:00+00:00,0.016044578130111564,0.0,162,162,0.5493486063862331,0.5306841046277666,0.5876543209876544,0,0.3017838913384964,0.2816256189045743,0.3453376009754611
778065,2025-05-03,2025,Pittsburgh Pirates,San Diego Padres,2025-05-03T17:00:00+00:00,2025-05-03T20:05:00+00:00,-0.0811629046370082,0.0,162,162,0.44936088393943735,0.5306841046277666,0.5392405063291139,0,0.2019252040148325,0.2816256189045743,0.29078032366607914
778066,2025-05-03,2025,Chicago White Sox,Houston Astros,2025-05-03T17:00:00+00:00,2025-05-03T18:10:00+00:00,-0.15058351316928925,0.0,162,162,0.37993223680237154,0.5306841046277666,0.3251121076233184,0,0.14434850456165332,0.2816256189045743,0.10569788252327615
778067,2025-05-03,2025,Los Angeles Angels,Detroit Tigers,2025-05-03T17:00:00+00:00,2025-05-04T01:38:00+00:00,-0.13460412646605108,0.0,162,162,0.39559114558286373,0.5306841046277666,0.3608490566037736,1,0.36531006329783494,0.2202574096490411,0.40851392844428613
778069,2025-05-03,2025,San Francisco Giants,Colorado Rockies,2025-05-03T17:00:00+00:00,2025-05-03T20:05:00+00:00,0.14291347071200444,0.0,162,162,0.6729988660496332,0.5306841046277666,0.71900826446281,1,0.10692974160482573,0.2202574096490411,0.07895635544020214
778070,2025-05-03,2025,Texas Rangers,Seattle Mariners,2025-05-03T17:00:00+00:00,2025-05-03T23:05:00+00:00,-0.08237872153961945,0.0,162,162,0.4481192872989264,0.5306841046277666,0.4520202020202021,0,0.20081089564929774,0.2816256189045743,0.2043222630343843
778071,2025-05-03,2025,Milwaukee Brewers,Chicago Cubs,2025-05-03T17:00:00+00:00,2025-05-03T23:10:00+00:00,-0.029585795990555552,0.0,162,162,0.5024168776164181,0.5306841046277666,0.49489795918367346,0,0.25242271891383083,0.2816256189045743,0.24492399000416493
778072,2025-05-03,2025,Baltimore Orioles,Kansas City Royals,2025-05-03T17:00:00+00:00,2025-05-03T23:15:00+00:00,-0.05259563615248375,0.0,162,162,0.47868249000743146,0.5306841046277666,0.5076530612244898,0,0.2291369262397147,0.2816256189045743,0.2577116305705956
778073,2025-05-03,2025,Boston Red Sox,Minnesota Twins,2025-05-03T17:00:00+00:00,2025-05-03T20:10:00+00:00,-0.007425109534948626,0.0,162,162,0.5252663240566614,0.5306841046277666,0.5241730279898218,0,0.27590471118799764,0.2816256189045743,0.2747573632720185
778074,2025-05-03,2025,New York Yankees,Tampa Bay Rays,2025-05-03T17:00:00+00:00,2025-05-03T17:05:00+00:00,0.04572543103469712,0.0,162,162,0.5794626247927624,0.5306841046277666,0.6613272311212814,0,0.3357769335317178,0.2816256189045743,0.4373537066225408
778076,2025-05-03,2025,Atlanta Braves,Los Angeles Dodgers,2025-05-03T17:00:00+00:00,2025-05-03T23:15:00+00:00,-0.0145192652134003,0.0,162,162,0.5179586017647247,0.5306841046277666,0.5279187817258882,0,0.2682811131420687,0.2816256189045743,0.27869824009894606
778077,2025-05-03,2025,Cincinnati Reds,Washington Nationals,2025-05-03T17:00:00+00:00,2025-05-03T22:40:00+00:00,0.061538321361975845,0.0,162,162,0.5952824705178497,0.5306841046277666,0.635933806146572,0,0.35436121970583456,0.2816256189045743,0.40441180580006586
778078,2025-05-03,2025,Philadelphia Phillies,Arizona Diamondbacks,2025-05-03T17:00:00+00:00,2025-05-03T22:05:00+00:00,-0.0419946433766788,0.0,162,162,0.48961182355147176,0.5306841046277666,0.5267175572519084,1,0.2604960906584541,0.2202574096490411,0.2239962706136006
778048,2025-05-04,2025,San Francisco Giants,Colorado Rockies,2025-05-04T17:00:00+00:00,2025-05-04T20:05:00+00:00,0.14523113863501824,0.0,162,162,0.6751009717133492,0.5306841046277666,0.7607476635514019,1,0.10555937858160995,0.2202574096490411,0.05724168049611319
778050,2025-05-04,2025,Los Angeles Angels,Detroit Tigers,2025-05-04T17:00:00+00:00,2025-05-04T20:07:00+00:00,-0.13042075963010075,0.0,162,162,0.39972768927136654,0.5306841046277666,0.3840579710144928,0,0.15978222557022617,0.2816256189045743,0.147500525099769
778051,2025-05-04,2025,Pittsburgh Pirates,San Diego Padres,2025-05-04T17:00:00+00:00,2025-05-04T17:35:00+00:00,-0.07821083837110782,0.0,162,162,0.45237814197521664,0.5306841046277666,0.5051020408163266,0,0.20464598333694928,0.2816256189045743,0.25512807163681805
778052,2025-05-04,2025,Texas Rangers,Seattle Mariners,2025-05-04T17:00:00+00:00,2025-05-04T18:35:00+00:00,-0.08203133779243088,0.0,162,162,0.44847397154140045,0.5306841046277666,0.6192771084337348,1,0.304180960067316,0.2202574096490411,0.1449499201625781
778053,2025-05-04,2025,St. Louis Cardinals,New York Mets,2025-05-04T17:00:00+00:00,2025-05-04T17:15:00+00:00,-0.07794468420315437,0.0,162,162,0.4526503491993597,0.5306841046277666,0.47328244274809167,1,0.2995916402315829,0.2202574096490411,0.2774313851174173
778054,2025-05-04,2025,Milwaukee Brewers,Chicago Cubs,2025-05-04T17:00:00+00:00,2025-05-04T18:10:00+00:00,-0.032721158977383036,0.0,162,162,0.49918104149647885,0.5306841046277666,0.4885496183206107,1,0.2508196291965517,0.2202574096490411,0.261581492919993
778055,2025-05-04,2025,Chicago White Sox,Houston Astros,2025-05-04T17:00:00+00:00,2025-05-04T18:10:00+00:00,-0.15075271784940353,0.0,162,162,0.3797676926182581,0.5306841046277666,0.39608801955990225,1,0.3846881151200796,0.2202574096490411,0.364709680119081
778056,2025-05-04,2025,Toronto Blue Jays,Cleveland Guardians,2025-05-04T17:00:00+00:00,2025-05-04T17:37:00+00:00,0.01659741824847699,0.0,162,162,0.5499135440192063,0.5306841046277666,0.49109414758269715,0,0.3024049058957636,0.2816256189045743,0.24117346178997592
778057,2025-05-04,2025,New York Yankees,Tampa Bay Rays,2025-05-04T17:00:00+00:00,2025-05-04T17:35:00+00:00,0.04301804319842223,0.0,162,162,0.5767366416580821,0.5306841046277666,0.6029411764705883,0,0.332625153831043,0.2816256189045743,0.36353806228373714
778058,2025-05-04,2025,Cincinnati Reds,Washington Nationals,2025-05-04T17:00:00+00:00,2025-05-04T20:10:00+00:00,0.055167857130339115,0.0,162,162,0.5889310330840746,0.5306841046277666,0.5038363171355499,0,0.34683976172947534,0.2816256189045743,0.2538510344647144
778059,2025-05-04,2025,Philadelphia Phillies,Arizona Diamondbacks,2025-05-04T17:00:00+00:00,2025-05-04T18:05:00+00:00,-0.04030420955955594,0.0,162,162,0.4913558043687149,0.5306841046277666,0.5841584158415841,0,0.24143052648682684,0.2816256189045743,0.3412410547985491
778060,2025-05-04,2025,Atlanta Braves,Los Angeles Dodgers,2025-05-04T17:00:00+00:00,2025-05-04T23:10:00+00:00,-0.020624012268356084,0.0,162,162,0.5116638012221467,0.5306841046277666,0.4582278481012658,1,0.23847224303680303,0.2202574096490411,0.2935170645729851
778062,2025-05-04,2025,Baltimore Orioles,Kansas City Royals,2025-05-04T17:00:00+00:00,2025-05-04T17:35:00+00:00,-0.053544342532927724,0.0,162,162,0.4777052389026181,0.5306841046277666,0.5577889447236182,0,0.22820229527500746,0.2816256189045743,0.31112850685588755
778063,2025-05-04,2025,Boston Red Sox,Minnesota Twins,2025-05-04T17:00:00+00:00,2025-05-04T17:35:00+00:00,-0.007584047083243006,0.0,162,162,0.5251027084980936,0.5306841046277666,0.6391509433962265,0,0.2757328544720339,0.2816256189045743,0.4085139284442863
778068,2025-05-04,2025,St. Louis Cardinals,New York Mets,2025-05-04T17:00:00+00:00,2025-05-04T22:15:00+00:00,-0.07794468420315437,0.0,162,162,0.4526503491993597,0.5306841046277666,0.42999999999999994,1,0.2995916402315829,0.2202574096490411,0.3249000000000001
778036,2025-05-05,2025,St. Louis Cardinals,Pittsburgh Pirates,2025-05-05T17:00:00+00:00,2025-05-05T23:45:00+00:00,0.04165265915269872,0.0,162,162,0.5753600945264024,0.5306841046277666,0.5505050505050506,1,0.18031904932062595,0.2202574096490411,0.20204570962146712
778039,2025-05-05,2025,Arizona Diamondbacks,New York Mets,2025-05-05T17:00:00+00:00,2025-05-06T01:40:00+00:00,-0.010364646757358154,0.0,162,162,0.5222394265422544,0.5306841046277666,0.5190839694656489,0,0.27273401863518276,0.2816256189045743,0.26944816735621474
778042,2025-05-05,2025,Milwaukee Brewers,Houston Astros,2025-05-05T17:00:00+00:00,2025-05-05T23:40:00+00:00,-0.014672811344456083,0.0,162,162,0.5178003369032976,0.5306841046277666,0.5076530612244898,1,0.23251651509057328,0.2202574096490411,0.24240550812161596
778043,2025-05-05,2025,Kansas City Royals,Chicago White Sox,2025-05-05T17:00:00+00:00,2025-05-05T23:40:00+00:00,0.1277754686345971,0.0,162,162,0.6591002547619361,0.5306841046277666,0.6666666666666666,1,0.11621263630337686,0.2202574096490411,0.11111111111111113
778044,2025-05-05,2025,Chicago Cubs,San Francisco Giants,2025-05-05T17:00:00+00:00,2025-05-05T23:40:00+00:00,0.013179731033464814,0.0,162,162,0.546419062712349,0.5306841046277666,0.6092233009708737,1,0.20573566667074403,0.2202574096490411,0.15270642850410032
778045,2025-05-05,2025,New York Yankees,San Diego Padres,2025-05-05T17:00:00+00:00,2025-05-05T23:05:00+00:00,0.005348253113525048,0.0,162,162,0.5383948942961646,0.5306841046277666,0.5831265508684863,0,0.28986906220417824,0.2816256189045743,0.34003657432777734
778047,2025-05-05,2025,Miami Marlins,Los Angeles Dodgers,2025-05-05T17:00:00+00:00,2025-05-05T22:40:00+00:00,-0.14979756082045326,0.0,162,162,0.380696902591949,0.5306841046277666,0.34642032332563516,0,0.1449301316431039,0.2816256189045743,0.1200070404130376
778049,2025-05-05,2025,Atlanta Braves,Cincinnati Reds,2025-05-05T17:00:00+00:00,2025-05-05T23:15:00+00:00,0.03374708773378343,0.0,162,162,0.5673675344024186,0.5306841046277666,0.57,1,0.18717085028904246,0.2202574096490411,0.18490000000000004
778025,2025-05-06,2025,Los Angeles Angels,Toronto Blue Jays,2025-05-06T17:00:00+00:00,2025-05-07T01:38:00+00:00,-0.07961792657612232,0.0,162,162,0.4509395299816554,0.5306841046277666,0.4821428571428572,1,0.30146739973676545,0.2202574096490411,0.2681760204081632
778026,2025-05-06,2025,Washington Nationals,Cleveland Guardians,2025-05-06T17:00:00+00:00,2025-05-06T19:35:00+00:00,-0.01903105338795391,0.0,162,162,0.5133067900455717,0.5306841046277666,0.4746192893401016,1,0.23687028061574525,0.2202574096490411,0.27602489113349993
778027,2025-05-06,2025,Chicago Cubs,San Francisco Giants,2025-05-06T17:00:00+00:00,2025-05-06T23:40:00+00:00,0.020029800971581024,0.0,162,162,0.5534181005199728,0.5306841046277666,0.5876543209876544,0,0.3062715939831347,0.2816256189045743,0.3453376009754611
778028,2025-05-06,2025,Minnesota Twins,Baltimore Orioles,2025-05-06T17:00:00+00:00,2025-05-06T23:40:00+00:00,0.041524838788099316,0.0,162,162,0.5752311689264614,0.5306841046277666,0.6125907990314771,1,0.18042855985158035,0.2202574096490411,0.1500858889950694
778030,2025-05-06,2025,St. Louis Cardinals,Pittsburgh Pirates,2025-05-06T17:00:00+00:00,2025-05-06T23:45:00+00:00,0.04003963261664634,0.0,162,162,0.5737323743531939,0.5306841046277666,0.4872448979591837,1,0.1817040886745656,0.2202574096490411,0.2629177946688879
778031,2025-05-06,2025,Milwaukee Brewers,Houston Astros,2025-05-06T17:00:00+00:00,2025-05-06T23:40:00+00:00,-0.008335890967551052,0.0,162,162,0.5243286631237545,0.5306841046277666,0.530456852791878,1,0.22626322072563465,0.2202574096490411,0.2204707670901081
778032,2025-05-06,2025,Arizona Diamondbacks,New York Mets,2025-05-06T17:00:00+00:00,2025-05-07T01:40:00+00:00,-0.016610968141308025,0.0,162,162,0.515802320783748,0.5306841046277666,0.5089058524173028,1,0.2344473925584045,0.2202574096490411,0.24117346178997598
778033,2025-05-06,2025,Kansas City Royals,Chicago White Sox,2025-05-06T17:00:00+00:00,2025-05-06T23:40:00+00:00,0.13404803314621777,0.0,162,162,0.6648942068278008,0.5306841046277666,0.6666666666666666,1,0.11229589261756877,0.2202574096490411,0.11111111111111113
778034,2025-05-06,2025,Atlanta Braves,Cincinnati Reds,2025-05-06T17:00:00+00:00,2025-05-06T23:15:00+00:00,0.03853858299046209,0.0,162,162,0.5722162139648946,0.5306841046277666,0.6628701594533031,1,0.1829989675945288,0.2202574096490411,0.1136565293870413
778035,2025-05-06,2025,Miami Marlins,Los Angeles Dodgers,2025-05-06T17:00:00+00:00,2025-05-06T22:40:00+00:00,-0.14972340669346812,0.0,162,162,0.3807690789704316,0.5306841046277666,0.29637526652452023,1,0.3834469335591275,0.2202574096490411,0.49508776555843986
778037,2025-05-06,2025,Boston Red Sox,Texas Rangers,2025-05-06T17:00:00+00:00,2025-05-06T22:45:00+00:00,0.03900091766633851,0.0,162,162,0.572683348812765,0.5306841046277666,0.4783715012722647,0,0.327966218007403,0.2816256189045743,0.22883929322948032
778040,2025-05-06,2025,Tampa Bay Rays,Philadelphia Phillies,2025-05-06T17:00:00+00:00,2025-05-06T23:05:00+00:00,-0.004846747033052989,0.0,162,162,0.5279197929555955,0.5306841046277666,0.4619289340101523,0,0.27869930779427887,0.2816256189045743,0.21337834007575562
778041,2025-05-06,2025,New York Yankees,San Diego Padres,2025-05-06T17:00:00+00:00,2025-05-06T23:05:00+00:00,0.012074021640534727,0.0,162,162,0.5452875114900327,0.5306841046277666,0.5102040816326531,1,0.2067634472069271,0.2202574096490411,0.23990004164931278
778046,2025-05-06,2025,Washington Nationals,Cleveland Guardians,2025-05-06T17:00:00+00:00,2025-05-06T19:40:00+00:00,-0.01903105338795391,0.0,162,162,0.5133067900455717,0.5306841046277666,0.49234693877551017,0,0.2634838607068886,0.2816256189045743,0.24240550812161596
778009,2025-05-07,2025,Los Angeles Angels,Toronto Blue Jays,2025-05-07T17:00:00+00:00,2025-05-08T01:38:00+00:00,-0.0730090957116934,0.0,162,162,0.45770314917931104,0.5306841046277666,0.4582278481012658,1,0.29408587441003653,0.2202574096490411,0.2935170645729851
778011,2025-05-07,2025,Minnesota Twins,Baltimore Orioles,2025-05-07T17:00:00+00:00,2025-05-07T23:40:00+00:00,0.05214753029304908,0.0,162,162,0.5859091992640324,0.5306841046277666,0.5541561712846348,1,0.17147119125415483,0.2202574096490411,0.1987767196035759
778012,2025-05-07,2025,Kansas City Royals,Chicago White Sox,2025-05-07T17:00:00+00:00,2025-05-07T23:40:00+00:00,0.13602767585377723,0.0,162,162,0.6667126316103129,0.5306841046277666,0.6666666666666666,1,0.111080469928123,0.2202574096490411,0.11111111111111113
778013,2025-05-07,2025,Colorado Rockies,Detroit Tigers,2025-05-07T17:00:00+00:00,2025-05-08T00:40:00+00:00,-0.14112592590870376,0.0,162,162,0.3891722418254703,0.5306841046277666,0.39077669902912626,0,0.1514550338074623,0.2816256189045743,0.15270642850410032
778014,2025-05-07,2025,Arizona Diamondbacks,New York Mets,2025-05-07T17:00:00+00:00,2025-05-07T19:40:00+00:00,-0.013726236864645247,0.0,162,162,0.5187759431448847,0.5306841046277666,0.4619289340101523,0,0.2691284791858647,0.2816256189045743,0.21337834007575562
778015,2025-05-07,2025,Milwaukee Brewers,Houston Astros,2025-05-07T17:00:00+00:00,2025-05-07T17:10:00+00:00,-0.009485177833635117,0.0,162,162,0.52314521384155,0.5306841046277666,0.45088161209068006,0,0.2736809147653211,0.2816256189045743,0.20329422812149048
778016,2025-05-07,2025,St. Louis Cardinals,Pittsburgh Pirates,2025-05-07T17:00:00+00:00,2025-05-07T17:15:00+00:00,0.041837904067905274,0.0,162,162,0.5755469230130569,0.5306841046277666,0.6225961538461539,1,0.18016041456368387,0.2202574096490411,0.14243366309171596
778017,2025-05-07,2025,Miami Marlins,Los Angeles Dodgers,2025-05-07T17:00:00+00:00,2025-05-07T20:40:00+00:00,-0.14552908865017777,0.0,162,162,0.38486002379623824,0.5306841046277666,0.31567328918322296,0,0.14811723791644107,0.2816256189045743,0.09964962550375471
778018,2025-05-07,2025,Boston Red Sox,Texas Rangers,2025-05-07T17:00:00+00:00,2025-05-07T22:45:00+00:00,0.03021778389102453,0.0,162,162,0.5637877841026327,0.5306841046277666,0.5468354430379747,1,0.19028109729809134,0.2202574096490411,0.20535811568658865
778019,2025-05-07,2025,New York Yankees,San Diego Padres,2025-05-07T17:00:00+00:00,2025-05-07T23:05:00+00:00,0.023294514651320486,0.0,162,162,0.5567465484017217,0.5306841046277666,0.6276849642004773,1,0.19647362235378726,0.2202574096490411,0.1386184858823999
778020,2025-05-07,2025,Chicago Cubs,San Francisco Giants,2025-05-07T17:00:00+00:00,2025-05-07T18:20:00+00:00,0.014270226871943903,0.0,162,162,0.5475345753074321,0.5306841046277666,0.5935960591133005,0,0.29979411115709004,0.2816256189045743,0.35235628139484093
778021,2025-05-07,2025,Tampa Bay Rays,Philadelphia Phillies,2025-05-07T17:00:00+00:00,2025-05-07T23:05:00+00:00,-0.0098380437985508,0.0,162,162,0.5227818062068631,0.5306841046277666,0.43609022556390975,0,0.2733008169009102,0.2816256189045743,0.19017468483238167
778023,2025-05-07,2025,Atlanta Braves,Cincinnati Reds,2025-05-07T17:00:00+00:00,2025-05-07T23:15:00+00:00,0.04019729824355123,0.0,162,162,0.5738915472716327,0.5306841046277666,0.5216284987277354,0,0.32935150802982865,0.2816256189045743,0.27209629068495106
777999,2025-05-08,2025,Arizona Diamondbacks,Los Angeles Dodgers,2025-05-08T17:00:00+00:00,2025-05-09T01:40:00+00:00,-0.007403798701089537,0.0,162,162,0.525288261720805,0.5306841046277666,0.4239401496259351,1,0.22535123446005492,0.2202574096490411,0.33184495121298996
778000,2025-05-08,2025,Los Angeles Angels,Toronto Blue Jays,2025-05-08T17:00:00+00:00,2025-05-09T01:38:00+00:00,-0.06682125310283632,0.0,162,162,0.4640501331265315,0.5306841046277666,0.4531645569620253,0,0.2153425260547516,0.2816256189045743,0.20535811568658865
778003,2025-05-08,2025,Atlanta Braves,Cincinnati Reds,2025-05-08T17:00:00+00:00,2025-05-08T23:15:00+00:00,0.042007414479384275,0.0,162,162,0.5757178635767531,0.5306841046277666,0.6456876456876457,1,0.18001533128787467,0.2202574096490411,0.12553724441836328
778004,2025-05-08,2025,Colorado Rockies,Detroit Tigers,2025-05-08T17:00:00+00:00,2025-05-08T19:10:00+00:00,-0.1394429225846071,0.0,162,162,0.39082511561291317,0.5306841046277666,0.39608801955990225,0,0.15274427099384694,0.2816256189045743,0.1568857192388855
778005,2025-05-08,2025,Tampa Bay Rays,Philadelphia Phillies,2025-05-08T17:00:00+00:00,2025-05-08T23:05:00+00:00,-0.02077118174162995,0.0,162,162,0.5115119963472127,0.5306841046277666,0.41687344913151364,0,0.2616445224071109,0.2816256189045743,0.17378347259080468
778006,2025-05-08,2025,Boston Red Sox,Texas Rangers,2025-05-08T17:00:00+00:00,2025-05-08T17:35:00+00:00,0.031493883301396464,0.0,162,162,0.5650829111798383,0.5306841046277666,0.5866336633663367,1,0.1891528741478044,0.2202574096490411,0.17087172826193503
778007,2025-05-08,2025,Minnesota Twins,Baltimore Orioles,2025-05-08T17:00:00+00:00,2025-05-08T17:10:00+00:00,0.05511126218057494,0.0,162,162,0.5888744707739124,0.5306841046277666,0.6048780487804878,1,0.1690242007814306,0.2202574096490411,0.15612135633551458
778008,2025-05-08,2025,Kansas City Royals,Chicago White Sox,2025-05-08T17:00:00+00:00,2025-05-08T18:10:00+00:00,0.13517112290321054,0.0,162,162,0.6659264394663135,0.5306841046277666,0.6921397379912664,1,0.11160514384765471,0.2202574096490411,0.09477794092408612
778029,2025-05-08,2025,Colorado Rockies,Detroit Tigers,2025-05-08T17:00:00+00:00,2025-05-08T19:15:00+00:00,-0.1394429225846071,0.0,162,162,0.39082511561291317,0.5306841046277666,0.375,0,0.15274427099384694,0.2816256189045743,0.140625
777984,2025-05-09,2025,Seattle Mariners,Toronto Blue Jays,2025-05-09T17:00:00+00:00,2025-05-10T01:40:00+00:00,0.060191017651404444,1.0,162,162,0.5248805089382506,0.5306841046277666,0.5577889447236182,0,0.2754995486632769,0.2816256189045743,0.31112850685588755
777986,2025-05-09,2025,Los Angeles Angels,Baltimore Orioles,2025-05-09T17:00:00+00:00,2025-05-10T01:38:00+00:00,-0.04558345294085886,0.0,162,162,0.4859102238974599,0.5306841046277666,0.4325,0,0.23610874568807963,0.2816256189045743,0.18705625
777988,2025-05-09,2025,Arizona Diamondbacks,Los Angeles Dodgers,2025-05-09T17:00:00+00:00,2025-05-10T01:40:00+00:00,-0.007607352966255476,0.0,162,162,0.5250787161988723,0.5306841046277666,0.5216284987277354,0,0.27570765820505583,0.2816256189045743,0.27209629068495106
777989,2025-05-09,2025,Houston Astros,Cincinnati Reds,2025-05-09T17:00:00+00:00,2025-05-10T00:10:00+00:00,0.0507167484890666,1.0,162,162,0.5151185329802708,0.5306841046277666,0.6448598130841121,1,0.23511003705920477,0.2202574096490411,0.1261245523626518
777990,2025-05-09,2025,Kansas City Royals,Boston Red Sox,2025-05-09T17:00:00+00:00,2025-05-09T23:40:00+00:00,0.04175388498953725,0.0,162,162,0.5754621883671135,0.5306841046277666,0.47582697201017815,1,0.18023235350604022,0.2202574096490411,0.2747573632720185
777991,2025-05-09,2025,Chicago White Sox,Miami Marlins,2025-05-09T17:00:00+00:00,2025-05-09T23:40:00+00:00,-0.01293388021805214,-1.0,162,162,0.5888202603569008,0.5306841046277666,0.4239401496259351,1,0.16906877829296682,0.2202574096490411,0.33184495121298996
777992,2025-05-09,2025,Minnesota Twins,San Francisco Giants,2025-05-09T17:00:00+00:00,2025-05-10T00:10:00+00:00,-0.041000643684206195,-1.0,162,162,0.5605082874108659,0.5306841046277666,0.4936061381074168,1,0.19315296543453006,0.2202574096490411,0.2564347433624846
777993,2025-05-09,2025,Colorado Rockies,San Diego Padres,2025-05-09T17:00:00+00:00,2025-05-10T00:40:00+00:00,-0.12606197175131617,-1.0,162,162,0.4730447907106893,0.5306841046277666,0.39853300733496333,0,0.22377137401851982,0.2816256189045743,0.15882855793544995
777995,2025-05-09,2025,Washington Nationals,St. Louis Cardinals,2025-05-09T17:00:00+00:00,2025-05-09T22:45:00+00:00,-0.05092596022802537,0.0,162,162,0.4804027949805869,0.5306841046277666,0.5114503816793893,0,0.23078684542515981,0.2816256189045743,0.261581492919993
777996,2025-05-09,2025,Detroit Tigers,Texas Rangers,2025-05-09T17:00:00+00:00,2025-05-09T22:40:00+00:00,0.09162007571826719,0.0,162,162,0.6248135847662303,0.5306841046277666,0.7070063694267517,1,0.14076484617596668,0.2202574096490411,0.08584526755649313
777997,2025-05-09,2025,Cleveland Guardians,Philadelphia Phillies,2025-05-09T17:00:00+00:00,2025-05-09T23:10:00+00:00,-0.04358545078388282,1.0,162,162,0.41853110074574795,0.5306841046277666,0.46954314720812185,1,0.3381060807999515,0.2202574096490411,0.2813844726738643
777998,2025-05-09,2025,Pittsburgh Pirates,Atlanta Braves,2025-05-09T17:00:00+00:00,2025-05-09T22:40:00+00:00,-0.09556560344538462,1.0,162,162,0.36739909390984826,0.5306841046277666,0.42999999999999994,1,0.400183906386081,0.2202574096490411,0.3249000000000001
778001,2025-05-09,2025,New York Mets,Chicago Cubs,2025-05-09T17:00:00+00:00,2025-05-09T23:10:00+00:00,0.003586092699688126,0.0,162,162,0.5365864810188795,0.5306841046277666,0.5760598503740648,1,0.21475208957446532,0.2202574096490411,0.17972525046486032
778002,2025-05-09,2025,Tampa Bay Rays,Milwaukee Brewers,2025-05-09T17:00:00+00:00,2025-05-09T23:05:00+00:00,-0.040680259646542705,-1.0,162,162,0.5608340716634281,0.5306841046277666,0.4746192893401016,1,0.19286671261172297,0.2202574096490411,0.27602489113349993
777970,2025-05-10,2025,Seattle Mariners,Toronto Blue Jays,2025-05-10T17:00:00+00:00,2025-05-11T01:40:00+00:00,0.0562548472885217,0.0,162,162,0.5900169386175846,0.5306841046277666,0.5516372795969774,0,0.34811998785566667,0.2816256189045743,0.30430368824115384
777973,2025-05-10,2025,Los Angeles Angels,Baltimore Orioles,2025-05-10T17:00:00+00:00,2025-05-11T01:38:00+00:00,-0.044663365934236254,0.0,162,162,0.4868590965495153,0.5306841046277666,0.4422110552763819,1,0.26331358679397965,0.2202574096490411,0.31112850685588755
777974,2025-05-10,2025,Minnesota Twins,San Francisco Giants,2025-05-10T17:00:00+00:00,2025-05-10T23:15:00+00:00,-0.03834838865532564,0.0,162,162,0.49337383859278944,0.5306841046277666,0.5204081632653061,1,0.25667006742220494,0.2202574096490411,0.23000832986255726
777975,2025-05-10,2025,Arizona Diamondbacks,Los Angeles Dodgers,2025-05-10T17:00:00+00:00,2025-05-11T00:10:00+00:00,-0.010903123362979827,0.0,162,162,0.521684763279081,0.5306841046277666,0.47582697201017815,1,0.2287854656793888,0.2202574096490411,0.2747573632720185
777976,2025-05-10,2025,Colorado Rockies,San Diego Padres,2025-05-10T17:00:00+00:00,2025-05-11T00:10:00+00:00,-0.13448342455228246,0.0,162,162,0.39571029047530815,0.5306841046277666,0.3243847874720358,0,0.15658663398805275,0.2816256189045743,0.10522549034327784
777977,2025-05-10,2025,Kansas City Royals,Boston Red Sox,2025-05-10T17:00:00+00:00,2025-05-10T23:10:00+00:00,0.04256904104630799,0.0,162,162,0.576284098919722,0.5306841046277666,0.5139949109414759,0,0.3321033626677159,0.2816256189045743,0.26419076847373574
777978,2025-05-10,2025,Chicago White Sox,Miami Marlins,2025-05-10T17:00:00+00:00,2025-05-10T23:10:00+00:00,-0.009601255654068719,0.0,162,162,0.5230256709481869,0.5306841046277666,0.5025510204081632,0,0.27355585247080105,0.2816256189045743,0.2525575281132861
777979,2025-05-10,2025,Houston Astros,Cincinnati Reds,2025-05-10T17:00:00+00:00,2025-05-10T23:10:00+00:00,0.051648337950386536,0.0,162,162,0.5854091280429737,0.5306841046277666,0.5417721518987342,0,0.3427038471960348,0.2816256189045743,0.2935170645729851
777980,2025-05-10,2025,Washington Nationals,St. Louis Cardinals,2025-05-10T17:00:00+00:00,2025-05-10T20:05:00+00:00,-0.06013091614331845,0.0,162,162,0.47092559947644325,0.5306841046277666,0.4885496183206107,0,0.22177092024224745,0.2816256189045743,0.23868072956121442
777981,2025-05-10,2025,Tampa Bay Rays,Milwaukee Brewers,2025-05-10T17:00:00+00:00,2025-05-10T20:10:00+00:00,-0.03917164355425162,0.0,162,162,0.4925243664085632,0.5306841046277666,0.530456852791878,1,0.2575315186890302,0.2202574096490411,0.2204707670901081
777982,2025-05-10,2025,New York Mets,Chicago Cubs,2025-05-10T17:00:00+00:00,2025-05-10T23:15:00+00:00,0.0039420657143145466,0.0,162,162,0.5369518766769206,0.5306841046277666,0.5841584158415841,0,0.28831731786686693,0.2816256189045743,0.3412410547985491
777983,2025-05-10,2025,Cleveland Guardians,Philadelphia Phillies,2025-05-10T17:00:00+00:00,2025-05-10T22:10:00+00:00,-0.039052190495432904,0.0,162,162,0.49264762099538933,0.5306841046277666,0.4520202020202021,0,0.24270167847241678,0.2816256189045743,0.2043222630343843
777985,2025-05-10,2025,Pittsburgh Pirates,Atlanta Braves,2025-05-10T17:00:00+00:00,2025-05-10T20:05:00+00:00,-0.09290485627159317,0.0,162,162,0.43739859268961184,0.5306841046277666,0.4133663366336633,0,0.19131752888685297,0.2816256189045743,0.17087172826193503
777987,2025-05-10,2025,Detroit Tigers,Texas Rangers,2025-05-10T17:00:00+00:00,2025-05-10T22:10:00+00:00,0.09258526940340783,0.0,162,162,0.6257471761672291,0.5306841046277666,0.5051020408163266,0,0.39155952848126124,0.2816256189045743,0.25512807163681805
777954,2025-05-11,2025,Arizona Diamondbacks,Los Angeles Dodgers,2025-05-11T17:00:00+00:00,2025-05-11T20:10:00+00:00,-0.005337153810555995,0.0,162,162,0.5274152177471013,0.5306841046277666,0.5051020408163266,0,0.2781668119112223,0.2816256189045743,0.25512807163681805
777955,2025-05-11,2025,Colorado Rockies,San Diego Padres,2025-05-11T17:00:00+00:00,2025-05-11T19:10:00+00:00,-0.15088875388751938,0.0,162,162,0.37963542353341617,0.5306841046277666,0.27070707070707073,1,0.3848522077345639,0.2202574096490411,0.5318681767166616
777956,2025-05-11,2025,Minnesota Twins,San Francisco Giants,2025-05-11T17:00:00+00:00,2025-05-11T18:10:00+00:00,-0.041825539751903285,0.0,162,162,0.48978627310333483,0.5306841046277666,0.5925925925925927,1,0.26031804711378476,0.2202574096490411,0.16598079561042517
777958,2025-05-11,2025,Seattle Mariners,Toronto Blue Jays,2025-05-11T17:00:00+00:00,2025-05-11T20:10:00+00:00,0.05321272670893651,0.0,162,162,0.5869756779246922,0.5306841046277666,0.6309523809523809,0,0.344540446475152,0.2816256189045743,0.3981009070294784
777961,2025-05-11,2025,Los Angeles Angels,Baltimore Orioles,2025-05-11T17:00:00+00:00,2025-05-11T20:07:00+00:00,-0.043646275270207646,0.0,162,162,0.487908117649352,0.5306841046277666,0.42999999999999994,0,0.2380543312681339,0.2816256189045743,0.18489999999999995
777962,2025-05-11,2025,Washington Nationals,St. Louis Cardinals,2025-05-11T17:00:00+00:00,2025-05-11T17:35:00+00:00,-0.058494846758933794,0.0,162,162,0.4726087219244757,0.5306841046277666,0.5603015075376885,0,0.22335900403908643,0.2816256189045743,0.3139377793490064
777963,2025-05-11,2025,Houston Astros,Cincinnati Reds,2025-05-11T17:00:00+00:00,2025-05-11T18:10:00+00:00,0.048159458989352255,0.0,162,162,0.5819092453547922,0.5306841046277666,0.5760598503740648,1,0.17479987911979938,0.2202574096490411,0.17972525046486032
777964,2025-05-11,2025,Tampa Bay Rays,Milwaukee Brewers,2025-05-11T17:00:00+00:00,2025-05-11T17:40:00+00:00,-0.034554510658754145,0.0,162,162,0.497288954211608,0.5306841046277666,0.5614035087719298,0,0.24729630398087477,0.2816256189045743,0.3151738996614343
777965,2025-05-11,2025,Kansas City Royals,Boston Red Sox,2025-05-11T17:00:00+00:00,2025-05-11T18:10:00+00:00,0.03804780977897604,0.0,162,162,0.5717202044199633,0.5306841046277666,0.5443037974683544,0,0.3268639921420046,0.2816256189045743,0.2962666239384714
777966,2025-05-11,2025,Chicago White Sox,Miami Marlins,2025-05-11T17:00:00+00:00,2025-05-11T18:10:00+00:00,-0.011370946926694991,0.0,162,162,0.5212028334346132,0.5306841046277666,0.43969849246231163,1,0.2292467267110428,0.2202574096490411,0.31393777934900624
777967,2025-05-11,2025,Pittsburgh Pirates,Atlanta Braves,2025-05-11T17:00:00+00:00,2025-05-11T17:35:00+00:00,-0.09343477488218083,0.0,162,162,0.43686033650288003,0.5306841046277666,0.33031674208144796,1,0.3171262806036495,0.2202574096490411,0.448475665936406
777969,2025-05-11,2025,Detroit Tigers,Texas Rangers,2025-05-11T17:00:00+00:00,2025-05-11T17:40:00+00:00,0.08831762984225444,0.0,162,162,0.6216122766636214,0.5306841046277666,0.5241730279898218,0,0.38640182249893057,0.2816256189045743,0.2747573632720185
777971,2025-05-11,2025,Cleveland Guardians,Philadelphia Phillies,2025-05-11T17:00:00+00:00,2025-05-11T23:10:00+00:00,-0.04595692948704966,0.0,162,162,0.48552509143628725,0.5306841046277666,0.383132530120482,0,0.2357346144142151,0.2816256189045743,0.14679053563652203
777939,2025-05-12,2025,San Francisco Giants,Arizona Diamondbacks,2025-05-12T17:00:00+00:00,2025-05-13T01:45:00+00:00,0.008414850152158482,0.0,162,162,0.5415395471959802,0.5306841046277666,0.4782608695652174,0,0.29326508117722727,0.2816256189045743,0.2287334593572779
777941,2025-05-12,2025,Seattle Mariners,New York Yankees,2025-05-12T17:00:00+00:00,2025-05-13T01:40:00+00:00,-0.031196021467690183,0.0,162,162,0.5007550604514145,0.5306841046277666,0.43576826196473545,0,0.2507556305676998,0.2816256189045743,0.1898939781357663
777947,2025-05-12,2025,San Diego Padres,Los Angeles Angels,2025-05-12T17:00:00+00:00,2025-05-13T01:40:00+00:00,0.12877128629872142,0.0,162,162,0.66002332493904,0.5306841046277666,0.648711943793911,0,0.43563078946358563,0.2816256189045743,0.42082718602087427
777948,2025-05-12,2025,Houston Astros,Kansas City Royals,2025-05-12T17:00:00+00:00,2025-05-13T00:10:00+00:00,0.012512665562204761,0.0,162,162,0.5457364637106464,0.5306841046277666,0.5306122448979592,0,0.2978282878234017,0.2816256189045743,0.2815493544356518
777949,2025-05-12,2025,Texas Rangers,Colorado Rockies,2025-05-12T17:00:00+00:00,2025-05-13T00:05:00+00:00,0.07756271643151413,0.0,162,162,0.611114328841665,0.5306841046277666,0.6851441241685144,1,0.15123206523226862,0.2202574096490411,0.09913422254561186
777950,2025-05-12,2025,New York Mets,Pittsburgh Pirates,2025-05-12T17:00:00+00:00,2025-05-12T23:10:00+00:00,0.11270243115482936,0.0,162,162,0.6449839943310979,0.5306841046277666,0.5950617283950618,1,0.12603636428110193,0.2202574096490411,0.16397500381039473
777951,2025-05-12,2025,Detroit Tigers,Boston Red Sox,2025-05-12T17:00:00+00:00,2025-05-12T22:40:00+00:00,0.05239259877932223,0.0,162,162,0.5861546344892511,0.5306841046277666,0.4731457800511509,1,0.17126798655472536,0.2202574096490411,0.27757536907791025
777952,2025-05-12,2025,Chicago Cubs,Miami Marlins,2025-05-12T17:00:00+00:00,2025-05-12T23:40:00+00:00,0.15318488822345483,0.0,162,162,0.6822611163605267,0.5306841046277666,0.6956521739130435,1,0.10095799817645877,0.2202574096490411,0.09262759924385634
777953,2025-05-12,2025,Philadelphia Phillies,St. Louis Cardinals,2025-05-12T17:00:00+00:00,2025-05-12T22:45:00+00:00,0.015674085753057954,0.0,162,162,0.5489699354045593,0.5306841046277666,0.6088019559902201,0,0.301367989978086,0.2816256189045743,0.3706398216175179
777959,2025-05-12,2025,Atlanta Braves,Washington Nationals,2025-05-12T17:00:00+00:00,2025-05-12T23:15:00+00:00,0.10418344933288975,0.0,162,162,0.6368907820222275,0.5306841046277666,0.625,1,0.1318483041804295,0.2202574096490411,0.140625
777960,2025-05-12,2025,Cleveland Guardians,Milwaukee Brewers,2025-05-12T17:00:00+00:00,2025-05-12T22:10:00+00:00,-0.05804669433003623,0.0,162,162,0.4730698734208414,0.5306841046277666,0.47193877551020413,1,0.2776553582967281,0.2202574096490411,0.2788486568096626
777926,2025-05-13,2025,Seattle Mariners,New York Yankees,2025-05-13T17:00:00+00:00,2025-05-14T01:40:00+00:00,-0.03966385180883769,0.0,162,162,0.49201650364766464,0.5306841046277666,0.4335839598997493,1,0.25804723256634304,0.2202574096490411,0.32082713048284883
777930,2025-05-13,2025,San Francisco Giants,Arizona Diamondbacks,2025-05-13T17:00:00+00:00,2025-05-14T01:45:00+00:00,0.010682645175716599,0.0,162,162,0.5438629533272347,0.5306841046277666,0.49234693877551017,1,0.2080610053473525,0.2202574096490411,0.2577116305705956
777931,2025-05-13,2025,Houston Astros,Kansas City Royals,2025-05-13T17:00:00+00:00,2025-05-14T00:10:00+00:00,0.014201401124612434,0.0,162,162,0.5474641846449264,0.5306841046277666,0.5603015075376885,1,0.20478866417908126,0.2202574096490411,0.19333476427362942
777932,2025-05-13,2025,San Diego Padres,Los Angeles Angels,2025-05-13T17:00:00+00:00,2025-05-14T01:40:00+00:00,0.12917105333318163,0.0,162,162,0.6603935466773041,0.5306841046277666,0.6621004566210046,1,0.11533254313842042,0.2202574096490411,0.1141761014157336
777934,2025-05-13,2025,Texas Rangers,Colorado Rockies,2025-05-13T17:00:00+00:00,2025-05-14T00:05:00+00:00,0.08370725122894362,0.0,162,162,0.6171253624989663,0.5306841046277666,0.6822222222222223,1,0.14659298804154794,0.2202574096490411,0.10098271604938268
777935,2025-05-13,2025,Toronto Blue Jays,Tampa Bay Rays,2025-05-13T17:00:00+00:00,2025-05-13T23:07:00+00:00,-0.01351404544518392,0.0,162,162,0.5189946231691621,0.5306841046277666,0.5541561712846348,0,0.26935541887850056,0.2816256189045743,0.3070890621728455
777936,2025-05-13,2025,Chicago Cubs,Miami Marlins,2025-05-13T17:00:00+00:00,2025-05-13T23:40:00+00:00,0.1549854986901057,0.0,162,162,0.6838703239891395,0.5306841046277666,0.6934782608695652,1,0.09993797205473164,0.2202574096490411,0.09395557655954631
777940,2025-05-13,2025,Detroit Tigers,Boston Red Sox,2025-05-13T17:00:00+00:00,2025-05-13T22:40:00+00:00,0.06608549085222726,0.0,162,162,0.5997967530853257,0.5306841046277666,0.49234693877551017,1,0.1601626388410478,0.2202574096490411,0.2577116305705956
777942,2025-05-13,2025,Atlanta Braves,Washington Nationals,2025-05-13T17:00:00+00:00,2025-05-13T23:15:00+00:00,0.10778922191566936,0.0,162,162,0.640326122810441,0.5306841046277666,0.6605504587155964,1,0.12936529793256998,0.2202574096490411,0.11522599107819205
777943,2025-05-13,2025,New York Mets,Pittsburgh Pirates,2025-05-13T17:00:00+00:00,2025-05-13T23:10:00+00:00,0.11897283543619874,0.0,162,162,0.6508887606098244,0.5306841046277666,0.6843267108167771,1,0.12187865746854452,0.2202574096490411,0.09964962550375467
777944,2025-05-13,2025,Cleveland Guardians,Milwaukee Brewers,2025-05-13T17:00:00+00:00,2025-05-13T22:10:00+00:00,-0.056489802696935265,0.0,162,162,0.47467227621721597,0.5306841046277666,0.5367088607594936,1,0.275969217374801,0.2202574096490411,0.21463867969876624
777945,2025-05-13,2025,Cincinnati Reds,Chicago White Sox,2025-05-13T17:00:00+00:00,2025-05-13T22:40:00+00:00,0.10160106665565055,0.0,162,162,0.6344218207873662,0.5306841046277666,0.6519721577726217,0,0.402491046691157,0.2816256189045743,0.4250676945106884
777914,2025-05-14,2025,San Diego Padres,Los Angeles Angels,2025-05-14T17:00:00+00:00,2025-05-15T01:40:00+00:00,0.13162292353862792,0.0,162,162,0.6626599090027844,0.5306841046277666,0.6276849642004773,1,0.11379833699400972,0.2202574096490411,0.1386184858823999
777915,2025-05-14,2025,Seattle Mariners,New York Yankees,2025-05-14T17:00:00+00:00,2025-05-14T20:10:00+00:00,-0.03431214795650195,0.0,162,162,0.49753907827526345,0.5306841046277666,0.48600508905852424,0,0.24754513441099874,0.2816256189045743,0.23620094659078408
777916,2025-05-14,2025,San Francisco Giants,Arizona Diamondbacks,2025-05-14T17:00:00+00:00,2025-05-14T19:45:00+00:00,0.013713763172842897,0.0,162,162,0.5469654048794758,0.5306841046277666,0.5076530612244898,0,0.29917115413496886,0.2816256189045743,0.2577116305705956
777918,2025-05-14,2025,Texas Rangers,Colorado Rockies,2025-05-14T17:00:00+00:00,2025-05-15T00:05:00+00:00,0.08747328607402027,0.0,162,162,0.6207920744736783,0.5306841046277666,0.6574712643678161,1,0.14379865078197632,0.2202574096490411,0.11732593473378253
777919,2025-05-14,2025,New York Mets,Pittsburgh Pirates,2025-05-14T17:00:00+00:00,2025-05-14T23:10:00+00:00,0.1208425309968118,0.0,162,162,0.6526406034980041,0.5306841046277666,0.7227926078028747,0,0.42593975733423906,0.2816256189045743,0.5224291538944802
777920,2025-05-14,2025,Houston Astros,Kansas City Royals,2025-05-14T17:00:00+00:00,2025-05-15T00:10:00+00:00,0.015576243694257474,0.0,162,162,0.5488699239999103,0.5306841046277666,0.5355329949238579,1,0.20351834547184672,0.2202574096490411,0.21572959880440104
777921,2025-05-14,2025,Chicago Cubs,Miami Marlins,2025-05-14T17:00:00+00:00,2025-05-14T23:40:00+00:00,0.1555533582079212,0.0,162,162,0.6843769108086893,0.5306841046277666,0.6574712643678161,0,0.4683717560480447,0.2816256189045743,0.4322684634694147
777922,2025-05-14,2025,Philadelphia Phillies,St. Louis Cardinals,2025-05-14T17:00:00+00:00,2025-05-14T17:05:00+00:00,0.01484125698438532,0.0,162,162,0.548118515544653,0.5306841046277666,0.6276849642004773,1,0.20419687599356803,0.2202574096490411,0.1386184858823999
777923,2025-05-14,2025,Toronto Blue Jays,Tampa Bay Rays,2025-05-14T17:00:00+00:00,2025-05-14T23:07:00+00:00,-0.0158578248590584,0.0,162,162,0.5165787881766629,0.5306841046277666,0.5955882352941176,1,0.23369606804074375,0.2202574096490411,0.16354887543252597
777925,2025-05-14,2025,Cleveland Guardians,Milwaukee Brewers,2025-05-14T17:00:00+00:00,2025-05-14T17:10:00+00:00,-0.054814152434836894,0.0,162,162,0.4763974912681206,0.5306841046277666,0.5279187817258882,0,0.22695456968655903,0.2816256189045743,0.27869824009894606
777927,2025-05-14,2025,Detroit Tigers,Boston Red Sox,2025-05-14T17:00:00+00:00,2025-05-14T22:40:00+00:00,0.06304609195127298,0.0,162,162,0.5967811639020354,0.5306841046277666,0.6741573033707866,1,0.16258542978419724,0.2202574096490411,0.10617346294659759
777928,2025-05-14,2025,Cincinnati Reds,Chicago White Sox,2025-05-14T17:00:00+00:00,2025-05-14T23:14:00+00:00,0.10101890736445229,0.0,162,162,0.6338642479206413,0.5306841046277666,0.6741573033707866,0,0.4017838847920003,0.2816256189045743,0.4544880696881708
777929,2025-05-14,2025,Atlanta Braves,Washington Nationals,2025-05-14T17:00:00+00:00,2025-05-14T23:15:00+00:00,0.1106868215852122,0.0,162,162,0.6430763986699278,0.5306841046277666,0.5866336633663367,0,0.41354725452628394,0.2816256189045743,0.34413905499460845
777933,2025-05-14,2025,Philadelphia Phillies,St. Louis Cardinals,2025-05-14T17:00:00+00:00,2025-05-14T22:15:00+00:00,0.01484125698438532,0.0,162,162,0.548118515544653,0.5306841046277666,0.57,0,0.300433907082874,0.2816256189045743,0.32489999999999997
777910,2025-05-15,2025,Texas Rangers,Houston Astros,2025-05-15T17:00:00+00:00,2025-05-16T00:05:00+00:00,-0.07283126940254403,0.0,162,162,0.4578853673870468,0.5306841046277666,0.5516372795969774,1,0.2938882748930771,0.2202574096490411,0.20102912904719902
777913,2025-05-15,2025,Toronto Blue Jays,Tampa Bay Rays,2025-05-15T17:00:00+00:00,2025-05-15T19:07:00+00:00,-0.014720096835053764,0.0,162,162,0.5177515975294389,0.5306841046277666,0.6192771084337348,0,0.26806671674428606,0.2816256189045743,0.38350413703004776
777895,2025-05-16,2025,Texas Rangers,Houston Astros,2025-05-16T17:00:00+00:00,2025-05-17T00:05:00+00:00,-0.07255557636801191,0.0,162,162,0.4581678916598994,0.5306841046277666,0.635933806146572,0,0.20991781694807732,0.2816256189045743,0.40441180580006586
777896,2025-05-16,2025,San Diego Padres,Seattle Mariners,2025-05-16T17:00:00+00:00,2025-05-17T01:40:00+00:00,0.01583129963623342,0.0,162,162,0.54913062673153,0.5306841046277666,0.5866336633663367,0,0.301544445214563,0.2816256189045743,0.34413905499460845
777897,2025-05-16,2025,Arizona Diamondbacks,Colorado Rockies,2025-05-16T17:00:00+00:00,2025-05-17T01:40:00+00:00,0.1484821725232694,0.0,162,162,0.6780377694925563,0.5306841046277666,0.7887563884156729,1,0.10365967787332829,0.2202574096490411,0.04462386343519007
777898,2025-05-16,2025,Milwaukee Brewers,Minnesota Twins,2025-05-16T17:00:00+00:00,2025-05-17T00:10:00+00:00,0.022692672401321445,1.0,162,162,0.48620435920048855,0.5306841046277666,0.47328244274809167,0,0.23639467890555768,0.2816256189045743,0.22399627061360067
777899,2025-05-16,2025,Los Angeles Dodgers,Los Angeles Angels,2025-05-16T17:00:00+00:00,2025-05-17T02:10:00+00:00,0.14745411936482788,-1.0,162,162,0.7352072826917536,0.5306841046277666,0.7281947261663285,0,0.5405297485229921,0.2816256189045743,0.5302675592164542
777900,2025-05-16,2025,Chicago Cubs,Chicago White Sox,2025-05-16T17:00:00+00:00,2025-05-16T18:20:00+00:00,0.1665039855103871,1.0,162,162,0.631460171140409,0.5306841046277666,0.6674208144796381,1,0.13582160545585664,0.2202574096490411,0.11060891464138731
777901,2025-05-16,2025,Kansas City Royals,St. Louis Cardinals,2025-05-16T17:00:00+00:00,2025-05-16T23:40:00+00:00,0.032676807286215914,0.0,162,162,0.5662826809680805,0.5306841046277666,0.5725,0,0.3206760747643969,0.2816256189045743,0.32775625
777902,2025-05-16,2025,Cincinnati Reds,Cleveland Guardians,2025-05-16T17:00:00+00:00,2025-05-16T21:10:00+00:00,0.024832372001335368,-1.0,162,162,0.625977245429959,0.5306841046277666,0.4783715012722647,1,0.1398930209361611,0.2202574096490411,0.27209629068495095
777903,2025-05-16,2025,Miami Marlins,Tampa Bay Rays,2025-05-16T17:00:00+00:00,2025-05-16T23:10:00+00:00,-0.09222470621940282,1.0,162,162,0.37061039029628623,0.5306841046277666,0.4783715012722647,1,0.3961312808029931,0.2202574096490411,0.27209629068495095
777904,2025-05-16,2025,New York Yankees,New York Mets,2025-05-16T17:00:00+00:00,2025-05-16T23:05:00+00:00,0.0019087644175855845,0.0,162,162,0.5348642313714326,0.5306841046277666,0.5725,1,0.2163512832576882,0.2202574096490411,0.18275624999999998
777905,2025-05-16,2025,Philadelphia Phillies,Pittsburgh Pirates,2025-05-16T17:00:00+00:00,2025-05-16T22:45:00+00:00,0.064412076071245,0.0,162,162,0.5981373671269591,0.5306841046277666,0.6778523489932886,1,0.16149357569965248,0.2202574096490411,0.10377910904914192
777906,2025-05-16,2025,Toronto Blue Jays,Detroit Tigers,2025-05-16T17:00:00+00:00,2025-05-16T23:07:00+00:00,-0.07746751675362579,-1.0,162,162,0.5231540333675668,0.5306841046277666,0.4872448979591837,0,0.27369014262875324,0.2816256189045743,0.23740759058725533
777907,2025-05-16,2025,Baltimore Orioles,Washington Nationals,2025-05-16T17:00:00+00:00,2025-05-16T23:05:00+00:00,0.02023233495319482,0.0,162,162,0.5536247309417655,0.5306841046277666,0.5406091370558376,0,0.3065003427103422,0.2816256189045743,0.2922582390682574
777908,2025-05-16,2025,Boston Red Sox,Atlanta Braves,2025-05-16T17:00:00+00:00,2025-05-16T23:10:00+00:00,-0.04545985722066581,1.0,162,162,0.4166491708484012,0.5306841046277666,0.5076530612244898,0,0.1735965315686602,0.2816256189045743,0.2577116305705956
777875,2025-05-17,2025,San Diego Padres,Seattle Mariners,2025-05-17T17:00:00+00:00,2025-05-18T00:40:00+00:00,0.01281396568764226,0.0,162,162,0.5460448014671438,0.5306841046277666,0.6431924882629109,0,0.29816492520929255,0.2816256189045743,0.41369657695783474
777881,2025-05-17,2025,Chicago Cubs,Chicago White Sox,2025-05-17T17:00:00+00:00,2025-05-17T18:20:00+00:00,0.17268063874996736,0.0,162,162,0.6994468068082388,0.5306841046277666,0.7201646090534979,1,0.09033222193776413,0.2202574096490411,0.07830784602618168
777882,2025-05-17,2025,Texas Rangers,Houston Astros,2025-05-17T17:00:00+00:00,2025-05-17T23:05:00+00:00,-0.07707353041789539,0.0,162,162,0.4535415125790825,0.5306841046277666,0.5216284987277354,1,0.2986168784743571,0.2202574096490411,0.22883929322948024
777883,2025-05-17,2025,Milwaukee Brewers,Minnesota Twins,2025-05-17T17:00:00+00:00,2025-05-17T23:15:00+00:00,0.018761174195231267,0.0,162,162,0.5521233974471506,0.5306841046277666,0.46446700507614214,0,0.30484024600858417,0.2816256189045743,0.21572959880440104
777884,2025-05-17,2025,Los Angeles Dodgers,Los Angeles Angels,2025-05-17T17:00:00+00:00,2025-05-18T01:10:00+00:00,0.14463273578084346,0.0,162,162,0.6745588962045644,0.5306841046277666,0.6558891454965358,0,0.4550297044487203,0.2816256189045743,0.43019057118017584
777885,2025-05-17,2025,Kansas City Royals,St. Louis Cardinals,2025-05-17T17:00:00+00:00,2025-05-17T23:10:00+00:00,0.022684993360335692,0.0,162,162,0.5561255054544524,0.5306841046277666,0.5204081632653061,0,0.3092755778169701,0.2816256189045743,0.27082465639316955
777886,2025-05-17,2025,Toronto Blue Jays,Detroit Tigers,2025-05-17T17:00:00+00:00,2025-05-17T19:07:00+00:00,-0.07514105755318717,0.0,162,162,0.4555194275583514,0.5306841046277666,0.46938775510204084,1,0.29645909376638535,0.2202574096490411,0.2815493544356517
777887,2025-05-17,2025,Arizona Diamondbacks,Colorado Rockies,2025-05-17T17:00:00+00:00,2025-05-18T00:10:00+00:00,0.15242987360809096,0.0,162,162,0.6815850581603052,0.5306841046277666,0.7547528517110266,0,0.46455819150738664,0.2816256189045743,0.5696518671659269
777888,2025-05-17,2025,New York Yankees,New York Mets,2025-05-17T17:00:00+00:00,2025-05-17T17:05:00+00:00,0.0014720483245317384,0.0,162,162,0.5344156812508416,0.5306841046277666,0.5505050505050506,0,0.28560012036680116,0.2816256189045743,0.30305581063156833
777889,2025-05-17,2025,Miami Marlins,Tampa Bay Rays,2025-05-17T17:00:00+00:00,2025-05-17T20:10:00+00:00,-0.08655730063753397,0.0,162,162,0.4438571294168601,0.5306841046277666,0.4158415841584158,0,0.19700915133417532,0.2816256189045743,0.17292422311538083
777890,2025-05-17,2025,Baltimore Orioles,Washington Nationals,2025-05-17T17:00:00+00:00,2025-05-17T20:05:00+00:00,0.018982470853810773,0.0,162,162,0.5523492941961656,0.5306841046277666,0.5796019900497512,0,0.3050897427990023,0.2816256189045743,0.3359384668696319
777892,2025-05-17,2025,Cincinnati Reds,Cleveland Guardians,2025-05-17T17:00:00+00:00,2025-05-17T22:40:00+00:00,0.02339223084554032,0.0,162,162,0.5568460952612365,0.5306841046277666,0.4783715012722647,1,0.19638538328521307,0.2202574096490411,0.27209629068495095
777893,2025-05-17,2025,Boston Red Sox,Atlanta Braves,2025-05-17T17:00:00+00:00,2025-05-17T23:15:00+00:00,-0.04271516796748992,0.0,162,162,0.4888685496607306,0.5306841046277666,0.5190839694656489,1,0.26125535952592505,0.2202574096490411,0.23128022842491688
777894,2025-05-17,2025,Philadelphia Phillies,Pittsburgh Pirates,2025-05-17T17:00:00+00:00,2025-05-17T22:05:00+00:00,0.06345195450460345,0.0,162,162,0.5971842758684429,0.5306841046277666,0.7256097560975608,1,0.1622605076076307,0.2202574096490411,0.07529000594884006
777864,2025-05-18,2025,Kansas City Royals,St. Louis Cardinals,2025-05-18T17:00:00+00:00,2025-05-18T18:10:00+00:00,0.02461352311098297,0.0,162,162,0.5580898802208526,0.5306841046277666,0.48346055979643765,1,0.1952845539632204,0.2202574096490411,0.26681299328580954
777865,2025-05-18,2025,Milwaukee Brewers,Minnesota Twins,2025-05-18T17:00:00+00:00,2025-05-18T18:10:00+00:00,0.010813390789878974,0.0,162,162,0.5439968478980806,0.5306841046277666,0.5603015075376885,1,0.20793887472688627,0.2202574096490411,0.19333476427362942
777866,2025-05-18,2025,Los Angeles Dodgers,Los Angeles Angels,2025-05-18T17:00:00+00:00,2025-05-18T20:10:00+00:00,0.14431085364534935,0.0,162,162,0.6742671191448653,0.5306841046277666,0.6689342403628117,0,0.4546361479599159,0.2816256189045743,0.4474730179297719
777868,2025-05-18,2025,San Diego Padres,Seattle Mariners,2025-05-18T17:00:00+00:00,2025-05-18T20:10:00+00:00,0.010741533237535683,0.0,162,162,0.5439232604706994,0.5306841046277666,0.5614035087719298,0,0.2958525132810763,0.2816256189045743,0.3151738996614343
777869,2025-05-18,2025,Texas Rangers,Houston Astros,2025-05-18T17:00:00+00:00,2025-05-18T17:05:00+00:00,-0.07432623502408642,0.0,162,162,0.4563538350665129,0.5306841046277666,0.49489795918367346,0,0.20825882277991406,0.2816256189045743,0.24492399000416493
777870,2025-05-18,2025,Arizona Diamondbacks,Colorado Rockies,2025-05-18T17:00:00+00:00,2025-05-18T20:10:00+00:00,0.1547225225014492,0.0,162,162,0.6836355751703685,0.5306841046277666,0.7292929292929292,1,0.10008644929778353,0.2202574096490411,0.07328231813080302
777871,2025-05-18,2025,Toronto Blue Jays,Detroit Tigers,2025-05-18T17:00:00+00:00,2025-05-18T17:37:00+00:00,-0.07581917316109671,0.0,162,162,0.45482520298520485,0.5306841046277666,0.530456852791878,0,0.2068659652705328,0.2816256189045743,0.2813844726738642
777872,2025-05-18,2025,Chicago Cubs,Chicago White Sox,2025-05-18T17:00:00+00:00,2025-05-18T18:20:00+00:00,0.17545839149380354,0.0,162,162,0.7018519118531746,0.5306841046277666,0.6989247311827957,1,0.08889228246560715,0.2202574096490411,0.09064631749335181
777873,2025-05-18,2025,Baltimore Orioles,Washington Nationals,2025-05-18T17:00:00+00:00,2025-05-18T17:35:00+00:00,0.01782587980130046,0.0,162,162,0.5511684245686471,0.5306841046277666,0.6276849642004773,0,0.30378663224148444,0.2816256189045743,0.3939884142833544
777874,2025-05-18,2025,Cincinnati Reds,Cleveland Guardians,2025-05-18T17:00:00+00:00,2025-05-18T17:40:00+00:00,0.0294022154417789,0.0,162,162,0.5629595977321092,0.5306841046277666,0.5505050505050506,1,0.19100431321447978,0.2202574096490411,0.20204570962146712
777876,2025-05-18,2025,Boston Red Sox,Atlanta Braves,2025-05-18T17:00:00+00:00,2025-05-18T17:35:00+00:00,-0.044571211200455596,0.0,162,162,0.4869541397485024,0.5306841046277666,0.47328244274809167,0,0.23712433421820397,0.2816256189045743,0.22399627061360067
777877,2025-05-18,2025,Miami Marlins,Tampa Bay Rays,2025-05-18T17:00:00+00:00,2025-05-18T17:40:00+00:00,-0.08944996852211057,0.0,162,162,0.44091139742745267,0.5306841046277666,0.39853300733496333,1,0.3125800655265238,0.2202574096490411,0.36176254326552326
777878,2025-05-18,2025,New York Yankees,New York Mets,2025-05-18T17:00:00+00:00,2025-05-18T23:10:00+00:00,0.0007996897137575454,0.0,162,162,0.533724994658716,0.5306841046277666,0.5980392156862746,1,0.2174123806060144,0.2202574096490411,0.16157247212610526
777880,2025-05-18,2025,Philadelphia Phillies,Pittsburgh Pirates,2025-05-18T17:00:00+00:00,2025-05-18T17:35:00+00:00,0.06177841621199137,0.0,162,162,0.5955212396675269,0.5306841046277666,0.49234693877551017,1,0.1636030675600942,0.2202574096490411,0.2577116305705956
777852,2025-05-19,2025,Colorado Rockies,Philadelphia Phillies,2025-05-19T17:00:00+00:00,2025-05-20T00:40:00+00:00,-0.1184739360029271,0.0,162,162,0.41161793701774546,0.5306841046277666,0.32142857142857145,0,0.16942932607474467,0.2816256189045743,0.10331632653061226
777854,2025-05-19,2025,Los Angeles Dodgers,Arizona Diamondbacks,2025-05-19T17:00:00+00:00,2025-05-20T02:10:00+00:00,0.0152218064782631,0.0,162,162,0.5485075952315905,0.5306841046277666,0.5628140703517588,0,0.3008605820267424,0.2816256189045743,0.3167596777859145
777855,2025-05-19,2025,San Francisco Giants,Kansas City Royals,2025-05-19T17:00:00+00:00,2025-05-20T01:45:00+00:00,0.02670582319692727,0.0,162,162,0.5602190133834581,0.5306841046277666,0.5516372795969774,0,0.31384534295633526,0.2816256189045743,0.30430368824115384
777856,2025-05-19,2025,Boston Red Sox,New York Mets,2025-05-19T17:00:00+00:00,2025-05-19T22:45:00+00:00,-0.07983845696548203,0.0,162,162,0.4507141326294941,0.5306841046277666,0.45569620253164556,1,0.301714964092969,0.2202574096490411,0.2962666239384714
777857,2025-05-19,2025,Chicago White Sox,Seattle Mariners,2025-05-19T17:00:00+00:00,2025-05-19T23:40:00+00:00,-0.13672798062396702,0.0,162,162,0.3934967282828726,0.5306841046277666,0.36492890995260663,0,0.15483967516932484,0.2816256189045743,0.13317310931919768
777858,2025-05-19,2025,Tampa Bay Rays,Houston Astros,2025-05-19T17:00:00+00:00,2025-05-19T23:05:00+00:00,-0.043315386671543,0.0,162,162,0.4882494175419378,0.5306841046277666,0.5664160401002506,0,0.2383874937300415,0.2816256189045743,0.32082713048284867
777859,2025-05-19,2025,Pittsburgh Pirates,Cincinnati Reds,2025-05-19T17:00:00+00:00,2025-05-19T22:40:00+00:00,-0.05188195310483179,0.0,162,162,0.47941775435040324,0.5306841046277666,0.49109414758269715,0,0.22984138318638359,0.2816256189045743,0.24117346178997592
777860,2025-05-19,2025,Milwaukee Brewers,Baltimore Orioles,2025-05-19T17:00:00+00:00,2025-05-19T23:40:00+00:00,0.08627917276831809,0.0,162,162,0.6196309247798318,0.5306841046277666,0.49489795918367346,1,0.14468063338384596,0.2202574096490411,0.25512807163681794
777862,2025-05-19,2025,St. Louis Cardinals,Detroit Tigers,2025-05-19T17:00:00+00:00,2025-05-19T23:45:00+00:00,-0.058802123781118265,0.0,162,162,0.47229255901440875,0.5306841046277666,0.5866336633663367,1,0.2784751432715613,0.2202574096490411,0.17087172826193503
777863,2025-05-19,2025,Miami Marlins,Chicago Cubs,2025-05-19T17:00:00+00:00,2025-05-19T22:40:00+00:00,-0.1545852202314355,0.0,162,162,0.3760482166885413,0.5306841046277666,0.39512195121951227,1,0.38931582789754954,0.2202574096490411,0.36587745389649
777836,2025-05-20,2025,San Francisco Giants,Kansas City Royals,2025-05-20T17:00:00+00:00,2025-05-21T01:45:00+00:00,0.02364215846610873,0.0,162,162,0.5571006843644235,0.5306841046277666,0.5796019900497512,1,0.19615980379046202,0.2202574096490411,0.17673448677012948
777838,2025-05-20,2025,Los Angeles Dodgers,Arizona Diamondbacks,2025-05-20T17:00:00+00:00,2025-05-21T02:10:00+00:00,0.011313993577597548,0.0,162,162,0.5445094485554148,0.5306841046277666,0.6756152125279643,1,0.2074716424552923,0.2202574096490411,0.10522549034327777
777840,2025-05-20,2025,St. Louis Cardinals,Detroit Tigers,2025-05-20T17:00:00+00:00,2025-05-20T23:45:00+00:00,-0.054494913820082536,0.0,162,162,0.4767262379331077,0.5306841046277666,0.36904761904761907,0,0.22726790593385401,0.2816256189045743,0.13619614512471656
777841,2025-05-20,2025,Washington Nationals,Atlanta Braves,2025-05-20T17:00:00+00:00,2025-05-20T22:45:00+00:00,-0.104565932847065,0.0,162,162,0.4255902832030649,0.5306841046277666,0.37320574162679426,1,0.32994652275073516,0.2202574096490411,0.39287104232961706
777842,2025-05-20,2025,Colorado Rockies,Philadelphia Phillies,2025-05-20T17:00:00+00:00,2025-05-21T00:40:00+00:00,-0.12322754674733066,0.0,162,162,0.4068736370582919,0.5306841046277666,0.2777777777777778,0,0.16554615653304264,0.2816256189045743,0.0771604938271605
777844,2025-05-20,2025,Milwaukee Brewers,Baltimore Orioles,2025-05-20T17:00:00+00:00,2025-05-20T23:40:00+00:00,0.08590495933116787,0.0,162,162,0.6192667589832057,0.5306841046277666,0.5566750629722922,1,0.14495780081515236,0.2202574096490411,0.1965369997906211
777845,2025-05-20,2025,Toronto Blue Jays,San Diego Padres,2025-05-20T17:00:00+00:00,2025-05-20T23:07:00+00:00,-0.05031308242654736,0.0,162,162,0.4810343756552693,0.5306841046277666,0.4607594936708861,1,0.26932531925151615,0.2202574096490411,0.29078032366607914
777846,2025-05-20,2025,Chicago White Sox,Seattle Mariners,2025-05-20T17:00:00+00:00,2025-05-20T23:40:00+00:00,-0.14557868565894483,0.0,162,162,0.3848115526481853,0.5306841046277666,0.3681710213776722,1,0.37845682575513656,0.2202574096490411,0.39920785822693394
777847,2025-05-20,2025,Pittsburgh Pirates,Cincinnati Reds,2025-05-20T17:00:00+00:00,2025-05-20T22:40:00+00:00,-0.05805263084780515,0.0,162,162,0.4730637644069313,0.5306841046277666,0.42750000000000005,1,0.277661796380994,0.2202574096490411,0.32775625
777848,2025-05-20,2025,Tampa Bay Rays,Houston Astros,2025-05-20T17:00:00+00:00,2025-05-20T23:05:00+00:00,-0.04204700427036101,0.0,162,162,0.489557807867105,0.5306841046277666,0.547979797979798,1,0.26055123150943527,0.2202574096490411,0.20432226303438422
777849,2025-05-20,2025,New York Yankees,Texas Rangers,2025-05-20T17:00:00+00:00,2025-05-20T23:05:00+00:00,0.091976265977885,0.0,162,162,0.6251582211608311,0.5306841046277666,0.6456876456876457,1,0.14050635916331242,0.2202574096490411,0.12553724441836328
777850,2025-05-20,2025,Miami Marlins,Chicago Cubs,2025-05-20T17:00:00+00:00,2025-05-20T22:40:00+00:00,-0.15056286584559386,0.0,162,162,0.3799523173159452,0.5306841046277666,0.43609022556390975,0,0.1443637634337567,0.2816256189045743,0.19017468483238167
777851,2025-05-20,2025,Boston Red Sox,New York Mets,2025-05-20T17:00:00+00:00,2025-05-20T22:45:00+00:00,-0.07726461008081903,0.0,162,162,0.45334601829866267,0.5306841046277666,0.44584382871536526,1,0.2988305757099261,0.2202574096490411,0.3070890621728455
777819,2025-05-21,2025,San Francisco Giants,Kansas City Royals,2025-05-21T17:00:00+00:00,2025-05-21T19:45:00+00:00,0.028022441574386825,0.0,162,162,0.5615576796532055,0.5306841046277666,0.6496519721577726,0,0.3153470275774921,0.2816256189045743,0.4220476849284833
777823,2025-05-21,2025,Colorado Rockies,Philadelphia Phillies,2025-05-21T17:00:00+00:00,2025-05-22T00:40:00+00:00,-0.12144927150614582,0.0,162,162,0.4086464467722366,0.5306841046277666,0.34252873563218394,0,0.1669919184595744,0.2816256189045743,0.11732593473378256
777824,2025-05-21,2025,Los Angeles Dodgers,Arizona Diamondbacks,2025-05-21T17:00:00+00:00,2025-05-22T02:10:00+00:00,0.009314963965466161,0.0,162,162,0.5424619556197359,0.5306841046277666,0.5675,1,0.20934106205531655,0.2202574096490411,0.18705625
777826,2025-05-21,2025,Milwaukee Brewers,Baltimore Orioles,2025-05-21T17:00:00+00:00,2025-05-21T17:10:00+00:00,0.08590754081119356,0.0,162,162,0.6192692716105904,0.5306841046277666,0.5051020408163266,0,0.3834944307611112,0.2816256189045743,0.25512807163681805
777827,2025-05-21,2025,St. Louis Cardinals,Detroit Tigers,2025-05-21T17:00:00+00:00,2025-05-21T17:15:00+00:00,-0.056387879626231596,0.0,162,162,0.4747771972644372,0.5306841046277666,0.5178571428571429,0,0.2254133870422743,0.2816256189045743,0.2681760204081633
777830,2025-05-21,2025,Chicago White Sox,Seattle Mariners,2025-05-21T17:00:00+00:00,2025-05-21T18:10:00+00:00,-0.14275550237957285,0.0,162,162,0.3875742617370731,0.5306841046277666,0.43107769423558895,0,0.15021380836103723,0.2816256189045743,0.18582797846747193
777831,2025-05-21,2025,Boston Red Sox,New York Mets,2025-05-21T17:00:00+00:00,2025-05-21T22:45:00+00:00,-0.07315644439311125,0.0,162,162,0.4575521698967961,0.5306841046277666,0.5664160401002506,0,0.20935398817726655,0.2816256189045743,0.32082713048284867
777832,2025-05-21,2025,Tampa Bay Rays,Houston Astros,2025-05-21T17:00:00+00:00,2025-05-21T17:10:00+00:00,-0.039250193509511755,0.0,162,162,0.4924433171384333,0.5306841046277666,0.3941605839416058,1,0.25761378631743703,0.2202574096490411,0.36704139804997604
777833,2025-05-21,2025,Miami Marlins,Chicago Cubs,2025-05-21T17:00:00+00:00,2025-05-21T17:10:00+00:00,-0.1608420631930088,0.0,162,162,0.3700073557937185,0.5306841046277666,0.42643391521197016,0,0.1369054433414594,0.2816256189045743,0.18184588404300975
777835,2025-05-21,2025,New York Yankees,Texas Rangers,2025-05-21T17:00:00+00:00,2025-05-21T23:05:00+00:00,0.09552330595991565,0.0,162,162,0.628583235451624,0.5306841046277666,0.5216284987277354,1,0.1379504129875838,0.2202574096490411,0.22883929322948024
777837,2025-05-21,2025,Toronto Blue Jays,San Diego Padres,2025-05-21T17:00:00+00:00,2025-05-21T23:07:00+00:00,-0.046954374909742136,0.0,162,162,0.4844966020163557,0.5306841046277666,0.5911330049261084,1,0.2657437533326836,0.2202574096490411,0.16717221966075368
777814,2025-05-22,2025,Pittsburgh Pirates,Milwaukee Brewers,2025-05-22T17:00:00+00:00,2025-05-22T22:40:00+00:00,-0.07770157717485321,0.0,162,162,0.4528990098861164,0.5306841046277666,0.4809160305343511,0,0.20511751315582458,0.2816256189045743,0.23128022842491694
777816,2025-05-22,2025,Toronto Blue Jays,San Diego Padres,2025-05-22T17:00:00+00:00,2025-05-22T17:07:00+00:00,-0.03274450722622957,0.0,162,162,0.4991569449707604,0.5306841046277666,0.4809160305343511,1,0.25084376577102185,0.2202574096490411,0.26944816735621463
777817,2025-05-22,2025,Colorado Rockies,Philadelphia Phillies,2025-05-22T17:00:00+00:00,2025-05-22T19:10:00+00:00,-0.12490236463681725,0.0,162,162,0.4052061809650735,0.5306841046277666,0.2923728813559322,0,0.1641920490922999,0.2816256189045743,0.08548190175237001
777820,2025-05-22,2025,Washington Nationals,Atlanta Braves,2025-05-22T17:00:00+00:00,2025-05-22T22:45:00+00:00,-0.10352190911592202,0.0,162,162,0.42664424237716636,0.5306841046277666,0.41234567901234565,1,0.32873682479925354,0.2202574096490411,0.3453376009754611
777821,2025-05-22,2025,Detroit Tigers,Cleveland Guardians,2025-05-22T17:00:00+00:00,2025-05-22T22:40:00+00:00,0.09016242658861084,0.0,162,162,0.6234019027993978,0.5306841046277666,0.5454545454545454,0,0.3886299324139098,0.2816256189045743,0.29752066115702475
777822,2025-05-22,2025,Houston Astros,Seattle Mariners,2025-05-22T17:00:00+00:00,2025-05-23T00:10:00+00:00,0.00279101807582538,0.0,162,162,0.5357702193717434,0.5306841046277666,0.4422110552763819,1,0.21550928922215923,0.2202574096490411,0.31112850685588755
777797,2025-05-23,2025,St. Louis Cardinals,Arizona Diamondbacks,2025-05-23T17:00:00+00:00,2025-05-24T00:15:00+00:00,-0.04646498292043877,0.0,162,162,0.48500120973201205,0.5306841046277666,0.46329113924050636,1,0.2652237539774911,0.2202574096490411,0.28805640121775355
777798,2025-05-23,2025,Los Angeles Angels,Miami Marlins,2025-05-23T17:00:00+00:00,2025-05-24T01:38:00+00:00,0.010859386201474364,-1.0,162,162,0.6123767958010086,0.5306841046277666,0.5891089108910892,1,0.150251748433493,0.2202574096490411,0.1688314871091069
777799,2025-05-23,2025,Minnesota Twins,Kansas City Royals,2025-05-23T17:00:00+00:00,2025-05-24T00:10:00+00:00,-0.024346681260299485,0.0,162,162,0.507823293476773,0.5306841046277666,0.635933806146572,1,0.2422379104440507,0.2202574096490411,0.1325441935069218
777800,2025-05-23,2025,Houston Astros,Seattle Mariners,2025-05-23T17:00:00+00:00,2025-05-24T00:10:00+00:00,0.01528673184996121,0.0,162,162,0.5485739700273211,0.5306841046277666,0.5406091370558376,0,0.3009334005915362,0.2816256189045743,0.2922582390682574
777801,2025-05-23,2025,Washington Nationals,San Francisco Giants,2025-05-23T17:00:00+00:00,2025-05-23T22:45:00+00:00,-0.12391530582112609,-1.0,162,162,0.475254334681121,0.5306841046277666,0.5153061224489797,0,0.22586668263319495,0.2816256189045743,0.26554039983340283
777802,2025-05-23,2025,Colorado Rockies,New York Yankees,2025-05-23T17:00:00+00:00,2025-05-24T00:40:00+00:00,-0.1771543599484769,0.0,162,162,0.3544521974894838,0.5306841046277666,0.2854166666666666,1,0.41673196532615636,0.2202574096490411,0.5106293402777778
777805,2025-05-23,2025,Chicago White Sox,Texas Rangers,2025-05-23T17:00:00+00:00,2025-05-23T23:40:00+00:00,-0.08522264125069323,1.0,162,162,0.37737778668295485,0.5306841046277666,0.3681710213776722,1,0.38765842051581606,0.2202574096490411,0.39920785822693394
777806,2025-05-23,2025,Pittsburgh Pirates,Milwaukee Brewers,2025-05-23T17:00:00+00:00,2025-05-23T22:40:00+00:00,-0.07985873999358395,0.0,162,162,0.4506934029824087,0.5306841046277666,0.5343511450381679,1,0.30173773752704647,0.2202574096490411,0.2168288561272653
777807,2025-05-23,2025,Detroit Tigers,Cleveland Guardians,2025-05-23T17:00:00+00:00,2025-05-23T23:10:00+00:00,0.08408311635240012,0.0,162,162,0.6174919218671064,0.5306841046277666,0.5241730279898218,0,0.38129627357113266,0.2816256189045743,0.2747573632720185
777808,2025-05-23,2025,New York Mets,Los Angeles Dodgers,2025-05-23T17:00:00+00:00,2025-05-23T23:10:00+00:00,0.006053945032388541,0.0,162,162,0.539118828516703,0.5306841046277666,0.49489795918367346,0,0.2906491112612222,0.2816256189045743,0.24492399000416493
777810,2025-05-23,2025,Tampa Bay Rays,Toronto Blue Jays,2025-05-23T17:00:00+00:00,2025-05-23T23:05:00+00:00,0.008091271154054835,1.0,162,162,0.47116349633388194,0.5306841046277666,0.5566750629722922,1,0.27966804760980407,0.2202574096490411,0.1965369997906211
777811,2025-05-23,2025,Cincinnati Reds,Chicago Cubs,2025-05-23T17:00:00+00:00,2025-05-23T22:40:00+00:00,-0.07342754243484273,0.0,162,162,0.4572744125166073,0.5306841046277666,0.49744897959183665,0,0.2090998883424083,0.2816256189045743,0.24745548729695951
777813,2025-05-23,2025,Atlanta Braves,San Diego Padres,2025-05-23T17:00:00+00:00,2025-05-23T23:15:00+00:00,0.00630274058080138,0.0,162,162,0.539374016307197,0.5306841046277666,0.6168674698795181,0,0.29092432946735636,0.2816256189045743,0.3805254753955582
777815,2025-05-23,2025,Boston Red Sox,Baltimore Orioles,2025-05-23T17:00:00+00:00,2025-05-23T17:35:00+00:00,0.04625846616173673,0.0,162,162,0.5799987559647595,0.5306841046277666,0.5165394402035622,1,0.17640104499114967,0.2202574096490411,0.23373411287868498
777781,2025-05-24,2025,Los Angeles Angels,Miami Marlins,2025-05-24T17:00:00+00:00,2025-05-25T02:07:00+00:00,0.012461823396925087,0.0,162,162,0.5456844305313412,0.5306841046277666,0.6318289786223278,0,0.2977714977243141,0.2816256189045743,0.39920785822693394
777782,2025-05-24,2025,Colorado Rockies,New York Yankees,2025-05-24T17:00:00+00:00,2025-05-24T20:10:00+00:00,-0.17814167692913285,0.0,162,162,0.3535201332777112,0.5306841046277666,0.26706827309236947,0,0.12497648463269069,0.2816256189045743,0.07132546249254043
777786,2025-05-24,2025,St. Louis Cardinals,Arizona Diamondbacks,2025-05-24T17:00:00+00:00,2025-05-24T18:15:00+00:00,-0.04906229332492451,0.0,162,162,0.48232352035614484,0.5306841046277666,0.5329949238578681,1,0.2679889375764547,0.2202574096490411,0.21809374114251845
777787,2025-05-24,2025,Houston Astros,Seattle Mariners,2025-05-24T17:00:00+00:00,2025-05-24T20:10:00+00:00,0.011358739810724439,0.0,162,162,0.5445552626395626,0.5306841046277666,0.5,1,0.20742990878931786,0.2202574096490411,0.25
777788,2025-05-24,2025,Minnesota Twins,Kansas City Royals,2025-05-24T17:00:00+00:00,2025-05-24T18:10:00+00:00,-0.024844112487552916,0.0,162,162,0.507310036512568,0.5306841046277666,0.5267175572519084,1,0.24274340012124707,0.2202574096490411,0.2239962706136006
777789,2025-05-24,2025,New York Mets,Los Angeles Dodgers,2025-05-24T17:00:00+00:00,2025-05-24T23:15:00+00:00,-0.0002182815245610481,0.0,162,162,0.5326790290428796,0.5306841046277666,0.5253807106598984,1,0.2183888898963058,0.2202574096490411,0.22526346981370304
777790,2025-05-24,2025,Boston Red Sox,Baltimore Orioles,2025-05-24T17:00:00+00:00,2025-05-24T22:35:00+00:00,0.061123160246379094,0.0,162,162,0.5948694953793666,0.5306841046277666,0.48979591836734687,0,0.3538697165329023,0.2816256189045743,0.23990004164931272
777791,2025-05-24,2025,Cincinnati Reds,Chicago Cubs,2025-05-24T17:00:00+00:00,2025-05-24T20:10:00+00:00,-0.07737714036329635,0.0,162,162,0.45323089489591983,0.5306841046277666,0.49234693877551017,1,0.2989564542963167,0.2202574096490411,0.2577116305705956
777792,2025-05-24,2025,Chicago White Sox,Texas Rangers,2025-05-24T17:00:00+00:00,2025-05-24T20:10:00+00:00,-0.08261859277893097,0.0,162,162,0.4478744057898504,0.5306841046277666,0.40987654320987654,1,0.3048426717819108,0.2202574096490411,0.3482456942539247
777793,2025-05-24,2025,Washington Nationals,San Francisco Giants,2025-05-24T17:00:00+00:00,2025-05-24T20:05:00+00:00,-0.12666994103868373,0.0,162,162,0.4034487438826063,0.5306841046277666,0.4133663366336633,1,0.35587340117524024,0.2202574096490411,0.34413905499460845
777794,2025-05-24,2025,Pittsburgh Pirates,Milwaukee Brewers,2025-05-24T17:00:00+00:00,2025-05-24T20:05:00+00:00,-0.07704356216202374,0.0,162,162,0.4535721745092975,0.5306841046277666,0.5089058524173028,1,0.2985833684704976,0.2202574096490411,0.24117346178997598
777795,2025-05-24,2025,Tampa Bay Rays,Toronto Blue Jays,2025-05-24T17:00:00+00:00,2025-05-24T23:05:00+00:00,0.009063400999605176,0.0,162,162,0.5422041908122792,0.5306841046277666,0.5139949109414759,1,0.20957700290984005,0.2202574096490411,0.23620094659078397
777796,2025-05-24,2025,Detroit Tigers,Cleveland Guardians,2025-05-24T17:00:00+00:00,2025-05-24T23:15:00+00:00,0.07986091126486877,0.0,162,162,0.6133666572697812,0.5306841046277666,0.5541561712846348,0,0.37621865625030526,0.2816256189045743,0.3070890621728455
777803,2025-05-24,2025,Atlanta Braves,San Diego Padres,2025-05-24T17:00:00+00:00,2025-05-24T20:10:00+00:00,0.00805186688677939,0.0,162,162,0.5411674923893308,0.5306841046277666,0.5089058524173028,1,0.21052727004029478,0.2202574096490411,0.24117346178997598
777766,2025-05-25,2025,St. Louis Cardinals,Arizona Diamondbacks,2025-05-25T17:00:00+00:00,2025-05-25T18:15:00+00:00,-0.043711897923816245,0.0,162,162,0.4878404315315402,0.5306841046277666,0.5355329949238579,1,0.26230742357379894,0.2202574096490411,0.21572959880440104
777767,2025-05-25,2025,Los Angeles Angels,Miami Marlins,2025-05-25T17:00:00+00:00,2025-05-25T20:07:00+00:00,0.007354352051526514,0.0,162,162,0.5404524170162446,0.5306841046277666,0.5178571428571429,0,0.2920888150587007,0.2816256189045743,0.2681760204081633
777768,2025-05-25,2025,Colorado Rockies,New York Yankees,2025-05-25T17:00:00+00:00,2025-05-25T19:10:00+00:00,-0.1892293024183756,0.0,162,162,0.34313070577125626,0.5306841046277666,0.2929936305732484,0,0.11773868124308043,0.2816256189045743,0.08584526755649316
777772,2025-05-25,2025,Minnesota Twins,Kansas City Royals,2025-05-25T17:00:00+00:00,2025-05-25T18:10:00+00:00,-0.024309443213662685,0.0,162,162,0.5078617155990047,0.5306841046277666,0.5114503816793893,0,0.2579235221711644,0.2816256189045743,0.261581492919993
777773,2025-05-25,2025,New York Mets,Los Angeles Dodgers,2025-05-25T17:00:00+00:00,2025-05-25T23:10:00+00:00,0.00015938311429963825,0.0,162,162,0.533067113532754,0.5306841046277666,0.5139949109414759,1,0.218026320464634,0.2202574096490411,0.23620094659078397
777774,2025-05-25,2025,Houston Astros,Seattle Mariners,2025-05-25T17:00:00+00:00,2025-05-25T18:10:00+00:00,0.00969374508355425,0.0,162,162,0.542850031992543,0.5306841046277666,0.44332493702770776,1,0.20898609324921896,0.2202574096490411,0.3098871257352056
777775,2025-05-25,2025,Tampa Bay Rays,Toronto Blue Jays,2025-05-25T17:00:00+00:00,2025-05-25T17:40:00+00:00,0.009707164002223712,0.0,162,162,0.542863779259255,0.5306841046277666,0.5,1,0.20897352431313115,0.2202574096490411,0.25
777776,2025-05-25,2025,Pittsburgh Pirates,Milwaukee Brewers,2025-05-25T17:00:00+00:00,2025-05-25T17:35:00+00:00,-0.07530416650801935,0.0,162,162,0.45535242797758074,0.5306841046277666,0.40640394088669946,0,0.20734583366507786,0.2816256189045743,0.1651641631682399
777777,2025-05-25,2025,Chicago White Sox,Texas Rangers,2025-05-25T17:00:00+00:00,2025-05-25T18:10:00+00:00,-0.07618757291552636,0.0,162,162,0.4544481251441523,0.5306841046277666,0.4821428571428572,0,0.2065230984470351,0.2816256189045743,0.23246173469387763
777778,2025-05-25,2025,Washington Nationals,San Francisco Giants,2025-05-25T17:00:00+00:00,2025-05-25T17:35:00+00:00,-0.12128398236390597,0.0,162,162,0.4088113494191373,0.5306841046277666,0.42643391521197016,0,0.16712671941389598,0.2816256189045743,0.18184588404300975
777779,2025-05-25,2025,Cincinnati Reds,Chicago Cubs,2025-05-25T17:00:00+00:00,2025-05-25T17:40:00+00:00,-0.07749888994940901,0.0,162,162,0.4531063453764191,0.5306841046277666,0.4531645569620253,0,0.20530536022037477,0.2816256189045743,0.20535811568658865
777783,2025-05-25,2025,Atlanta Braves,San Diego Padres,2025-05-25T17:00:00+00:00,2025-05-25T20:10:00+00:00,0.01707847272067564,0.0,162,162,0.5504050204948416,0.5306841046277666,0.5566750629722922,0,0.302945686585927,0.2816256189045743,0.3098871257352055
777785,2025-05-25,2025,Boston Red Sox,Baltimore Orioles,2025-05-25T17:00:00+00:00,2025-05-25T17:35:00+00:00,0.0580908289810767,0.0,162,162,0.5918490917378205,0.5306841046277666,0.5429292929292929,0,0.3502853473908831,0.2816256189045743,0.29477221712070195
777756,2025-05-26,2025,San Diego Padres,Miami Marlins,2025-05-26T17:00:00+00:00,2025-05-27T00:40:00+00:00,0.10096015473404135,0.0,162,162,0.6338079566416245,0.5306841046277666,0.582089552238806,1,0.13409661261898237,0.2202574096490411,0.17464914234796167
777757,2025-05-26,2025,Chicago Cubs,Colorado Rockies,2025-05-26T17:00:00+00:00,2025-05-26T18:20:00+00:00,0.19467263564952686,0.0,162,162,0.7181801640148977,0.5306841046277666,0.7355864811133201,1,0.07942241995466996,0.2202574096490411,0.0699145089700366
777758,2025-05-26,2025,New York Mets,Chicago White Sox,2025-05-26T17:00:00+00:00,2025-05-26T20:10:00+00:00,0.16448930660268324,0.0,162,162,0.6922904959948748,0.5306841046277666,0.6969696969696969,1,0.09468513885508016,0.2202574096490411,0.09182736455463732
777759,2025-05-26,2025,Texas Rangers,Toronto Blue Jays,2025-05-26T17:00:00+00:00,2025-05-26T20:05:00+00:00,-0.01266734307536932,0.0,162,162,0.5198671435836204,0.5306841046277666,0.5516372795969774,0,0.2702618469777926,0.2816256189045743,0.30430368824115384
777760,2025-05-26,2025,Kansas City Royals,Cincinnati Reds,2025-05-26T17:00:00+00:00,2025-05-26T20:10:00+00:00,0.0329947243746509,0.0,162,162,0.5666049936422002,0.5306841046277666,0.5102040816326531,0,0.3210412188202777,0.2816256189045743,0.2603082049146189
777761,2025-05-26,2025,Arizona Diamondbacks,Pittsburgh Pirates,2025-05-26T17:00:00+00:00,2025-05-27T00:10:00+00:00,0.10241750751603951,0.0,162,162,0.6352031737959064,0.5306841046277666,0.6350710900473934,1,0.13307672440857968,0.2202574096490411,0.13317310931919768
777762,2025-05-26,2025,Tampa Bay Rays,Minnesota Twins,2025-05-26T17:00:00+00:00,2025-05-26T23:05:00+00:00,0.003113872498567871,0.0,162,162,0.5361017005286131,0.5306841046277666,0.5267175572519084,1,0.2152016322524446,0.2202574096490411,0.2239962706136006
777763,2025-05-26,2025,Los Angeles Angels,New York Yankees,2025-05-26T17:00:00+00:00,2025-05-27T01:38:00+00:00,-0.15840065554354305,0.0,162,162,0.3723597663905119,0.5306841046277666,0.38072289156626504,0,0.1386517956263966,0.2816256189045743,0.14494992016257802
777764,2025-05-26,2025,Milwaukee Brewers,Boston Red Sox,2025-05-26T17:00:00+00:00,2025-05-26T18:10:00+00:00,0.028033098860265615,0.0,162,162,0.5615685117762655,0.5306841046277666,0.4054054054054054,1,0.1922221698660786,0.2202574096490411,0.35354273192111035
777769,2025-05-26,2025,Cleveland Guardians,Los Angeles Dodgers,2025-05-26T17:00:00+00:00,2025-05-26T22:10:00+00:00,-0.08662748717166241,0.0,162,162,0.44378560775269094,0.5306841046277666,0.39853300733496333,0,0.19694566564842525,0.2816256189045743,0.15882855793544995
777770,2025-05-26,2025,Detroit Tigers,San Francisco Giants,2025-05-26T17:00:00+00:00,2025-05-26T17:10:00+00:00,0.005548636109121263,0.0,162,162,0.5386004738363915,0.5306841046277666,0.5076530612244898,1,0.2128895227440024,0.2202574096490411,0.24240550812161596
777771,2025-05-26,2025,Baltimore Orioles,St. Louis Cardinals,2025-05-26T17:00:00+00:00,2025-05-26T19:05:00+00:00,-0.0697124414677519,0.0,162,162,0.4610830118021625,0.5306841046277666,0.5063938618925831,1,0.29043152016822815,0.2202574096490411,0.24364701957731835
777741,2025-05-27,2025,Texas Rangers,Toronto Blue Jays,2025-05-27T17:00:00+00:00,2025-05-28T00:05:00+00:00,-0.021620706814613977,0.0,162,162,0.5106356731183986,0.5306841046277666,0.5664160401002506,1,0.2394774444242828,0.2202574096490411,0.1879950502823475
777742,2025-05-27,2025,San Diego Padres,Miami Marlins,2025-05-27T17:00:00+00:00,2025-05-28T01:40:00+00:00,0.10411143224302372,0.0,162,162,0.6368220250435325,0.5306841046277666,0.597051597051597,1,0.13189824149348056,0.2202574096490411,0.1623674154386685
777743,2025-05-27,2025,Seattle Mariners,Washington Nationals,2025-05-27T17:00:00+00:00,2025-05-28T01:40:00+00:00,0.09773560253666752,0.0,162,162,0.6307129246670894,0.5306841046277666,0.5911330049261084,1,0.1363729440079348,0.2202574096490411,0.16717221966075368
777744,2025-05-27,2025,Arizona Diamondbacks,Pittsburgh Pirates,2025-05-27T17:00:00+00:00,2025-05-28T01:40:00+00:00,0.10598585100808217,0.0,162,162,0.6386097627004143,0.5306841046277666,0.6899563318777293,0,0.4078224290162794,0.2816256189045743,0.47603973989817133
777745,2025-05-27,2025,Los Angeles Angels,New York Yankees,2025-05-27T17:00:00+00:00,2025-05-28T01:38:00+00:00,-0.16301829264000323,0.0,162,162,0.3679156431732749,0.5306841046277666,0.34722222222222227,0,0.13536192049160456,0.2816256189045743,0.12056327160493831
777746,2025-05-27,2025,Tampa Bay Rays,Minnesota Twins,2025-05-27T17:00:00+00:00,2025-05-27T23:05:00+00:00,0.010055039050217207,0.0,162,162,0.5432201436313262,0.5306841046277666,0.46700507614213205,0,0.2950881244468387,0.2816256189045743,0.21809374114251856
777747,2025-05-27,2025,Milwaukee Brewers,Boston Red Sox,2025-05-27T17:00:00+00:00,2025-05-27T23:40:00+00:00,0.029777530186534507,0.0,162,162,0.5633407629815933,0.5306841046277666,0.5329949238578681,1,0.19067128927349708,0.2202574096490411,0.21809374114251845
777748,2025-05-27,2025,Philadelphia Phillies,Atlanta Braves,2025-05-27T17:00:00+00:00,2025-05-27T22:45:00+00:00,-0.019930525934210297,0.0,162,162,0.5123791008971008,0.5306841046277666,0.5153061224489797,1,0.23777414124191978,0.2202574096490411,0.2349281549354435
777749,2025-05-27,2025,New York Mets,Chicago White Sox,2025-05-27T17:00:00+00:00,2025-05-27T23:10:00+00:00,0.16647566961322863,0.0,162,162,0.6940345604003373,0.5306841046277666,0.7036247334754797,1,0.09361485022941485,0.2202574096490411,0.08783829860748044
777750,2025-05-27,2025,Kansas City Royals,Cincinnati Reds,2025-05-27T17:00:00+00:00,2025-05-27T23:40:00+00:00,0.029777932356281844,0.0,162,162,0.5633411713804233,0.5306841046277666,0.5253807106598984,0,0.31735327537226743,0.2816256189045743,0.27602489113349993
777751,2025-05-27,2025,Chicago Cubs,Colorado Rockies,2025-05-27T17:00:00+00:00,2025-05-28T00:05:00+00:00,0.19236673375454377,0.0,162,162,0.7162494998358989,0.5306841046277666,0.7495183044315993,1,0.08051434634337754,0.2202574096490411,0.06274107981482098
777753,2025-05-27,2025,Cleveland Guardians,Los Angeles Dodgers,2025-05-27T17:00:00+00:00,2025-05-27T22:10:00+00:00,-0.08954934168305484,0.0,162,162,0.4408102739856203,0.5306841046277666,0.4582278481012658,0,0.19431369765127762,0.2816256189045743,0.20997276077551674
777754,2025-05-27,2025,Baltimore Orioles,St. Louis Cardinals,2025-05-27T17:00:00+00:00,2025-05-27T22:35:00+00:00,-0.06971574629730248,0.0,162,162,0.4610796217128696,0.5306841046277666,0.4809160305343511,0,0.21259441755888292,0.2816256189045743,0.23128022842491694
777755,2025-05-27,2025,Detroit Tigers,San Francisco Giants,2025-05-27T17:00:00+00:00,2025-05-27T22:40:00+00:00,0.005560368970365159,0.0,162,162,0.5386125105604725,0.5306841046277666,0.48600508905852424,1,0.21287841541131006,0.2202574096490411,0.26419076847373557
777724,2025-05-28,2025,Texas Rangers,Toronto Blue Jays,2025-05-28T17:00:00+00:00,2025-05-29T00:05:00+00:00,-0.016277748207926157,0.0,162,162,0.5161458698456898,0.5306841046277666,0.547979797979798,0,0.26640655895876375,0.2816256189045743,0.30028185899398024
777726,2025-05-28,2025,San Diego Padres,Miami Marlins,2025-05-28T17:00:00+00:00,2025-05-28T20:10:00+00:00,0.10737877237198074,0.0,162,162,0.6399357906171221,0.5306841046277666,0.5911330049261084,0,0.40951781611276117,0.2816256189045743,0.34943822951297054
777728,2025-05-28,2025,Los Angeles Angels,New York Yankees,2025-05-28T17:00:00+00:00,2025-05-29T01:38:00+00:00,-0.16251284097837848,0.0,162,162,0.3684010253064962,0.5306841046277666,0.4133663366336633,0,0.13571931544687765,0.2816256189045743,0.17087172826193503
777729,2025-05-28,2025,Arizona Diamondbacks,Pittsburgh Pirates,2025-05-28T17:00:00+00:00,2025-05-28T19:40:00+00:00,0.10065519893127456,0.0,162,162,0.6335157178208077,0.5306841046277666,0.5541561712846348,0,0.4013421647260133,0.2816256189045743,0.3070890621728455
777730,2025-05-28,2025,Seattle Mariners,Washington Nationals,2025-05-28T17:00:00+00:00,2025-05-29T01:40:00+00:00,0.10622806705125515,0.0,162,162,0.6388404990183056,0.5306841046277666,0.6621004566210046,0,0.40811718318595774,0.2816256189045743,0.43837701465774276
777731,2025-05-28,2025,Chicago Cubs,Colorado Rockies,2025-05-28T17:00:00+00:00,2025-05-29T00:05:00+00:00,0.19486398278162814,0.0,162,162,0.7183400142811089,0.5306841046277666,0.7509578544061303,1,0.07933234755516591,0.2202574096490411,0.0620219902819982
777732,2025-05-28,2025,Tampa Bay Rays,Minnesota Twins,2025-05-28T17:00:00+00:00,2025-05-28T17:10:00+00:00,0.007199130679841348,0.0,162,162,0.5402932650469519,0.5306841046277666,0.5392405063291139,1,0.21133028216119207,0.2202574096490411,0.21229931100785132
777733,2025-05-28,2025,Kansas City Royals,Cincinnati Reds,2025-05-28T17:00:00+00:00,2025-05-28T23:40:00+00:00,0.02434242741543091,0.0,162,162,0.5578138540801724,0.5306841046277666,0.4783715012722647,1,0.1955285876434311,0.2202574096490411,0.27209629068495095
777736,2025-05-28,2025,Milwaukee Brewers,Boston Red Sox,2025-05-28T17:00:00+00:00,2025-05-28T17:10:00+00:00,0.03541443764074731,0.0,162,162,0.5690562969721688,0.5306841046277666,0.5760598503740648,1,0.18571247517933961,0.2202574096490411,0.17972525046486032
777737,2025-05-28,2025,New York Mets,Chicago White Sox,2025-05-28T17:00:00+00:00,2025-05-28T17:10:00+00:00,0.1702720934474617,0.0,162,162,0.6973524499574145,0.5306841046277666,0.6734234234234234,0,0.48630043946160834,0.2816256189045743,0.45349910721532344
777738,2025-05-28,2025,Detroit Tigers,San Francisco Giants,2025-05-28T17:00:00+00:00,2025-05-28T17:10:00+00:00,0.006449541915719448,0.0,162,162,0.5395245796989863,0.5306841046277666,0.5051020408163266,1,0.21203761270139526,0.2202574096490411,0.24492399000416487
777739,2025-05-28,2025,Cleveland Guardians,Los Angeles Dodgers,2025-05-28T17:00:00+00:00,2025-05-28T17:10:00+00:00,-0.09489213022687731,0.0,162,162,0.43538082193055516,0.5306841046277666,0.3840579710144928,1,0.31879481624381545,0.2202574096490411,0.3793845830707834
777740,2025-05-28,2025,Baltimore Orioles,St. Louis Cardinals,2025-05-28T17:00:00+00:00,2025-05-28T22:35:00+00:00,-0.07179155796070014,0.0,162,162,0.45895098126955536,0.5306841046277666,0.5267175572519084,0,0.21063600320828776,0.2816256189045743,0.2774313851174174
777722,2025-05-29,2025,Seattle Mariners,Washington Nationals,2025-05-29T17:00:00+00:00,2025-05-30T01:40:00+00:00,0.09573282571388636,0.0,162,162,0.6287851475090291,0.5306841046277666,0.5190839694656489,0,0.39537076172795155,0.2816256189045743,0.26944816735621474
777723,2025-05-29,2025,Philadelphia Phillies,Atlanta Braves,2025-05-29T17:00:00+00:00,2025-05-29T22:45:00+00:00,-0.018489999723831807,0.0,162,162,0.5138647729047879,0.5306841046277666,0.6004901960784313,0,0.2640570048324893,0.2816256189045743,0.3605884755863129
777725,2025-05-29,2025,Houston Astros,Tampa Bay Rays,2025-05-29T17:00:00+00:00,2025-05-30T00:10:00+00:00,0.03410509044617571,0.0,162,162,0.5677302680939543,0.5306841046277666,0.5216284987277354,0,0.32231765731003326,0.2816256189045743,0.27209629068495106
777735,2025-05-29,2025,Philadelphia Phillies,Atlanta Braves,2025-05-29T17:00:00+00:00,2025-05-29T17:05:00+00:00,-0.018489999723831807,0.0,162,162,0.5138647729047879,0.5306841046277666,0.5076530612244898,1,0.2363274590229134,0.2202574096490411,0.24240550812161596
777707,2025-05-30,2025,San Diego Padres,Pittsburgh Pirates,2025-05-30T17:00:00+00:00,2025-05-31T01:40:00+00:00,0.06990797840283769,0.0,162,162,0.6035785632184971,0.5306841046277666,0.647196261682243,1,0.1571499555399111,0.2202574096490411,0.12447047777098437
777708,2025-05-30,2025,Los Angeles Dodgers,New York Yankees,2025-05-30T17:00:00+00:00,2025-05-31T02:10:00+00:00,-0.00502715630760564,0.0,162,162,0.5277341780215847,0.5306841046277666,0.46700507614213205,1,0.22303500660894823,0.2202574096490411,0.28408358885825447
777709,2025-05-30,2025,Texas Rangers,St. Louis Cardinals,2025-05-30T17:00:00+00:00,2025-05-31T00:05:00+00:00,-0.03825375311510559,0.0,162,162,0.4934714904305974,0.5306841046277666,0.4325,1,0.25657113100660034,0.2202574096490411,0.32205625
777710,2025-05-30,2025,Arizona Diamondbacks,Washington Nationals,2025-05-30T17:00:00+00:00,2025-05-31T01:40:00+00:00,0.10323841137459444,1.0,162,162,0.5688872957026064,0.5306841046277666,0.6666666666666666,0,0.3236327552118248,0.2816256189045743,0.4444444444444444
777711,2025-05-30,2025,Kansas City Royals,Detroit Tigers,2025-05-30T17:00:00+00:00,2025-05-31T00:10:00+00:00,-0.038212343608925003,0.0,162,162,0.49351421992989497,0.5306841046277666,0.46954314720812185,0,0.24355628527301273,0.2816256189045743,0.220470767090108
777712,2025-05-30,2025,Chicago Cubs,Cincinnati Reds,2025-05-30T17:00:00+00:00,2025-05-30T18:20:00+00:00,0.08352640071947959,0.0,162,162,0.6169489420203412,0.5306841046277666,0.6014669926650367,0,0.3806259970600184,0.2816256189045743,0.36176254326552326
777713,2025-05-30,2025,Seattle Mariners,Minnesota Twins,2025-05-30T17:00:00+00:00,2025-05-31T02:10:00+00:00,0.030966465074942218,-1.0,162,162,0.6318868969337091,0.5306841046277666,0.5664160401002506,0,0.39928105051651197,0.2816256189045743,0.32082713048284867
777714,2025-05-30,2025,Houston Astros,Tampa Bay Rays,2025-05-30T17:00:00+00:00,2025-05-31T00:10:00+00:00,0.02196170453089541,0.0,162,162,0.5553883169848254,0.5306841046277666,0.5980392156862746,1,0.19767954867358611,0.2202574096490411,0.16157247212610526
777715,2025-05-30,2025,Philadelphia Phillies,Milwaukee Brewers,2025-05-30T17:00:00+00:00,2025-05-30T22:45:00+00:00,-0.012260841583963789,-1.0,162,162,0.5894927851692089,0.5306841046277666,0.5541561712846348,0,0.3475017437665511,0.2816256189045743,0.3070890621728455
777717,2025-05-30,2025,Miami Marlins,San Francisco Giants,2025-05-30T17:00:00+00:00,2025-05-30T23:10:00+00:00,-0.14098177308108156,0.0,162,162,0.3893137148782147,0.5306841046277666,0.39077669902912626,0,0.15156516859227584,0.2816256189045743,0.15270642850410032
777718,2025-05-30,2025,New York Mets,Colorado Rockies,2025-05-30T17:00:00+00:00,2025-05-30T23:10:00+00:00,0.17789246831346367,0.0,162,162,0.7039503176501201,0.5306841046277666,0.7436399217221136,1,0.08764541441946481,0.2202574096490411,0.06572048973464406
777719,2025-05-30,2025,Atlanta Braves,Boston Red Sox,2025-05-30T17:00:00+00:00,2025-05-30T23:15:00+00:00,0.042840326672466345,-1.0,162,162,0.6432132198462666,0.5306841046277666,0.5990220048899756,0,0.4137232461850016,0.2816256189045743,0.3588273623424059
777720,2025-05-30,2025,Baltimore Orioles,Chicago White Sox,2025-05-30T17:00:00+00:00,2025-05-30T20:30:00+00:00,0.04409624471799861,0.0,162,162,0.5778228182436788,0.5306841046277666,0.6666666666666666,1,0.1782335727957099,0.2202574096490411,0.11111111111111113
777721,2025-05-30,2025,Cleveland Guardians,Los Angeles Angels,2025-05-30T17:00:00+00:00,2025-05-30T23:10:00+00:00,0.06450632091622827,0.0,162,162,0.5982308820422095,0.5306841046277666,0.568922305764411,0,0.35788018822900003,0.2816256189045743,0.323672589996294
777691,2025-05-31,2025,San Diego Padres,Pittsburgh Pirates,2025-05-31T17:00:00+00:00,2025-06-01T01:40:00+00:00,0.07569097638953992,0.0,162,162,0.609276427826525,0.5306841046277666,0.669683257918552,0,0.37121776550505076,0.2816256189045743,0.4484756659364058
777693,2025-05-31,2025,Houston Astros,Tampa Bay Rays,2025-05-31T17:00:00+00:00,2025-05-31T20:10:00+00:00,0.023864885758617338,0.0,162,162,0.5573275405445377,0.5306841046277666,0.5491183879093199,0,0.3106139874494233,0.2816256189045743,0.3015310039401303
777694,2025-05-31,2025,Kansas City Royals,Detroit Tigers,2025-05-31T17:00:00+00:00,2025-05-31T20:10:00+00:00,-0.03843733432222152,0.0,162,162,0.49328205844113476,0.5306841046277666,0.3640661938534279,1,0.2567630722976535,0.2202574096490411,0.40441180580006586
777695,2025-05-31,2025,Seattle Mariners,Minnesota Twins,2025-05-31T17:00:00+00:00,2025-05-31T23:15:00+00:00,0.027254355202057212,0.0,162,162,0.5607768386351765,0.5306841046277666,0.5051020408163266,1,0.1929169854793098,0.2202574096490411,0.24492399000416487
777696,2025-05-31,2025,Arizona Diamondbacks,Washington Nationals,2025-05-31T17:00:00+00:00,2025-06-01T02:10:00+00:00,0.10009880407872446,0.0,162,162,0.6329822721747679,0.5306841046277666,0.6225961538461539,0,0.40066655688753194,0.2816256189045743,0.38762597078402367
777697,2025-05-31,2025,Texas Rangers,St. Louis Cardinals,2025-05-31T17:00:00+00:00,2025-05-31T20:05:00+00:00,-0.030833150462315717,0.0,162,162,0.5011295606231593,0.5306841046277666,0.43107769423558895,0,0.25113083653036067,0.2816256189045743,0.18582797846747193
777698,2025-05-31,2025,Los Angeles Dodgers,New York Yankees,2025-05-31T17:00:00+00:00,2025-05-31T23:15:00+00:00,-0.004362588954254787,0.0,162,162,0.5284178829852939,0.5306841046277666,0.4707379134860051,1,0.22238969308807194,0.2202574096490411,0.2801183562211475
777699,2025-05-31,2025,Baltimore Orioles,Chicago White Sox,2025-05-31T17:00:00+00:00,2025-05-31T20:05:00+00:00,0.04422563783120337,0.0,162,162,0.5779531180741166,0.5306841046277666,0.6004901960784313,1,0.17812357054336053,0.2202574096490411,0.15960808342945024
777700,2025-05-31,2025,New York Mets,Colorado Rockies,2025-05-31T17:00:00+00:00,2025-05-31T20:10:00+00:00,0.1814244661497586,0.0,162,162,0.706979958178824,0.5306841046277666,0.7669724770642201,1,0.08586074490888375,0.2202574096490411,0.05430182644558542
777702,2025-05-31,2025,Philadelphia Phillies,Milwaukee Brewers,2025-05-31T17:00:00+00:00,2025-05-31T20:05:00+00:00,-0.011006859465922947,0.0,162,162,0.5215779026735766,0.5306841046277666,0.6192771084337348,0,0.272043508557367,0.2816256189045743,0.38350413703004776
777703,2025-05-31,2025,Cleveland Guardians,Los Angeles Angels,2025-05-31T17:00:00+00:00,2025-05-31T20:10:00+00:00,0.056316711364479966,0.0,162,162,0.590078714683168,0.5306841046277666,0.6092233009708737,1,0.16803546015580362,0.2202574096490411,0.15270642850410032
777704,2025-05-31,2025,Chicago Cubs,Cincinnati Reds,2025-05-31T17:00:00+00:00,2025-05-31T18:20:00+00:00,0.08123846742412522,0.0,162,162,0.6147144062767186,0.5306841046277666,0.6159420289855072,1,0.14844498873070147,0.2202574096490411,0.147500525099769
777705,2025-05-31,2025,Miami Marlins,San Francisco Giants,2025-05-31T17:00:00+00:00,2025-05-31T20:10:00+00:00,-0.13879837084955815,0.0,162,162,0.3914587948349104,0.5306841046277666,0.4239401496259351,1,0.37032239838377967,0.2202574096490411,0.33184495121298996
777706,2025-05-31,2025,Atlanta Braves,Boston Red Sox,2025-05-31T17:00:00+00:00,2025-05-31T20:10:00+00:00,0.03955426513232929,0.0,162,162,0.5732422709549986,0.5306841046277666,0.6267942583732058,1,0.18212215929964684,0.2202574096490411,0.13928252558320547
777677,2025-06-01,2025,Kansas City Royals,Detroit Tigers,2025-06-01T17:00:00+00:00,2025-06-01T18:10:00+00:00,-0.036728167653125476,0.0,162,162,0.4950457640992954,0.5306841046277666,0.5935960591133005,0,0.24507030855265524,0.2816256189045743,0.35235628139484093
777678,2025-06-01,2025,Texas Rangers,St. Louis Cardinals,2025-06-01T17:00:00+00:00,2025-06-01T17:05:00+00:00,-0.03274029803802153,0.0,162,162,0.4991612890569441,0.5306841046277666,0.597051597051597,1,0.2508394143791019,0.2202574096490411,0.1623674154386685
777679,2025-06-01,2025,Arizona Diamondbacks,Washington Nationals,2025-06-01T17:00:00+00:00,2025-06-01T20:10:00+00:00,0.09663238840166727,0.0,162,162,0.6296515350682713,0.5306841046277666,0.6829268292682927,1,0.13715798547728786,0.2202574096490411,0.10053539559785839
777680,2025-06-01,2025,Seattle Mariners,Minnesota Twins,2025-06-01T17:00:00+00:00,2025-06-01T20:10:00+00:00,0.029825758780098077,0.0,162,162,0.5633897379602715,0.5306841046277666,0.5760598503740648,1,0.1906285209184004,0.2202574096490411,0.17972525046486032
777681,2025-06-01,2025,San Diego Padres,Pittsburgh Pirates,2025-06-01T17:00:00+00:00,2025-06-01T21:10:00+00:00,0.06902168274501902,0.0,162,162,0.6027027832647983,0.5306841046277666,0.582089552238806,1,0.15784507842553783,0.2202574096490411,0.17464914234796167
777682,2025-06-01,2025,Los Angeles Dodgers,New York Yankees,2025-06-01T17:00:00+00:00,2025-06-01T23:10:00+00:00,0.01069991254652225,0.0,162,162,0.5438806369396514,0.5306841046277666,0.6039119804400979,0,0.2958061472378809,0.2816256189045743,0.36470968011908117
777683,2025-06-01,2025,Cleveland Guardians,Los Angeles Angels,2025-06-01T17:00:00+00:00,2025-06-01T17:40:00+00:00,0.05898146569855783,0.0,162,162,0.5927369559033134,0.5306841046277666,0.6574712643678161,1,0.16586318708689968,0.2202574096490411,0.11732593473378253
777684,2025-06-01,2025,Baltimore Orioles,Chicago White Sox,2025-06-01T17:00:00+00:00,2025-06-01T17:35:00+00:00,0.04766862983794329,0.0,162,162,0.5814161971139937,0.5306841046277666,0.565,1,0.17521240003851096,0.2202574096490411,0.18922500000000006
777686,2025-06-01,2025,New York Mets,Colorado Rockies,2025-06-01T17:00:00+00:00,2025-06-01T17:40:00+00:00,0.18226815843183197,0.0,162,162,0.7077009600705569,0.5306841046277666,0.7733812949640287,1,0.08543872874367416,0.2202574096490411,0.051356037472180545
777687,2025-06-01,2025,Chicago Cubs,Cincinnati Reds,2025-06-01T17:00:00+00:00,2025-06-01T18:20:00+00:00,0.08267160895724301,0.0,162,162,0.6161146725747934,0.5306841046277666,0.5911330049261084,1,0.1473679446123581,0.2202574096490411,0.16717221966075368
777688,2025-06-01,2025,Philadelphia Phillies,Milwaukee Brewers,2025-06-01T17:00:00+00:00,2025-06-01T17:35:00+00:00,-0.021370741209807753,0.0,162,162,0.5108935308841649,0.5306841046277666,0.5876543209876544,0,0.26101219989928914,0.2816256189045743,0.3453376009754611
777689,2025-06-01,2025,Miami Marlins,San Francisco Giants,2025-06-01T17:00:00+00:00,2025-06-01T17:40:00+00:00,-0.13873644442876398,0.0,162,162,0.39151969596905656,0.5306841046277666,0.48346055979643765,0,0.15328767233170248,0.2816256189045743,0.23373411287868487
777690,2025-06-01,2025,Houston Astros,Tampa Bay Rays,2025-06-01T17:00:00+00:00,2025-06-01T18:10:00+00:00,0.010685924571558592,0.0,162,162,0.5438663117836317,0.5306841046277666,0.5901234567901236,1,0.20805794152586712,0.2202574096490411,0.1679987806736777
777692,2025-06-01,2025,Atlanta Braves,Boston Red Sox,2025-06-01T17:00:00+00:00,2025-06-01T17:35:00+00:00,0.046247774386769525,0.0,162,162,0.5799880039391759,0.5306841046277666,0.4809160305343511,0,0.3363860847133496,0.2816256189045743,0.23128022842491694
777670,2025-06-02,2025,Boston Red Sox,Los Angeles Angels,2025-06-02T17:00:00+00:00,2025-06-02T23:10:00+00:00,0.0741162604580945,0.0,162,162,0.6077277730716044,0.5306841046277666,0.568922305764411,0,0.3693330461625715,0.2816256189045743,0.323672589996294
777671,2025-06-02,2025,Cincinnati Reds,Milwaukee Brewers,2025-06-02T17:00:00+00:00,2025-06-02T23:10:00+00:00,-0.0322042425757979,0.0,162,162,0.499714525077245,0.5306841046277666,0.5139949109414759,0,0.24971460657317654,0.2816256189045743,0.26419076847373574
777673,2025-06-02,2025,Miami Marlins,Colorado Rockies,2025-06-02T17:00:00+00:00,2025-06-02T22:40:00+00:00,0.030921537890675477,0.0,162,162,0.5645021404166324,0.5306841046277666,0.6350710900473934,0,0.31866266653495934,0.2816256189045743,0.4033152894139844
777674,2025-06-02,2025,Chicago White Sox,Detroit Tigers,2025-06-02T17:00:00+00:00,2025-06-02T23:40:00+00:00,-0.16607789322995825,0.0,162,162,0.3649832672831482,0.5306841046277666,0.32142857142857145,0,0.13321278539668202,0.2816256189045743,0.10331632653061226
777675,2025-06-02,2025,Los Angeles Dodgers,New York Mets,2025-06-02T17:00:00+00:00,2025-06-03T02:10:00+00:00,0.004768362456178732,0.0,162,162,0.5377998919641753,0.5306841046277666,0.5911330049261084,0,0.28922872379667863,0.2816256189045743,0.34943822951297054
777676,2025-06-02,2025,San Francisco Giants,San Diego Padres,2025-06-02T17:00:00+00:00,2025-06-03T01:45:00+00:00,0.037220647905662596,0.0,162,162,0.5708838913321675,0.5306841046277666,0.6244019138755981,0,0.3259084173825581,0.2816256189045743,0.38987775005150976
777655,2025-06-03,2025,Seattle Mariners,Baltimore Orioles,2025-06-03T17:00:00+00:00,2025-06-04T01:40:00+00:00,0.08994993581350652,0.0,162,162,0.6231959372334506,0.5306841046277666,0.568922305764411,0,0.38837317618427886,0.2816256189045743,0.323672589996294
777656,2025-06-03,2025,San Francisco Giants,San Diego Padres,2025-06-03T17:00:00+00:00,2025-06-04T01:45:00+00:00,0.03175357102122278,0.0,162,162,0.5653463628915816,0.5306841046277666,0.5945945945945945,0,0.31961651003473984,0.2816256189045743,0.3535427319211102
777657,2025-06-03,2025,Los Angeles Dodgers,New York Mets,2025-06-03T17:00:00+00:00,2025-06-04T02:10:00+00:00,0.00426253019661893,0.0,162,162,0.5372807899577967,0.5306841046277666,0.5566750629722922,1,0.21410906734208066,0.2202574096490411,0.1965369997906211
777659,2025-06-03,2025,Washington Nationals,Chicago Cubs,2025-06-03T17:00:00+00:00,2025-06-03T22:45:00+00:00,-0.14232576909010852,0.0,162,162,0.38799542955741173,0.5306841046277666,0.40987654320987654,0,0.15054045335744046,0.2816256189045743,0.1679987806736778
777660,2025-06-03,2025,St. Louis Cardinals,Kansas City Royals,2025-06-03T17:00:00+00:00,2025-06-03T23:45:00+00:00,-0.02073901773411513,0.0,162,162,0.5115451736078136,0.5306841046277666,0.5760598503740648,0,0.26167846464144817,0.2816256189045743,0.33184495121298996
777661,2025-06-03,2025,Chicago White Sox,Detroit Tigers,2025-06-03T17:00:00+00:00,2025-06-03T23:40:00+00:00,-0.17729088813369814,0.0,162,162,0.35432324371200724,0.5306841046277666,0.3883495145631068,1,0.4168984736105841,0.2202574096490411,0.37411631633518705
777662,2025-06-03,2025,Tampa Bay Rays,Texas Rangers,2025-06-03T17:00:00+00:00,2025-06-03T23:35:00+00:00,0.050499814925896724,0.0,162,162,0.584257915984315,0.5306841046277666,0.5639097744360902,1,0.1728414804217049,0.2202574096490411,0.19017468483238167
777663,2025-06-03,2025,Pittsburgh Pirates,Houston Astros,2025-06-03T17:00:00+00:00,2025-06-03T22:40:00+00:00,-0.08659082815417385,0.0,162,162,0.44382296382937125,0.5306841046277666,0.5901234567901236,0,0.19697882322228738,0.2816256189045743,0.3482456942539248
777664,2025-06-03,2025,New York Yankees,Cleveland Guardians,2025-06-03T17:00:00+00:00,2025-06-03T23:05:00+00:00,0.09042437423463584,0.0,162,162,0.6236557451379318,0.5306841046277666,0.6488372093023256,1,0.14163499816768538,0.2202574096490411,0.1233153055705787
777665,2025-06-03,2025,Toronto Blue Jays,Philadelphia Phillies,2025-06-03T17:00:00+00:00,2025-06-03T23:07:00+00:00,-0.004381128487632724,0.0,162,162,0.5283988110007781,0.5306841046277666,0.4545454545454545,0,0.27920530346703604,0.2816256189045743,0.2066115702479338
777666,2025-06-03,2025,Miami Marlins,Colorado Rockies,2025-06-03T17:00:00+00:00,2025-06-03T22:40:00+00:00,0.02703327888497231,0.0,162,162,0.560552035227685,0.5306841046277666,0.6168674698795181,0,0.31421858419789983,0.2816256189045743,0.3805254753955582
777667,2025-06-03,2025,Boston Red Sox,Los Angeles Angels,2025-06-03T17:00:00+00:00,2025-06-03T23:10:00+00:00,0.0731631786612395,0.0,162,162,0.6067894083227576,0.5306841046277666,0.5566750629722922,0,0.36819338605268226,0.2816256189045743,0.3098871257352055
777668,2025-06-03,2025,Cincinnati Reds,Milwaukee Brewers,2025-06-03T17:00:00+00:00,2025-06-03T23:10:00+00:00,-0.03611053602837361,0.0,162,162,0.4956831367904419,0.5306841046277666,0.5417721518987342,1,0.25433549851752807,0.2202574096490411,0.20997276077551674
777672,2025-06-03,2025,Atlanta Braves,Arizona Diamondbacks,2025-06-03T17:00:00+00:00,2025-06-03T23:15:00+00:00,0.0012863119136047318,0.0,162,162,0.5342248948859173,0.5306841046277666,0.5796019900497512,0,0.28539623831586935,0.2816256189045743,0.3359384668696319
777638,2025-06-04,2025,Los Angeles Dodgers,New York Mets,2025-06-04T17:00:00+00:00,2025-06-05T02:10:00+00:00,0.004473424793974945,0.0,162,162,0.5374972269456544,0.5306841046277666,0.5796019900497512,0,0.28890326897426827,0.2816256189045743,0.3359384668696319
777639,2025-06-04,2025,Chicago White Sox,Detroit Tigers,2025-06-04T17:00:00+00:00,2025-06-04T23:40:00+00:00,-0.16974846026707469,0.0,162,162,0.3614785201600692,0.5306841046277666,0.3551401869158879,0,0.13066672053711356,0.2816256189045743,0.1261245523626518
777641,2025-06-04,2025,San Francisco Giants,San Diego Padres,2025-06-04T17:00:00+00:00,2025-06-05T01:45:00+00:00,0.027544788539323628,0.0,162,162,0.5610721304278422,0.5306841046277666,0.48600508905852424,1,0.19265767468715317,0.2202574096490411,0.26419076847373557
777645,2025-06-04,2025,Seattle Mariners,Baltimore Orioles,2025-06-04T17:00:00+00:00,2025-06-05T01:40:00+00:00,0.0852743419833627,0.0,162,162,0.618652770245797,0.5306841046277666,0.5025510204081632,0,0.3827312501327989,0.2816256189045743,0.2525575281132861
777646,2025-06-04,2025,Tampa Bay Rays,Texas Rangers,2025-06-04T17:00:00+00:00,2025-06-04T23:35:00+00:00,0.054799426848435584,0.0,162,162,0.5885627731933862,0.5306841046277666,0.5392405063291139,1,0.16928059160231693,0.2202574096490411,0.21229931100785132
777648,2025-06-04,2025,Pittsburgh Pirates,Houston Astros,2025-06-04T17:00:00+00:00,2025-06-04T22:40:00+00:00,-0.09193914875856385,0.0,162,162,0.43837987266809353,0.5306841046277666,0.46700507614213205,1,0.31541716742430687,0.2202574096490411,0.28408358885825447
777649,2025-06-04,2025,Boston Red Sox,Los Angeles Angels,2025-06-04T17:00:00+00:00,2025-06-04T17:35:00+00:00,0.072155383415895,0.0,162,162,0.6057963170203577,0.5306841046277666,0.5505050505050506,1,0.15539654367471428,0.2202574096490411,0.20204570962146712
777650,2025-06-04,2025,Washington Nationals,Chicago Cubs,2025-06-04T17:00:00+00:00,2025-06-04T22:45:00+00:00,-0.14680977023995,0.0,162,162,0.38360914875619023,0.5306841046277666,0.4483627204030227,1,0.3799376814970684,0.2202574096490411,0.30430368824115367
777651,2025-06-04,2025,Toronto Blue Jays,Philadelphia Phillies,2025-06-04T17:00:00+00:00,2025-06-04T23:07:00+00:00,-0.00783159919732268,0.0,162,162,0.5248478594583459,0.5306841046277666,0.49109414758269715,1,0.22576955666131582,0.2202574096490411,0.2589851666245817
777653,2025-06-04,2025,New York Yankees,Cleveland Guardians,2025-06-04T17:00:00+00:00,2025-06-04T23:05:00+00:00,0.08957460683662072,0.0,162,162,0.6228320252026376,0.5306841046277666,0.6318289786223278,0,0.38791973161801896,0.2816256189045743,0.39920785822693394
777654,2025-06-04,2025,Atlanta Braves,Arizona Diamondbacks,2025-06-04T17:00:00+00:00,2025-06-04T23:15:00+00:00,-0.005374618757141958,0.0,162,162,0.5273766680779574,0.5306841046277666,0.608272506082725,0,0.278126150033008,0.2816256189045743,0.3699954416561587
777628,2025-06-05,2025,Seattle Mariners,Baltimore Orioles,2025-06-05T17:00:00+00:00,2025-06-05T19:40:00+00:00,0.07991947816211842,0.0,162,162,0.6134239924374069,0.5306841046277666,0.5796019900497512,0,0.3762889944978478,0.2816256189045743,0.3359384668696319
777629,2025-06-05,2025,Tampa Bay Rays,Texas Rangers,2025-06-05T17:00:00+00:00,2025-06-05T23:35:00+00:00,0.05718606372470553,0.0,162,162,0.5909465288220334,0.5306841046277666,0.5639097744360902,1,0.16732474228274358,0.2202574096490411,0.19017468483238167
777630,2025-06-05,2025,Pittsburgh Pirates,Houston Astros,2025-06-05T17:00:00+00:00,2025-06-05T22:40:00+00:00,-0.09043847445843656,0.0,162,162,0.43990570022105113,0.5306841046277666,0.42750000000000005,0,0.1935170250869733,0.2816256189045743,0.18275625000000004
777631,2025-06-05,2025,Los Angeles Dodgers,New York Mets,2025-06-05T17:00:00+00:00,2025-06-05T20:10:00+00:00,0.006193765499335591,0.0,162,162,0.5392622438885066,0.5306841046277666,0.5392405063291139,1,0.21227927990665393,0.2202574096490411,0.21229931100785132
777632,2025-06-05,2025,Washington Nationals,Chicago Cubs,2025-06-05T17:00:00+00:00,2025-06-05T22:45:00+00:00,-0.1484772940324542,0.0,162,162,0.381982742834815,0.5306841046277666,0.42144638403990026,0,0.1459108158236084,0.2816256189045743,0.1776170546203071
777633,2025-06-05,2025,San Francisco Giants,San Diego Padres,2025-06-05T17:00:00+00:00,2025-06-05T19:45:00+00:00,0.02811255061362483,0.0,162,162,0.5616492651182973,0.5306841046277666,0.5139949109414759,1,0.19215136677132882,0.2202574096490411,0.23620094659078397
777634,2025-06-05,2025,Chicago White Sox,Detroit Tigers,2025-06-05T17:00:00+00:00,2025-06-05T18:10:00+00:00,-0.1689290798879856,0.0,162,162,0.3622596226109707,0.5306841046277666,0.35116279069767437,1,0.40671278895230156,0.2202574096490411,0.42098972417522984
777635,2025-06-05,2025,St. Louis Cardinals,Kansas City Royals,2025-06-05T17:00:00+00:00,2025-06-05T23:45:00+00:00,-0.01743543466715891,0.0,162,162,0.5149522339890488,0.5306841046277666,0.5468354430379747,0,0.26517580329031204,0.2816256189045743,0.2990290017625381
777637,2025-06-05,2025,Toronto Blue Jays,Philadelphia Phillies,2025-06-05T17:00:00+00:00,2025-06-05T19:07:00+00:00,-0.005735279896425971,0.0,162,162,0.5270055480865085,0.5306841046277666,0.4821428571428572,1,0.22372375154094426,0.2202574096490411,0.2681760204081632
777642,2025-06-05,2025,St. Louis Cardinals,Kansas City Royals,2025-06-05T17:00:00+00:00,2025-06-05T17:45:00+00:00,-0.01743543466715891,0.0,162,162,0.5149522339890488,0.5306841046277666,0.5216284987277354,1,0.2352713353122145,0.2202574096490411,0.22883929322948024
777644,2025-06-05,2025,New York Yankees,Cleveland Guardians,2025-06-05T17:00:00+00:00,2025-06-05T23:05:00+00:00,0.08336465988499137,0.0,162,162,0.6167911370148457,0.5306841046277666,0.7178423236514522,1,0.14684903267037477,0.2202574096490411,0.07961295432241186
777614,2025-06-06,2025,Los Angeles Angels,Seattle Mariners,2025-06-06T17:00:00+00:00,2025-06-07T01:38:00+00:00,-0.10504675003020081,1.0,162,162,0.3583503824278222,0.5306841046277666,0.4531645569620253,1,0.41171423173052196,0.2202574096490411,0.2990290017625381
777615,2025-06-06,2025,Minnesota Twins,Toronto Blue Jays,2025-06-06T17:00:00+00:00,2025-06-07T00:10:00+00:00,-0.0071260533502163215,0.0,162,162,0.5255741676304937,0.5306841046277666,0.5617128463476071,0,0.2762282056804863,0.2816256189045743,0.3155213217519305
777616,2025-06-06,2025,Colorado Rockies,New York Mets,2025-06-06T17:00:00+00:00,2025-06-07T00:40:00+00:00,-0.17252771709033765,1.0,162,162,0.29710822693858874,0.5306841046277666,0.29052631578947363,0,0.08827329851459195,0.2816256189045743,0.08440554016620495
777617,2025-06-06,2025,Milwaukee Brewers,San Diego Padres,2025-06-06T17:00:00+00:00,2025-06-07T00:10:00+00:00,0.008647875957156104,1.0,162,162,0.471736068067691,0.5306841046277666,0.568922305764411,0,0.22253491791596516,0.2816256189045743,0.323672589996294
777618,2025-06-06,2025,Chicago White Sox,Kansas City Royals,2025-06-06T17:00:00+00:00,2025-06-06T23:40:00+00:00,-0.12475431425504696,0.0,162,162,0.40535349309058283,0.5306841046277666,0.42999999999999994,1,0.3536044681795715,0.2202574096490411,0.3249000000000001
777619,2025-06-06,2025,San Francisco Giants,Atlanta Braves,2025-06-06T17:00:00+00:00,2025-06-07T02:15:00+00:00,0.026778420445215834,0.0,162,162,0.5602928493423766,0.5306841046277666,0.4520202020202021,1,0.19334237833944595,0.2202574096490411,0.30028185899398013
777620,2025-06-06,2025,St. Louis Cardinals,Los Angeles Dodgers,2025-06-06T17:00:00+00:00,2025-06-07T00:15:00+00:00,-0.07267746591863222,0.0,162,162,0.4580429785501192,0.5306841046277666,0.5406091370558376,1,0.29371741309882654,0.2202574096490411,0.21103996495658223
777621,2025-06-06,2025,Pittsburgh Pirates,Philadelphia Phillies,2025-06-06T17:00:00+00:00,2025-06-06T22:40:00+00:00,-0.06439287557680184,0.0,162,162,0.46654426542966426,0.5306841046277666,0.44584382871536526,1,0.28457502074597646,0.2202574096490411,0.3070890621728455
777622,2025-06-06,2025,Cleveland Guardians,Houston Astros,2025-06-06T17:00:00+00:00,2025-06-06T23:10:00+00:00,-0.051884958481770826,0.0,162,162,0.4794146579036809,0.5306841046277666,0.4582278481012658,0,0.22983841421290335,0.2816256189045743,0.20997276077551674
777624,2025-06-06,2025,Washington Nationals,Texas Rangers,2025-06-06T17:00:00+00:00,2025-06-06T22:45:00+00:00,-0.03063059740866203,0.0,162,162,0.5013386045038222,0.5306841046277666,0.4707379134860051,1,0.24866318735819548,0.2202574096490411,0.2801183562211475
777625,2025-06-06,2025,Tampa Bay Rays,Miami Marlins,2025-06-06T17:00:00+00:00,2025-06-06T17:10:00+00:00,0.10505235039147648,-1.0,162,162,0.6997614025517435,0.5306841046277666,0.5703517587939698,1,0.09014321539769624,0.2202574096490411,0.18459761117143508
777626,2025-06-06,2025,Detroit Tigers,Chicago Cubs,2025-06-06T17:00:00+00:00,2025-06-06T23:10:00+00:00,-0.030467016580469797,0.0,162,162,0.5015074269531348,0.5306841046277666,0.6365795724465559,1,0.24849484538288427,0.2202574096490411,0.13207440716312807
777627,2025-06-06,2025,New York Yankees,Boston Red Sox,2025-06-06T17:00:00+00:00,2025-06-06T23:05:00+00:00,0.07743879241315738,-1.0,162,162,0.6752807348382786,0.5306841046277666,0.6408450704225352,1,0.10544260116716836,0.2202574096490411,0.12899226343979367
777597,2025-06-07,2025,Milwaukee Brewers,San Diego Padres,2025-06-07T17:00:00+00:00,2025-06-07T23:35:00+00:00,0.006225329144125213,0.0,162,162,0.5392946181633679,0.5306841046277666,0.5204081632653061,1,0.21224944885323702,0.2202574096490411,0.23000832986255726
777598,2025-06-07,2025,San Francisco Giants,Atlanta Braves,2025-06-07T17:00:00+00:00,2025-06-07T20:05:00+00:00,0.029093350628431103,0.0,162,162,0.5626458624481543,0.5306841046277666,0.5785536159600998,1,0.19127864163371877,0.2202574096490411,0.17761705462030705
777600,2025-06-07,2025,Minnesota Twins,Toronto Blue Jays,2025-06-07T17:00:00+00:00,2025-06-07T18:10:00+00:00,-0.010297519351532003,0.0,162,162,0.5223085679878189,0.5306841046277666,0.5114503816793893,0,0.27280624019348604,0.2816256189045743,0.261581492919993
777601,2025-06-07,2025,St. Louis Cardinals,Los Angeles Dodgers,2025-06-07T17:00:00+00:00,2025-06-07T18:15:00+00:00,-0.06953298464512114,0.0,162,162,0.46126710374379254,0.5306841046277666,0.3681710213776722,1,0.2902331335086016,0.2202574096490411,0.39920785822693394
777603,2025-06-07,2025,Los Angeles Angels,Seattle Mariners,2025-06-07T17:00:00+00:00,2025-06-08T01:38:00+00:00,-0.10419793527398874,0.0,162,162,0.4259617061709905,0.5306841046277666,0.4029484029484029,1,0.32951996278212026,0.2202574096490411,0.3564706095418626
777604,2025-06-07,2025,Colorado Rockies,New York Mets,2025-06-07T17:00:00+00:00,2025-06-08T01:40:00+00:00,-0.17258301722931646,0.0,162,162,0.35878204660229823,0.5306841046277666,0.29113924050632906,0,0.1287245569641337,0.2816256189045743,0.08476205736260212
777605,2025-06-07,2025,New York Yankees,Boston Red Sox,2025-06-07T17:00:00+00:00,2025-06-07T23:35:00+00:00,0.08415959359169095,0.0,162,162,0.6175664893165561,0.5306841046277666,0.5038363171355499,0,0.381388368726776,0.2816256189045743,0.2538510344647144
777606,2025-06-07,2025,Chicago White Sox,Kansas City Royals,2025-06-07T17:00:00+00:00,2025-06-07T20:10:00+00:00,-0.12267207975605326,0.0,162,162,0.4074271386878596,0.5306841046277666,0.4483627204030227,1,0.35114259596365716,0.2202574096490411,0.30430368824115367
777607,2025-06-07,2025,Pittsburgh Pirates,Philadelphia Phillies,2025-06-07T17:00:00+00:00,2025-06-07T20:05:00+00:00,-0.06124406080266037,0.0,162,162,0.46978081645970693,0.5306841046277666,0.4335839598997493,1,0.281132382594135,0.2202574096490411,0.32082713048284883
777608,2025-06-07,2025,Cleveland Guardians,Houston Astros,2025-06-07T17:00:00+00:00,2025-06-07T20:10:00+00:00,-0.05097771532630757,0.0,162,162,0.4803494633383971,0.5306841046277666,0.4885496183206107,0,0.2307356069294861,0.2816256189045743,0.23868072956121442
777609,2025-06-07,2025,Detroit Tigers,Chicago Cubs,2025-06-07T17:00:00+00:00,2025-06-07T17:10:00+00:00,-0.0314736723852419,0.0,162,162,0.5004685108775182,0.5306841046277666,0.47582697201017815,0,0.25046873037996054,0.2816256189045743,0.22641130729237485
777610,2025-06-07,2025,Washington Nationals,Texas Rangers,2025-06-07T17:00:00+00:00,2025-06-07T20:05:00+00:00,-0.02767612192530572,0.0,162,162,0.5043876655504016,0.5306841046277666,0.37320574162679426,0,0.2544069171593838,0.2816256189045743,0.13928252558320553
777611,2025-06-07,2025,Tampa Bay Rays,Miami Marlins,2025-06-07T17:00:00+00:00,2025-06-07T20:10:00+00:00,0.10545304591602278,0.0,162,162,0.6381019846837346,0.5306841046277666,0.5831265508684863,0,0.40717414285732106,0.2816256189045743,0.34003657432777734
777582,2025-06-08,2025,St. Louis Cardinals,Los Angeles Dodgers,2025-06-08T17:00:00+00:00,2025-06-08T18:15:00+00:00,-0.06802397537418647,0.0,162,162,0.4628155017059101,0.5306841046277666,0.4582278481012658,0,0.2141981886192933,0.2816256189045743,0.20997276077551674
777583,2025-06-08,2025,Colorado Rockies,New York Mets,2025-06-08T17:00:00+00:00,2025-06-08T19:10:00+00:00,-0.17884251734315865,0.0,162,162,0.35285918833381813,0.5306841046277666,0.297644539614561,0,0.12450960679160093,0.2816256189045743,0.08859227196236397
777585,2025-06-08,2025,Minnesota Twins,Toronto Blue Jays,2025-06-08T17:00:00+00:00,2025-06-08T18:10:00+00:00,-0.008522694409300147,0.0,162,162,0.5241363252151029,0.5306841046277666,0.6235011990407675,1,0.22644623697978633,0.2202574096490411,0.14175134712373977
777586,2025-06-08,2025,Milwaukee Brewers,San Diego Padres,2025-06-08T17:00:00+00:00,2025-06-08T17:05:00+00:00,0.004056377054252991,0.0,162,162,0.5370692054515143,0.5306841046277666,0.6125907990314771,0,0.2884433314443208,0.2816256189045743,0.37526748705802354
777587,2025-06-08,2025,San Francisco Giants,Atlanta Braves,2025-06-08T17:00:00+00:00,2025-06-08T20:05:00+00:00,0.031236883004498228,0.0,162,162,0.5648221496460523,0.5306841046277666,0.47959183673469385,1,0.18937976143868293,0.2202574096490411,0.27082465639316955
777589,2025-06-08,2025,Los Angeles Angels,Seattle Mariners,2025-06-08T17:00:00+00:00,2025-06-08T20:07:00+00:00,-0.10224504103541893,0.0,162,162,0.42793416708232274,0.5306841046277666,0.46954314720812185,0,0.18312765135644132,0.2816256189045743,0.220470767090108
777590,2025-06-08,2025,Chicago White Sox,Kansas City Royals,2025-06-08T17:00:00+00:00,2025-06-08T18:10:00+00:00,-0.12046169862391015,0.0,162,162,0.40963201473579286,0.5306841046277666,0.4743589743589744,0,0.16779838749650483,0.2816256189045743,0.2250164365548981
777591,2025-06-08,2025,Cleveland Guardians,Houston Astros,2025-06-08T17:00:00+00:00,2025-06-08T17:40:00+00:00,-0.054136260714186535,0.0,162,162,0.4770955970335894,0.5306841046277666,0.5566750629722922,1,0.2734290146416583,0.2202574096490411,0.1965369997906211
777593,2025-06-08,2025,New York Yankees,Boston Red Sox,2025-06-08T17:00:00+00:00,2025-06-08T23:10:00+00:00,0.0811718813225622,0.0,162,162,0.6146493012157348,0.5306841046277666,0.6651480637813212,0,0.3777937634849911,0.2816256189045743,0.4424219467520405
777594,2025-06-08,2025,Detroit Tigers,Chicago Cubs,2025-06-08T17:00:00+00:00,2025-06-08T17:40:00+00:00,-0.036258453751190745,0.0,162,162,0.495530489887973,0.5306841046277666,0.5241730279898218,1,0.2544894866326685,0.2202574096490411,0.2264113072923749
777595,2025-06-08,2025,Pittsburgh Pirates,Philadelphia Phillies,2025-06-08T17:00:00+00:00,2025-06-08T17:35:00+00:00,-0.06821378491157543,0.0,162,162,0.46262069763394187,0.5306841046277666,0.530456852791878,1,0.28877651461143133,0.2202574096490411,0.2204707670901081
777596,2025-06-08,2025,Washington Nationals,Texas Rangers,2025-06-08T17:00:00+00:00,2025-06-08T17:35:00+00:00,-0.03106795812856128,0.0,162,162,0.5008872280391831,0.5306841046277666,0.4582278481012658,0,0.2508880152127766,0.2816256189045743,0.20997276077551674
777602,2025-06-08,2025,Cincinnati Reds,Arizona Diamondbacks,2025-06-08T17:00:00+00:00,2025-06-08T17:40:00+00:00,-0.041223683963538316,0.0,162,162,0.4904071754409738,0.5306841046277666,0.46954314720812185,1,0.25968484684204646,0.2202574096490411,0.2813844726738643
777574,2025-06-09,2025,Pittsburgh Pirates,Miami Marlins,2025-06-09T17:00:00+00:00,2025-06-09T22:40:00+00:00,0.020521844478211537,0.0,162,162,0.5539200638803847,0.5306841046277666,0.5216284987277354,1,0.19898730940848003,0.2202574096490411,0.22883929322948024
777575,2025-06-09,2025,Milwaukee Brewers,Atlanta Braves,2025-06-09T17:00:00+00:00,2025-06-09T23:40:00+00:00,0.004794801810484306,0.0,162,162,0.5378270226712993,0.5306841046277666,0.4239401496259351,0,0.2892579063154743,0.2816256189045743,0.17972525046486026
777577,2025-06-09,2025,Arizona Diamondbacks,Seattle Mariners,2025-06-09T17:00:00+00:00,2025-06-10T01:40:00+00:00,0.006668702003389315,0.0,162,162,0.539749342741069,0.5306841046277666,0.6116504854368933,1,0.21183066750727797,0.2202574096490411,0.15081534546140066
777578,2025-06-09,2025,Philadelphia Phillies,Chicago Cubs,2025-06-09T17:00:00+00:00,2025-06-09T22:45:00+00:00,-0.07895136642886158,0.0,162,162,0.45162092271283943,0.5306841046277666,0.5355329949238579,1,0.30071961240631767,0.2202574096490411,0.21572959880440104
777579,2025-06-09,2025,San Diego Padres,Los Angeles Dodgers,2025-06-09T17:00:00+00:00,2025-06-10T01:40:00+00:00,-0.03815927134417341,0.0,162,162,0.49356898409498184,0.5306841046277666,0.47328244274809167,0,0.24361034206055243,0.2816256189045743,0.22399627061360067
777580,2025-06-09,2025,Cleveland Guardians,Cincinnati Reds,2025-06-09T17:00:00+00:00,2025-06-09T22:40:00+00:00,-0.008684212060197538,0.0,162,162,0.5239700164710379,0.5306841046277666,0.5945945945945945,0,0.27454457816065975,0.2816256189045743,0.3535427319211102
777581,2025-06-09,2025,St. Louis Cardinals,Toronto Blue Jays,2025-06-09T17:00:00+00:00,2025-06-09T23:45:00+00:00,-0.0003718087707015316,0.0,162,162,0.5325212546136764,0.5306841046277666,0.5204081632653061,0,0.28357888661532393,0.2816256189045743,0.27082465639316955
777584,2025-06-09,2025,Boston Red Sox,Tampa Bay Rays,2025-06-09T17:00:00+00:00,2025-06-09T23:10:00+00:00,-0.03544540531773138,0.0,162,162,0.4963695423898507,0.5306841046277666,0.5165394402035622,0,0.24638272261230978,0.2816256189045743,0.26681299328580943
777557,2025-06-10,2025,Minnesota Twins,Texas Rangers,2025-06-10T17:00:00+00:00,2025-06-10T23:40:00+00:00,0.029065672981227753,0.0,162,162,0.5626177459030981,0.5306841046277666,0.5329949238578681,0,0.31653872800508304,0.2816256189045743,0.2840835888582546
777558,2025-06-10,2025,St. Louis Cardinals,Toronto Blue Jays,2025-06-10T17:00:00+00:00,2025-06-10T23:45:00+00:00,-0.005335664317747346,0.0,162,162,0.5274167503584398,0.5306841046277666,0.5178571428571429,0,0.2781684285586568,0.2816256189045743,0.2681760204081633
777559,2025-06-10,2025,Arizona Diamondbacks,Seattle Mariners,2025-06-10T17:00:00+00:00,2025-06-11T01:40:00+00:00,0.015152327578668245,0.0,162,162,0.5484365633412086,0.5306841046277666,0.5417721518987342,1,0.2039095373270983,0.2202574096490411,0.20997276077551674
777560,2025-06-10,2025,San Diego Padres,Los Angeles Dodgers,2025-06-10T17:00:00+00:00,2025-06-11T01:40:00+00:00,-0.042607233297720315,0.0,162,162,0.4889798891242573,0.5306841046277666,0.5292620865139949,1,0.2611415537194563,0.2202574096490411,0.22159418319315766
777563,2025-06-10,2025,Colorado Rockies,San Francisco Giants,2025-06-10T17:00:00+00:00,2025-06-11T00:40:00+00:00,-0.17553200820458337,0.0,162,162,0.3559861585525766,0.5306841046277666,0.34722222222222227,0,0.1267261450810202,0.2816256189045743,0.12056327160493831
777565,2025-06-10,2025,Boston Red Sox,Tampa Bay Rays,2025-06-10T17:00:00+00:00,2025-06-10T23:10:00+00:00,-0.034858372676070615,0.0,162,162,0.4969753633265112,0.5306841046277666,0.5139949109414759,1,0.25303378510049535,0.2202574096490411,0.23620094659078397
777566,2025-06-10,2025,Pittsburgh Pirates,Miami Marlins,2025-06-10T17:00:00+00:00,2025-06-10T22:40:00+00:00,0.024448663907680357,0.0,162,162,0.5579220269718744,0.5306841046277666,0.5725,0,0.311276988180405,0.2816256189045743,0.32775625
777567,2025-06-10,2025,Houston Astros,Chicago White Sox,2025-06-10T17:00:00+00:00,2025-06-11T00:10:00+00:00,0.13685982478121567,0.0,162,162,0.6674755372484464,0.5306841046277666,0.608272506082725,0,0.44552359282510223,0.2816256189045743,0.3699954416561587
777568,2025-06-10,2025,Milwaukee Brewers,Atlanta Braves,2025-06-10T17:00:00+00:00,2025-06-10T23:40:00+00:00,0.002516421021507065,0.0,162,162,0.5354882601438837,0.5306841046277666,0.46700507614213205,1,0.21577115646415623,0.2202574096490411,0.28408358885825447
777569,2025-06-10,2025,Cleveland Guardians,Cincinnati Reds,2025-06-10T17:00:00+00:00,2025-06-10T22:40:00+00:00,-0.012320322727158717,0.0,162,162,0.5202247107318703,0.5306841046277666,0.5102040816326531,0,0.2706337496560581,0.2816256189045743,0.2603082049146189
777570,2025-06-10,2025,New York Mets,Washington Nationals,2025-06-10T17:00:00+00:00,2025-06-10T23:10:00+00:00,0.13609535847627663,0.0,162,162,0.6667747150528746,0.5306841046277666,0.5806451612903225,1,0.11103909052809295,0.2202574096490411,0.17585848074921961
777571,2025-06-10,2025,Philadelphia Phillies,Chicago Cubs,2025-06-10T17:00:00+00:00,2025-06-10T22:45:00+00:00,-0.07509382815454357,0.0,162,162,0.45556778538573744,0.5306841046277666,0.49744897959183665,0,0.20754200708126533,0.2816256189045743,0.24745548729695951
777572,2025-06-10,2025,Kansas City Royals,New York Yankees,2025-06-10T17:00:00+00:00,2025-06-10T23:40:00+00:00,-0.055871351287261395,0.0,162,162,0.4753089528743556,0.5306841046277666,0.3568075117370892,0,0.22591860068251637,0.2816256189045743,0.12731160043201303
777573,2025-06-10,2025,Baltimore Orioles,Detroit Tigers,2025-06-10T17:00:00+00:00,2025-06-10T22:35:00+00:00,-0.10313237225183236,0.0,162,162,0.42703765752539663,0.5306841046277666,0.5417721518987342,0,0.18236116094477794,0.2816256189045743,0.2935170645729851
777543,2025-06-11,2025,San Diego Padres,Los Angeles Dodgers,2025-06-11T17:00:00+00:00,2025-06-11T20:10:00+00:00,-0.03735783977420437,0.0,162,162,0.4943959826571289,0.5306841046277666,0.42999999999999994,0,0.24442738766750813,0.2816256189045743,0.18489999999999995
777545,2025-06-11,2025,St. Louis Cardinals,Toronto Blue Jays,2025-06-11T17:00:00+00:00,2025-06-11T18:15:00+00:00,-0.011531392822281605,0.0,162,162,0.5210375404802415,0.5306841046277666,0.5628140703517588,0,0.27148011858969934,0.2816256189045743,0.3167596777859145
777547,2025-06-11,2025,Colorado Rockies,San Francisco Giants,2025-06-11T17:00:00+00:00,2025-06-12T00:40:00+00:00,-0.1750471736858445,0.0,162,162,0.35644515382154196,0.5306841046277666,0.35597189695550346,0,0.12705314768286272,0.2816256189045743,0.12671599142209958
777548,2025-06-11,2025,Arizona Diamondbacks,Seattle Mariners,2025-06-11T17:00:00+00:00,2025-06-11T19:40:00+00:00,0.019233563733980885,0.0,162,162,0.5526055803704198,0.5306841046277666,0.5089058524173028,1,0.20016176671568886,0.2202574096490411,0.24117346178997598
777549,2025-06-11,2025,Cleveland Guardians,Cincinnati Reds,2025-06-11T17:00:00+00:00,2025-06-11T17:10:00+00:00,-0.016525968432884564,0.0,162,162,0.5158899567392344,0.5306841046277666,0.46700507614213205,1,0.2343625339859403,0.2202574096490411,0.28408358885825447
777550,2025-06-11,2025,Houston Astros,Chicago White Sox,2025-06-11T17:00:00+00:00,2025-06-12T00:10:00+00:00,0.13181768359342,0.0,162,162,0.6628396151912326,0.5306841046277666,0.6058394160583942,1,0.11367712508439612,0.2202574096490411,0.15536256593318767
777551,2025-06-11,2025,Kansas City Royals,New York Yankees,2025-06-11T17:00:00+00:00,2025-06-11T23:40:00+00:00,-0.05804102898257235,0.0,162,162,0.4730757033926278,0.5306841046277666,0.4593908629441624,0,0.22380062114042953,0.2816256189045743,0.21103996495658223
777553,2025-06-11,2025,Philadelphia Phillies,Chicago Cubs,2025-06-11T17:00:00+00:00,2025-06-11T17:05:00+00:00,-0.08379497257164137,0.0,162,162,0.4466738227296092,0.5306841046277666,0.49489795918367346,1,0.3061698584526639,0.2202574096490411,0.25512807163681794
777554,2025-06-11,2025,Milwaukee Brewers,Atlanta Braves,2025-06-11T17:00:00+00:00,2025-06-11T18:10:00+00:00,0.0028782337894093235,0.0,162,162,0.5358597686345671,0.5306841046277666,0.3883495145631068,0,0.28714569164109177,0.2816256189045743,0.15081534546140068
777555,2025-06-11,2025,New York Mets,Washington Nationals,2025-06-11T17:00:00+00:00,2025-06-11T23:10:00+00:00,0.12816984546142424,0.0,162,162,0.6594659659754154,0.5306841046277666,0.7036247334754797,1,0.11596342832905694,0.2202574096490411,0.08783829860748044
777556,2025-06-11,2025,Minnesota Twins,Texas Rangers,2025-06-11T17:00:00+00:00,2025-06-11T23:40:00+00:00,0.016861699202420144,0.0,162,162,0.5501835627187595,0.5306841046277666,0.5785536159600998,1,0.20233482724838822,0.2202574096490411,0.17761705462030705
777561,2025-06-11,2025,Boston Red Sox,Tampa Bay Rays,2025-06-11T17:00:00+00:00,2025-06-11T23:10:00+00:00,-0.03313909106533741,0.0,162,162,0.498749715984775,0.5306841046277666,0.5204081632653061,1,0.2512518472253437,0.2202574096490411,0.23000832986255726
777562,2025-06-11,2025,Baltimore Orioles,Detroit Tigers,2025-06-11T17:00:00+00:00,2025-06-11T22:35:00+00:00,-0.10408397257141916,0.0,162,162,0.42607674662571166,0.5306841046277666,0.5429292929292929,1,0.32938790076372765,0.2202574096490411,0.20891363126211612
777532,2025-06-12,2025,Milwaukee Brewers,St. Louis Cardinals,2025-06-12T17:00:00+00:00,2025-06-12T23:40:00+00:00,0.030299627967529552,0.0,162,162,0.5638708748530592,0.5306841046277666,0.4335839598997493,1,0.19020861380143594,0.2202574096490411,0.32082713048284883
777533,2025-06-12,2025,Minnesota Twins,Texas Rangers,2025-06-12T17:00:00+00:00,2025-06-12T17:10:00+00:00,0.017822172767639866,0.0,162,162,0.5511646387839733,0.5306841046277666,0.5796019900497512,0,0.3037824590458677,0.2816256189045743,0.3359384668696319
777534,2025-06-12,2025,Colorado Rockies,San Francisco Giants,2025-06-12T17:00:00+00:00,2025-06-12T19:10:00+00:00,-0.17818663447357602,0.0,162,162,0.3534777181051279,0.5306841046277666,0.3480278422273782,1,0.41799106098655253,0.2202574096490411,0.42506769451068854
777536,2025-06-12,2025,Kansas City Royals,New York Yankees,2025-06-12T17:00:00+00:00,2025-06-12T23:40:00+00:00,-0.054896829220390186,0.0,162,162,0.47631235539934047,0.5306841046277666,0.4133663366336633,0,0.22687345990606764,0.2816256189045743,0.17087172826193503
777540,2025-06-12,2025,Baltimore Orioles,Detroit Tigers,2025-06-12T17:00:00+00:00,2025-06-12T22:35:00+00:00,-0.09409763509363145,0.0,162,162,0.4361872564954274,0.5306841046277666,0.351981351981352,0,0.19025932272900775,0.2816256189045743,0.1238908721426204
777541,2025-06-12,2025,Chicago Cubs,Pittsburgh Pirates,2025-06-12T17:00:00+00:00,2025-06-13T00:05:00+00:00,0.14688273274558122,0.0,162,162,0.6765946666911089,0.5306841046277666,0.6408450704225352,1,0.10459100961263494,0.2202574096490411,0.12899226343979367
777544,2025-06-12,2025,New York Mets,Washington Nationals,2025-06-12T17:00:00+00:00,2025-06-12T17:10:00+00:00,0.1329548559631512,0.0,162,162,0.663887949835608,0.5306841046277666,0.6431924882629109,1,0.11297131026571079,0.2202574096490411,0.127311600432013
777546,2025-06-12,2025,Houston Astros,Chicago White Sox,2025-06-12T17:00:00+00:00,2025-06-13T00:10:00+00:00,0.13595183975129183,0.0,162,162,0.6666430623295262,0.5306841046277666,0.6892778993435448,1,0.11112684789303616,0.2202574096490411,0.09654822383636029
777520,2025-06-13,2025,Seattle Mariners,Cleveland Guardians,2025-06-13T17:00:00+00:00,2025-06-14T02:10:00+00:00,0.03153131966189138,0.0,162,162,0.5651208924255992,0.5306841046277666,0.5114503816793893,1,0.1891198382047073,0.2202574096490411,0.23868072956121442
777521,2025-06-13,2025,Arizona Diamondbacks,San Diego Padres,2025-06-13T17:00:00+00:00,2025-06-14T01:40:00+00:00,0.003483820706232099,0.0,162,162,0.5364814945916874,0.5306841046277666,0.5541561712846348,1,0.21484940485595594,0.2202574096490411,0.1987767196035759
777522,2025-06-13,2025,Los Angeles Dodgers,San Francisco Giants,2025-06-13T17:00:00+00:00,2025-06-14T02:10:00+00:00,0.013317255677105955,1.0,162,162,0.476542178712162,0.5306841046277666,0.6276849642004773,0,0.22709244809173412,0.2816256189045743,0.3939884142833544
777524,2025-06-13,2025,Texas Rangers,Chicago White Sox,2025-06-13T17:00:00+00:00,2025-06-14T00:05:00+00:00,0.08402769449817676,0.0,162,162,0.6174378805502028,0.5306841046277666,0.6267942583732058,1,0.14635377523792092,0.2202574096490411,0.13928252558320547
777525,2025-06-13,2025,Milwaukee Brewers,St. Louis Cardinals,2025-06-13T17:00:00+00:00,2025-06-14T00:10:00+00:00,0.03697602286835927,0.0,162,162,0.5706364821172772,0.5306841046277666,0.5831265508684863,1,0.1843530304886272,0.2202574096490411,0.17378347259080473
777526,2025-06-13,2025,Chicago Cubs,Pittsburgh Pirates,2025-06-13T17:00:00+00:00,2025-06-13T18:20:00+00:00,0.14231952906071882,0.0,162,162,0.6724590413891787,0.5306841046277666,0.5114503816793893,0,0.4522011623460531,0.2816256189045743,0.261581492919993
777527,2025-06-13,2025,Houston Astros,Minnesota Twins,2025-06-13T17:00:00+00:00,2025-06-14T00:10:00+00:00,0.04448559010482206,0.0,162,162,0.5782148591384197,0.5306841046277666,0.5025510204081632,1,0.1779027050516231,0.2202574096490411,0.24745548729695963
777528,2025-06-13,2025,New York Mets,Tampa Bay Rays,2025-06-13T17:00:00+00:00,2025-06-13T23:10:00+00:00,0.04586538306013388,-1.0,162,162,0.6460739496578317,0.5306841046277666,0.6244019138755981,0,0.4174115484264705,0.2816256189045743,0.38987775005150976
777530,2025-06-13,2025,Washington Nationals,Miami Marlins,2025-06-13T17:00:00+00:00,2025-06-13T22:45:00+00:00,0.02233983712624593,-1.0,162,162,0.6235650159968275,0.5306841046277666,0.5216284987277354,0,0.3888333291751237,0.2816256189045743,0.27209629068495106
777531,2025-06-13,2025,Philadelphia Phillies,Toronto Blue Jays,2025-06-13T17:00:00+00:00,2025-06-13T22:45:00+00:00,0.0008282891514029833,0.0,162,162,0.5337543763471105,0.5306841046277666,0.5241730279898218,1,0.21738498157547184,0.2202574096490411,0.2264113072923749
777535,2025-06-13,2025,Atlanta Braves,Colorado Rockies,2025-06-13T17:00:00+00:00,2025-06-13T23:15:00+00:00,0.14590695616583066,1.0,162,162,0.6114609253339186,0.5306841046277666,0.734,1,0.15096261254237478,0.2202574096490411,0.07075600000000001
777537,2025-06-13,2025,Boston Red Sox,New York Yankees,2025-06-13T17:00:00+00:00,2025-06-13T23:10:00+00:00,-0.07510142917027746,1.0,162,162,0.38724426314586535,0.5306841046277666,0.568922305764411,1,0.3754695930476535,0.2202574096490411,0.18582797846747193
777538,2025-06-13,2025,Detroit Tigers,Cincinnati Reds,2025-06-13T17:00:00+00:00,2025-06-13T23:10:00+00:00,0.06099228117138189,-1.0,162,162,0.6602195865223708,0.5306841046277666,0.5468354430379747,1,0.11545072938302868,0.2202574096490411,0.20535811568658865
777539,2025-06-13,2025,Baltimore Orioles,Los Angeles Angels,2025-06-13T17:00:00+00:00,2025-06-13T23:08:00+00:00,0.03118749481171995,-1.0,162,162,0.6320991140211155,0.5306841046277666,0.6267942583732058,1,0.13535106190404816,0.2202574096490411,0.13928252558320547
777506,2025-06-14,2025,Los Angeles Dodgers,San Francisco Giants,2025-06-14T17:00:00+00:00,2025-06-15T02:10:00+00:00,0.003902873533705997,0.0,162,162,0.5369116490120259,0.5306841046277666,0.6125907990314771,1,0.21445082082076106,0.2202574096490411,0.1500858889950694
777507,2025-06-14,2025,Seattle Mariners,Cleveland Guardians,2025-06-14T17:00:00+00:00,2025-06-15T01:40:00+00:00,0.03972795950910796,0.0,162,162,0.5734176767119004,0.5306841046277666,0.5555555555555556,1,0.18197247854187276,0.2202574096490411,0.19753086419753085
777508,2025-06-14,2025,Texas Rangers,Chicago White Sox,2025-06-14T17:00:00+00:00,2025-06-14T20:05:00+00:00,0.08324902375494436,0.0,162,162,0.6166782997030185,0.5306841046277666,0.7133891213389122,1,0.14693552591856893,0.2202574096490411,0.0821457957668808
777509,2025-06-14,2025,Philadelphia Phillies,Toronto Blue Jays,2025-06-14T17:00:00+00:00,2025-06-14T20:05:00+00:00,0.006030540990242139,0.0,162,162,0.5390948221030137,0.5306841046277666,0.5925925925925927,1,0.21243358301225254,0.2202574096490411,0.16598079561042517
777510,2025-06-14,2025,Houston Astros,Minnesota Twins,2025-06-14T17:00:00+00:00,2025-06-14T20:10:00+00:00,0.050827613332411314,0.0,162,162,0.5845865762166995,0.5306841046277666,0.5089058524173028,1,0.172568312659364,0.2202574096490411,0.24117346178997598
777512,2025-06-14,2025,Milwaukee Brewers,St. Louis Cardinals,2025-06-14T17:00:00+00:00,2025-06-14T20:10:00+00:00,0.04153815150163703,0.0,162,162,0.5752445972300191,0.5306841046277666,0.5329949238578681,0,0.3309063466423269,0.2816256189045743,0.2840835888582546
777513,2025-06-14,2025,Chicago Cubs,Pittsburgh Pirates,2025-06-14T17:00:00+00:00,2025-06-14T18:20:00+00:00,0.14025308656137386,0.0,162,162,0.6705773307055325,0.5306841046277666,0.6741573033707866,1,0.10851929504509211,0.2202574096490411,0.10617346294659759
777514,2025-06-14,2025,Washington Nationals,Miami Marlins,2025-06-14T17:00:00+00:00,2025-06-14T17:05:00+00:00,0.019907583841400678,0.0,162,162,0.5532934024990447,0.5306841046277666,0.5367088607594936,0,0.3061335892489699,0.2816256189045743,0.28805640121775355
777515,2025-06-14,2025,Arizona Diamondbacks,San Diego Padres,2025-06-14T17:00:00+00:00,2025-06-14T23:15:00+00:00,0.011158871351114263,0.0,162,162,0.5443506185708646,0.5306841046277666,0.6014669926650367,1,0.2076163587967537,0.2202574096490411,0.15882855793544995
777516,2025-06-14,2025,Boston Red Sox,New York Yankees,2025-06-14T17:00:00+00:00,2025-06-14T23:15:00+00:00,-0.06871614273135962,0.0,162,162,0.4621051762928957,0.5306841046277666,0.383132530120482,1,0.2893308413708968,0.2202574096490411,0.3805254753955581
777517,2025-06-14,2025,Detroit Tigers,Cincinnati Reds,2025-06-14T17:00:00+00:00,2025-06-14T17:10:00+00:00,0.06780499859411959,0.0,162,162,0.601499463495281,0.5306841046277666,0.6235011990407675,0,0.36180160458511096,0.2816256189045743,0.3887537452052748
777518,2025-06-14,2025,New York Mets,Tampa Bay Rays,2025-06-14T17:00:00+00:00,2025-06-14T20:10:00+00:00,0.04300269662196965,0.0,162,162,0.576721176187346,0.5306841046277666,0.5541561712846348,0,0.33260731506291574,0.2816256189045743,0.3070890621728455
777519,2025-06-14,2025,Baltimore Orioles,Los Angeles Angels,2025-06-14T17:00:00+00:00,2025-06-14T20:05:00+00:00,0.025477639539394137,0.0,162,162,0.5589694721136779,0.5306841046277666,0.5841584158415841,1,0.19450792652768797,0.2202574096490411,0.1729242231153809
777523,2025-06-14,2025,Atlanta Braves,Colorado Rockies,2025-06-14T17:00:00+00:00,2025-06-14T20:10:00+00:00,0.15272828737503297,0.0,162,162,0.6818523566273635,0.5306841046277666,0.746615087040619,1,0.10121792298356228,0.2202574096490411,0.06420391411543311
777491,2025-06-15,2025,Arizona Diamondbacks,San Diego Padres,2025-06-15T17:00:00+00:00,2025-06-15T20:10:00+00:00,0.015813122000571056,0.0,162,162,0.5491120475445831,0.5306841046277666,0.5516372795969774,0,0.3015240407586045,0.2816256189045743,0.30430368824115384
777492,2025-06-15,2025,Milwaukee Brewers,St. Louis Cardinals,2025-06-15T17:00:00+00:00,2025-06-15T18:10:00+00:00,0.038824733823929036,0.0,162,162,0.5725053509872147,0.5306841046277666,0.5603015075376885,1,0.1827516749345645,0.2202574096490411,0.19333476427362942
777493,2025-06-15,2025,Texas Rangers,Chicago White Sox,2025-06-15T17:00:00+00:00,2025-06-15T18:35:00+00:00,0.08217243521268724,0.0,162,162,0.6156271666686222,0.5306841046277666,0.5831265508684863,1,0.14774247500319115,0.2202574096490411,0.17378347259080473
777494,2025-06-15,2025,Houston Astros,Minnesota Twins,2025-06-15T17:00:00+00:00,2025-06-15T18:10:00+00:00,0.054267018493113606,0.0,162,162,0.5880304358749362,0.5306841046277666,0.5216284987277354,1,0.16971892176539505,0.2202574096490411,0.22883929322948024
777495,2025-06-15,2025,Seattle Mariners,Cleveland Guardians,2025-06-15T17:00:00+00:00,2025-06-15T20:10:00+00:00,0.04381600309969591,0.0,162,162,0.5775405757254966,0.5306841046277666,0.530456852791878,1,0.1784719651583449,0.2202574096490411,0.2204707670901081
777497,2025-06-15,2025,Chicago Cubs,Pittsburgh Pirates,2025-06-15T17:00:00+00:00,2025-06-15T18:20:00+00:00,0.13749190163025693,0.0,162,162,0.6680544327211988,0.5306841046277666,0.5639097744360902,1,0.11018785963604513,0.2202574096490411,0.19017468483238167
777498,2025-06-15,2025,Los Angeles Dodgers,San Francisco Giants,2025-06-15T17:00:00+00:00,2025-06-15T23:10:00+00:00,0.008225959542387584,0.0,162,162,0.5413459416569745,0.5306841046277666,0.6276849642004773,1,0.21036354523452747,0.2202574096490411,0.1386184858823999
777499,2025-06-15,2025,Philadelphia Phillies,Toronto Blue Jays,2025-06-15T17:00:00+00:00,2025-06-15T17:35:00+00:00,0.00555257723932201,0.0,162,162,0.5386045170407487,0.5306841046277666,0.608272506082725,1,0.21288579169520072,0.2202574096490411,0.15345042949070872
777500,2025-06-15,2025,Boston Red Sox,New York Yankees,2025-06-15T17:00:00+00:00,2025-06-15T17:35:00+00:00,-0.07019091491552332,0.0,162,162,0.4605922320684198,0.5306841046277666,0.37980769230769235,1,0.29096074010492945,0.2202574096490411,0.3846384985207101
777501,2025-06-15,2025,Baltimore Orioles,Los Angeles Angels,2025-06-15T17:00:00+00:00,2025-06-15T17:35:00+00:00,0.021963524191225103,0.0,162,162,0.5553901719213982,0.5306841046277666,0.5051020408163266,1,0.19767789922408388,0.2202574096490411,0.24492399000416487
777502,2025-06-15,2025,New York Mets,Tampa Bay Rays,2025-06-15T17:00:00+00:00,2025-06-15T17:40:00+00:00,0.03867763286478343,0.0,162,162,0.5723567210980111,0.5306841046277666,0.5841584158415841,0,0.32759221618606643,0.2816256189045743,0.3412410547985491
777503,2025-06-15,2025,Washington Nationals,Miami Marlins,2025-06-15T17:00:00+00:00,2025-06-15T17:35:00+00:00,0.016475132911147328,0.0,162,162,0.5497885938099474,0.5306841046277666,0.5911330049261084,0,0.3022674978835193,0.2816256189045743,0.34943822951297054
777504,2025-06-15,2025,Atlanta Braves,Colorado Rockies,2025-06-15T17:00:00+00:00,2025-06-15T17:35:00+00:00,0.15500468652499938,0.0,162,162,0.6838874485711298,0.5306841046277666,0.746615087040619,0,0.46770204231312973,0.2816256189045743,0.5574340881966711
777483,2025-06-16,2025,Miami Marlins,Philadelphia Phillies,2025-06-16T17:00:00+00:00,2025-06-16T22:40:00+00:00,-0.09585196610233071,0.0,162,162,0.43440701815845323,0.5306841046277666,0.48600508905852424,0,0.18870945742531872,0.2816256189045743,0.23620094659078408
777484,2025-06-16,2025,Tampa Bay Rays,Baltimore Orioles,2025-06-16T17:00:00+00:00,2025-06-16T23:35:00+00:00,0.0756083581500393,0.0,162,162,0.6091952313067288,0.5306841046277666,0.5,1,0.1527283672334012,0.2202574096490411,0.25
777486,2025-06-16,2025,Seattle Mariners,Boston Red Sox,2025-06-16T17:00:00+00:00,2025-06-17T01:40:00+00:00,0.019793358300026598,0.0,162,162,0.5531768522255668,0.5306841046277666,0.6135265700483092,0,0.30600462983818655,0.2816256189045743,0.3764148521552429
777487,2025-06-16,2025,New York Yankees,Los Angeles Angels,2025-06-16T17:00:00+00:00,2025-06-16T23:05:00+00:00,0.13986401333126192,0.0,162,162,0.6702224242351407,0.5306841046277666,0.6294536817102138,0,0.4491980979476289,0.2816256189045743,0.3962119374185431
777488,2025-06-16,2025,Washington Nationals,Colorado Rockies,2025-06-16T17:00:00+00:00,2025-06-16T22:45:00+00:00,0.05734115585816657,0.0,162,162,0.5911012871551863,0.5306841046277666,0.6116504854368933,0,0.349400731676518,0.2816256189045743,0.37411631633518716
777490,2025-06-16,2025,Los Angeles Dodgers,San Diego Padres,2025-06-16T17:00:00+00:00,2025-06-17T02:10:00+00:00,0.04391644848392007,0.0,162,162,0.5776417441125989,0.5306841046277666,0.5866336633663367,1,0.17838649631624734,0.2202574096490411,0.17087172826193503
777467,2025-06-17,2025,Chicago White Sox,St. Louis Cardinals,2025-06-17T17:00:00+00:00,2025-06-17T23:40:00+00:00,-0.09180687617365613,0.0,162,162,0.4385143159236272,0.5306841046277666,0.42999999999999994,0,0.19229480526996673,0.2816256189045743,0.18489999999999995
777468,2025-06-17,2025,Texas Rangers,Kansas City Royals,2025-06-17T17:00:00+00:00,2025-06-18T00:05:00+00:00,-0.020537247192418784,0.0,162,162,0.5117532981341758,0.5306841046277666,0.5577889447236182,0,0.26189143815120663,0.2816256189045743,0.31112850685588755
777471,2025-06-17,2025,Los Angeles Dodgers,San Diego Padres,2025-06-17T17:00:00+00:00,2025-06-18T02:10:00+00:00,0.05027860776659476,0.0,162,162,0.5840360848667052,0.5306841046277666,0.6605504587155964,1,0.17302597869301886,0.2202574096490411,0.11522599107819205
777472,2025-06-17,2025,San Francisco Giants,Cleveland Guardians,2025-06-17T17:00:00+00:00,2025-06-18T01:45:00+00:00,0.0867882407051998,0.0,162,162,0.6201261080976914,0.5306841046277666,0.5806451612903225,0,0.3845563899443897,0.2816256189045743,0.33714880332986463
777473,2025-06-17,2025,Seattle Mariners,Boston Red Sox,2025-06-17T17:00:00+00:00,2025-06-18T01:40:00+00:00,0.0147489062346845,0.0,162,162,0.5480240858219703,0.5306841046277666,0.6125907990314771,1,0.2042822269970657,0.2202574096490411,0.1500858889950694
777475,2025-06-17,2025,Detroit Tigers,Pittsburgh Pirates,2025-06-17T17:00:00+00:00,2025-06-17T22:40:00+00:00,0.11325688359516678,0.0,162,162,0.645507930270618,0.5306841046277666,0.6448598130841121,1,0.125664627501021,0.2202574096490411,0.1261245523626518
777476,2025-06-17,2025,New York Yankees,Los Angeles Angels,2025-06-17T17:00:00+00:00,2025-06-17T23:05:00+00:00,0.13975515355636153,0.0,162,162,0.6701230892957674,0.5306841046277666,0.6850220264317181,0,0.449064954807303,0.2816256189045743,0.4692551766966174
777477,2025-06-17,2025,Tampa Bay Rays,Baltimore Orioles,2025-06-17T17:00:00+00:00,2025-06-17T23:35:00+00:00,0.08220891776817918,0.0,162,162,0.615662804351323,0.5306841046277666,0.5165394402035622,0,0.37904068866173546,0.2816256189045743,0.26681299328580943
777478,2025-06-17,2025,Cincinnati Reds,Minnesota Twins,2025-06-17T17:00:00+00:00,2025-06-17T23:10:00+00:00,0.007462411299923477,0.0,162,162,0.5405632077287548,0.5306841046277666,0.5165394402035622,1,0.21108216609249134,0.2202574096490411,0.23373411287868498
777479,2025-06-17,2025,Toronto Blue Jays,Arizona Diamondbacks,2025-06-17T17:00:00+00:00,2025-06-17T23:07:00+00:00,-0.028793078366535108,0.0,162,162,0.5032349766125876,0.5306841046277666,0.5241730279898218,1,0.24677548846109634,0.2202574096490411,0.2264113072923749
777480,2025-06-17,2025,Washington Nationals,Colorado Rockies,2025-06-17T17:00:00+00:00,2025-06-17T22:45:00+00:00,0.051864189716122056,0.0,162,162,0.5856253815000466,0.5306841046277666,0.64,0,0.34295708745707515,0.2816256189045743,0.4096
777481,2025-06-17,2025,Miami Marlins,Philadelphia Phillies,2025-06-17T17:00:00+00:00,2025-06-17T22:10:00+00:00,-0.09366087651183558,0.0,162,162,0.4366307226387242,0.5306841046277666,0.37649880095923266,1,0.317384942674566,0.2202574096490411,0.3887537452052745
777482,2025-06-17,2025,Chicago Cubs,Milwaukee Brewers,2025-06-17T17:00:00+00:00,2025-06-18T00:05:00+00:00,0.04706703901667697,0.0,162,162,0.5808116646154993,0.5306841046277666,0.5901234567901236,1,0.17571886052242866,0.2202574096490411,0.1679987806736777
777489,2025-06-17,2025,Atlanta Braves,New York Mets,2025-06-17T17:00:00+00:00,2025-06-17T23:15:00+00:00,-0.032139485132537726,0.0,162,162,0.4997813580684051,0.5306841046277666,0.5541561712846348,1,0.25021868973588907,0.2202574096490411,0.1987767196035759
777453,2025-06-18,2025,Seattle Mariners,Boston Red Sox,2025-06-18T17:00:00+00:00,2025-06-18T20:10:00+00:00,0.02539020415414811,0.0,162,162,0.5588804875825293,0.5306841046277666,0.47715736040609136,0,0.31234739940048567,0.2816256189045743,0.22767914658970856
777454,2025-06-18,2025,San Francisco Giants,Cleveland Guardians,2025-06-18T17:00:00+00:00,2025-06-19T01:45:00+00:00,0.0845472857115292,0.0,162,162,0.6179444147681706,0.5306841046277666,0.5541561712846348,0,0.3818552997431769,0.2816256189045743,0.3070890621728455
777457,2025-06-18,2025,Los Angeles Dodgers,San Diego Padres,2025-06-18T17:00:00+00:00,2025-06-19T02:10:00+00:00,0.053042981350598484,0.0,162,162,0.5868057826108087,0.5306841046277666,0.6448598130841121,1,0.17072946128386626,0.2202574096490411,0.1261245523626518
777460,2025-06-18,2025,Texas Rangers,Kansas City Royals,2025-06-18T17:00:00+00:00,2025-06-19T00:05:00+00:00,-0.022342930665086913,0.0,162,162,0.5098906151864089,0.5306841046277666,0.4582278481012658,0,0.2599884394551745,0.2816256189045743,0.20997276077551674
777461,2025-06-18,2025,Washington Nationals,Colorado Rockies,2025-06-18T17:00:00+00:00,2025-06-18T22:45:00+00:00,0.048774959486299174,0.0,162,162,0.5825272972253454,0.5306841046277666,0.5876543209876544,0,0.33933805201266587,0.2816256189045743,0.3453376009754611
777462,2025-06-18,2025,Toronto Blue Jays,Arizona Diamondbacks,2025-06-18T17:00:00+00:00,2025-06-18T23:07:00+00:00,-0.02637611467490497,0.0,162,162,0.5057292016914857,0.5306841046277666,0.49744897959183665,1,0.244303622060536,0.2202574096490411,0.25255752811328624
777463,2025-06-18,2025,Tampa Bay Rays,Baltimore Orioles,2025-06-18T17:00:00+00:00,2025-06-18T23:35:00+00:00,0.07356296740325513,0.0,162,162,0.6071831201235321,0.5306841046277666,0.5165394402035622,1,0.1543051011158834,0.2202574096490411,0.23373411287868498
777465,2025-06-18,2025,Miami Marlins,Philadelphia Phillies,2025-06-18T17:00:00+00:00,2025-06-18T22:40:00+00:00,-0.09010386416356975,0.0,162,162,0.44024607496828316,0.5306841046277666,0.39268292682926825,0,0.1938166065249792,0.2816256189045743,0.15419988102320045
777466,2025-06-18,2025,New York Yankees,Los Angeles Angels,2025-06-18T17:00:00+00:00,2025-06-18T23:05:00+00:00,0.13686700457051298,0.0,162,162,0.667482115792767,0.5306841046277666,0.6613272311212814,0,0.44553237490318875,0.2816256189045743,0.4373537066225408
777470,2025-06-18,2025,Atlanta Braves,New York Mets,2025-06-18T17:00:00+00:00,2025-06-18T23:15:00+00:00,-0.026986090938847185,0.0,162,162,0.5050997487560205,0.5306841046277666,0.6276849642004773,1,0.24492625868135404,0.2202574096490411,0.1386184858823999
777474,2025-06-18,2025,Cincinnati Reds,Minnesota Twins,2025-06-18T17:00:00+00:00,2025-06-18T23:10:00+00:00,0.006515246159935428,0.0,162,162,0.5395919654015859,0.5306841046277666,0.5468354430379747,1,0.21197555832277443,0.2202574096490411,0.20535811568658865
777440,2025-06-19,2025,San Francisco Giants,Cleveland Guardians,2025-06-19T17:00:00+00:00,2025-06-19T20:05:00+00:00,0.0837262301231339,0.0,162,162,0.6171438747069256,0.5306841046277666,0.6159420289855072,1,0.14657881267442632,0.2202574096490411,0.147500525099769
777442,2025-06-19,2025,Los Angeles Dodgers,San Diego Padres,2025-06-19T17:00:00+00:00,2025-06-20T02:10:00+00:00,0.05293933236763293,0.0,162,162,0.586702031896157,0.5306841046277666,0.6934782608695652,0,0.34421927423107923,0.2816256189045743,0.48091209829867676
777443,2025-06-19,2025,Texas Rangers,Kansas City Royals,2025-06-19T17:00:00+00:00,2025-06-19T18:35:00+00:00,-0.025195070088186333,0.0,162,162,0.506947903887233,0.5306841046277666,0.5367088607594936,0,0.2569961772556592,0.2816256189045743,0.28805640121775355
777444,2025-06-19,2025,Miami Marlins,Philadelphia Phillies,2025-06-19T17:00:00+00:00,2025-06-19T22:40:00+00:00,-0.09705455233122184,0.0,162,162,0.43318764652652614,0.5306841046277666,0.43500000000000005,0,0.18765153710319055,0.2816256189045743,0.18922500000000006
777445,2025-06-19,2025,Washington Nationals,Colorado Rockies,2025-06-19T17:00:00+00:00,2025-06-19T17:05:00+00:00,0.048629638039133005,0.0,162,162,0.5823813966933411,0.5306841046277666,0.5980392156862746,1,0.17440529782780453,0.2202574096490411,0.16157247212610526
777446,2025-06-19,2025,Tampa Bay Rays,Baltimore Orioles,2025-06-19T17:00:00+00:00,2025-06-19T23:35:00+00:00,0.07634019068271747,0.0,162,162,0.609914259285583,0.5306841046277666,0.5541561712846348,0,0.3719954036798813,0.2816256189045743,0.3070890621728455
777447,2025-06-19,2025,Chicago White Sox,St. Louis Cardinals,2025-06-19T17:00:00+00:00,2025-06-19T18:10:00+00:00,-0.09953927223169706,0.0,162,162,0.4306708229108101,0.5306841046277666,0.43969849246231163,0,0.18547735770667437,0.2816256189045743,0.19333476427362953
777448,2025-06-19,2025,Toronto Blue Jays,Arizona Diamondbacks,2025-06-19T17:00:00+00:00,2025-06-19T19:07:00+00:00,-0.02146916658036735,0.0,162,162,0.5107919986149182,0.5306841046277666,0.5876543209876544,0,0.2609084658490226,0.2816256189045743,0.3453376009754611
777449,2025-06-19,2025,New York Yankees,Los Angeles Angels,2025-06-19T17:00:00+00:00,2025-06-19T17:05:00+00:00,0.13913556863625065,0.0,162,162,0.6695574267435257,0.5306841046277666,0.7082452431289641,1,0.10919229422036039,0.2202574096490411,0.08512083815687728
777450,2025-06-19,2025,Chicago Cubs,Milwaukee Brewers,2025-06-19T17:00:00+00:00,2025-06-19T18:20:00+00:00,0.05067811923145715,0.0,162,162,0.5844366983904279,0.5306841046277666,0.5329949238578681,0,0.341566254425504,0.2816256189045743,0.2840835888582546
777451,2025-06-19,2025,Detroit Tigers,Pittsburgh Pirates,2025-06-19T17:00:00+00:00,2025-06-19T17:10:00+00:00,0.11833790087136498,0.0,162,162,0.6502929168031912,0.5306841046277666,0.7519083969465647,1,0.12229504403801973,0.2202574096490411,0.06154944350562328
777455,2025-06-19,2025,Atlanta Braves,New York Mets,2025-06-19T17:00:00+00:00,2025-06-19T23:15:00+00:00,-0.021342597552877707,0.0,162,162,0.5109225627598726,0.5306841046277666,0.5541561712846348,1,0.23919673961737078,0.2202574096490411,0.1987767196035759
777458,2025-06-19,2025,Chicago White Sox,St. Louis Cardinals,2025-06-19T17:00:00+00:00,2025-06-19T18:15:00+00:00,-0.09953927223169706,0.0,162,162,0.4306708229108101,0.5306841046277666,0.3995098039215686,0,0.18547735770667437,0.2816256189045743,0.15960808342945018
777464,2025-06-19,2025,Detroit Tigers,Pittsburgh Pirates,2025-06-19T17:00:00+00:00,2025-06-19T22:10:00+00:00,0.11833790087136498,0.0,162,162,0.6502929168031912,0.5306841046277666,0.4494949494949495,0,0.4228808776444022,0.2816256189045743,0.2020457096214672
777425,2025-06-20,2025,San Francisco Giants,Boston Red Sox,2025-06-20T17:00:00+00:00,2025-06-21T02:15:00+00:00,0.057103675897202666,-1.0,162,162,0.6566092223850023,0.5306841046277666,0.5406091370558376,0,0.4311356709210374,0.2816256189045743,0.2922582390682574
777426,2025-06-20,2025,San Diego Padres,Kansas City Royals,2025-06-20T17:00:00+00:00,2025-06-21T01:40:00+00:00,0.013486970245430774,0.0,162,162,0.5467333978705131,0.5306841046277666,0.5876543209876544,0,0.2989174083470368,0.2816256189045743,0.3453376009754611
777427,2025-06-20,2025,Los Angeles Dodgers,Washington Nationals,2025-06-20T17:00:00+00:00,2025-06-21T02:10:00+00:00,0.1319826282122945,0.0,162,162,0.662991773715348,0.5306841046277666,0.6367924528301887,1,0.1135745445835272,0.2202574096490411,0.1319197223211107
777428,2025-06-20,2025,Los Angeles Angels,Houston Astros,2025-06-20T17:00:00+00:00,2025-06-21T01:38:00+00:00,-0.12210928796542236,0.0,162,162,0.40798817890507627,0.5306841046277666,0.4088669950738916,0,0.1664543541262805,0.2816256189045743,0.1671722196607537
777430,2025-06-20,2025,Colorado Rockies,Arizona Diamondbacks,2025-06-20T17:00:00+00:00,2025-06-21T00:40:00+00:00,-0.14203689596990166,0.0,162,162,0.3882786389649737,0.5306841046277666,0.37740384615384615,0,0.15076030147649241,0.2816256189045743,0.14243366309171596
777431,2025-06-20,2025,Tampa Bay Rays,Detroit Tigers,2025-06-20T17:00:00+00:00,2025-06-20T23:05:00+00:00,-0.025658093948429883,0.0,162,162,0.5064701255492001,0.5306841046277666,0.5127551020408163,1,0.24357173697542228,0.2202574096490411,0.23740759058725533
777432,2025-06-20,2025,Pittsburgh Pirates,Texas Rangers,2025-06-20T17:00:00+00:00,2025-06-20T22:40:00+00:00,-0.040184721230307474,0.0,162,162,0.491479086127812,0.5306841046277666,0.3723150357995227,0,0.24155169210102923,0.2816256189045743,0.13861848588239986
777433,2025-06-20,2025,St. Louis Cardinals,Cincinnati Reds,2025-06-20T17:00:00+00:00,2025-06-20T23:15:00+00:00,0.008441613894618172,0.0,162,162,0.541566977979474,0.5306841046277666,0.57356608478803,1,0.21016083567887212,0.2202574096490411,0.18184588404300966
777434,2025-06-20,2025,Minnesota Twins,Milwaukee Brewers,2025-06-20T17:00:00+00:00,2025-06-21T00:10:00+00:00,-0.047402861945825936,0.0,162,162,0.4840341987647676,0.5306841046277666,0.5901234567901236,0,0.23428910557385055,0.2816256189045743,0.3482456942539248
777435,2025-06-20,2025,Toronto Blue Jays,Chicago White Sox,2025-06-20T17:00:00+00:00,2025-06-20T23:07:00+00:00,0.11062557136737827,0.0,162,162,0.6430183593263584,0.5306841046277666,0.6276849642004773,0,0.4134726104307618,0.2816256189045743,0.3939884142833544
777436,2025-06-20,2025,Chicago Cubs,Seattle Mariners,2025-06-20T17:00:00+00:00,2025-06-20T18:20:00+00:00,0.05803050781462571,-1.0,162,162,0.6574714009245023,0.5306841046277666,0.568922305764411,0,0.4322686430336276,0.2816256189045743,0.323672589996294
777437,2025-06-20,2025,Philadelphia Phillies,New York Mets,2025-06-20T17:00:00+00:00,2025-06-20T23:15:00+00:00,-0.03716314897785167,0.0,162,162,0.4945968892139982,0.5306841046277666,0.6440281030444964,1,0.2554323043921676,0.2202574096490411,0.12671599142209966
777438,2025-06-20,2025,New York Yankees,Baltimore Orioles,2025-06-20T17:00:00+00:00,2025-06-20T23:05:00+00:00,0.10932104921283214,0.0,162,162,0.6417812285999719,0.5306841046277666,0.71900826446281,0,0.41188314538328935,0.2816256189045743,0.5169728843658221
777439,2025-06-20,2025,Miami Marlins,Atlanta Braves,2025-06-20T17:00:00+00:00,2025-06-20T23:10:00+00:00,-0.12069054688827852,0.0,162,162,0.40940356612983314,0.5306841046277666,0.428927680798005,1,0.34880414770015833,0.2202574096490411,0.32612359375874533
777410,2025-06-21,2025,Colorado Rockies,Arizona Diamondbacks,2025-06-21T17:00:00+00:00,2025-06-22T01:10:00+00:00,-0.14553417439872246,0.0,162,162,0.3848550533898945,0.5306841046277666,0.34252873563218394,0,0.14811341211973855,0.2816256189045743,0.11732593473378256
777412,2025-06-21,2025,Minnesota Twins,Milwaukee Brewers,2025-06-21T17:00:00+00:00,2025-06-21T18:10:00+00:00,-0.05242097579219729,0.0,162,162,0.4788624235661056,0.5306841046277666,0.5454545454545454,0,0.22930922070360432,0.2816256189045743,0.29752066115702475
777413,2025-06-21,2025,San Diego Padres,Kansas City Royals,2025-06-21T17:00:00+00:00,2025-06-21T23:15:00+00:00,0.011974331160156781,0.0,162,162,0.5451854679496997,0.5306841046277666,0.5876543209876544,1,0.20685625856413364,0.2202574096490411,0.17002895900015239
777414,2025-06-21,2025,Los Angeles Angels,Houston Astros,2025-06-21T17:00:00+00:00,2025-06-22T01:38:00+00:00,-0.12462392241774933,0.0,162,162,0.40548324884292086,0.5306841046277666,0.530456852791878,1,0.35345016740636837,0.2202574096490411,0.2204707670901081
777415,2025-06-21,2025,St. Louis Cardinals,Cincinnati Reds,2025-06-21T17:00:00+00:00,2025-06-21T18:15:00+00:00,0.020544353068575105,0.0,162,162,0.5539430236335513,0.5306841046277666,0.6327014218009479,1,0.19896682616517858,0.2202574096490411,0.1349082455470452
777416,2025-06-21,2025,Los Angeles Dodgers,Washington Nationals,2025-06-21T17:00:00+00:00,2025-06-22T02:10:00+00:00,0.13343911951416199,0.0,162,162,0.6643338930368764,0.5306841046277666,0.6948051948051949,0,0.4413395214375319,0.2816256189045743,0.4827542587282848
777417,2025-06-21,2025,San Francisco Giants,Boston Red Sox,2025-06-21T17:00:00+00:00,2025-06-21T20:05:00+00:00,0.056599203145696,0.0,162,162,0.5903607684307821,0.5306841046277666,0.5267175572519084,1,0.1678043000406193,0.2202574096490411,0.2239962706136006
777418,2025-06-21,2025,Toronto Blue Jays,Chicago White Sox,2025-06-21T17:00:00+00:00,2025-06-21T19:07:00+00:00,0.10033306987321633,0.0,162,162,0.633206915176851,0.5306841046277666,0.6350710900473934,1,0.13453716707408175,0.2202574096490411,0.13317310931919768
777419,2025-06-21,2025,Chicago Cubs,Seattle Mariners,2025-06-21T17:00:00+00:00,2025-06-21T18:20:00+00:00,0.05126012627572707,0.0,162,162,0.5850201111314391,0.5306841046277666,0.6073170731707317,1,0.17220830816536312,0.2202574096490411,0.15419988102320048
777421,2025-06-21,2025,Pittsburgh Pirates,Texas Rangers,2025-06-21T17:00:00+00:00,2025-06-21T20:05:00+00:00,-0.04666149571565542,0.0,162,162,0.4847985834091872,0.5306841046277666,0.5,0,0.23502966647555462,0.2816256189045743,0.25
777422,2025-06-21,2025,New York Yankees,Baltimore Orioles,2025-06-21T17:00:00+00:00,2025-06-21T17:05:00+00:00,0.10205252511549295,0.0,162,162,0.6348539648668494,0.5306841046277666,0.6048780487804878,1,0.13333162697346004,0.2202574096490411,0.15612135633551458
777423,2025-06-21,2025,Philadelphia Phillies,New York Mets,2025-06-21T17:00:00+00:00,2025-06-21T23:15:00+00:00,-0.02580960055656145,0.0,162,162,0.5063137885015967,0.5306841046277666,0.5076530612244898,0,0.2563536524268396,0.2816256189045743,0.2577116305705956
777424,2025-06-21,2025,Miami Marlins,Atlanta Braves,2025-06-21T17:00:00+00:00,2025-06-21T20:10:00+00:00,-0.1198642348569312,0.0,162,162,0.4102286187343659,0.5306841046277666,0.41234567901234565,0,0.16828751962870572,0.2816256189045743,0.17002895900015239
777395,2025-06-22,2025,San Francisco Giants,Boston Red Sox,2025-06-22T17:00:00+00:00,2025-06-22T20:05:00+00:00,0.056632380831767914,0.0,162,162,0.5903938907743373,0.5306841046277666,0.5945945945945945,1,0.1677771647149855,0.2202574096490411,0.16435354273192118
777396,2025-06-22,2025,San Diego Padres,Kansas City Royals,2025-06-22T17:00:00+00:00,2025-06-22T20:10:00+00:00,0.014736532652028456,0.0,162,162,0.5480114334260178,0.5306841046277666,0.49744897959183665,1,0.20429366431360316,0.2202574096490411,0.25255752811328624
777397,2025-06-22,2025,Los Angeles Angels,Houston Astros,2025-06-22T17:00:00+00:00,2025-06-22T20:07:00+00:00,-0.11579877437554159,0.0,162,162,0.4142951611758514,0.5306841046277666,0.5076530612244898,0,0.1716404805737247,0.2816256189045743,0.2577116305705956
777398,2025-06-22,2025,Los Angeles Dodgers,Washington Nationals,2025-06-22T17:00:00+00:00,2025-06-22T20:10:00+00:00,0.1337754564426185,0.0,162,162,0.664643442895661,0.5306841046277666,0.6885964912280702,1,0.11246402039287577,0.2202574096490411,0.09697214527546935
777399,2025-06-22,2025,Colorado Rockies,Arizona Diamondbacks,2025-06-22T17:00:00+00:00,2025-06-22T19:10:00+00:00,-0.14701676070000208,0.0,162,162,0.38340711982789744,0.5306841046277666,0.3840579710144928,1,0.38018677987892885,0.2202574096490411,0.3793845830707834
777401,2025-06-22,2025,Minnesota Twins,Milwaukee Brewers,2025-06-22T17:00:00+00:00,2025-06-22T18:10:00+00:00,-0.06349809268327172,0.0,162,162,0.46746370545037963,0.5306841046277666,0.5505050505050506,0,0.2185223159133993,0.2816256189045743,0.30305581063156833
777402,2025-06-22,2025,Miami Marlins,Atlanta Braves,2025-06-22T17:00:00+00:00,2025-06-22T17:40:00+00:00,-0.12332529218923727,0.0,162,162,0.40677626187789695,0.5306841046277666,0.41687344913151364,1,0.3519144034715615,0.2202574096490411,0.34003657432777745
777403,2025-06-22,2025,Chicago Cubs,Seattle Mariners,2025-06-22T17:00:00+00:00,2025-06-22T18:20:00+00:00,0.05905705484005053,0.0,162,162,0.5928122819469733,0.5306841046277666,0.46700507614213205,0,0.3514264016271778,0.2816256189045743,0.21809374114251856
777404,2025-06-22,2025,Pittsburgh Pirates,Texas Rangers,2025-06-22T17:00:00+00:00,2025-06-22T17:35:00+00:00,-0.048104984786862204,0.0,162,162,0.4833103447763211,0.5306841046277666,0.5165394402035622,1,0.2669681998151641,0.2202574096490411,0.23373411287868498
777405,2025-06-22,2025,Philadelphia Phillies,New York Mets,2025-06-22T17:00:00+00:00,2025-06-22T23:10:00+00:00,-0.031212726513430433,0.0,162,162,0.5007378200244437,0.5306841046277666,0.5343511450381679,1,0.2492627243539448,0.2202574096490411,0.2168288561272653
777407,2025-06-22,2025,St. Louis Cardinals,Cincinnati Reds,2025-06-22T17:00:00+00:00,2025-06-22T18:15:00+00:00,0.022274341596412228,0.0,162,162,0.5557069921930105,0.5306841046277666,0.49109414758269715,0,0.30881026117220256,0.2816256189045743,0.24117346178997592
777408,2025-06-22,2025,Toronto Blue Jays,Chicago White Sox,2025-06-22T17:00:00+00:00,2025-06-22T17:37:00+00:00,0.10263904252826306,0.0,162,162,0.6354150653588895,0.5306841046277666,0.6391509433962265,0,0.4037523052850418,0.2816256189045743,0.4085139284442863
777381,2025-06-23,2025,Los Angeles Angels,Boston Red Sox,2025-06-23T17:00:00+00:00,2025-06-24T01:38:00+00:00,-0.07020655049622188,0.0,162,162,0.4605761956262093,0.5306841046277666,0.4707379134860051,1,0.2909780407250936,0.2202574096490411,0.2801183562211475
777382,2025-06-23,2025,San Diego Padres,Washington Nationals,2025-06-23T17:00:00+00:00,2025-06-24T01:40:00+00:00,0.08442704425079134,0.0,162,162,0.617827217649923,0.5306841046277666,0.6058394160583942,0,0.3817104708690453,0.2816256189045743,0.36704139804997604
777388,2025-06-23,2025,Minnesota Twins,Seattle Mariners,2025-06-23T17:00:00+00:00,2025-06-23T23:40:00+00:00,-0.040033876126220724,0.0,162,162,0.49163472163226424,0.5306841046277666,0.4531645569620253,0,0.24170469951443393,0.2816256189045743,0.20535811568658865
777389,2025-06-23,2025,New York Mets,Atlanta Braves,2025-06-23T17:00:00+00:00,2025-06-23T23:10:00+00:00,0.014366496826550779,0.0,162,162,0.5476330309954273,0.5306841046277666,0.4371859296482412,0,0.2999019366372386,0.2816256189045743,0.1911315370823969
777390,2025-06-23,2025,Cincinnati Reds,New York Yankees,2025-06-23T17:00:00+00:00,2025-06-23T23:10:00+00:00,-0.0790124032269483,0.0,162,162,0.4515585201129427,0.5306841046277666,0.46446700507614214,1,0.3007880568607056,0.2202574096490411,0.2867955886521168
777391,2025-06-23,2025,Milwaukee Brewers,Pittsburgh Pirates,2025-06-23T17:00:00+00:00,2025-06-23T23:40:00+00:00,0.10648299196183947,0.0,162,162,0.6390832726840201,0.5306841046277666,0.6125907990314771,0,0.4084274294245176,0.2816256189045743,0.37526748705802354
777392,2025-06-23,2025,St. Louis Cardinals,Chicago Cubs,2025-06-23T17:00:00+00:00,2025-06-23T23:45:00+00:00,-0.06771900448756907,0.0,162,162,0.4631285211621751,0.5306841046277666,0.49489795918367346,1,0.288230984789513,0.2202574096490411,0.25512807163681794
777393,2025-06-23,2025,Chicago White Sox,Arizona Diamondbacks,2025-06-23T17:00:00+00:00,2025-06-23T23:40:00+00:00,-0.11597463037800704,0.0,162,162,0.4141190121940172,0.5306841046277666,0.42999999999999994,0,0.17149455626054858,0.2816256189045743,0.18489999999999995
777394,2025-06-23,2025,Baltimore Orioles,Texas Rangers,2025-06-23T17:00:00+00:00,2025-06-23T22:35:00+00:00,-0.02725471947048075,0.0,162,162,0.5048225376127754,0.5306841046277666,0.5367088607594936,1,0.24520071925625123,0.2202574096490411,0.21463867969876624
777364,2025-06-24,2025,San Francisco Giants,Miami Marlins,2025-06-24T17:00:00+00:00,2025-06-25T01:45:00+00:00,0.13459235599963015,0.0,162,162,0.6653946920847632,0.5306841046277666,0.6092233009708737,0,0.44275009625457684,0.2816256189045743,0.3711530304458478
777372,2025-06-24,2025,San Diego Padres,Washington Nationals,2025-06-24T17:00:00+00:00,2025-06-25T01:40:00+00:00,0.07768985004596657,0.0,162,162,0.6112390501833608,0.5306841046277666,0.6048780487804878,1,0.15113507610233548,0.2202574096490411,0.15612135633551458
777373,2025-06-24,2025,St. Louis Cardinals,Chicago Cubs,2025-06-24T17:00:00+00:00,2025-06-24T23:45:00+00:00,-0.06500678731877063,0.0,162,162,0.4659135674541375,0.5306841046277666,0.49489795918367346,1,0.28524831742956613,0.2202574096490411,0.25512807163681794
777374,2025-06-24,2025,Milwaukee Brewers,Pittsburgh Pirates,2025-06-24T17:00:00+00:00,2025-06-24T23:40:00+00:00,0.1010647413376421,0.0,162,162,0.6339081592118598,0.5306841046277666,0.6519721577726217,1,0.13402323589164897,0.2202574096490411,0.1211233789654449
777375,2025-06-24,2025,Minnesota Twins,Seattle Mariners,2025-06-24T17:00:00+00:00,2025-06-24T23:40:00+00:00,-0.045578209311871454,0.0,162,162,0.48591563129624915,0.5306841046277666,0.5051020408163266,0,0.23611400073803235,0.2816256189045743,0.25512807163681805
777376,2025-06-24,2025,Los Angeles Angels,Boston Red Sox,2025-06-24T17:00:00+00:00,2025-06-25T01:38:00+00:00,-0.06600996302701184,0.0,162,162,0.4648831972411106,0.5306841046277666,0.39853300733496333,1,0.28634999259489613,0.2202574096490411,0.36176254326552326
777377,2025-06-24,2025,Houston Astros,Philadelphia Phillies,2025-06-24T17:00:00+00:00,2025-06-25T00:10:00+00:00,0.017144823056143066,0.0,162,162,0.5504728006051488,0.5306841046277666,0.5866336633663367,1,0.20207470299577832,0.2202574096490411,0.17087172826193503
777378,2025-06-24,2025,Kansas City Royals,Tampa Bay Rays,2025-06-24T17:00:00+00:00,2025-06-24T23:40:00+00:00,-0.030712559790579963,0.0,162,162,0.5012540156837941,0.5306841046277666,0.547979797979798,0,0.25125558823912936,0.2816256189045743,0.30028185899398024
777379,2025-06-24,2025,Colorado Rockies,Los Angeles Dodgers,2025-06-24T17:00:00+00:00,2025-06-25T00:40:00+00:00,-0.18131899093377518,0.0,162,162,0.35052820782157257,0.5306841046277666,0.297644539614561,0,0.12287002447860357,0.2816256189045743,0.08859227196236397
777380,2025-06-24,2025,Baltimore Orioles,Texas Rangers,2025-06-24T17:00:00+00:00,2025-06-24T22:35:00+00:00,-0.024454218056693067,0.0,162,162,0.5077123367653488,0.5306841046277666,0.5603015075376885,0,0.2577718169037309,0.2816256189045743,0.3139377793490064
777383,2025-06-24,2025,Chicago White Sox,Arizona Diamondbacks,2025-06-24T17:00:00+00:00,2025-06-24T23:40:00+00:00,-0.12279002936393085,0.0,162,162,0.4073095867111989,0.5306841046277666,0.4607594936708861,0,0.16590109942684764,0.2816256189045743,0.21229931100785132
777384,2025-06-24,2025,Cleveland Guardians,Toronto Blue Jays,2025-06-24T17:00:00+00:00,2025-06-24T22:40:00+00:00,-0.026626762221200917,0.0,162,162,0.5054705530004441,0.5306841046277666,0.46700507614213205,0,0.25550047995057473,0.2816256189045743,0.21809374114251856
777385,2025-06-24,2025,Cincinnati Reds,New York Yankees,2025-06-24T17:00:00+00:00,2025-06-24T23:10:00+00:00,-0.07789316611805103,0.0,162,162,0.45270304222013913,0.5306841046277666,0.40640394088669946,1,0.2995339599950908,0.2202574096490411,0.35235628139484093
777387,2025-06-24,2025,New York Mets,Atlanta Braves,2025-06-24T17:00:00+00:00,2025-06-24T23:10:00+00:00,0.01627787676379,0.0,162,162,0.549587025777114,0.5306841046277666,0.42643391521197016,0,0.3020458989025342,0.2816256189045743,0.18184588404300975
777355,2025-06-25,2025,San Francisco Giants,Miami Marlins,2025-06-25T17:00:00+00:00,2025-06-26T01:45:00+00:00,0.13176127162895745,0.0,162,162,0.662787568395642,0.5306841046277666,0.6711711711711711,0,0.43928736081980785,0.2816256189045743,0.45047074101128143
777357,2025-06-25,2025,St. Louis Cardinals,Chicago Cubs,2025-06-25T17:00:00+00:00,2025-06-25T23:45:00+00:00,-0.06701079346570504,0.0,162,162,0.46385553446641414,0.5306841046277666,0.4193548387096774,0,0.2151619568551227,0.2816256189045743,0.17585848074921953
777358,2025-06-25,2025,Colorado Rockies,Los Angeles Dodgers,2025-06-25T17:00:00+00:00,2025-06-26T00:40:00+00:00,-0.18386640045647368,0.0,162,162,0.3481378813424975,0.5306841046277666,0.2608695652173913,0,0.12119998442564288,0.2816256189045743,0.06805293005671077
777359,2025-06-25,2025,Kansas City Royals,Tampa Bay Rays,2025-06-25T17:00:00+00:00,2025-06-25T23:40:00+00:00,-0.0335522045080896,0.0,162,162,0.49832336536722693,0.5306841046277666,0.457070707070707,0,0.24832617647091876,0.2816256189045743,0.20891363126211607
777360,2025-06-25,2025,San Diego Padres,Washington Nationals,2025-06-25T17:00:00+00:00,2025-06-25T20:10:00+00:00,0.0711343856521589,0.0,162,162,0.604789323989675,0.5306841046277666,0.5806451612903225,1,0.15619147843253808,0.2202574096490411,0.17585848074921961
777361,2025-06-25,2025,Milwaukee Brewers,Pittsburgh Pirates,2025-06-25T17:00:00+00:00,2025-06-25T18:10:00+00:00,0.1058875696102633,0.0,162,162,0.6385161210584713,0.5306841046277666,0.5,1,0.13067059473461376,0.2202574096490411,0.25
777362,2025-06-25,2025,Los Angeles Angels,Boston Red Sox,2025-06-25T17:00:00+00:00,2025-06-25T20:07:00+00:00,-0.06288597919863093,0.0,162,162,0.46809281436663747,0.5306841046277666,0.547979797979798,1,0.28292525412840447,0.2202574096490411,0.20432226303438422
777363,2025-06-25,2025,Minnesota Twins,Seattle Mariners,2025-06-25T17:00:00+00:00,2025-06-25T23:40:00+00:00,-0.05178765868606722,0.0,162,162,0.4795149069073212,0.5306841046277666,0.5443037974683544,1,0.27090473213169447,0.2202574096490411,0.20765902900176253
777365,2025-06-25,2025,Baltimore Orioles,Texas Rangers,2025-06-25T17:00:00+00:00,2025-06-25T22:35:00+00:00,-0.029302402030908947,0.0,162,162,0.5027093470475331,0.5306841046277666,0.42144638403990026,0,0.2527166876089571,0.2816256189045743,0.1776170546203071
777366,2025-06-25,2025,Houston Astros,Philadelphia Phillies,2025-06-25T17:00:00+00:00,2025-06-26T00:10:00+00:00,0.02300776696092155,0.0,162,162,0.5564544023516413,0.5306841046277666,0.40987654320987654,1,0.19673269719323966,0.2202574096490411,0.3482456942539247
777367,2025-06-25,2025,Cincinnati Reds,New York Yankees,2025-06-25T17:00:00+00:00,2025-06-25T23:10:00+00:00,-0.07643703701654492,0.0,162,162,0.4541928142641815,0.5306841046277666,0.34722222222222227,0,0.20629111252921728,0.2816256189045743,0.12056327160493831
777368,2025-06-25,2025,Cleveland Guardians,Toronto Blue Jays,2025-06-25T17:00:00+00:00,2025-06-25T22:40:00+00:00,-0.03331706816193136,0.0,162,162,0.49856603580335546,0.5306841046277666,0.5253807106598984,1,0.25143602044996183,0.2202574096490411,0.22526346981370304
777369,2025-06-25,2025,New York Mets,Atlanta Braves,2025-06-25T17:00:00+00:00,2025-06-25T23:10:00+00:00,0.017847081504713258,0.0,162,162,0.5511900765601903,0.5306841046277666,0.582089552238806,1,0.20143034737804788,0.2202574096490411,0.17464914234796167
777370,2025-06-25,2025,Chicago White Sox,Arizona Diamondbacks,2025-06-25T17:00:00+00:00,2025-06-25T18:10:00+00:00,-0.12471978103177322,0.0,162,162,0.4053878565655607,0.5306841046277666,0.41687344913151364,1,0.35356360111969826,0.2202574096490411,0.34003657432777745
777344,2025-06-26,2025,Colorado Rockies,Los Angeles Dodgers,2025-06-26T17:00:00+00:00,2025-06-26T19:10:00+00:00,-0.18975198216232492,0.0,162,162,0.3426445355239065,0.5306841046277666,0.2821576763485477,0,0.11740527772439363,0.2816256189045743,0.0796129543224118
777347,2025-06-26,2025,San Francisco Giants,Miami Marlins,2025-06-26T17:00:00+00:00,2025-06-26T19:45:00+00:00,0.12818306868218576,0.0,162,162,0.6594782247676809,0.5306841046277666,0.6276849642004773,0,0.4349115289427319,0.2816256189045743,0.3939884142833544
777348,2025-06-26,2025,St. Louis Cardinals,Chicago Cubs,2025-06-26T17:00:00+00:00,2025-06-26T18:15:00+00:00,-0.07367249043327051,0.0,162,162,0.45702347037478197,0.5306841046277666,0.4422110552763819,0,0.2088704524734092,0.2816256189045743,0.19555061740865126
777350,2025-06-26,2025,Houston Astros,Philadelphia Phillies,2025-06-26T17:00:00+00:00,2025-06-26T18:10:00+00:00,0.02431838623608673,0.0,162,162,0.5577893739346479,0.5306841046277666,0.5725,1,0.19555023780511066,0.2202574096490411,0.18275624999999998
777352,2025-06-26,2025,New York Mets,Atlanta Braves,2025-06-26T17:00:00+00:00,2025-06-26T23:10:00+00:00,0.01979385823942048,0.0,162,162,0.5531773623525327,0.5306841046277666,0.5089058524173028,1,0.1996504695142399,0.2202574096490411,0.24117346178997598
777353,2025-06-26,2025,Kansas City Royals,Tampa Bay Rays,2025-06-26T17:00:00+00:00,2025-06-26T18:10:00+00:00,-0.03694502952835482,0.0,162,162,0.4948219744841094,0.5306841046277666,0.46954314720812185,0,0.24484878643235264,0.2816256189045743,0.220470767090108
777354,2025-06-26,2025,Cleveland Guardians,Toronto Blue Jays,2025-06-26T17:00:00+00:00,2025-06-26T17:10:00+00:00,-0.03157907581230651,0.0,162,162,0.5003597292009232,0.5306841046277666,0.5603015075376885,0,0.25035985860602117,0.2816256189045743,0.3139377793490064
777356,2025-06-26,2025,Minnesota Twins,Seattle Mariners,2025-06-26T17:00:00+00:00,2025-06-26T17:10:00+00:00,-0.0522356823694915,0.0,162,162,0.4790533172064326,0.5306841046277666,0.5329949238578681,1,0.2713854463136217,0.2202574096490411,0.21809374114251845
777331,2025-06-27,2025,Los Angeles Angels,Washington Nationals,2025-06-27T17:00:00+00:00,2025-06-28T01:38:00+00:00,-0.00946559748889958,0.0,162,162,0.5231653784238774,0.5306841046277666,0.5980392156862746,0,0.2737020131813989,0.2816256189045743,0.35765090349865447
777332,2025-06-27,2025,Arizona Diamondbacks,Miami Marlins,2025-06-27T17:00:00+00:00,2025-06-28T01:40:00+00:00,0.10577545302070224,1.0,162,162,0.5714540764230004,0.5306841046277666,0.6285714285714284,0,0.3265597614604644,0.2816256189045743,0.3951020408163264
777334,2025-06-27,2025,Detroit Tigers,Minnesota Twins,2025-06-27T17:00:00+00:00,2025-06-27T23:10:00+00:00,0.0888091988228602,0.0,162,162,0.622089470783463,0.5306841046277666,0.530456852791878,0,0.38699530965964907,0.2816256189045743,0.2813844726738642
777335,2025-06-27,2025,Kansas City Royals,Los Angeles Dodgers,2025-06-27T17:00:00+00:00,2025-06-28T00:10:00+00:00,-0.07425693080968743,0.0,162,162,0.456424816441165,0.5306841046277666,0.41791044776119407,0,0.20832361306335118,0.2816256189045743,0.17464914234796172
777336,2025-06-27,2025,Houston Astros,Chicago Cubs,2025-06-27T17:00:00+00:00,2025-06-28T00:10:00+00:00,-0.02787595740634352,0.0,162,162,0.5041814402148495,0.5306841046277666,0.5114503816793893,1,0.24583604422742092,0.2202574096490411,0.23868072956121442
777338,2025-06-27,2025,Chicago White Sox,San Francisco Giants,2025-06-27T17:00:00+00:00,2025-06-27T23:40:00+00:00,-0.1378197147791525,1.0,162,162,0.32787218050844924,0.5306841046277666,0.4193548387096774,0,0.10750016675136512,0.2816256189045743,0.17585848074921953
777339,2025-06-27,2025,Milwaukee Brewers,Colorado Rockies,2025-06-27T17:00:00+00:00,2025-06-28T00:10:00+00:00,0.15151680902171388,1.0,162,162,0.6169484594910081,0.5306841046277666,0.6659090909090909,1,0.1467284826863119,0.2202574096490411,0.11161673553719009
777340,2025-06-27,2025,Texas Rangers,Seattle Mariners,2025-06-27T17:00:00+00:00,2025-06-28T00:05:00+00:00,-0.03574690123715962,1.0,162,162,0.426426237811079,0.5306841046277666,0.48600508905852424,0,0.18183933629371093,0.2816256189045743,0.23620094659078408
777341,2025-06-27,2025,Pittsburgh Pirates,New York Mets,2025-06-27T17:00:00+00:00,2025-06-27T22:40:00+00:00,-0.12940902033138707,1.0,162,162,0.3355689600235247,0.5306841046277666,0.43609022556390975,1,0.4414686068842204,0.2202574096490411,0.3179942337045622
777342,2025-06-27,2025,Atlanta Braves,Philadelphia Phillies,2025-06-27T17:00:00+00:00,2025-06-27T23:15:00+00:00,0.013523204909298814,0.0,162,162,0.5467704669525884,0.5306841046277666,0.6168674698795181,0,0.29895794353155153,0.2816256189045743,0.3805254753955582
777343,2025-06-27,2025,Baltimore Orioles,Tampa Bay Rays,2025-06-27T17:00:00+00:00,2025-06-27T23:05:00+00:00,-0.08559206998820806,1.0,162,162,0.3770195157011597,0.5306841046277666,0.4520202020202021,1,0.3881046838172175,0.2202574096490411,0.30028185899398013
777345,2025-06-27,2025,Boston Red Sox,Toronto Blue Jays,2025-06-27T17:00:00+00:00,2025-06-27T23:10:00+00:00,-0.02379237004544482,1.0,162,162,0.43853830743947936,0.5306841046277666,0.5204081632653061,0,0.19231584709188332,0.2816256189045743,0.27082465639316955
777346,2025-06-27,2025,Cincinnati Reds,San Diego Padres,2025-06-27T17:00:00+00:00,2025-06-27T23:10:00+00:00,-0.015918949921930492,0.0,162,162,0.5165157730646448,0.5306841046277666,0.4582278481012658,1,0.23375699769527805,0.2202574096490411,0.2935170645729851
777349,2025-06-27,2025,Cleveland Guardians,St. Louis Cardinals,2025-06-27T17:00:00+00:00,2025-06-27T23:10:00+00:00,-0.02795460298651742,0.0,162,162,0.5041002795029519,0.5306841046277666,0.4619289340101523,0,0.25411709179495423,0.2816256189045743,0.21337834007575562
777315,2025-06-28,2025,Los Angeles Angels,Washington Nationals,2025-06-28T17:00:00+00:00,2025-06-29T01:38:00+00:00,-0.014862489460407469,0.0,162,162,0.5176048247328504,0.5306841046277666,0.5204081632653061,1,0.23270510512102396,0.2202574096490411,0.23000832986255726
777318,2025-06-28,2025,Arizona Diamondbacks,Miami Marlins,2025-06-28T17:00:00+00:00,2025-06-28T20:10:00+00:00,0.10586006961786643,0.0,162,162,0.6384899174253265,0.5306841046277666,0.5935960591133005,0,0.4076693746538002,0.2816256189045743,0.35235628139484093
777319,2025-06-28,2025,Kansas City Royals,Los Angeles Dodgers,2025-06-28T17:00:00+00:00,2025-06-28T20:10:00+00:00,-0.07140043906779181,0.0,162,162,0.45935194187934336,0.5306841046277666,0.40987654320987654,1,0.2923003227496369,0.2202574096490411,0.3482456942539247
777320,2025-06-28,2025,Houston Astros,Chicago Cubs,2025-06-28T17:00:00+00:00,2025-06-28T23:15:00+00:00,-0.02859055709810654,0.0,162,162,0.5034439796390174,0.5306841046277666,0.5253807106598984,0,0.2534558406347714,0.2816256189045743,0.27602489113349993
777321,2025-06-28,2025,Milwaukee Brewers,Colorado Rockies,2025-06-28T17:00:00+00:00,2025-06-28T20:10:00+00:00,0.15342817649927804,0.0,162,162,0.6824787990756837,0.5306841046277666,0.6976241900647947,1,0.10081971303642007,0.2202574096490411,0.0914311304339714
777322,2025-06-28,2025,Texas Rangers,Seattle Mariners,2025-06-28T17:00:00+00:00,2025-06-28T20:05:00+00:00,-0.03082876666120754,0.0,162,162,0.50113408490793,0.5306841046277666,0.4707379134860051,1,0.2488672012406484,0.2202574096490411,0.2801183562211475
777323,2025-06-28,2025,Boston Red Sox,Toronto Blue Jays,2025-06-28T17:00:00+00:00,2025-06-28T20:10:00+00:00,-0.032697044445300305,0.0,162,162,0.499205928867671,0.5306841046277666,0.4783715012722647,1,0.2507947016812922,0.2202574096490411,0.27209629068495095
777324,2025-06-28,2025,Detroit Tigers,Minnesota Twins,2025-06-28T17:00:00+00:00,2025-06-28T17:10:00+00:00,0.08938989663103475,0.0,162,162,0.6226528827144557,0.5306841046277666,0.5841584158415841,1,0.1423908469237103,0.2202574096490411,0.1729242231153809
777325,2025-06-28,2025,Pittsburgh Pirates,New York Mets,2025-06-28T17:00:00+00:00,2025-06-28T20:05:00+00:00,-0.11713612743998397,0.0,162,162,0.41295613363221917,0.5306841046277666,0.43500000000000005,1,0.34462050104003294,0.2202574096490411,0.3192249999999999
777327,2025-06-28,2025,Chicago White Sox,San Francisco Giants,2025-06-28T17:00:00+00:00,2025-06-28T20:10:00+00:00,-0.1357657675842393,0.0,162,162,0.3944451249447171,0.5306841046277666,0.39853300733496333,1,0.3666967067032192,0.2202574096490411,0.36176254326552326
777328,2025-06-28,2025,Cincinnati Reds,San Diego Padres,2025-06-28T17:00:00+00:00,2025-06-28T20:10:00+00:00,-0.01087651648000354,0.0,162,162,0.5217121712345575,0.5306841046277666,0.5760598503740648,0,0.27218358961427624,0.2816256189045743,0.33184495121298996
777329,2025-06-28,2025,Cleveland Guardians,St. Louis Cardinals,2025-06-28T17:00:00+00:00,2025-06-28T20:10:00+00:00,-0.0325917932366358,0.0,162,162,0.49931455328390495,0.5306841046277666,0.5216284987277354,0,0.24931502312110557,0.2816256189045743,0.27209629068495106
777330,2025-06-28,2025,Baltimore Orioles,Tampa Bay Rays,2025-06-28T17:00:00+00:00,2025-06-28T20:05:00+00:00,-0.06640972438855475,0.0,162,162,0.46447268199233155,0.5306841046277666,0.5076530612244898,0,0.21573487231714955,0.2816256189045743,0.2577116305705956
777333,2025-06-28,2025,Atlanta Braves,Philadelphia Phillies,2025-06-28T17:00:00+00:00,2025-06-28T23:15:00+00:00,0.002948582091570451,0.0,162,162,0.5359319974959199,0.5306841046277666,0.5841584158415841,1,0.21535911094812688,0.2202574096490411,0.1729242231153809
777301,2025-06-29,2025,Milwaukee Brewers,Colorado Rockies,2025-06-29T17:00:00+00:00,2025-06-29T18:10:00+00:00,0.1564489564475975,0.0,162,162,0.685174983058965,0.5306841046277666,0.6892778993435448,0,0.46946475740985294,0.2816256189045743,0.47510402252344985
777302,2025-06-29,2025,Texas Rangers,Seattle Mariners,2025-06-29T17:00:00+00:00,2025-06-29T18:35:00+00:00,-0.03003475179925813,0.0,162,162,0.501953541040839,0.5306841046277666,0.4707379134860051,0,0.2519573573634372,0.2816256189045743,0.2215941831931576
777303,2025-06-29,2025,Arizona Diamondbacks,Miami Marlins,2025-06-29T17:00:00+00:00,2025-06-29T20:10:00+00:00,0.10279207617943609,0.0,162,162,0.6355614067932334,0.5306841046277666,0.6350710900473934,0,0.40393830180499385,0.2816256189045743,0.4033152894139844
777304,2025-06-29,2025,Kansas City Royals,Los Angeles Dodgers,2025-06-29T17:00:00+00:00,2025-06-29T18:10:00+00:00,-0.06858284843653373,0.0,162,162,0.4622419555095775,0.5306841046277666,0.4531645569620253,0,0.2136676254333182,0.2816256189045743,0.20535811568658865
777305,2025-06-29,2025,Los Angeles Angels,Washington Nationals,2025-06-29T17:00:00+00:00,2025-06-29T20:07:00+00:00,-0.009196453330162113,0.0,162,162,0.5234425456146495,0.5306841046277666,0.5591939546599496,0,0.2739920985595445,0.2816256189045743,0.31269787892823375
777308,2025-06-29,2025,Houston Astros,Chicago Cubs,2025-06-29T17:00:00+00:00,2025-06-29T18:10:00+00:00,-0.035401373851088325,0.0,162,162,0.49641498275954554,0.5306841046277666,0.5505050505050506,1,0.2535978695890688,0.2202574096490411,0.20204570962146712
777310,2025-06-29,2025,Boston Red Sox,Toronto Blue Jays,2025-06-29T17:00:00+00:00,2025-06-29T17:35:00+00:00,-0.017291776422830973,0.0,162,162,0.5151003627715786,0.5306841046277666,0.49744897959183665,0,0.26532838372741185,0.2816256189045743,0.24745548729695951
777311,2025-06-29,2025,Chicago White Sox,San Francisco Giants,2025-06-29T17:00:00+00:00,2025-06-29T18:10:00+00:00,-0.13191170496128612,0.0,162,162,0.39825175760754433,0.5306841046277666,0.41234567901234565,1,0.36210094722240954,0.2202574096490411,0.3453376009754611
777312,2025-06-29,2025,Cincinnati Reds,San Diego Padres,2025-06-29T17:00:00+00:00,2025-06-29T17:40:00+00:00,-0.014906113894369022,0.0,162,162,0.5175598577488908,0.5306841046277666,0.5516372795969774,1,0.2327484908552705,0.2202574096490411,0.20102912904719902
777313,2025-06-29,2025,Pittsburgh Pirates,New York Mets,2025-06-29T17:00:00+00:00,2025-06-29T17:35:00+00:00,-0.10825068785266367,0.0,162,162,0.4218759252733804,0.5306841046277666,0.43969849246231163,1,0.3342274457785101,0.2202574096490411,0.31393777934900624
777314,2025-06-29,2025,Detroit Tigers,Minnesota Twins,2025-06-29T17:00:00+00:00,2025-06-29T23:10:00+00:00,0.0956465721701577,0.0,162,162,0.6287020312888898,0.5306841046277666,0.7345309381237526,1,0.13786218156899657,0.2202574096490411,0.07047382281345488
777316,2025-06-29,2025,Atlanta Braves,Philadelphia Phillies,2025-06-29T17:00:00+00:00,2025-06-29T17:35:00+00:00,0.008736891229872867,0.0,162,162,0.5418695978427105,0.5306841046277666,0.5935960591133005,0,0.2936226610662208,0.2816256189045743,0.35235628139484093
777317,2025-06-29,2025,Baltimore Orioles,Tampa Bay Rays,2025-06-29T17:00:00+00:00,2025-06-29T17:35:00+00:00,-0.07365091979401422,0.0,162,162,0.45704556799708046,0.5306841046277666,0.5190839694656489,1,0.294799515231613,0.2202574096490411,0.23128022842491688
777291,2025-06-30,2025,Arizona Diamondbacks,San Francisco Giants,2025-06-30T17:00:00+00:00,2025-07-01T01:40:00+00:00,-0.02092859470002273,0.0,162,162,0.5113496229981689,0.5306841046277666,0.4520202020202021,1,0.2387791909440317,0.2202574096490411,0.30028185899398013
777292,2025-06-30,2025,Texas Rangers,Baltimore Orioles,2025-06-30T17:00:00+00:00,2025-07-01T00:05:00+00:00,0.03079978841269393,0.0,162,162,0.5643785758064072,0.5306841046277666,0.4885496183206107,0,0.31852317682926845,0.2816256189045743,0.23868072956121442
777295,2025-06-30,2025,Toronto Blue Jays,New York Yankees,2025-06-30T17:00:00+00:00,2025-06-30T23:07:00+00:00,-0.05683226142815201,0.0,162,162,0.4743197607997139,0.5306841046277666,0.42750000000000005,1,0.2763397138856701,0.2202574096490411,0.32775625
777297,2025-06-30,2025,Seattle Mariners,Kansas City Royals,2025-06-30T17:00:00+00:00,2025-07-01T01:40:00+00:00,0.02450877033038945,0.0,162,162,0.5579832265359715,0.5306841046277666,0.5876543209876544,1,0.19537882802355025,0.2202574096490411,0.17002895900015239
777299,2025-06-30,2025,Pittsburgh Pirates,St. Louis Cardinals,2025-06-30T17:00:00+00:00,2025-06-30T22:40:00+00:00,-0.06566568704238629,0.0,162,162,0.4652367726698628,0.5306841046277666,0.5089058524173028,1,0.2859717093045441,0.2202574096490411,0.24117346178997598
777300,2025-06-30,2025,Boston Red Sox,Cincinnati Reds,2025-06-30T17:00:00+00:00,2025-06-30T23:10:00+00:00,0.001894805581677761,0.0,162,162,0.5348498951508281,0.5306841046277666,0.6004901960784313,1,0.21636462004119555,0.2202574096490411,0.15960808342945024
777306,2025-06-30,2025,Philadelphia Phillies,San Diego Padres,2025-06-30T17:00:00+00:00,2025-06-30T22:35:00+00:00,0.016735768922534255,0.0,162,162,0.5500549020722779,0.5306841046277666,0.6674208144796381,1,0.20245059114918743,0.2202574096490411,0.11060891464138731
777278,2025-07-01,2025,Arizona Diamondbacks,San Francisco Giants,2025-07-01T17:00:00+00:00,2025-07-02T01:40:00+00:00,-0.017235216657729646,0.0,162,162,0.5151586819082469,0.5306841046277666,0.5516372795969774,1,0.23507110372894854,0.2202574096490411,0.20102912904719902
777280,2025-07-01,2025,Los Angeles Dodgers,Chicago White Sox,2025-07-01T17:00:00+00:00,2025-07-02T02:10:00+00:00,0.15397191495304396,0.0,162,162,0.682965021757086,0.5306841046277666,0.7471042471042472,1,0.10051117742948498,0.2202574096490411,0.06395626183270968
777281,2025-07-01,2025,Seattle Mariners,Kansas City Royals,2025-07-01T17:00:00+00:00,2025-07-02T01:40:00+00:00,0.0348061785229275,0.0,162,162,0.5684404103179043,0.5306841046277666,0.568922305764411,0,0.32312450008238736,0.2816256189045743,0.323672589996294
777282,2025-07-01,2025,Texas Rangers,Baltimore Orioles,2025-07-01T17:00:00+00:00,2025-07-02T00:05:00+00:00,0.02985453177428843,0.0,162,162,0.5634189556562739,0.5306841046277666,0.6258992805755395,1,0.19060300828025856,0.2202574096490411,0.13995134827389896
777283,2025-07-01,2025,Toronto Blue Jays,New York Yankees,2025-07-01T17:00:00+00:00,2025-07-01T19:07:00+00:00,-0.05743694370379848,0.0,162,162,0.47369738406246664,0.5306841046277666,0.41234567901234565,1,0.27699444354269076,0.2202574096490411,0.3453376009754611
777285,2025-07-01,2025,Colorado Rockies,Houston Astros,2025-07-01T17:00:00+00:00,2025-07-02T00:40:00+00:00,-0.16051925465882683,0.0,162,162,0.3703180458309983,0.5306841046277666,0.4239401496259351,0,0.13713545506808936,0.2816256189045743,0.17972525046486026
777287,2025-07-01,2025,Chicago Cubs,Cleveland Guardians,2025-07-01T17:00:00+00:00,2025-07-02T00:05:00+00:00,0.11263226360281792,0.0,162,162,0.6449176639122219,0.5306841046277666,0.6225961538461539,1,0.12608346540155377,0.2202574096490411,0.14243366309171596
777288,2025-07-01,2025,Pittsburgh Pirates,St. Louis Cardinals,2025-07-01T17:00:00+00:00,2025-07-01T22:40:00+00:00,-0.05707195997931813,0.0,162,162,0.4740730384370768,0.5306841046277666,0.6004901960784313,1,0.2765991688988085,0.2202574096490411,0.15960808342945024
777293,2025-07-01,2025,Miami Marlins,Minnesota Twins,2025-07-01T17:00:00+00:00,2025-07-01T22:40:00+00:00,-0.044447513564775165,0.0,162,162,0.487081716000716,0.5306841046277666,0.41234567901234565,1,0.26308516606077026,0.2202574096490411,0.3453376009754611
777298,2025-07-01,2025,Atlanta Braves,Los Angeles Angels,2025-07-01T17:00:00+00:00,2025-07-01T23:15:00+00:00,0.10346121847687934,0.0,162,162,0.6362009925655825,0.5306841046277666,0.64,0,0.40475170294143237,0.2816256189045743,0.4096
777262,2025-07-02,2025,Seattle Mariners,Kansas City Royals,2025-07-02T17:00:00+00:00,2025-07-03T01:40:00+00:00,0.03716246233123233,0.0,162,162,0.5708250467297884,0.5306841046277666,0.6235011990407675,1,0.18419114051448832,0.2202574096490411,0.14175134712373977
777265,2025-07-02,2025,Washington Nationals,Detroit Tigers,2025-07-02T17:00:00+00:00,2025-07-02T22:45:00+00:00,-0.1257430938861392,0.0,162,162,0.4043699684235322,0.5306841046277666,0.41687344913151364,1,0.35477513451578396,0.2202574096490411,0.34003657432777745
777266,2025-07-02,2025,Chicago Cubs,Cleveland Guardians,2025-07-02T17:00:00+00:00,2025-07-03T00:05:00+00:00,0.11726782290891008,0.0,162,162,0.6492876579525624,0.5306841046277666,0.5945945945945945,1,0.12299914686439888,0.2202574096490411,0.16435354273192118
777267,2025-07-02,2025,Los Angeles Dodgers,Chicago White Sox,2025-07-02T17:00:00+00:00,2025-07-03T02:10:00+00:00,0.1552649713019003,0.0,162,162,0.684119695833924,0.5306841046277666,0.7345309381237526,1,0.09978036656005272,0.2202574096490411,0.07047382281345488
777268,2025-07-02,2025,Texas Rangers,Baltimore Orioles,2025-07-02T17:00:00+00:00,2025-07-03T00:05:00+00:00,0.03938448678815892,0.0,162,162,0.57307080200788,0.5306841046277666,0.5639097744360902,1,0.18226854009819482,0.2202574096490411,0.19017468483238167
777269,2025-07-02,2025,Colorado Rockies,Houston Astros,2025-07-02T17:00:00+00:00,2025-07-03T00:40:00+00:00,-0.16130199593564248,0.0,162,162,0.36956487526557924,0.5306841046277666,0.3114035087719298,0,0.13657819703006313,0.2816256189045743,0.09697214527546935
777270,2025-07-02,2025,Arizona Diamondbacks,San Francisco Giants,2025-07-02T17:00:00+00:00,2025-07-03T01:40:00+00:00,-0.009776403030316239,0.0,162,162,0.5228452902075461,0.5306841046277666,0.5603015075376885,0,0.2733671974922131,0.2816256189045743,0.3139377793490064
777273,2025-07-02,2025,Philadelphia Phillies,San Diego Padres,2025-07-02T17:00:00+00:00,2025-07-02T17:05:00+00:00,0.025190352494461554,0.0,162,162,0.5586770808349482,0.5306841046277666,0.48346055979643765,0,0.3121200806502592,0.2816256189045743,0.23373411287868487
777274,2025-07-02,2025,Toronto Blue Jays,New York Yankees,2025-07-02T17:00:00+00:00,2025-07-02T23:07:00+00:00,-0.0493790976753552,0.0,162,162,0.48199697822968235,0.5306841046277666,0.45569620253164556,1,0.2683271305631802,0.2202574096490411,0.2962666239384714
777275,2025-07-02,2025,Miami Marlins,Minnesota Twins,2025-07-02T17:00:00+00:00,2025-07-02T22:40:00+00:00,-0.047153501048804114,0.0,162,162,0.4842912938193399,0.5306841046277666,0.47582697201017815,0,0.2345380572692102,0.2816256189045743,0.22641130729237485
777276,2025-07-02,2025,New York Mets,Milwaukee Brewers,2025-07-02T17:00:00+00:00,2025-07-02T23:10:00+00:00,0.008657618707922698,0.0,162,162,0.541788357110795,0.5306841046277666,0.5343511450381679,1,0.20995790967922434,0.2202574096490411,0.2168288561272653
777279,2025-07-02,2025,Atlanta Braves,Los Angeles Angels,2025-07-02T17:00:00+00:00,2025-07-02T23:15:00+00:00,0.10346690627719762,0.0,162,162,0.6362064270720736,0.5306841046277666,0.5417721518987342,1,0.13234576370366646,0.2202574096490411,0.20997276077551674
777284,2025-07-02,2025,Washington Nationals,Detroit Tigers,2025-07-02T17:00:00+00:00,2025-07-02T17:05:00+00:00,-0.1257430938861392,0.0,162,162,0.4043699684235322,0.5306841046277666,0.5,0,0.1635150713628484,0.2816256189045743,0.25
777289,2025-07-02,2025,New York Mets,Milwaukee Brewers,2025-07-02T17:00:00+00:00,2025-07-02T17:10:00+00:00,0.008657618707922698,0.0,162,162,0.541788357110795,0.5306841046277666,0.4846153846153846,0,0.2935346239008143,0.2816256189045743,0.23485207100591715
777290,2025-07-02,2025,Philadelphia Phillies,San Diego Padres,2025-07-02T17:00:00+00:00,2025-07-02T22:15:00+00:00,0.025190352494461554,0.0,162,162,0.5586770808349482,0.5306841046277666,0.5785536159600998,1,0.19476591898036288,0.2202574096490411,0.17761705462030705
777251,2025-07-03,2025,Seattle Mariners,Kansas City Royals,2025-07-03T17:00:00+00:00,2025-07-04T02:10:00+00:00,0.03865765982680913,0.0,162,162,0.5723365394576053,0.5306841046277666,0.5190839694656489,0,0.327569114398307,0.2816256189045743,0.26944816735621474
777253,2025-07-03,2025,Los Angeles Dodgers,Chicago White Sox,2025-07-03T17:00:00+00:00,2025-07-04T02:10:00+00:00,0.1563610370087956,0.0,162,162,0.6850966858767913,0.5306841046277666,0.7139874739039667,1,0.09916409724578026,0.2202574096490411,0.08180316508383415
777256,2025-07-03,2025,Arizona Diamondbacks,San Francisco Giants,2025-07-03T17:00:00+00:00,2025-07-04T01:40:00+00:00,-0.014025542073635489,0.0,162,162,0.5184674732670553,0.5306841046277666,0.46954314720812185,0,0.2688085208359247,0.2816256189045743,0.220470767090108
777257,2025-07-03,2025,New York Mets,Milwaukee Brewers,2025-07-03T17:00:00+00:00,2025-07-03T23:10:00+00:00,0.005779944786647451,0.0,162,162,0.5388377647278262,0.5306841046277666,0.5841584158415841,1,0.2126706072412278,0.2202574096490411,0.1729242231153809
777258,2025-07-03,2025,Washington Nationals,Detroit Tigers,2025-07-03T17:00:00+00:00,2025-07-03T22:45:00+00:00,-0.12344499482074595,0.0,162,162,0.4066570226617538,0.5306841046277666,0.42999999999999994,1,0.3520558887566145,0.2202574096490411,0.3249000000000001
777259,2025-07-03,2025,Chicago Cubs,Cleveland Guardians,2025-07-03T17:00:00+00:00,2025-07-04T00:05:00+00:00,0.11831475474669545,0.0,162,162,0.650271186825306,0.5306841046277666,0.57356608478803,1,0.12231024276457998,0.2202574096490411,0.18184588404300966
777260,2025-07-03,2025,Toronto Blue Jays,New York Yankees,2025-07-03T17:00:00+00:00,2025-07-03T23:07:00+00:00,-0.04289949784627467,0.0,162,162,0.48867840766486953,0.5306841046277666,0.4531645569620253,1,0.2614497707881333,0.2202574096490411,0.2990290017625381
777261,2025-07-03,2025,Atlanta Braves,Los Angeles Angels,2025-07-03T17:00:00+00:00,2025-07-03T23:15:00+00:00,0.11200721782553746,0.0,162,162,0.644326553430979,0.5306841046277666,0.5901234567901236,0,0.4151567074562442,0.2816256189045743,0.3482456942539248
777264,2025-07-03,2025,Colorado Rockies,Houston Astros,2025-07-03T17:00:00+00:00,2025-07-03T19:10:00+00:00,-0.15874456524483044,0.0,162,162,0.37202802436459775,0.5306841046277666,0.37320574162679426,1,0.3943488021834303,0.2202574096490411,0.39287104232961706
777235,2025-07-04,2025,Los Angeles Dodgers,Houston Astros,2025-07-04T17:00:00+00:00,2025-07-05T01:10:00+00:00,0.03321249389249292,0.0,162,162,0.5668257415848453,0.5306841046277666,0.6235011990407675,0,0.32129142132320987,0.2816256189045743,0.3887537452052748
777236,2025-07-04,2025,Seattle Mariners,Pittsburgh Pirates,2025-07-04T17:00:00+00:00,2025-07-04T20:10:00+00:00,0.06574285548868769,-1.0,162,162,0.6646050735071477,0.5306841046277666,0.6391509433962265,1,0.1124897567171458,0.2202574096490411,0.13021204165183337
777239,2025-07-04,2025,San Diego Padres,Texas Rangers,2025-07-04T17:00:00+00:00,2025-07-04T22:40:00+00:00,0.003273796531092832,0.0,162,162,0.5362658859674335,0.5306841046277666,0.48469387755102045,1,0.21504932851756936,0.2202574096490411,0.2655403998334027
777242,2025-07-04,2025,Toronto Blue Jays,Los Angeles Angels,2025-07-04T17:00:00+00:00,2025-07-04T23:07:00+00:00,0.09361303078576294,0.0,162,162,0.6267402585833578,0.5306841046277666,0.6048780487804878,1,0.1393228345624186,0.2202574096490411,0.15612135633551458
777243,2025-07-04,2025,Colorado Rockies,Chicago White Sox,2025-07-04T17:00:00+00:00,2025-07-05T00:10:00+00:00,-0.031548175963621916,0.0,162,162,0.5003916194141775,0.5306841046277666,0.457070707070707,0,0.2503917727799431,0.2816256189045743,0.20891363126211607
777246,2025-07-04,2025,Chicago Cubs,St. Louis Cardinals,2025-07-04T17:00:00+00:00,2025-07-04T18:20:00+00:00,0.07441244603665287,-1.0,162,162,0.6725352517256309,0.5306841046277666,0.5639097744360902,1,0.10723316136239593,0.2202574096490411,0.19017468483238167
777247,2025-07-04,2025,Minnesota Twins,Tampa Bay Rays,2025-07-04T17:00:00+00:00,2025-07-04T20:10:00+00:00,-0.05642114322931846,-1.0,162,162,0.5447713082325973,0.5306841046277666,0.5102040816326531,1,0.2072331618082609,0.2202574096490411,0.23990004164931278
777248,2025-07-04,2025,Arizona Diamondbacks,Kansas City Royals,2025-07-04T17:00:00+00:00,2025-07-05T01:40:00+00:00,0.03199181234432752,0.0,162,162,0.5655880248967222,0.5306841046277666,0.5114503816793893,0,0.3198898139065753,0.2816256189045743,0.261581492919993
777249,2025-07-04,2025,Cleveland Guardians,Detroit Tigers,2025-07-04T17:00:00+00:00,2025-07-04T23:10:00+00:00,-0.0979311790974946,0.0,162,162,0.432299292783626,0.5306841046277666,0.4520202020202021,0,0.1868826785412232,0.2816256189045743,0.2043222630343843
777250,2025-07-04,2025,New York Mets,New York Yankees,2025-07-04T17:00:00+00:00,2025-07-04T19:10:00+00:00,-0.014941192208394183,0.0,162,162,0.5175236996869609,0.5306841046277666,0.5468354430379747,1,0.23278338036375792,0.2202574096490411,0.20535811568658865
777252,2025-07-04,2025,Atlanta Braves,Baltimore Orioles,2025-07-04T17:00:00+00:00,2025-07-04T23:15:00+00:00,0.09180753995615709,-1.0,162,162,0.6881500228367927,0.5306841046277666,0.6192771084337348,0,0.47355045393027834,0.2816256189045743,0.38350413703004776
777254,2025-07-04,2025,Miami Marlins,Milwaukee Brewers,2025-07-04T17:00:00+00:00,2025-07-04T23:10:00+00:00,-0.11088965192838823,0.0,162,162,0.41922115576042046,0.5306841046277666,0.457070707070707,0,0.17574637743710272,0.2816256189045743,0.20891363126211607
777255,2025-07-04,2025,Philadelphia Phillies,Cincinnati Reds,2025-07-04T17:00:00+00:00,2025-07-04T17:05:00+00:00,0.04482455525974299,0.0,162,162,0.5785560907728735,0.5306841046277666,0.5866336633663367,0,0.33472715017038945,0.2816256189045743,0.34413905499460845
777221,2025-07-05,2025,Los Angeles Dodgers,Houston Astros,2025-07-05T17:00:00+00:00,2025-07-05T23:15:00+00:00,0.019655478499199908,0.0,162,162,0.553036158493187,0.5306841046277666,0.568922305764411,0,0.3058489926009014,0.2816256189045743,0.323672589996294
777223,2025-07-05,2025,San Diego Padres,Texas Rangers,2025-07-05T17:00:00+00:00,2025-07-06T01:40:00+00:00,0.005597754342447303,0.0,162,162,0.5386508638551244,0.5306841046277666,0.5216284987277354,0,0.29014475313187177,0.2816256189045743,0.27209629068495106
777225,2025-07-05,2025,Seattle Mariners,Pittsburgh Pirates,2025-07-05T17:00:00+00:00,2025-07-06T02:10:00+00:00,0.06886211485578564,0.0,162,162,0.6025450385221126,0.5306841046277666,0.5980392156862746,1,0.15797044640338895,0.2202574096490411,0.16157247212610526
777228,2025-07-05,2025,Washington Nationals,Boston Red Sox,2025-07-05T17:00:00+00:00,2025-07-05T20:05:00+00:00,-0.06216120084373655,0.0,162,162,0.46883784733810213,0.5306841046277666,0.5102040816326531,0,0.21980892709662556,0.2816256189045743,0.2603082049146189
777229,2025-07-05,2025,Chicago Cubs,St. Louis Cardinals,2025-07-05T17:00:00+00:00,2025-07-05T18:20:00+00:00,0.08212062370757856,0.0,162,162,0.6155765528952096,0.5306841046277666,0.6004901960784313,0,0.3789344924743488,0.2816256189045743,0.3605884755863129
777230,2025-07-05,2025,Minnesota Twins,Tampa Bay Rays,2025-07-05T17:00:00+00:00,2025-07-05T18:10:00+00:00,-0.05639073898936531,0.0,162,162,0.47477425376527355,0.5306841046277666,0.49744897959183665,1,0.27586208450782534,0.2202574096490411,0.25255752811328624
777231,2025-07-05,2025,Toronto Blue Jays,Los Angeles Angels,2025-07-05T17:00:00+00:00,2025-07-05T19:07:00+00:00,0.09306300449608346,0.0,162,162,0.6262089237224203,0.5306841046277666,0.6391509433962265,1,0.1397197687047514,0.2202574096490411,0.13021204165183337
777232,2025-07-05,2025,Colorado Rockies,Chicago White Sox,2025-07-05T17:00:00+00:00,2025-07-06T01:10:00+00:00,-0.03234134489339696,0.0,162,162,0.4995730285148574,0.5306841046277666,0.5216284987277354,0,0.24957321081950654,0.2816256189045743,0.27209629068495106
777233,2025-07-05,2025,Philadelphia Phillies,Cincinnati Reds,2025-07-05T17:00:00+00:00,2025-07-05T20:05:00+00:00,0.04086461924172313,0.0,162,162,0.574565077986294,0.5306841046277666,0.6225961538461539,1,0.18099487286880814,0.2202574096490411,0.14243366309171596
777234,2025-07-05,2025,Arizona Diamondbacks,Kansas City Royals,2025-07-05T17:00:00+00:00,2025-07-05T20:10:00+00:00,0.025455460528188534,0.0,162,162,0.5589469005017889,0.5306841046277666,0.5831265508684863,1,0.19452783657697895,0.2202574096490411,0.17378347259080473
777237,2025-07-05,2025,Atlanta Braves,Baltimore Orioles,2025-07-05T17:00:00+00:00,2025-07-05T20:10:00+00:00,0.09126128550971374,0.0,162,162,0.6244663048452892,0.5306841046277666,0.5796019900497512,0,0.38995816588712967,0.2816256189045743,0.3359384668696319
777238,2025-07-05,2025,Miami Marlins,Milwaukee Brewers,2025-07-05T17:00:00+00:00,2025-07-05T20:10:00+00:00,-0.11111012829760053,0.0,162,162,0.41899956820029105,0.5306841046277666,0.44332493702770776,1,0.3375615017514482,0.2202574096490411,0.3098871257352056
777240,2025-07-05,2025,Cleveland Guardians,Detroit Tigers,2025-07-05T17:00:00+00:00,2025-07-05T23:15:00+00:00,-0.09699336340849607,0.0,162,162,0.43324967010392934,0.5306841046277666,0.4582278481012658,0,0.1877052766451636,0.2816256189045743,0.20997276077551674
777241,2025-07-05,2025,New York Mets,New York Yankees,2025-07-05T17:00:00+00:00,2025-07-05T20:10:00+00:00,-0.019387736883288875,0.0,162,162,0.51293892794302,0.5306841046277666,0.4371859296482412,1,0.23722848791329468,0.2202574096490411,0.3167596777859145
777205,2025-07-06,2025,Seattle Mariners,Pittsburgh Pirates,2025-07-06T17:00:00+00:00,2025-07-06T20:10:00+00:00,0.06380058702585911,0.0,162,162,0.5975304408783846,0.5306841046277666,0.5114503816793893,1,0.16198174601954748,0.2202574096490411,0.23868072956121442
777206,2025-07-06,2025,Los Angeles Dodgers,Houston Astros,2025-07-06T17:00:00+00:00,2025-07-06T20:10:00+00:00,0.017598145584602265,0.0,162,162,0.550935841451374,0.5306841046277666,0.64,0,0.3035303013957335,0.2816256189045743,0.4096
777207,2025-07-06,2025,San Diego Padres,Texas Rangers,2025-07-06T17:00:00+00:00,2025-07-07T01:10:00+00:00,1.8051397562224292e-05,0.0,162,162,0.5329218871027911,0.5306841046277666,0.5357142857142857,1,0.21816196354761783,0.2202574096490411,0.21556122448979592
777213,2025-07-06,2025,Washington Nationals,Boston Red Sox,2025-07-06T17:00:00+00:00,2025-07-06T17:35:00+00:00,-0.07006809134222075,0.0,162,162,0.4607182073998856,0.5306841046277666,0.3251121076233184,0,0.21226126662976402,0.2816256189045743,0.10569788252327615
777214,2025-07-06,2025,Toronto Blue Jays,Los Angeles Angels,2025-07-06T17:00:00+00:00,2025-07-06T17:37:00+00:00,0.09393911733623772,0.0,162,162,0.627055119519463,0.5306841046277666,0.6192771084337348,1,0.139087883876642,0.2202574096490411,0.1449499201625781
777215,2025-07-06,2025,Colorado Rockies,Chicago White Sox,2025-07-06T17:00:00+00:00,2025-07-06T19:10:00+00:00,-0.03904486268687957,0.0,162,162,0.49265518203667424,0.5306841046277666,0.47959183673469385,1,0.25739876431424014,0.2202574096490411,0.27082465639316955
777216,2025-07-06,2025,New York Mets,New York Yankees,2025-07-06T17:00:00+00:00,2025-07-06T17:40:00+00:00,-0.00788182008734195,0.0,162,162,0.5247961566577135,0.5306841046277666,0.37740384615384615,0,0.27541100604270735,0.2816256189045743,0.14243366309171596
777217,2025-07-06,2025,Philadelphia Phillies,Cincinnati Reds,2025-07-06T17:00:00+00:00,2025-07-06T17:35:00+00:00,0.04237756687877792,0.0,162,162,0.5760910759195081,0.5306841046277666,0.6711711711711711,1,0.1796987759150802,0.2202574096490411,0.10812839866893927
777218,2025-07-06,2025,Arizona Diamondbacks,Kansas City Royals,2025-07-06T17:00:00+00:00,2025-07-06T20:10:00+00:00,0.031803379203443394,0.0,162,162,0.5653968887945038,0.5306841046277666,0.5935960591133005,0,0.3196736418585045,0.2816256189045743,0.35235628139484093
777219,2025-07-06,2025,Chicago Cubs,St. Louis Cardinals,2025-07-06T17:00:00+00:00,2025-07-06T22:10:00+00:00,0.07668558616173804,0.0,162,162,0.6102534458853046,0.5306841046277666,0.6527777777777778,1,0.15190237644427917,0.2202574096490411,0.12056327160493827
777220,2025-07-06,2025,Minnesota Twins,Tampa Bay Rays,2025-07-06T17:00:00+00:00,2025-07-06T18:10:00+00:00,-0.053564433900470665,0.0,162,162,0.47768454484393225,0.5306841046277666,0.5406091370558376,0,0.22818252438275471,0.2816256189045743,0.2922582390682574
777224,2025-07-06,2025,Miami Marlins,Milwaukee Brewers,2025-07-06T17:00:00+00:00,2025-07-06T17:40:00+00:00,-0.11145345595871525,0.0,162,162,0.41865457526301236,0.5306841046277666,0.5076530612244898,0,0.17527165338865328,0.2816256189045743,0.2577116305705956
777226,2025-07-06,2025,Cleveland Guardians,Detroit Tigers,2025-07-06T17:00:00+00:00,2025-07-06T17:40:00+00:00,-0.09343176024059607,0.0,162,162,0.4368633981565842,0.5306841046277666,0.34174311926605505,0,0.19084962864891822,0.2816256189045743,0.11678835956569313
777199,2025-07-07,2025,San Francisco Giants,Philadelphia Phillies,2025-07-07T17:00:00+00:00,2025-07-08T01:45:00+00:00,0.0077822534128419996,0.0,162,162,0.5408911111021673,0.5306841046277666,0.45569620253164556,1,0.21078097186500253,0.2202574096490411,0.2962666239384714
777200,2025-07-07,2025,Los Angeles Angels,Texas Rangers,2025-07-07T17:00:00+00:00,2025-07-08T01:38:00+00:00,-0.07209234437836004,0.0,162,162,0.4586426622945278,0.5306841046277666,0.4531645569620253,1,0.2930677670875566,0.2202574096490411,0.2990290017625381
777201,2025-07-07,2025,Milwaukee Brewers,Los Angeles Dodgers,2025-07-07T17:00:00+00:00,2025-07-07T23:40:00+00:00,-0.024360125736112237,0.0,162,162,0.5078094214779413,0.5306841046277666,0.4483627204030227,1,0.24225156558587885,0.2202574096490411,0.30430368824115367
777202,2025-07-07,2025,Houston Astros,Cleveland Guardians,2025-07-07T17:00:00+00:00,2025-07-08T00:10:00+00:00,0.08210098238593166,0.0,162,162,0.6155573649697428,0.5306841046277666,0.5468354430379747,0,0.3789108695684931,0.2816256189045743,0.2990290017625381
777203,2025-07-07,2025,San Diego Padres,Arizona Diamondbacks,2025-07-07T17:00:00+00:00,2025-07-08T01:40:00+00:00,-0.016311139296796395,0.0,162,162,0.5161114443847662,0.5306841046277666,0.5165394402035622,0,0.2663710230249296,0.2816256189045743,0.26681299328580943
777204,2025-07-07,2025,Kansas City Royals,Pittsburgh Pirates,2025-07-07T17:00:00+00:00,2025-07-07T23:40:00+00:00,0.03507754414651448,0.0,162,162,0.5687152051190809,0.5306841046277666,0.57356608478803,1,0.18600657429547646,0.2202574096490411,0.18184588404300966
777208,2025-07-07,2025,Cincinnati Reds,Miami Marlins,2025-07-07T17:00:00+00:00,2025-07-07T23:10:00+00:00,0.05811864717859738,0.0,162,162,0.5918768324409845,0.5306841046277666,0.5541561712846348,0,0.3503181847803733,0.2816256189045743,0.3070890621728455
777209,2025-07-07,2025,Boston Red Sox,Colorado Rockies,2025-07-07T17:00:00+00:00,2025-07-07T23:10:00+00:00,0.12424094687687864,0.0,162,162,0.6558142228779346,0.5306841046277666,0.6621004566210046,1,0.11846384917312011,0.2202574096490411,0.1141761014157336
777211,2025-07-07,2025,Detroit Tigers,Tampa Bay Rays,2025-07-07T17:00:00+00:00,2025-07-07T22:40:00+00:00,0.034134696898501016,0.0,162,162,0.5677602625477205,0.5306841046277666,0.47959183673469385,1,0.18683119063281553,0.2202574096490411,0.27082465639316955
777212,2025-07-07,2025,Chicago White Sox,Toronto Blue Jays,2025-07-07T17:00:00+00:00,2025-07-07T23:40:00+00:00,-0.11134783325965214,0.0,162,162,0.4187607018179957,0.5306841046277666,0.40196078431372556,0,0.17536052538710029,0.2816256189045743,0.1615724721261054
777180,2025-07-08,2025,Los Angeles Angels,Texas Rangers,2025-07-08T17:00:00+00:00,2025-07-09T01:38:00+00:00,-0.06919291919777204,0.0,162,162,0.46161598154571004,0.5306841046277666,0.47959183673469385,0,0.2130893144184093,0.2816256189045743,0.23000832986255726
777185,2025-07-08,2025,San Diego Padres,Arizona Diamondbacks,2025-07-08T17:00:00+00:00,2025-07-09T01:40:00+00:00,-0.01709327502615171,0.0,162,162,0.5153050370136957,0.5306841046277666,0.5541561712846348,1,0.2349292071442949,0.2202574096490411,0.1987767196035759
777186,2025-07-08,2025,San Francisco Giants,Philadelphia Phillies,2025-07-08T17:00:00+00:00,2025-07-09T01:45:00+00:00,0.011882148157726036,0.0,162,162,0.5450911057137935,0.5306841046277666,0.57356608478803,1,0.20694210210069902,0.2202574096490411,0.18184588404300966
777187,2025-07-08,2025,New York Yankees,Seattle Mariners,2025-07-08T17:00:00+00:00,2025-07-08T23:05:00+00:00,0.0316044149098873,0.0,162,162,0.565195049369081,0.5306841046277666,0.5443037974683544,1,0.18905534509315586,0.2202574096490411,0.20765902900176253
777188,2025-07-08,2025,Chicago White Sox,Toronto Blue Jays,2025-07-08T17:00:00+00:00,2025-07-08T23:40:00+00:00,-0.11230716999657225,0.0,162,162,0.41779706585624504,0.5306841046277666,0.36170212765957444,0,0.17455438823808755,0.2816256189045743,0.13082842915346307
777190,2025-07-08,2025,Minnesota Twins,Chicago Cubs,2025-07-08T17:00:00+00:00,2025-07-08T23:40:00+00:00,-0.11649485453234093,0.0,162,162,0.41359805008723155,0.5306841046277666,0.45569620253164556,1,0.34386724686149694,0.2202574096490411,0.2962666239384714
777191,2025-07-08,2025,St. Louis Cardinals,Washington Nationals,2025-07-08T17:00:00+00:00,2025-07-08T23:45:00+00:00,0.06545584060537413,0.0,162,162,0.5991726478417112,0.5306841046277666,0.6574712643678161,1,0.16066256623822486,0.2202574096490411,0.11732593473378253
777192,2025-07-08,2025,Houston Astros,Cleveland Guardians,2025-07-08T17:00:00+00:00,2025-07-09T00:10:00+00:00,0.08171446134523191,0.0,162,162,0.6151796932041389,0.5306841046277666,0.6391509433962265,0,0.37844605493073846,0.2816256189045743,0.4085139284442863
777193,2025-07-08,2025,Milwaukee Brewers,Los Angeles Dodgers,2025-07-08T17:00:00+00:00,2025-07-08T23:40:00+00:00,-0.01793528492311769,0.0,162,162,0.5144368084578774,0.5306841046277666,0.47959183673469385,1,0.235771612980572,0.2202574096490411,0.27082465639316955
777194,2025-07-08,2025,Kansas City Royals,Pittsburgh Pirates,2025-07-08T17:00:00+00:00,2025-07-08T23:40:00+00:00,0.045619873218763485,0.0,162,162,0.5793564315790803,0.5306841046277666,0.5541561712846348,1,0.17694101165388493,0.2202574096490411,0.1987767196035759
777195,2025-07-08,2025,Detroit Tigers,Tampa Bay Rays,2025-07-08T17:00:00+00:00,2025-07-08T22:40:00+00:00,0.03762028094453018,0.0,162,162,0.5712879965114225,0.5306841046277666,0.5367088607594936,1,0.18379398193519011,0.2202574096490411,0.21463867969876624
777196,2025-07-08,2025,Boston Red Sox,Colorado Rockies,2025-07-08T17:00:00+00:00,2025-07-08T23:10:00+00:00,0.1290715548312566,0.0,162,162,0.6603014200417305,0.5306841046277666,0.7076271186440679,1,0.1153951252256648,0.2202574096490411,0.08548190175236994
777197,2025-07-08,2025,Cincinnati Reds,Miami Marlins,2025-07-08T17:00:00+00:00,2025-07-08T23:10:00+00:00,0.0492885750291423,0.0,162,162,0.58304284353149,0.5306841046277666,0.5204081632653061,0,0.3399389573932856,0.2816256189045743,0.27082465639316955
777198,2025-07-08,2025,Baltimore Orioles,New York Mets,2025-07-08T17:00:00+00:00,2025-07-08T22:35:00+00:00,-0.09405810323426339,0.0,162,162,0.4362273912795969,0.5306841046277666,0.46446700507614214,0,0.19029433690260256,0.2816256189045743,0.21572959880440104
777162,2025-07-09,2025,San Diego Padres,Arizona Diamondbacks,2025-07-09T17:00:00+00:00,2025-07-10T01:40:00+00:00,-0.017618556872293356,0.0,162,162,0.5147634093512156,0.5306841046277666,0.5725,0,0.2649813676068871,0.2816256189045743,0.32775625
777163,2025-07-09,2025,San Francisco Giants,Philadelphia Phillies,2025-07-09T17:00:00+00:00,2025-07-09T19:45:00+00:00,0.012215778181710601,0.0,162,162,0.5454326074522078,0.5306841046277666,0.45569620253164556,0,0.2974967292721142,0.2816256189045743,0.20765902900176253
777171,2025-07-09,2025,Los Angeles Angels,Texas Rangers,2025-07-09T17:00:00+00:00,2025-07-10T01:38:00+00:00,-0.07812401919903617,0.0,162,162,0.4524669325244181,0.5306841046277666,0.4783715012722647,1,0.29979245997922005,0.2202574096490411,0.27209629068495095
777172,2025-07-09,2025,Chicago White Sox,Toronto Blue Jays,2025-07-09T17:00:00+00:00,2025-07-09T18:10:00+00:00,-0.11112929904460017,0.0,162,162,0.41898030237625017,0.5306841046277666,0.4371859296482412,1,0.3375838890267937,0.2202574096490411,0.3167596777859145
777173,2025-07-09,2025,Minnesota Twins,Chicago Cubs,2025-07-09T17:00:00+00:00,2025-07-09T23:40:00+00:00,-0.11337618144790118,0.0,162,162,0.4167240028684171,0.5306841046277666,0.49489795918367346,1,0.34021088882984224,0.2202574096490411,0.25512807163681794
777174,2025-07-09,2025,Houston Astros,Cleveland Guardians,2025-07-09T17:00:00+00:00,2025-07-10T00:10:00+00:00,0.07750448747201455,0.0,162,162,0.6110571998783415,0.5306841046277666,0.5796019900497512,0,0.3733909015231594,0.2816256189045743,0.3359384668696319
777175,2025-07-09,2025,Milwaukee Brewers,Los Angeles Dodgers,2025-07-09T17:00:00+00:00,2025-07-09T18:10:00+00:00,-0.015618954373303406,0.0,162,162,0.5168250397062385,0.5306841046277666,0.4088669950738916,1,0.233458042254878,0.2202574096490411,0.3494382295129704
777177,2025-07-09,2025,Kansas City Royals,Pittsburgh Pirates,2025-07-09T17:00:00+00:00,2025-07-09T23:40:00+00:00,0.048505800491434825,0.0,162,162,0.5822570542885614,0.5306841046277666,0.6276849642004773,1,0.1745091686916699,0.2202574096490411,0.1386184858823999
777178,2025-07-09,2025,St. Louis Cardinals,Washington Nationals,2025-07-09T17:00:00+00:00,2025-07-09T23:45:00+00:00,0.06783136760809805,0.0,162,162,0.6015255559268822,0.5306841046277666,0.5491183879093199,0,0.36183299443314465,0.2816256189045743,0.3015310039401303
777179,2025-07-09,2025,Boston Red Sox,Colorado Rockies,2025-07-09T17:00:00+00:00,2025-07-09T23:10:00+00:00,0.1345084154580602,0.0,162,162,0.6653175360110106,0.5306841046277666,0.7222222222222222,1,0.11201235170174118,0.2202574096490411,0.0771604938271605
777182,2025-07-09,2025,Detroit Tigers,Tampa Bay Rays,2025-07-09T17:00:00+00:00,2025-07-09T21:10:00+00:00,0.0373941135195488,0.0,162,162,0.5710593097737926,0.5306841046277666,0.5675,0,0.32610873527932044,0.2816256189045743,0.32205625
777183,2025-07-09,2025,Cincinnati Reds,Miami Marlins,2025-07-09T17:00:00+00:00,2025-07-09T23:10:00+00:00,0.0442042638060825,0.0,162,162,0.5779315950190435,0.5306841046277666,0.5603015075376885,1,0.17814173848316875,0.2202574096490411,0.19333476427362942
777184,2025-07-09,2025,New York Yankees,Seattle Mariners,2025-07-09T17:00:00+00:00,2025-07-09T23:05:00+00:00,0.03795420176361686,0.0,162,162,0.5716255812478103,0.5306841046277666,0.5760598503740648,1,0.18350464264127642,0.2202574096490411,0.17972525046486032
777158,2025-07-10,2025,San Diego Padres,Arizona Diamondbacks,2025-07-10T17:00:00+00:00,2025-07-11T01:40:00+00:00,-0.02146219230155444,0.0,162,162,0.5107991930734705,0.5306841046277666,0.4783715012722647,1,0.23931742949756754,0.2202574096490411,0.27209629068495095
777159,2025-07-10,2025,Los Angeles Angels,Texas Rangers,2025-07-10T17:00:00+00:00,2025-07-11T01:38:00+00:00,-0.07256078272362998,0.0,162,162,0.45816255604921113,0.5306841046277666,0.5153061224489797,0,0.20991292776554654,0.2816256189045743,0.26554039983340283
777166,2025-07-10,2025,Minnesota Twins,Chicago Cubs,2025-07-10T17:00:00+00:00,2025-07-10T17:10:00+00:00,-0.11138272564812918,0.0,162,162,0.41872564214893426,0.5306841046277666,0.4809160305343511,0,0.17533116339303736,0.2816256189045743,0.23128022842491694
777167,2025-07-10,2025,St. Louis Cardinals,Washington Nationals,2025-07-10T17:00:00+00:00,2025-07-10T23:45:00+00:00,0.06834012764989411,0.0,162,162,0.602028866557757,0.5306841046277666,0.568922305764411,1,0.1583810230533036,0.2202574096490411,0.18582797846747193
777168,2025-07-10,2025,Cincinnati Reds,Miami Marlins,2025-07-10T17:00:00+00:00,2025-07-10T21:10:00+00:00,0.05138434193247915,0.0,162,162,0.5851445959957255,0.5306841046277666,0.6004901960784313,1,0.17210500623154978,0.2202574096490411,0.15960808342945024
777169,2025-07-10,2025,New York Yankees,Seattle Mariners,2025-07-10T17:00:00+00:00,2025-07-10T23:05:00+00:00,0.04127037613569162,0.0,162,162,0.5749744755327476,0.5306841046277666,0.49234693877551017,1,0.18064669644866296,0.2202574096490411,0.2577116305705956
777170,2025-07-10,2025,Boston Red Sox,Tampa Bay Rays,2025-07-10T17:00:00+00:00,2025-07-10T23:10:00+00:00,-0.01378117181117422,0.0,162,162,0.5187193271661412,0.5306841046277666,0.5153061224489797,1,0.23163108604341182,0.2202574096490411,0.2349281549354435
777181,2025-07-10,2025,Baltimore Orioles,New York Mets,2025-07-10T17:00:00+00:00,2025-07-10T21:05:00+00:00,-0.09455868863416034,0.0,162,162,0.4357192330018926,0.5306841046277666,0.48346055979643765,1,0.3184127840039723,0.2202574096490411,0.26681299328580954
777139,2025-07-11,2025,San Diego Padres,Philadelphia Phillies,2025-07-11T17:00:00+00:00,2025-07-12T01:40:00+00:00,-0.03471095279812286,-1.0,162,162,0.5668941150188321,0.5306841046277666,0.4088669950738916,1,0.1875807076053206,0.2202574096490411,0.3494382295129704
777143,2025-07-11,2025,San Francisco Giants,Los Angeles Dodgers,2025-07-11T17:00:00+00:00,2025-07-12T02:15:00+00:00,-0.02071103354309567,0.0,162,162,0.5115740392936737,0.5306841046277666,0.5392405063291139,1,0.23855991909189778,0.2202574096490411,0.21229931100785132
777146,2025-07-11,2025,Chicago White Sox,Cleveland Guardians,2025-07-11T17:00:00+00:00,2025-07-12T00:10:00+00:00,-0.051618415964326314,0.0,162,162,0.47968928339066313,0.5306841046277666,0.48469387755102045,1,0.2707232418185216,0.2202574096490411,0.2655403998334027
777147,2025-07-11,2025,St. Louis Cardinals,Atlanta Braves,2025-07-11T17:00:00+00:00,2025-07-12T00:15:00+00:00,-0.025572359447602167,0.0,162,162,0.5065585929386143,0.5306841046277666,0.5216284987277354,0,0.2566016080799487,0.2816256189045743,0.27209629068495106
777148,2025-07-11,2025,Minnesota Twins,Pittsburgh Pirates,2025-07-11T17:00:00+00:00,2025-07-12T00:10:00+00:00,0.013097907206662318,-1.0,162,162,0.6145680719619484,0.5306841046277666,0.5505050505050506,1,0.14855777115112978,0.2202574096490411,0.20204570962146712
777149,2025-07-11,2025,Milwaukee Brewers,Washington Nationals,2025-07-11T17:00:00+00:00,2025-07-12T00:10:00+00:00,0.10862353611406861,1.0,162,162,0.5743309644698975,0.5306841046277666,0.6488372093023256,1,0.18119412780912766,0.2202574096490411,0.1233153055705787
777150,2025-07-11,2025,Los Angeles Angels,Arizona Diamondbacks,2025-07-11T17:00:00+00:00,2025-07-12T01:38:00+00:00,-0.092057642239188,0.0,162,162,0.43825944232193914,0.5306841046277666,0.48469387755102045,1,0.3155524541404588,0.2202574096490411,0.2655403998334027
777151,2025-07-11,2025,Kansas City Royals,New York Mets,2025-07-11T17:00:00+00:00,2025-07-12T00:10:00+00:00,-0.04607719634937307,1.0,162,162,0.41602988240530997,0.5306841046277666,0.4607594936708861,0,0.17308086305417605,0.2816256189045743,0.21229931100785132
777153,2025-07-11,2025,New York Yankees,Chicago Cubs,2025-07-11T17:00:00+00:00,2025-07-11T23:05:00+00:00,-0.020484454853506473,0.0,162,162,0.5118077522944408,0.5306841046277666,0.6125907990314771,1,0.23833167071980613,0.2202574096490411,0.1500858889950694
777154,2025-07-11,2025,Houston Astros,Texas Rangers,2025-07-11T17:00:00+00:00,2025-07-12T00:10:00+00:00,0.03304418231325712,1.0,162,162,0.49688418717715216,0.5306841046277666,0.5355329949238579,0,0.24689389546669918,0.2816256189045743,0.2867955886521168
777155,2025-07-11,2025,Boston Red Sox,Tampa Bay Rays,2025-07-11T17:00:00+00:00,2025-07-11T23:10:00+00:00,-0.013716404567887697,0.0,162,162,0.5187860762631847,0.5306841046277666,0.5165394402035622,1,0.23156684039818146,0.2202574096490411,0.23373411287868498
777157,2025-07-11,2025,Baltimore Orioles,Miami Marlins,2025-07-11T17:00:00+00:00,2025-07-11T23:05:00+00:00,0.021881033087841006,0.0,162,162,0.5553060800811355,0.5306841046277666,0.5555555555555556,1,0.1977526824128055,0.2202574096490411,0.19753086419753085
777160,2025-07-11,2025,Cincinnati Reds,Colorado Rockies,2025-07-11T17:00:00+00:00,2025-07-11T23:10:00+00:00,0.1174099265321869,-1.0,162,162,0.7103689381548599,0.5306841046277666,0.6892778993435448,0,0.5046240282952632,0.2816256189045743,0.47510402252344985
777161,2025-07-11,2025,Detroit Tigers,Seattle Mariners,2025-07-11T17:00:00+00:00,2025-07-11T23:10:00+00:00,0.04290079351559983,1.0,162,162,0.507056207476132,0.5306841046277666,0.6899563318777293,0,0.25710599754007823,0.2816256189045743,0.47603973989817133
777164,2025-07-11,2025,Chicago White Sox,Cleveland Guardians,2025-07-11T17:00:00+00:00,2025-07-11T19:10:00+00:00,-0.051618415964326314,0.0,162,162,0.47968928339066313,0.5306841046277666,0.4531645569620253,0,0.23010180859984794,0.2816256189045743,0.20535811568658865
777126,2025-07-12,2025,San Diego Padres,Philadelphia Phillies,2025-07-12T17:00:00+00:00,2025-07-12T23:35:00+00:00,-0.035721293462573245,0.0,162,162,0.4960848278703808,0.5306841046277666,0.4029484029484029,1,0.2539305007024238,0.2202574096490411,0.3564706095418626
777127,2025-07-12,2025,San Francisco Giants,Los Angeles Dodgers,2025-07-12T17:00:00+00:00,2025-07-12T20:05:00+00:00,-0.013860415517533364,0.0,162,162,0.5186376577229602,0.5306841046277666,0.3995098039215686,0,0.26898502000835844,0.2816256189045743,0.15960808342945018
777131,2025-07-12,2025,Los Angeles Angels,Arizona Diamondbacks,2025-07-12T17:00:00+00:00,2025-07-13T01:38:00+00:00,-0.0867374816985702,0.0,162,162,0.443673525532186,0.5306841046277666,0.5216284987277354,1,0.3094991461937873,0.2202574096490411,0.22883929322948024
777133,2025-07-12,2025,St. Louis Cardinals,Atlanta Braves,2025-07-12T17:00:00+00:00,2025-07-12T18:15:00+00:00,-0.03065772681368828,0.0,162,162,0.5013106057606224,0.5306841046277666,0.4885496183206107,0,0.25131232344808213,0.2816256189045743,0.23868072956121442
777134,2025-07-12,2025,Minnesota Twins,Pittsburgh Pirates,2025-07-12T17:00:00+00:00,2025-07-12T18:10:00+00:00,0.013127300839603617,0.0,162,162,0.5463654178952725,0.5306841046277666,0.5491183879093199,1,0.20578433408133076,0.2202574096490411,0.20329422812149053
777135,2025-07-12,2025,Milwaukee Brewers,Washington Nationals,2025-07-12T17:00:00+00:00,2025-07-12T20:10:00+00:00,0.10992815093883884,0.0,162,162,0.6423572035611943,0.5306841046277666,0.701716738197425,1,0.12790836984456902,0.2202574096490411,0.08897290427158351
777136,2025-07-12,2025,Kansas City Royals,New York Mets,2025-07-12T17:00:00+00:00,2025-07-12T20:10:00+00:00,-0.052676859981287016,0.0,162,162,0.4785988158186601,0.5306841046277666,0.46446700507614214,0,0.22905682650302372,0.2816256189045743,0.21572959880440104
777137,2025-07-12,2025,Houston Astros,Texas Rangers,2025-07-12T17:00:00+00:00,2025-07-12T23:35:00+00:00,0.030279223780267817,0.0,162,162,0.5638501601983968,0.5306841046277666,0.5217391304347826,1,0.1902266827589641,0.2202574096490411,0.2287334593572779
777138,2025-07-12,2025,Chicago White Sox,Cleveland Guardians,2025-07-12T17:00:00+00:00,2025-07-12T20:10:00+00:00,-0.05372341281964027,0.0,162,162,0.47752079965890737,0.5306841046277666,0.4133663366336633,0,0.22802611410688234,0.2816256189045743,0.17087172826193503
777140,2025-07-12,2025,Cincinnati Reds,Colorado Rockies,2025-07-12T17:00:00+00:00,2025-07-12T20:10:00+00:00,0.11596922981156405,0.0,162,162,0.6480659447613255,0.5306841046277666,0.7121848739495799,1,0.12385757923673839,0.2202574096490411,0.08283754678341923
777141,2025-07-12,2025,Baltimore Orioles,Miami Marlins,2025-07-12T17:00:00+00:00,2025-07-12T20:05:00+00:00,0.022584790580465475,0.0,162,162,0.5560233917201743,0.5306841046277666,0.6039119804400979,0,0.30916201214000644,0.2816256189045743,0.36470968011908117
777142,2025-07-12,2025,New York Yankees,Chicago Cubs,2025-07-12T17:00:00+00:00,2025-07-12T17:05:00+00:00,-0.008319556016272767,0.0,162,162,0.524345481691938,0.5306841046277666,0.5785536159600998,0,0.27493818417075044,0.2816256189045743,0.3347242865405066
777144,2025-07-12,2025,Boston Red Sox,Tampa Bay Rays,2025-07-12T17:00:00+00:00,2025-07-12T20:10:00+00:00,-0.01450990387459794,0.0,162,162,0.5179682506769703,0.5306841046277666,0.6235011990407675,1,0.23235460735542016,0.2202574096490411,0.14175134712373977
777145,2025-07-12,2025,Detroit Tigers,Seattle Mariners,2025-07-12T17:00:00+00:00,2025-07-12T17:10:00+00:00,0.03132771248710675,0.0,162,162,0.5649143125369125,0.5306841046277666,0.5051020408163266,0,0.31912818050905245,0.2816256189045743,0.25512807163681805
777113,2025-07-13,2025,Minnesota Twins,Pittsburgh Pirates,2025-07-13T17:00:00+00:00,2025-07-13T18:10:00+00:00,0.020920524832135357,0.0,162,162,0.5543267012538718,0.5306841046277666,0.5866336633663367,0,0.3072780917229993,0.2816256189045743,0.34413905499460845
777115,2025-07-13,2025,Los Angeles Angels,Arizona Diamondbacks,2025-07-13T17:00:00+00:00,2025-07-13T20:07:00+00:00,-0.08054279012174298,0.0,162,162,0.4499943911974701,0.5306841046277666,0.5216284987277354,0,0.20249495210918175,0.2816256189045743,0.27209629068495106
777117,2025-07-13,2025,San Diego Padres,Philadelphia Phillies,2025-07-13T17:00:00+00:00,2025-07-13T20:10:00+00:00,-0.03239077719000871,0.0,162,162,0.49952201188708123,0.5306841046277666,0.4531645569620253,0,0.24952224035971732,0.2816256189045743,0.20535811568658865
777118,2025-07-13,2025,St. Louis Cardinals,Atlanta Braves,2025-07-13T17:00:00+00:00,2025-07-13T18:15:00+00:00,-0.031487147750243305,0.0,162,162,0.5004546036204155,0.5306841046277666,0.6039119804400979,1,0.2495456030440362,0.2202574096490411,0.15688571923888542
777119,2025-07-13,2025,San Francisco Giants,Los Angeles Dodgers,2025-07-13T17:00:00+00:00,2025-07-13T20:05:00+00:00,-0.022261850644015646,0.0,162,162,0.5099742609125558,0.5306841046277666,0.4371859296482412,0,0.2600737467933076,0.2816256189045743,0.1911315370823969
777120,2025-07-13,2025,Chicago White Sox,Cleveland Guardians,2025-07-13T17:00:00+00:00,2025-07-13T18:10:00+00:00,-0.05554784493248682,0.0,162,162,0.4756420248004845,0.5306841046277666,0.45088161209068006,0,0.22623533575630472,0.2816256189045743,0.20329422812149048
777121,2025-07-13,2025,Detroit Tigers,Seattle Mariners,2025-07-13T17:00:00+00:00,2025-07-13T17:40:00+00:00,0.023225384709172348,0.0,162,162,0.5566761205906567,0.5306841046277666,0.49489795918367346,0,0.3098883032358634,0.2816256189045743,0.24492399000416493
777122,2025-07-13,2025,New York Yankees,Chicago Cubs,2025-07-13T17:00:00+00:00,2025-07-13T17:35:00+00:00,-0.007196687841597327,0.0,162,162,0.5255014593783479,0.5306841046277666,0.5367088607594936,0,0.2761517838087734,0.2816256189045743,0.28805640121775355
777123,2025-07-13,2025,Milwaukee Brewers,Washington Nationals,2025-07-13T17:00:00+00:00,2025-07-13T18:10:00+00:00,0.10677932679770746,0.0,162,162,0.6393653931132935,0.5306841046277666,0.7070063694267517,1,0.1300573196843293,0.2202574096490411,0.08584526755649313
777124,2025-07-13,2025,Kansas City Royals,New York Mets,2025-07-13T17:00:00+00:00,2025-07-13T18:10:00+00:00,-0.051826014791153785,0.0,162,162,0.4794753880110983,0.5306841046277666,0.49234693877551017,1,0.2709458716861967,0.2202574096490411,0.2577116305705956
777125,2025-07-13,2025,Houston Astros,Texas Rangers,2025-07-13T17:00:00+00:00,2025-07-13T18:10:00+00:00,0.03297444229667712,0.0,162,162,0.5665844328199847,0.5306841046277666,0.5417721518987342,0,0.32101791951394376,0.2816256189045743,0.2935170645729851
777128,2025-07-13,2025,Cincinnati Reds,Colorado Rockies,2025-07-13T17:00:00+00:00,2025-07-13T17:40:00+00:00,0.11786653034498984,0.0,162,162,0.6498502631247675,0.5306841046277666,0.6921397379912664,1,0.12260483823379459,0.2202574096490411,0.09477794092408612
777129,2025-07-13,2025,Baltimore Orioles,Miami Marlins,2025-07-13T17:00:00+00:00,2025-07-13T17:35:00+00:00,0.018696317968299903,0.0,162,162,0.5520571889740834,0.5306841046277666,0.5429292929292929,0,0.30476713989796683,0.2816256189045743,0.29477221712070195
777130,2025-07-13,2025,Boston Red Sox,Tampa Bay Rays,2025-07-13T17:00:00+00:00,2025-07-13T17:35:00+00:00,-0.008856944431746117,0.0,162,162,0.5237921544626425,0.5306841046277666,0.5292620865139949,1,0.22677391215133175,0.2202574096490411,0.22159418319315766
777098,2025-07-18,2025,Texas Rangers,Detroit Tigers,2025-07-18T17:00:00+00:00,2025-07-19T00:05:00+00:00,-0.03638204095062425,0.0,162,162,0.4954029520345635,0.5306841046277666,0.5076530612244898,1,0.25461818081543297,0.2202574096490411,0.24240550812161596
777099,2025-07-18,2025,Seattle Mariners,Houston Astros,2025-07-18T17:00:00+00:00,2025-07-19T02:10:00+00:00,-0.004652662043707956,0.0,162,162,0.5281194695929331,0.5306841046277666,0.547979797979798,1,0.2226712349772548,0.2202574096490411,0.20432226303438422
777100,2025-07-18,2025,Arizona Diamondbacks,St. Louis Cardinals,2025-07-18T17:00:00+00:00,2025-07-19T01:40:00+00:00,0.00853044502582001,0.0,162,162,0.5416580212695968,0.5306841046277666,0.5443037974683544,1,0.21007736946650135,0.2202574096490411,0.20765902900176253
777101,2025-07-18,2025,Chicago Cubs,Boston Red Sox,2025-07-18T17:00:00+00:00,2025-07-18T18:20:00+00:00,0.05421453632026885,0.0,162,162,0.5879779495296277,0.5306841046277666,0.5566750629722922,1,0.16976217007381003,0.2202574096490411,0.1965369997906211
777102,2025-07-18,2025,Colorado Rockies,Minnesota Twins,2025-07-18T17:00:00+00:00,2025-07-19T00:40:00+00:00,-0.09182513244722429,0.0,162,162,0.4384957595164508,0.5306841046277666,0.3995098039215686,1,0.31528701208100746,0.2202574096490411,0.3605884755863131
777103,2025-07-18,2025,Los Angeles Dodgers,Milwaukee Brewers,2025-07-18T17:00:00+00:00,2025-07-19T02:10:00+00:00,0.014449035366102425,0.0,162,162,0.5477174405397572,0.5306841046277666,0.6327014218009479,0,0.2999943946714225,0.2816256189045743,0.400311089148941
777107,2025-07-18,2025,Pittsburgh Pirates,Chicago White Sox,2025-07-18T17:00:00+00:00,2025-07-18T22:40:00+00:00,0.031851394476849704,0.0,162,162,0.5654455946670366,0.5306841046277666,0.5935960591133005,0,0.31972872052835866,0.2816256189045743,0.35235628139484093
777108,2025-07-18,2025,Toronto Blue Jays,San Francisco Giants,2025-07-18T17:00:00+00:00,2025-07-18T23:07:00+00:00,-0.016034105551990252,0.0,162,162,0.5163970552800727,0.5306841046277666,0.5806451612903225,1,0.23387180814178501,0.2202574096490411,0.17585848074921961
777110,2025-07-18,2025,Tampa Bay Rays,Baltimore Orioles,2025-07-18T17:00:00+00:00,2025-07-18T23:35:00+00:00,0.07433736302357213,0.0,162,162,0.6079453480766145,0.5306841046277666,0.5355329949238579,1,0.15370685009476698,0.2202574096490411,0.21572959880440104
777111,2025-07-18,2025,New York Mets,Cincinnati Reds,2025-07-18T17:00:00+00:00,2025-07-18T23:10:00+00:00,0.049929214557713264,0.0,162,162,0.583685636795495,0.5306841046277666,0.5760598503740648,0,0.3406889226013625,0.2816256189045743,0.33184495121298996
777112,2025-07-18,2025,Washington Nationals,San Diego Padres,2025-07-18T17:00:00+00:00,2025-07-18T22:45:00+00:00,-0.06493108220752053,0.0,162,162,0.46599133672646753,0.5306841046277666,0.4335839598997493,0,0.21714792590412005,0.2816256189045743,0.1879950502823474
777080,2025-07-19,2025,Colorado Rockies,Minnesota Twins,2025-07-19T17:00:00+00:00,2025-07-20T00:10:00+00:00,-0.08943373239498126,0.0,162,162,0.440927919991146,0.5306841046277666,0.36170212765957444,1,0.31256159064542643,0.2202574096490411,0.40742417383431423
777081,2025-07-19,2025,Arizona Diamondbacks,St. Louis Cardinals,2025-07-19T17:00:00+00:00,2025-07-19T23:15:00+00:00,0.009764137964265007,0.0,162,162,0.5429221465921051,0.5306841046277666,0.47328244274809167,1,0.20892016407596903,0.2202574096490411,0.2774313851174173
777085,2025-07-19,2025,Los Angeles Dodgers,Milwaukee Brewers,2025-07-19T17:00:00+00:00,2025-07-20T01:10:00+00:00,0.010756403586226981,0.0,162,162,0.5439384889607285,0.5306841046277666,0.5603015075376885,0,0.29586907977288057,0.2816256189045743,0.3139377793490064
777086,2025-07-19,2025,Seattle Mariners,Houston Astros,2025-07-19T17:00:00+00:00,2025-07-20T01:40:00+00:00,4.701384082972382e-05,0.0,162,162,0.5329516481266101,0.5306841046277666,0.5541561712846348,1,0.21813416298764982,0.2202574096490411,0.1987767196035759
777088,2025-07-19,2025,Texas Rangers,Detroit Tigers,2025-07-19T17:00:00+00:00,2025-07-19T23:05:00+00:00,-0.03382742287556528,0.0,162,162,0.49803932963861025,0.5306841046277666,0.5216284987277354,1,0.25196451458965574,0.2202574096490411,0.22883929322948024
777089,2025-07-19,2025,Philadelphia Phillies,Los Angeles Angels,2025-07-19T17:00:00+00:00,2025-07-19T22:05:00+00:00,0.09938777240040292,0.0,162,162,0.6323000935758935,0.5306841046277666,0.5516372795969774,1,0.1352032211842967,0.2202574096490411,0.20102912904719902
777090,2025-07-19,2025,Pittsburgh Pirates,Chicago White Sox,2025-07-19T17:00:00+00:00,2025-07-19T22:40:00+00:00,0.021984384054530293,0.0,162,162,0.5554114360672558,0.5306841046277666,0.5505050505050506,0,0.30848186331429145,0.2816256189045743,0.30305581063156833
777091,2025-07-19,2025,Washington Nationals,San Diego Padres,2025-07-19T17:00:00+00:00,2025-07-19T22:45:00+00:00,-0.0688785062955225,0.0,162,162,0.46193857551118145,0.5306841046277666,0.4239401496259351,1,0.2895100965229366,0.2202574096490411,0.33184495121298996
777092,2025-07-19,2025,New York Mets,Cincinnati Reds,2025-07-19T17:00:00+00:00,2025-07-19T20:10:00+00:00,0.04202790774333803,0.0,162,162,0.5757385285149653,0.5306841046277666,0.6168674698795181,0,0.33147485321657755,0.2816256189045743,0.3805254753955582
777093,2025-07-19,2025,Miami Marlins,Kansas City Royals,2025-07-19T17:00:00+00:00,2025-07-19T20:10:00+00:00,-0.05513136655502199,0.0,162,162,0.4760708496504717,0.5306841046277666,0.4619289340101523,1,0.2745017545859786,0.2202574096490411,0.2895204720554511
777094,2025-07-19,2025,Toronto Blue Jays,San Francisco Giants,2025-07-19T17:00:00+00:00,2025-07-19T19:07:00+00:00,-0.010124765471805741,0.0,162,162,0.5224865011065672,0.5306841046277666,0.4707379134860051,1,0.2280191416254484,0.2202574096490411,0.2801183562211475
777095,2025-07-19,2025,Tampa Bay Rays,Baltimore Orioles,2025-07-19T17:00:00+00:00,2025-07-19T23:05:00+00:00,0.08357184827417458,0.0,162,162,0.6169932792127016,0.5306841046277666,0.5417721518987342,1,0.14669414816823953,0.2202574096490411,0.20997276077551674
777096,2025-07-19,2025,Chicago Cubs,Boston Red Sox,2025-07-19T17:00:00+00:00,2025-07-19T23:15:00+00:00,0.05666311594193418,0.0,162,162,0.5904245738845668,0.5306841046277666,0.571072319201995,1,0.16775202967763866,0.2202574096490411,0.18397895535475528
777097,2025-07-19,2025,Atlanta Braves,New York Yankees,2025-07-19T17:00:00+00:00,2025-07-19T23:15:00+00:00,-0.032287296480824734,0.0,162,162,0.49962880921768044,0.5306841046277666,0.45569620253164556,0,0.24962894700027732,0.2816256189045743,0.20765902900176253
777067,2025-07-20,2025,Seattle Mariners,Houston Astros,2025-07-20T17:00:00+00:00,2025-07-20T20:10:00+00:00,0.0022871456938998724,0.0,162,162,0.5352528203688146,0.5306841046277666,0.5566750629722922,0,0.2864955817127705,0.2816256189045743,0.3098871257352055
777070,2025-07-20,2025,Los Angeles Dodgers,Milwaukee Brewers,2025-07-20T17:00:00+00:00,2025-07-20T20:10:00+00:00,0.01315915635892606,0.0,162,162,0.5463980115233907,0.5306841046277666,0.5945945945945945,0,0.29855078699671544,0.2816256189045743,0.3535427319211102
777071,2025-07-20,2025,Arizona Diamondbacks,St. Louis Cardinals,2025-07-20T17:00:00+00:00,2025-07-20T20:10:00+00:00,0.01750251055798041,0.0,162,162,0.550838163523321,0.5306841046277666,0.5806451612903225,1,0.2017463553471029,0.2202574096490411,0.17585848074921961
777072,2025-07-20,2025,Colorado Rockies,Minnesota Twins,2025-07-20T17:00:00+00:00,2025-07-20T19:10:00+00:00,-0.08952513470790668,0.0,162,162,0.4408349068713259,0.5306841046277666,0.32142857142857145,0,0.1943354151162506,0.2816256189045743,0.10331632653061226
777073,2025-07-20,2025,Texas Rangers,Detroit Tigers,2025-07-20T17:00:00+00:00,2025-07-20T23:10:00+00:00,-0.030227105364367013,0.0,162,162,0.5017550250127487,0.5306841046277666,0.37649880095923266,0,0.2517581051255441,0.2816256189045743,0.14175134712373988
777074,2025-07-20,2025,Pittsburgh Pirates,Chicago White Sox,2025-07-20T17:00:00+00:00,2025-07-20T17:35:00+00:00,0.014346687995567264,0.0,162,162,0.5476127727248984,0.5306841046277666,0.5639097744360902,0,0.29987974885145124,0.2816256189045743,0.3179942337045622
777075,2025-07-20,2025,Chicago Cubs,Boston Red Sox,2025-07-20T17:00:00+00:00,2025-07-20T18:20:00+00:00,0.06075856332173912,0.0,162,162,0.5945067074003436,0.5306841046277666,0.43969849246231163,0,0.35343822514399775,0.2816256189045743,0.19333476427362953
777077,2025-07-20,2025,Washington Nationals,San Diego Padres,2025-07-20T17:00:00+00:00,2025-07-20T17:35:00+00:00,-0.0652362394256285,0.0,162,162,0.4656778692868273,0.5306841046277666,0.46446700507614214,0,0.21685587794351943,0.2816256189045743,0.21572959880440104
777078,2025-07-20,2025,Philadelphia Phillies,Los Angeles Angels,2025-07-20T17:00:00+00:00,2025-07-20T17:35:00+00:00,0.09771063583760997,0.0,162,162,0.6306889184282192,0.5306841046277666,0.5945945945945945,0,0.39776851182815687,0.2816256189045743,0.3535427319211102
777082,2025-07-20,2025,Miami Marlins,Kansas City Royals,2025-07-20T17:00:00+00:00,2025-07-20T17:40:00+00:00,-0.053296060009908275,0.0,162,162,0.47796097557943723,0.5306841046277666,0.4809160305343511,0,0.2284466941768474,0.2816256189045743,0.23128022842491694
777083,2025-07-20,2025,Atlanta Braves,New York Yankees,2025-07-20T17:00:00+00:00,2025-07-20T17:35:00+00:00,-0.03779507376561264,0.0,162,162,0.4939447960879951,0.5306841046277666,0.5417721518987342,0,0.24398146158241105,0.2816256189045743,0.2935170645729851
777087,2025-07-20,2025,New York Mets,Cincinnati Reds,2025-07-20T17:00:00+00:00,2025-07-20T17:40:00+00:00,0.037433073520803495,0.0,162,162,0.5710987059224509,0.5306841046277666,0.5566750629722922,1,0.18395632006139623,0.2202574096490411,0.1965369997906211
777050,2025-07-21,2025,Seattle Mariners,Milwaukee Brewers,2025-07-21T17:00:00+00:00,2025-07-22T01:40:00+00:00,-0.01324781271290365,0.0,162,162,0.5192689867334319,0.5306841046277666,0.5139949109414759,0,0.2696402805831651,0.2816256189045743,0.26419076847373574
777051,2025-07-21,2025,Los Angeles Dodgers,Minnesota Twins,2025-07-21T17:00:00+00:00,2025-07-22T02:10:00+00:00,0.09275421013536722,0.0,162,162,0.6259104894693479,0.5306841046277666,0.5980392156862746,1,0.13994296188906286,0.2202574096490411,0.16157247212610526
777053,2025-07-21,2025,Colorado Rockies,St. Louis Cardinals,2025-07-21T17:00:00+00:00,2025-07-22T00:40:00+00:00,-0.11615901143749274,0.0,162,162,0.41393434753924246,0.5306841046277666,0.4108910891089109,0,0.17134164407273836,0.2816256189045743,0.16883148710910698
777055,2025-07-21,2025,Arizona Diamondbacks,Houston Astros,2025-07-21T17:00:00+00:00,2025-07-22T01:40:00+00:00,-0.021386251226999886,0.0,162,162,0.5108775313366721,0.5306841046277666,0.5566750629722922,0,0.2609958520246524,0.2816256189045743,0.3098871257352055
777059,2025-07-21,2025,Tampa Bay Rays,Chicago White Sox,2025-07-21T17:00:00+00:00,2025-07-21T23:35:00+00:00,0.09983147050887087,0.0,162,162,0.6327258491067084,0.5306841046277666,0.6748878923766817,0,0.4003420001278051,0.2816256189045743,0.45547366727663946
777060,2025-07-21,2025,Pittsburgh Pirates,Detroit Tigers,2025-07-21T17:00:00+00:00,2025-07-21T22:40:00+00:00,-0.10290488834021277,0.0,162,162,0.4272674490331246,0.5306841046277666,0.5406091370558376,1,0.32802257493702464,0.2202574096490411,0.21103996495658223
777061,2025-07-21,2025,New York Mets,Los Angeles Angels,2025-07-21T17:00:00+00:00,2025-07-21T23:10:00+00:00,0.10025717865052308,0.0,162,162,0.6331341476245241,0.5306841046277666,0.6285714285714284,1,0.13459055363918446,0.2202574096490411,0.1379591836734695
777062,2025-07-21,2025,Miami Marlins,San Diego Padres,2025-07-21T17:00:00+00:00,2025-07-21T22:40:00+00:00,-0.06084522325304148,0.0,162,162,0.47019095404734085,0.5306841046277666,0.5577889447236182,0,0.2210795332679486,0.2816256189045743,0.31112850685588755
777063,2025-07-21,2025,Philadelphia Phillies,Boston Red Sox,2025-07-21T17:00:00+00:00,2025-07-21T22:45:00+00:00,0.0009949287568725707,0.0,162,162,0.5339255692088645,0.5306841046277666,0.6659090909090909,1,0.21722537503728098,0.2202574096490411,0.11161673553719009
777064,2025-07-21,2025,Washington Nationals,Cincinnati Reds,2025-07-21T17:00:00+00:00,2025-07-21T22:45:00+00:00,-0.06666947378366667,0.0,162,162,0.4642059709038347,0.5306841046277666,0.46954314720812185,1,0.2870752416151025,0.2202574096490411,0.2813844726738643
777065,2025-07-21,2025,Chicago Cubs,Kansas City Royals,2025-07-21T17:00:00+00:00,2025-07-22T00:05:00+00:00,0.08325747916501425,0.0,162,162,0.6166865508872781,0.5306841046277666,0.5664160401002506,0,0.3803023020452474,0.2816256189045743,0.32082713048284867
777066,2025-07-21,2025,Toronto Blue Jays,New York Yankees,2025-07-21T17:00:00+00:00,2025-07-21T23:07:00+00:00,-0.04383115355926548,0.0,162,162,0.4877174271188421,0.5306841046277666,0.48346055979643765,1,0.2624334344777389,0.2202574096490411,0.26681299328580954
777068,2025-07-21,2025,Cleveland Guardians,Baltimore Orioles,2025-07-21T17:00:00+00:00,2025-07-21T22:40:00+00:00,0.02503742818042981,0.0,162,162,0.5585214229018689,0.5306841046277666,0.5566750629722922,1,0.1949033340365905,0.2202574096490411,0.1965369997906211
777069,2025-07-21,2025,Atlanta Braves,San Francisco Giants,2025-07-21T17:00:00+00:00,2025-07-21T23:15:00+00:00,0.0017782766421646778,0.0,162,162,0.5347302135437609,0.5306841046277666,0.530456852791878,1,0.2164759741890343,0.2202574096490411,0.2204707670901081
777035,2025-07-22,2025,Seattle Mariners,Milwaukee Brewers,2025-07-22T17:00:00+00:00,2025-07-23T01:40:00+00:00,-0.015342883617667225,0.0,162,162,0.5171096307988896,0.5306841046277666,0.5355329949238579,1,0.2331831086671847,0.2202574096490411,0.21572959880440104
777039,2025-07-22,2025,Los Angeles Dodgers,Minnesota Twins,2025-07-22T17:00:00+00:00,2025-07-23T02:10:00+00:00,0.09108865706700214,0.0,162,162,0.624299168813904,0.5306841046277666,0.6613272311212814,0,0.3897494521817314,0.2816256189045743,0.4373537066225408
777040,2025-07-22,2025,Arizona Diamondbacks,Houston Astros,2025-07-22T17:00:00+00:00,2025-07-23T01:40:00+00:00,-0.022325747376607752,0.0,162,162,0.5099083422711592,0.5306841046277666,0.4783715012722647,0,0.26000651751772164,0.2816256189045743,0.22883929322948032
777042,2025-07-22,2025,Washington Nationals,Cincinnati Reds,2025-07-22T17:00:00+00:00,2025-07-22T22:45:00+00:00,-0.06727934459779139,0.0,162,162,0.46357983532215147,0.5306841046277666,0.43609022556390975,1,0.2877465930730102,0.2202574096490411,0.3179942337045622
777044,2025-07-22,2025,Pittsburgh Pirates,Detroit Tigers,2025-07-22T17:00:00+00:00,2025-07-22T22:40:00+00:00,-0.10208019791756134,0.0,162,162,0.4281007676137625,0.5306841046277666,0.4520202020202021,1,0.3270687320039677,0.2202574096490411,0.30028185899398013
777045,2025-07-22,2025,Philadelphia Phillies,Boston Red Sox,2025-07-22T17:00:00+00:00,2025-07-22T22:45:00+00:00,0.0009400639265361166,0.0,162,162,0.5338692061336785,0.5306841046277666,0.64,1,0.2172779169904471,0.2202574096490411,0.1296
777046,2025-07-22,2025,Toronto Blue Jays,New York Yankees,2025-07-22T17:00:00+00:00,2025-07-22T23:07:00+00:00,-0.0411139204420069,0.0,162,162,0.4905204158266702,0.5306841046277666,0.5367088607594936,0,0.24061027834276946,0.2816256189045743,0.28805640121775355
777047,2025-07-22,2025,Chicago Cubs,Kansas City Royals,2025-07-22T17:00:00+00:00,2025-07-23T00:05:00+00:00,0.0744567384694288,0.0,162,162,0.608062801141515,0.5306841046277666,0.6792873051224944,1,0.1536147678490356,0.2202574096490411,0.10285663265559203
777048,2025-07-22,2025,Tampa Bay Rays,Chicago White Sox,2025-07-22T17:00:00+00:00,2025-07-22T23:05:00+00:00,0.09190050138551747,0.0,162,162,0.6250849247796595,0.5306841046277666,0.6704288939051919,1,0.1405613136274736,0.2202574096490411,0.10861711397255526
777049,2025-07-22,2025,Colorado Rockies,St. Louis Cardinals,2025-07-22T17:00:00+00:00,2025-07-23T00:40:00+00:00,-0.12251086212938839,0.0,162,162,0.40758782995840526,0.5306841046277666,0.40987654320987654,1,0.3509521792133914,0.2202574096490411,0.3482456942539247
777052,2025-07-22,2025,Miami Marlins,San Diego Padres,2025-07-22T17:00:00+00:00,2025-07-22T22:40:00+00:00,-0.06359417083971991,0.0,162,162,0.4673649690096184,0.5306841046277666,0.5417721518987342,1,0.2837000762381247,0.2202574096490411,0.20997276077551674
777054,2025-07-22,2025,New York Mets,Los Angeles Angels,2025-07-22T17:00:00+00:00,2025-07-22T23:10:00+00:00,0.09918674275243311,0.0,162,162,0.6321071253314084,0.5306841046277666,0.6039119804400979,1,0.13534516723192,0.2202574096490411,0.15688571923888542
777056,2025-07-22,2025,Cleveland Guardians,Baltimore Orioles,2025-07-22T17:00:00+00:00,2025-07-22T22:40:00+00:00,0.02616565516028546,0.0,162,162,0.559669545104152,0.5306841046277666,0.5876543209876544,1,0.19389090950878443,0.2202574096490411,0.17002895900015239
777058,2025-07-22,2025,Atlanta Braves,San Francisco Giants,2025-07-22T17:00:00+00:00,2025-07-22T23:15:00+00:00,0.0031321333198508494,0.0,162,162,0.5361204483322741,0.5306841046277666,0.5190839694656489,0,0.2874251351199986,0.2816256189045743,0.26944816735621474
777022,2025-07-23,2025,Los Angeles Dodgers,Minnesota Twins,2025-07-23T17:00:00+00:00,2025-07-23T20:10:00+00:00,0.08912516827773465,0.0,162,162,0.6223960756423328,0.5306841046277666,0.6535796766743649,1,0.14258472369031086,0.2202574096490411,0.12000704041303757
777024,2025-07-23,2025,Seattle Mariners,Milwaukee Brewers,2025-07-23T17:00:00+00:00,2025-07-23T19:40:00+00:00,-0.014565087626577267,0.0,162,162,0.5179113715276251,0.5306841046277666,0.547979797979798,0,0.2682321887576257,0.2816256189045743,0.30028185899398024
777027,2025-07-23,2025,Toronto Blue Jays,New York Yankees,2025-07-23T17:00:00+00:00,2025-07-23T23:07:00+00:00,-0.04266572505502908,0.0,162,162,0.4889195521109694,0.5306841046277666,0.43859649122807015,1,0.26120322421445213,0.2202574096490411,0.3151738996614343
777028,2025-07-23,2025,Colorado Rockies,St. Louis Cardinals,2025-07-23T17:00:00+00:00,2025-07-23T19:10:00+00:00,-0.11852619854909002,0.0,162,162,0.41156568569309504,0.5306841046277666,0.37980769230769235,1,0.3462549422538374,0.2202574096490411,0.3846384985207101
777030,2025-07-23,2025,Tampa Bay Rays,Chicago White Sox,2025-07-23T17:00:00+00:00,2025-07-23T23:35:00+00:00,0.0923920938919402,0.0,162,162,0.6255604002437248,0.5306841046277666,0.6566820276497696,0,0.3913258143530892,0.2816256189045743,0.4312312854382127
777031,2025-07-23,2025,Chicago Cubs,Kansas City Royals,2025-07-23T17:00:00+00:00,2025-07-23T18:20:00+00:00,0.07649521463361175,0.0,162,162,0.6100665096734653,0.5306841046277666,0.6116504854368933,0,0.37218114622516435,0.2816256189045743,0.37411631633518716
777032,2025-07-23,2025,Arizona Diamondbacks,Houston Astros,2025-07-23T17:00:00+00:00,2025-07-23T19:40:00+00:00,-0.027459659951233895,0.0,162,162,0.5046110473340651,0.5306841046277666,0.530456852791878,0,0.25463230909158213,0.2816256189045743,0.2813844726738642
777034,2025-07-23,2025,New York Mets,Los Angeles Angels,2025-07-23T17:00:00+00:00,2025-07-23T17:10:00+00:00,0.09836759475600843,0.0,162,162,0.6313203886727853,0.5306841046277666,0.6116504854368933,1,0.1359246558083861,0.2202574096490411,0.15081534546140066
777036,2025-07-23,2025,Cleveland Guardians,Baltimore Orioles,2025-07-23T17:00:00+00:00,2025-07-23T22:40:00+00:00,0.02771338966062642,0.0,162,162,0.5612435321346112,0.5306841046277666,0.5392405063291139,1,0.19250723809371195,0.2202574096490411,0.21229931100785132
777038,2025-07-23,2025,Philadelphia Phillies,Boston Red Sox,2025-07-23T17:00:00+00:00,2025-07-23T23:10:00+00:00,0.009287200869583123,0.0,162,162,0.5424335091871348,0.5306841046277666,0.5639097744360902,0,0.2942341118890695,0.2816256189045743,0.3179942337045622
777018,2025-07-24,2025,Los Angeles Angels,Seattle Mariners,2025-07-24T17:00:00+00:00,2025-07-25T01:38:00+00:00,-0.08942744588819773,0.0,162,162,0.44093431743916056,0.5306841046277666,0.5841584158415841,0,0.1944230722955384,0.2816256189045743,0.3412410547985491
777019,2025-07-24,2025,Cleveland Guardians,Baltimore Orioles,2025-07-24T17:00:00+00:00,2025-07-24T17:10:00+00:00,0.02870547268257939,0.0,162,162,0.5622517971089694,0.5306841046277666,0.5216284987277354,0,0.31612708335226575,0.2816256189045743,0.27209629068495106
777021,2025-07-24,2025,Detroit Tigers,Toronto Blue Jays,2025-07-24T17:00:00+00:00,2025-07-24T22:40:00+00:00,0.01403612037051516,0.0,162,162,0.5472951380954564,0.5306841046277666,0.5380710659898477,0,0.29953196818292466,0.2816256189045743,0.289520472055451
777023,2025-07-24,2025,St. Louis Cardinals,San Diego Padres,2025-07-24T17:00:00+00:00,2025-07-24T23:45:00+00:00,-0.007871950829016539,0.0,162,162,0.5248063171786607,0.5306841046277666,0.5841584158415841,1,0.22580903619330764,0.2202574096490411,0.1729242231153809
777004,2025-07-25,2025,San Francisco Giants,New York Mets,2025-07-25T17:00:00+00:00,2025-07-26T02:15:00+00:00,0.002994150407662599,0.0,162,162,0.5359787831453938,0.5306841046277666,0.5603015075376885,0,0.2872732559820171,0.2816256189045743,0.3139377793490064
777005,2025-07-25,2025,St. Louis Cardinals,San Diego Padres,2025-07-25T17:00:00+00:00,2025-07-25T23:15:00+00:00,-0.0046411455559506876,0.0,162,162,0.5281313175920813,0.5306841046277666,0.46329113924050636,1,0.22266005343738524,0.2202574096490411,0.28805640121775355
777006,2025-07-25,2025,Los Angeles Angels,Seattle Mariners,2025-07-25T17:00:00+00:00,2025-07-26T01:38:00+00:00,-0.08988271519625946,0.0,162,162,0.4404710646107446,0.5306841046277666,0.4593908629441624,1,0.31307262953783355,0.2202574096490411,0.2922582390682574
777008,2025-07-25,2025,Milwaukee Brewers,Miami Marlins,2025-07-25T17:00:00+00:00,2025-07-25T20:10:00+00:00,0.0990444556777717,0.0,162,162,0.6319705184711291,0.5306841046277666,0.6582568807339451,0,0.3993867362166677,0.2816256189045743,0.4333021210335832
777009,2025-07-25,2025,Texas Rangers,Atlanta Braves,2025-07-25T17:00:00+00:00,2025-07-26T00:05:00+00:00,-0.003725005948051918,0.0,162,162,0.529073726368305,0.5306841046277666,0.5806451612903225,1,0.2217715551966341,0.2202574096490411,0.17585848074921961
777011,2025-07-25,2025,Minnesota Twins,Washington Nationals,2025-07-25T17:00:00+00:00,2025-07-26T00:10:00+00:00,0.03792652691735854,0.0,162,162,0.5715976052708364,0.5306841046277666,0.6039119804400979,1,0.18352861180968214,0.2202574096490411,0.15688571923888542
777012,2025-07-25,2025,Boston Red Sox,Los Angeles Dodgers,2025-07-25T17:00:00+00:00,2025-07-25T23:10:00+00:00,-0.03721741736003281,0.0,162,162,0.4945408880639399,0.5306841046277666,0.4809160305343511,0,0.24457068996707035,0.2816256189045743,0.23128022842491694
777013,2025-07-25,2025,Cincinnati Reds,Tampa Bay Rays,2025-07-25T17:00:00+00:00,2025-07-25T23:10:00+00:00,-0.03185275404651222,0.0,162,162,0.5000772792649374,0.5306841046277666,0.5025510204081632,1,0.2499227267071474,0.2202574096490411,0.24745548729695963
777014,2025-07-25,2025,Pittsburgh Pirates,Arizona Diamondbacks,2025-07-25T17:00:00+00:00,2025-07-25T22:40:00+00:00,-0.06391500014461932,0.0,162,162,0.46703528158177227,0.5306841046277666,0.49744897959183665,0,0.21812195424216532,0.2816256189045743,0.24745548729695951
777015,2025-07-25,2025,New York Yankees,Philadelphia Phillies,2025-07-25T17:00:00+00:00,2025-07-25T23:05:00+00:00,0.03373788889622553,0.0,162,162,0.567358213049399,0.5306841046277666,0.5866336633663367,0,0.3218953419146073,0.2816256189045743,0.34413905499460845
777016,2025-07-25,2025,Detroit Tigers,Toronto Blue Jays,2025-07-25T17:00:00+00:00,2025-07-25T23:10:00+00:00,0.008940835217166154,0.0,162,162,0.542078595191455,0.5306841046277666,0.5153061224489797,0,0.2938492033647413,0.2816256189045743,0.26554039983340283
777017,2025-07-25,2025,Chicago White Sox,Chicago Cubs,2025-07-25T17:00:00+00:00,2025-07-25T23:40:00+00:00,-0.14046096562286792,0.0,162,162,0.3898249957779998,0.5306841046277666,0.3840579710144928,1,0.37231353577731796,0.2202574096490411,0.3793845830707834
777020,2025-07-25,2025,Baltimore Orioles,Colorado Rockies,2025-07-25T17:00:00+00:00,2025-07-25T23:05:00+00:00,0.06539060002514036,-1.0,162,162,0.6642808510614645,0.5306841046277666,0.6448598130841121,0,0.4412690490869436,0.2816256189045743,0.415844178530876
776985,2025-07-26,2025,San Francisco Giants,New York Mets,2025-07-26T17:00:00+00:00,2025-07-27T01:05:00+00:00,-0.003882081931315118,0.0,162,162,0.5289121609598195,0.5306841046277666,0.5089058524173028,0,0.279748074011186,0.2816256189045743,0.2589851666245816
776990,2025-07-26,2025,Kansas City Royals,Cleveland Guardians,2025-07-26T17:00:00+00:00,2025-07-26T23:15:00+00:00,0.029966947772242236,1.0,162,162,0.4937086147718215,0.5306841046277666,0.5153846153846154,0,0.24374819629991082,0.2816256189045743,0.265621301775148
776992,2025-07-26,2025,St. Louis Cardinals,San Diego Padres,2025-07-26T17:00:00+00:00,2025-07-26T23:15:00+00:00,-0.0009193615460693638,0.0,162,162,0.5319585015731454,0.5306841046277666,0.5760598503740648,0,0.2829798473959461,0.2816256189045743,0.33184495121298996
776993,2025-07-26,2025,Texas Rangers,Atlanta Braves,2025-07-26T17:00:00+00:00,2025-07-26T23:05:00+00:00,-0.0014130062980639568,0.0,162,162,0.531451083324768,0.5306841046277666,0.5089058524173028,1,0.21953808731753352,0.2202574096490411,0.24117346178997598
776994,2025-07-26,2025,Chicago White Sox,Chicago Cubs,2025-07-26T17:00:00+00:00,2025-07-26T23:10:00+00:00,-0.13229948215547532,0.0,162,162,0.3978681870378167,0.5306841046277666,0.3681710213776722,0,0.1582990942567591,0.2816256189045743,0.13554990098227837
776995,2025-07-26,2025,Los Angeles Angels,Seattle Mariners,2025-07-26T17:00:00+00:00,2025-07-27T01:38:00+00:00,-0.0869531390851298,0.0,162,162,0.44345379162343956,0.5306841046277666,0.4531645569620253,0,0.19665126530520496,0.2816256189045743,0.20535811568658865
776996,2025-07-26,2025,Milwaukee Brewers,Miami Marlins,2025-07-26T17:00:00+00:00,2025-07-26T23:10:00+00:00,0.09473145050863369,0.0,162,162,0.6278197272375297,0.5306841046277666,0.5945945945945945,0,0.39415760990860615,0.2816256189045743,0.3535427319211102
776997,2025-07-26,2025,Minnesota Twins,Washington Nationals,2025-07-26T17:00:00+00:00,2025-07-26T23:10:00+00:00,0.042242481997540826,0.0,162,162,0.5759548843649182,0.5306841046277666,0.6836283185840709,0,0.33172402882380625,0.2816256189045743,0.467347677970084
776998,2025-07-26,2025,Boston Red Sox,Los Angeles Dodgers,2025-07-26T17:00:00+00:00,2025-07-26T23:15:00+00:00,-0.04179231857293797,0.0,162,162,0.4898205448077824,0.5306841046277666,0.5603015075376885,1,0.26028307650022803,0.2202574096490411,0.19333476427362942
776999,2025-07-26,2025,Baltimore Orioles,Colorado Rockies,2025-07-26T17:00:00+00:00,2025-07-26T23:05:00+00:00,0.06473382476181933,0.0,162,162,0.5984565943976785,0.5306841046277666,0.7002141327623127,1,0.16123710658271048,0.2202574096490411,0.08987156619545228
777000,2025-07-26,2025,Cincinnati Reds,Tampa Bay Rays,2025-07-26T17:00:00+00:00,2025-07-26T22:40:00+00:00,-0.027400748779730977,0.0,162,162,0.5046718414502356,0.5306841046277666,0.5380710659898477,1,0.24534998465230057,0.2202574096490411,0.21337834007575568
777001,2025-07-26,2025,New York Yankees,Philadelphia Phillies,2025-07-26T17:00:00+00:00,2025-07-26T17:05:00+00:00,0.02746116680023658,0.0,162,162,0.5609871142631991,0.5306841046277666,0.4483627204030227,0,0.31470654236935164,0.2816256189045743,0.20102912904719913
777002,2025-07-26,2025,Pittsburgh Pirates,Arizona Diamondbacks,2025-07-26T17:00:00+00:00,2025-07-26T22:40:00+00:00,-0.0639792592314834,0.0,162,162,0.46696925174751047,0.5306841046277666,0.44584382871536526,1,0.28412177858260884,0.2202574096490411,0.3070890621728455
777003,2025-07-26,2025,Detroit Tigers,Toronto Blue Jays,2025-07-26T17:00:00+00:00,2025-07-26T22:10:00+00:00,0.008001366702767743,0.0,162,162,0.5411157264768142,0.5306841046277666,0.5935960591133005,0,0.29280622944053036,0.2816256189045743,0.35235628139484093
777010,2025-07-26,2025,Kansas City Royals,Cleveland Guardians,2025-07-26T17:00:00+00:00,2025-07-26T18:40:00+00:00,0.029966947772242236,1.0,162,162,0.4937086147718215,0.5306841046277666,0.5516372795969774,1,0.2563309667562679,0.2202574096490411,0.20102912904719902
776974,2025-07-27,2025,San Francisco Giants,New York Mets,2025-07-27T17:00:00+00:00,2025-07-27T23:10:00+00:00,-0.004746565400653213,0.0,162,162,0.5280228619710645,0.5306841046277666,0.47715736040609136,0,0.27880814276411386,0.2816256189045743,0.22767914658970856
776975,2025-07-27,2025,Kansas City Royals,Cleveland Guardians,2025-07-27T17:00:00+00:00,2025-07-27T18:10:00+00:00,0.025537073330822557,0.0,162,162,0.5590299567675052,0.5306841046277666,0.547979797979798,1,0.19445457902846833,0.2202574096490411,0.20432226303438422
776977,2025-07-27,2025,Los Angeles Angels,Seattle Mariners,2025-07-27T17:00:00+00:00,2025-07-27T20:07:00+00:00,-0.09068073777668634,0.0,162,162,0.43965929859238967,0.5306841046277666,0.39512195121951227,1,0.31398170165397266,0.2202574096490411,0.36587745389649
776978,2025-07-27,2025,Milwaukee Brewers,Miami Marlins,2025-07-27T17:00:00+00:00,2025-07-27T18:10:00+00:00,0.09124435277756454,0.0,162,162,0.6244499121621445,0.5306841046277666,0.5866336633663367,1,0.14103786847502098,0.2202574096490411,0.17087172826193503
776979,2025-07-27,2025,Minnesota Twins,Washington Nationals,2025-07-27T17:00:00+00:00,2025-07-27T18:10:00+00:00,0.036424663725041384,0.0,162,162,0.5700787184699032,0.5306841046277666,0.608272506082725,0,0.3249897452522872,0.2816256189045743,0.3699954416561587
776980,2025-07-27,2025,St. Louis Cardinals,San Diego Padres,2025-07-27T17:00:00+00:00,2025-07-27T18:15:00+00:00,-0.0036352957255445517,0.0,162,162,0.5291659978886117,0.5306841046277666,0.5355329949238579,0,0.28001665332145026,0.2816256189045743,0.2867955886521168
776981,2025-07-27,2025,Texas Rangers,Atlanta Braves,2025-07-27T17:00:00+00:00,2025-07-27T18:35:00+00:00,0.0046009652323625305,0.0,162,162,0.5376281123435693,0.5306841046277666,0.5367088607594936,1,0.21378776249497095,0.2202574096490411,0.21463867969876624
776982,2025-07-27,2025,Cincinnati Reds,Tampa Bay Rays,2025-07-27T17:00:00+00:00,2025-07-27T17:40:00+00:00,-0.024168251085458614,0.0,162,162,0.5080073964319182,0.5306841046277666,0.5076530612244898,1,0.24205672196569972,0.2202574096490411,0.24240550812161596
776983,2025-07-27,2025,Boston Red Sox,Los Angeles Dodgers,2025-07-27T17:00:00+00:00,2025-07-27T17:35:00+00:00,-0.03924679550583898,0.0,162,162,0.4924468232521339,0.5306841046277666,0.49744897959183665,1,0.25761022722685056,0.2202574096490411,0.25255752811328624
776984,2025-07-27,2025,Pittsburgh Pirates,Arizona Diamondbacks,2025-07-27T17:00:00+00:00,2025-07-27T17:35:00+00:00,-0.06252644418845305,0.0,162,162,0.46846237934925283,0.5306841046277666,0.5577889447236182,1,0.2825322421670576,0.2202574096490411,0.19555061740865123
776986,2025-07-27,2025,Baltimore Orioles,Colorado Rockies,2025-07-27T17:00:00+00:00,2025-07-27T17:35:00+00:00,0.07823469179455889,0.0,162,162,0.6117733888246608,0.5306841046277666,0.6519721577726217,1,0.15071990162468799,0.2202574096490411,0.1211233789654449
776987,2025-07-27,2025,Detroit Tigers,Toronto Blue Jays,2025-07-27T17:00:00+00:00,2025-07-27T17:40:00+00:00,0.005784723562626715,0.0,162,162,0.5388426669095677,0.5306841046277666,0.5127551020408163,1,0.2126660858630799,0.2202574096490411,0.23740759058725533
776988,2025-07-27,2025,New York Yankees,Philadelphia Phillies,2025-07-27T17:00:00+00:00,2025-07-27T17:35:00+00:00,0.0240500592092886,0.0,162,162,0.5575161285129552,0.5306841046277666,0.4531645569620253,1,0.1957919765261636,0.2202574096490411,0.2990290017625381
776989,2025-07-27,2025,Chicago White Sox,Chicago Cubs,2025-07-27T17:00:00+00:00,2025-07-27T18:10:00+00:00,-0.1386594691098202,0.0,162,162,0.3915954015526696,0.5306841046277666,0.39608801955990225,0,0.15334695851719654,0.2816256189045743,0.1568857192388855
776958,2025-07-28,2025,Los Angeles Angels,Texas Rangers,2025-07-28T17:00:00+00:00,2025-07-29T01:38:00+00:00,-0.09058727617039447,0.0,162,162,0.43975435318086015,0.5306841046277666,0.3568075117370892,1,0.3138751847797965,0.2202574096490411,0.41369657695783457
776959,2025-07-28,2025,San Diego Padres,New York Mets,2025-07-28T17:00:00+00:00,2025-07-29T01:40:00+00:00,-0.03637473957793125,0.0,162,162,0.4954104867903442,0.5306841046277666,0.5417721518987342,1,0.25461057684115745,0.2202574096490411,0.20997276077551674
776960,2025-07-28,2025,St. Louis Cardinals,Miami Marlins,2025-07-28T17:00:00+00:00,2025-07-28T23:45:00+00:00,0.041258651497597776,0.0,162,162,0.5749626471353466,0.5306841046277666,0.5089058524173028,1,0.18065675133019188,0.2202574096490411,0.24117346178997598
776961,2025-07-28,2025,Minnesota Twins,Boston Red Sox,2025-07-28T17:00:00+00:00,2025-07-28T23:40:00+00:00,-0.0559637048946271,0.0,162,162,0.4752138725343213,0.5306841046277666,0.49489795918367346,1,0.2754004795804235,0.2202574096490411,0.25512807163681794
776964,2025-07-28,2025,San Francisco Giants,Pittsburgh Pirates,2025-07-28T17:00:00+00:00,2025-07-29T01:45:00+00:00,0.07807047464108685,0.0,162,162,0.6116123655691407,0.5306841046277666,0.5443037974683544,0,0.37406968571708016,0.2816256189045743,0.2962666239384714
776965,2025-07-28,2025,Milwaukee Brewers,Chicago Cubs,2025-07-28T17:00:00+00:00,2025-07-28T23:40:00+00:00,-0.03831164973208645,0.0,162,162,0.49341174842795316,0.5306841046277666,0.48346055979643765,1,0.2566316566308234,0.2202574096490411,0.26681299328580954
776966,2025-07-28,2025,Baltimore Orioles,Toronto Blue Jays,2025-07-28T17:00:00+00:00,2025-07-28T22:35:00+00:00,-0.07063420457294006,0.0,162,162,0.4601376092059151,0.5306841046277666,0.5051020408163266,1,0.29145140099390526,0.2202574096490411,0.24492399000416487
776967,2025-07-28,2025,Cincinnati Reds,Los Angeles Dodgers,2025-07-28T17:00:00+00:00,2025-07-28T23:10:00+00:00,-0.05385331295144691,0.0,162,162,0.47738700864260675,0.5306841046277666,0.4133663366336633,0,0.2278983560207363,0.2816256189045743,0.17087172826193503
776968,2025-07-28,2025,Cleveland Guardians,Colorado Rockies,2025-07-28T17:00:00+00:00,2025-07-28T22:40:00+00:00,0.10038922235967551,0.0,162,162,0.6332607525269346,0.5306841046277666,0.7088607594936709,0,0.40101918069097947,0.2816256189045743,0.5024835763499439
776969,2025-07-28,2025,Houston Astros,Washington Nationals,2025-07-28T17:00:00+00:00,2025-07-29T00:10:00+00:00,0.08841874517919429,0.0,162,162,0.6217104543761136,0.5306841046277666,0.6948051948051949,0,0.38652388908055363,0.2816256189045743,0.4827542587282848
776970,2025-07-28,2025,New York Yankees,Tampa Bay Rays,2025-07-28T17:00:00+00:00,2025-07-28T23:05:00+00:00,0.03227191342492641,0.0,162,162,0.5658721078026024,0.5306841046277666,0.5468354430379747,0,0.3202112423889601,0.2816256189045743,0.2990290017625381
776971,2025-07-28,2025,Kansas City Royals,Atlanta Braves,2025-07-28T17:00:00+00:00,2025-07-28T23:40:00+00:00,-0.015447716979921644,0.0,162,162,0.5170015632748344,0.5306841046277666,0.39172749391727496,0,0.26729061642862256,0.2816256189045743,0.1534504294907087
776972,2025-07-28,2025,Chicago White Sox,Philadelphia Phillies,2025-07-28T17:00:00+00:00,2025-07-28T23:40:00+00:00,-0.09229655023570354,0.0,162,162,0.438016651325819,0.5306841046277666,0.3394495412844037,1,0.3158252841870461,0.2202574096490411,0.43632690850938477
776973,2025-07-28,2025,Detroit Tigers,Arizona Diamondbacks,2025-07-28T17:00:00+00:00,2025-07-28T22:40:00+00:00,0.025946204905403225,0.0,162,162,0.5594462746563443,0.5306841046277666,0.5468354430379747,1,0.1940875849141732,0.2202574096490411,0.20535811568658865
776943,2025-07-29,2025,San Francisco Giants,Pittsburgh Pirates,2025-07-29T17:00:00+00:00,2025-07-30T01:45:00+00:00,0.0772895059294958,0.0,162,162,0.610846253116706,0.5306841046277666,0.6039119804400979,0,0.3731331449467189,0.2816256189045743,0.36470968011908117
776945,2025-07-29,2025,Los Angeles Angels,Texas Rangers,2025-07-29T17:00:00+00:00,2025-07-30T01:38:00+00:00,-0.08826251243567523,0.0,162,162,0.44212014544229244,0.5306841046277666,0.5367088607594936,1,0.3112299321213289,0.2202574096490411,0.21463867969876624
776946,2025-07-29,2025,St. Louis Cardinals,Miami Marlins,2025-07-29T17:00:00+00:00,2025-07-29T23:45:00+00:00,0.04810912551667984,0.0,162,162,0.5818586918332778,0.5306841046277666,0.597051597051597,0,0.3385595372619333,0.2816256189045743,0.3564706095418626
776947,2025-07-29,2025,San Diego Padres,New York Mets,2025-07-29T17:00:00+00:00,2025-07-30T01:40:00+00:00,-0.03540148854181002,0.0,162,162,0.496414864398914,0.5306841046277666,0.46329113924050636,1,0.25359798879836415,0.2202574096490411,0.28805640121775355
776949,2025-07-29,2025,New York Yankees,Tampa Bay Rays,2025-07-29T17:00:00+00:00,2025-07-29T23:05:00+00:00,0.03063222602025184,0.0,162,162,0.5642085021952334,0.5306841046277666,0.6350710900473934,1,0.18991422955892184,0.2202574096490411,0.13317310931919768
776950,2025-07-29,2025,Houston Astros,Washington Nationals,2025-07-29T17:00:00+00:00,2025-07-30T00:10:00+00:00,0.08989590535597836,0.0,162,162,0.6231435588519028,0.5306841046277666,0.5577889447236182,1,0.14202077723480927,0.2202574096490411,0.19555061740865123
776951,2025-07-29,2025,Cleveland Guardians,Colorado Rockies,2025-07-29T17:00:00+00:00,2025-07-29T22:40:00+00:00,0.09531102136209679,0.0,162,162,0.6283786131325263,0.5306841046277666,0.6480186480186481,1,0.13810245517730455,0.2202574096490411,0.12389087214262037
776952,2025-07-29,2025,Chicago White Sox,Philadelphia Phillies,2025-07-29T17:00:00+00:00,2025-07-29T23:40:00+00:00,-0.08755087947298201,0.0,162,162,0.44284486817985746,0.5306841046277666,0.3840579710144928,0,0.19611157727323533,0.2816256189045743,0.147500525099769
776953,2025-07-29,2025,Detroit Tigers,Arizona Diamondbacks,2025-07-29T17:00:00+00:00,2025-07-29T22:40:00+00:00,0.027872561664920803,0.0,162,162,0.5614053346916174,0.5306841046277666,0.5614035087719298,1,0.19236528043697218,0.2202574096490411,0.19236688211757466
776954,2025-07-29,2025,Minnesota Twins,Boston Red Sox,2025-07-29T17:00:00+00:00,2025-07-29T23:40:00+00:00,-0.057115759707255076,0.0,162,162,0.4740279566238604,0.5306841046277666,0.4707379134860051,0,0.22470250366099245,0.2816256189045743,0.2215941831931576
776955,2025-07-29,2025,Kansas City Royals,Atlanta Braves,2025-07-29T17:00:00+00:00,2025-07-29T23:40:00+00:00,-0.013433218617761256,0.0,162,162,0.5190779196920827,0.5306841046277666,0.5443037974683544,1,0.23128604732769484,0.2202574096490411,0.20765902900176253
776956,2025-07-29,2025,Milwaukee Brewers,Chicago Cubs,2025-07-29T17:00:00+00:00,2025-07-29T23:40:00+00:00,-0.03227832726266955,0.0,162,162,0.49963806590661886,0.5306841046277666,0.5367088607594936,1,0.2503620650896691,0.2202574096490411,0.21463867969876624
776963,2025-07-29,2025,Cincinnati Reds,Los Angeles Dodgers,2025-07-29T17:00:00+00:00,2025-07-29T23:10:00+00:00,-0.05973022324129251,0.0,162,162,0.4713377565830828,0.5306841046277666,0.4133663366336633,0,0.2221592807807734,0.2816256189045743,0.17087172826193503
776929,2025-07-30,2025,Milwaukee Brewers,Chicago Cubs,2025-07-30T17:00:00+00:00,2025-07-30T18:10:00+00:00,-0.022064297900085905,0.0,162,162,0.5101780626895684,0.5306841046277666,0.5279187817258882,0,0.26028165564968125,0.2816256189045743,0.27869824009894606
776931,2025-07-30,2025,San Diego Padres,New York Mets,2025-07-30T17:00:00+00:00,2025-07-30T20:10:00+00:00,-0.02482020443025712,0.0,162,162,0.5073347055640579,0.5306841046277666,0.5025510204081632,1,0.2427190923416535,0.2202574096490411,0.24745548729695963
776932,2025-07-30,2025,Los Angeles Angels,Texas Rangers,2025-07-30T17:00:00+00:00,2025-07-31T01:38:00+00:00,-0.08761712276950123,0.0,162,162,0.4427773960833998,0.5306841046277666,0.47328244274809167,0,0.1960518224823959,0.2816256189045743,0.22399627061360067
776933,2025-07-30,2025,San Francisco Giants,Pittsburgh Pirates,2025-07-30T17:00:00+00:00,2025-07-30T19:45:00+00:00,0.07550534290985428,0.0,162,162,0.6090939803122022,0.5306841046277666,0.6440281030444964,0,0.37099547685256135,0.2816256189045743,0.4147721975110925
776934,2025-07-30,2025,St. Louis Cardinals,Miami Marlins,2025-07-30T17:00:00+00:00,2025-07-30T23:45:00+00:00,0.04015445977483173,0.0,162,162,0.5738483007783861,0.5306841046277666,0.568922305764411,0,0.3293018723062411,0.2816256189045743,0.323672589996294
776935,2025-07-30,2025,Minnesota Twins,Boston Red Sox,2025-07-30T17:00:00+00:00,2025-07-30T17:10:00+00:00,-0.05508042298926036,0.0,162,162,0.4761233058694381,0.5306841046277666,0.5292620865139949,0,0.2266934023920425,0.2816256189045743,0.2801183562211474
776936,2025-07-30,2025,Kansas City Royals,Atlanta Braves,2025-07-30T17:00:00+00:00,2025-07-30T18:10:00+00:00,-0.013427528241945708,0.0,162,162,0.519083783899665,0.5306841046277666,0.5228426395939086,1,0.2312804069082641,0.2202574096490411,0.22767914658970856
776937,2025-07-30,2025,Houston Astros,Washington Nationals,2025-07-30T17:00:00+00:00,2025-07-30T18:10:00+00:00,0.09543946845365198,0.0,162,162,0.6285024295130607,0.5306841046277666,0.5139949109414759,1,0.13801044487769845,0.2202574096490411,0.23620094659078397
776938,2025-07-30,2025,New York Yankees,Tampa Bay Rays,2025-07-30T17:00:00+00:00,2025-07-30T23:05:00+00:00,0.033035767349387624,0.0,162,162,0.566646599984367,0.5306841046277666,0.5516372795969774,1,0.18779516930510928,0.2202574096490411,0.20102912904719902
776939,2025-07-30,2025,Chicago White Sox,Philadelphia Phillies,2025-07-30T17:00:00+00:00,2025-07-30T18:10:00+00:00,-0.08818558432962026,0.0,162,162,0.4421984767379693,0.5306841046277666,0.43859649122807015,1,0.31114253935344177,0.2202574096490411,0.3151738996614343
776940,2025-07-30,2025,Detroit Tigers,Arizona Diamondbacks,2025-07-30T17:00:00+00:00,2025-07-30T17:10:00+00:00,0.03617401083457594,0.0,162,162,0.5698250951100063,0.5306841046277666,0.5392405063291139,1,0.1850504487971151,0.2202574096490411,0.21229931100785132
776941,2025-07-30,2025,Cincinnati Reds,Los Angeles Dodgers,2025-07-30T17:00:00+00:00,2025-07-30T23:10:00+00:00,-0.05825846315958583,0.0,162,162,0.47285195626967297,0.5306841046277666,0.40987654320987654,1,0.2778850600087108,0.2202574096490411,0.3482456942539247
776942,2025-07-30,2025,Cleveland Guardians,Colorado Rockies,2025-07-30T17:00:00+00:00,2025-07-30T22:40:00+00:00,0.10021514442280494,0.0,162,162,0.6330938409062771,0.5306841046277666,0.6258992805755395,1,0.13462012958090833,0.2202574096490411,0.13995134827389896
776923,2025-07-31,2025,Seattle Mariners,Texas Rangers,2025-07-31T17:00:00+00:00,2025-08-01T01:40:00+00:00,-0.002470900317779301,0.0,162,162,0.5303634545981254,0.5306841046277666,0.6125907990314771,1,0.22055848477700704,0.2202574096490411,0.1500858889950694
776927,2025-07-31,2025,New York Yankees,Tampa Bay Rays,2025-07-31T17:00:00+00:00,2025-07-31T17:05:00+00:00,0.02875187931705303,0.0,162,162,0.5622989481650246,0.5306841046277666,0.47582697201017815,1,0.19158221077744383,0.2202574096490411,0.2747573632720185
776928,2025-07-31,2025,Cincinnati Reds,Atlanta Braves,2025-07-31T17:00:00+00:00,2025-07-31T23:10:00+00:00,-0.0058673928516972396,0.0,162,162,0.5268695964829054,0.5306841046277666,0.6235011990407675,0,0.2775915716980596,0.2816256189045743,0.3887537452052748
776906,2025-08-01,2025,San Diego Padres,St. Louis Cardinals,2025-08-01T17:00:00+00:00,2025-08-02T01:40:00+00:00,0.0163000485019143,0.0,162,162,0.5496096829876369,0.5306841046277666,0.6350710900473934,1,0.20285143765849692,0.2202574096490411,0.13317310931919768
776908,2025-08-01,2025,Seattle Mariners,Texas Rangers,2025-08-01T17:00:00+00:00,2025-08-02T02:10:00+00:00,-0.0007674209475910798,0.0,162,162,0.5321146683098519,0.5306841046277666,0.6276849642004773,1,0.21891668361079994,0.2202574096490411,0.1386184858823999
776913,2025-08-01,2025,Philadelphia Phillies,Detroit Tigers,2025-08-01T17:00:00+00:00,2025-08-01T22:45:00+00:00,-0.010802252501976861,0.0,162,162,0.5217886704392353,0.5306841046277666,0.5841584158415841,1,0.22868607572027433,0.2202574096490411,0.1729242231153809
776915,2025-08-01,2025,Chicago Cubs,Baltimore Orioles,2025-08-01T17:00:00+00:00,2025-08-01T18:20:00+00:00,0.10865265691350018,0.0,162,162,0.6411466319810011,0.5306841046277666,0.5841584158415841,1,0.1287757397385791,0.2202574096490411,0.1729242231153809
776916,2025-08-01,2025,Los Angeles Angels,Chicago White Sox,2025-08-01T17:00:00+00:00,2025-08-02T01:38:00+00:00,-0.011969413074346458,0.0,162,162,0.5205862643199973,0.5306841046277666,0.5541561712846348,0,0.2710100585986501,0.2816256189045743,0.3070890621728455
776917,2025-08-01,2025,Washington Nationals,Milwaukee Brewers,2025-08-01T17:00:00+00:00,2025-08-01T22:45:00+00:00,-0.11313680664446069,0.0,162,162,0.4169642167318662,0.5306841046277666,0.4158415841584158,0,0.17385915803481866,0.2816256189045743,0.17292422311538083
776918,2025-08-01,2025,Tampa Bay Rays,Los Angeles Dodgers,2025-08-01T17:00:00+00:00,2025-08-01T23:35:00+00:00,-0.03271919826277614,-1.0,162,162,0.5689117932182925,0.5306841046277666,0.4607594936708861,0,0.32366062846285326,0.2816256189045743,0.21229931100785132
776919,2025-08-01,2025,Colorado Rockies,Pittsburgh Pirates,2025-08-01T17:00:00+00:00,2025-08-02T00:10:00+00:00,-0.08246113849309084,0.0,162,162,0.44803514603195527,0.5306841046277666,0.4483627204030227,1,0.3046652000159649,0.2202574096490411,0.30430368824115367
776920,2025-08-01,2025,Toronto Blue Jays,Kansas City Royals,2025-08-01T17:00:00+00:00,2025-08-01T23:07:00+00:00,0.00867592636686687,0.0,162,162,0.5418071195171192,0.5306841046277666,0.5866336633663367,0,0.29355495475943794,0.2816256189045743,0.34413905499460845
776922,2025-08-01,2025,Boston Red Sox,Houston Astros,2025-08-01T17:00:00+00:00,2025-08-01T23:10:00+00:00,0.004478557431324193,0.0,162,162,0.5375024942948574,0.5306841046277666,0.46329113924050636,1,0.2139039427834784,0.2202574096490411,0.28805640121775355
776924,2025-08-01,2025,Cleveland Guardians,Minnesota Twins,2025-08-01T17:00:00+00:00,2025-08-01T23:10:00+00:00,0.010974276740745192,0.0,162,162,0.5441615999948535,0.5306841046277666,0.530456852791878,1,0.20778864691925197,0.2202574096490411,0.2204707670901081
776925,2025-08-01,2025,Miami Marlins,New York Yankees,2025-08-01T17:00:00+00:00,2025-08-01T23:10:00+00:00,-0.10655884070777727,1.0,162,162,0.35691634756612695,0.5306841046277666,0.39512195121951227,1,0.41355658402769035,0.2202574096490411,0.36587745389649
776926,2025-08-01,2025,New York Mets,San Francisco Giants,2025-08-01T17:00:00+00:00,2025-08-01T23:10:00+00:00,-0.002980908702690077,0.0,162,162,0.5298390074801508,0.5306841046277666,0.5639097744360902,0,0.28072937384755126,0.2816256189045743,0.3179942337045622
776896,2025-08-02,2025,San Diego Padres,St. Louis Cardinals,2025-08-02T17:00:00+00:00,2025-08-03T02:10:00+00:00,0.01860012479337836,0.0,162,162,0.5519589867826313,0.5306841046277666,0.5771144278606966,0,0.304658723090109,0.2816256189045743,0.3330610628449791
776897,2025-08-02,2025,Seattle Mariners,Texas Rangers,2025-08-02T17:00:00+00:00,2025-08-02T20:10:00+00:00,0.000276044622294469,0.0,162,162,0.5331869856902367,0.5306841046277666,0.5417721518987342,0,0.28428836170944066,0.2816256189045743,0.2935170645729851
776898,2025-08-02,2025,Los Angeles Angels,Chicago White Sox,2025-08-02T17:00:00+00:00,2025-08-03T02:07:00+00:00,-0.022673024956709253,0.0,162,162,0.5095500696871406,0.5306841046277666,0.5796019900497512,0,0.2596412735181698,0.2816256189045743,0.3359384668696319
776900,2025-08-02,2025,Toronto Blue Jays,Kansas City Royals,2025-08-02T17:00:00+00:00,2025-08-02T19:07:00+00:00,0.006010532057281193,0.0,162,162,0.5390742980377793,0.5306841046277666,0.5675,1,0.21245250272936592,0.2202574096490411,0.18705625
776901,2025-08-02,2025,Tampa Bay Rays,Los Angeles Dodgers,2025-08-02T17:00:00+00:00,2025-08-02T17:10:00+00:00,-0.0378260841883723,0.0,162,162,0.49391279645727126,0.5306841046277666,0.46446700507614214,1,0.25612425758969937,0.2202574096490411,0.2867955886521168
776902,2025-08-02,2025,Chicago Cubs,Baltimore Orioles,2025-08-02T17:00:00+00:00,2025-08-02T18:20:00+00:00,0.11061937696386215,0.0,162,162,0.6430124894136533,0.5306841046277666,0.6704288939051919,0,0.41346506154194357,0.2816256189045743,0.44947490178293903
776903,2025-08-02,2025,Washington Nationals,Milwaukee Brewers,2025-08-02T17:00:00+00:00,2025-08-02T20:05:00+00:00,-0.11163043678519241,0.0,162,162,0.41847676705818,0.5306841046277666,0.3705463182897863,0,0.17512280456746623,0.2816256189045743,0.1373045739981156
776904,2025-08-02,2025,Colorado Rockies,Pittsburgh Pirates,2025-08-02T17:00:00+00:00,2025-08-02T19:10:00+00:00,-0.08701867234321337,0.0,162,162,0.44338702398400326,0.5306841046277666,0.31208791208791203,1,0.3098180050693846,0.2202574096490411,0.47322304069556814
776905,2025-08-02,2025,Cleveland Guardians,Minnesota Twins,2025-08-02T17:00:00+00:00,2025-08-02T20:10:00+00:00,0.010042914441188988,0.0,162,162,0.5432077238828787,0.5306841046277666,0.5990220048899756,1,0.20865918352026033,0.2202574096490411,0.16078335256245477
776909,2025-08-02,2025,Boston Red Sox,Houston Astros,2025-08-02T17:00:00+00:00,2025-08-02T20:10:00+00:00,0.00810330309402929,0.0,162,162,0.5412202168720147,0.5306841046277666,0.530456852791878,1,0.21047888940696122,0.2202574096490411,0.2204707670901081
776910,2025-08-02,2025,Miami Marlins,New York Yankees,2025-08-02T17:00:00+00:00,2025-08-02T20:10:00+00:00,-0.1018565608119546,0.0,162,162,0.42832681499934727,0.5306841046277666,0.5089058524173028,1,0.32681023044879043,0.2202574096490411,0.24117346178997598
776911,2025-08-02,2025,New York Mets,San Francisco Giants,2025-08-02T17:00:00+00:00,2025-08-02T20:10:00+00:00,-0.0045282192243376596,0.0,162,162,0.5282474929182287,0.5306841046277666,0.6456876456876457,1,0.22255042793793667,0.2202574096490411,0.12553724441836328
776912,2025-08-02,2025,Philadelphia Phillies,Detroit Tigers,2025-08-02T17:00:00+00:00,2025-08-02T20:05:00+00:00,-0.010936517533363221,0.0,162,162,0.5216503635017204,0.5306841046277666,0.5178571428571429,0,0.2721191017414771,0.2816256189045743,0.2681760204081633
776883,2025-08-03,2025,Seattle Mariners,Texas Rangers,2025-08-03T17:00:00+00:00,2025-08-03T20:10:00+00:00,-0.005504109411448854,0.0,162,162,0.5272434257696801,0.5306841046277666,0.43107769423558895,1,0.223498778477988,0.2202574096490411,0.323672589996294
776884,2025-08-03,2025,San Diego Padres,St. Louis Cardinals,2025-08-03T17:00:00+00:00,2025-08-03T20:10:00+00:00,0.017628208537504908,0.0,162,162,0.5509665457808971,0.5306841046277666,0.6225961538461539,1,0.2016310430079392,0.2202574096490411,0.14243366309171596
776885,2025-08-03,2025,Los Angeles Angels,Chicago White Sox,2025-08-03T17:00:00+00:00,2025-08-03T20:07:00+00:00,-0.019387698603383408,0.0,162,162,0.5129389674233926,0.5306841046277666,0.5443037974683544,1,0.23722844945459098,0.2202574096490411,0.20765902900176253
776886,2025-08-03,2025,Colorado Rockies,Pittsburgh Pirates,2025-08-03T17:00:00+00:00,2025-08-03T19:10:00+00:00,-0.08192235044101437,0.0,162,162,0.4485852601525647,0.5306841046277666,0.42039800995024873,0,0.20122873562614418,0.2816256189045743,0.17673448677012943
776887,2025-08-03,2025,New York Mets,San Francisco Giants,2025-08-03T17:00:00+00:00,2025-08-03T17:40:00+00:00,-8.967573349338842e-05,0.0,162,162,0.5328111875600939,0.5306841046277666,0.6048780487804878,0,0.2838877615891976,0.2816256189045743,0.3658774538964902
776888,2025-08-03,2025,Chicago Cubs,Baltimore Orioles,2025-08-03T17:00:00+00:00,2025-08-03T18:20:00+00:00,0.11217421558255236,0.0,162,162,0.6444845276407012,0.5306841046277666,0.6235011990407675,1,0.12639125108685537,0.2202574096490411,0.14175134712373977
776890,2025-08-03,2025,Philadelphia Phillies,Detroit Tigers,2025-08-03T17:00:00+00:00,2025-08-03T23:10:00+00:00,-0.00958086692781046,0.0,162,162,0.5230466684956439,0.5306841046277666,0.6235011990407675,1,0.22748448043310426,0.2202574096490411,0.14175134712373977
776891,2025-08-03,2025,Miami Marlins,New York Yankees,2025-08-03T17:00:00+00:00,2025-08-03T17:40:00+00:00,-0.10272951985368017,0.0,162,162,0.4274446178909326,0.5306841046277666,0.49109414758269715,1,0.3278196655820602,0.2202574096490411,0.2589851666245817
776892,2025-08-03,2025,Cleveland Guardians,Minnesota Twins,2025-08-03T17:00:00+00:00,2025-08-03T17:40:00+00:00,0.009560586191281861,0.0,162,162,0.5427136112963582,0.5306841046277666,0.6058394160583942,0,0.2945380638863346,0.2816256189045743,0.36704139804997604
776893,2025-08-03,2025,Toronto Blue Jays,Kansas City Royals,2025-08-03T17:00:00+00:00,2025-08-03T17:37:00+00:00,0.010265810908253625,0.0,162,162,0.5434360375363382,0.5306841046277666,0.57,0,0.2953227268931964,0.2816256189045743,0.32489999999999997
776894,2025-08-03,2025,Washington Nationals,Milwaukee Brewers,2025-08-03T17:00:00+00:00,2025-08-03T17:35:00+00:00,-0.11953550423445702,0.0,162,162,0.4105569891053306,0.5306841046277666,0.42999999999999994,0,0.16855704130323457,0.2816256189045743,0.18489999999999995
776867,2025-08-04,2025,Los Angeles Angels,Tampa Bay Rays,2025-08-04T17:00:00+00:00,2025-08-05T01:38:00+00:00,-0.09088897438685539,0.0,162,162,0.4394475286730292,0.5306841046277666,0.5367088607594936,1,0.31421907311077435,0.2202574096490411,0.21463867969876624
776870,2025-08-04,2025,Los Angeles Dodgers,St. Louis Cardinals,2025-08-04T17:00:00+00:00,2025-08-05T02:10:00+00:00,0.06331217910362497,0.0,162,162,0.5970454625373413,0.5306841046277666,0.6276849642004773,0,0.35646328433642777,0.2816256189045743,0.3939884142833544
776871,2025-08-04,2025,Texas Rangers,New York Yankees,2025-08-04T17:00:00+00:00,2025-08-05T00:05:00+00:00,-0.031035390622261794,0.0,162,162,0.5009208392688907,0.5306841046277666,0.43500000000000005,1,0.2490800086760684,0.2202574096490411,0.3192249999999999
776872,2025-08-04,2025,Colorado Rockies,Toronto Blue Jays,2025-08-04T17:00:00+00:00,2025-08-05T00:40:00+00:00,-0.13478595437008983,0.0,162,162,0.3954116866153272,0.5306841046277666,0.34642032332563516,0,0.15635040191197774,0.2816256189045743,0.1200070404130376
776873,2025-08-04,2025,Arizona Diamondbacks,San Diego Padres,2025-08-04T17:00:00+00:00,2025-08-05T01:40:00+00:00,0.0007750383746839562,0.0,162,162,0.5336996688693715,0.5306841046277666,0.4582278481012658,1,0.2174359988125338,0.2202574096490411,0.2935170645729851
776874,2025-08-04,2025,Detroit Tigers,Minnesota Twins,2025-08-04T17:00:00+00:00,2025-08-04T22:40:00+00:00,0.06554867103605971,0.0,162,162,0.5992646810351394,0.5306841046277666,0.6155717761557177,1,0.16058879586586855,0.2202574096490411,0.14778505928806965
776875,2025-08-04,2025,Miami Marlins,Houston Astros,2025-08-04T17:00:00+00:00,2025-08-04T22:40:00+00:00,-0.06613493659602016,0.0,162,162,0.464754856648709,0.5306841046277666,0.5443037974683544,0,0.21599707677856209,0.2816256189045743,0.2962666239384714
776876,2025-08-04,2025,New York Mets,Cleveland Guardians,2025-08-04T17:00:00+00:00,2025-08-04T23:10:00+00:00,0.04994084583723024,0.0,162,162,0.5836973045546504,0.5306841046277666,0.6327014218009479,0,0.34070254334436434,0.2816256189045743,0.400311089148941
776877,2025-08-04,2025,Philadelphia Phillies,Baltimore Orioles,2025-08-04T17:00:00+00:00,2025-08-04T22:45:00+00:00,0.07293980434597375,0.0,162,162,0.6065693689091771,0.5306841046277666,0.6496519721577726,1,0.15478766148052317,0.2202574096490411,0.12274374061293815
776878,2025-08-04,2025,Chicago Cubs,Cincinnati Reds,2025-08-04T17:00:00+00:00,2025-08-05T00:05:00+00:00,0.06273707245638249,-1.0,162,162,0.6618335316173403,0.5306841046277666,0.5603015075376885,0,0.43802362357308094,0.2816256189045743,0.3139377793490064
776879,2025-08-04,2025,Pittsburgh Pirates,San Francisco Giants,2025-08-04T17:00:00+00:00,2025-08-04T22:40:00+00:00,-0.07624540066987828,0.0,162,162,0.4543889399224417,0.5306841046277666,0.46329113924050636,1,0.29769142887895694,0.2202574096490411,0.28805640121775355
776880,2025-08-04,2025,Boston Red Sox,Kansas City Royals,2025-08-04T17:00:00+00:00,2025-08-04T23:10:00+00:00,0.036945942445141045,0.0,162,162,0.5706060568968877,0.5306841046277666,0.5901234567901236,1,0.18437915837363883,0.2202574096490411,0.1679987806736777
776882,2025-08-04,2025,Atlanta Braves,Milwaukee Brewers,2025-08-04T17:00:00+00:00,2025-08-04T23:15:00+00:00,-0.03661477613861541,1.0,162,162,0.4255501720579947,0.5306841046277666,0.4335839598997493,0,0.1810929489385889,0.2816256189045743,0.1879950502823474
776848,2025-08-05,2025,Los Angeles Angels,Tampa Bay Rays,2025-08-05T17:00:00+00:00,2025-08-06T01:38:00+00:00,-0.08432391179341775,0.0,162,162,0.44613420270430193,0.5306841046277666,0.5329949238578681,0,0.19903572682260318,0.2816256189045743,0.2840835888582546
776852,2025-08-05,2025,Arizona Diamondbacks,San Diego Padres,2025-08-05T17:00:00+00:00,2025-08-06T01:40:00+00:00,0.005653203560472053,0.0,162,162,0.5387077478333382,0.5306841046277666,0.4531645569620253,0,0.2902060375756675,0.2816256189045743,0.20535811568658865
776854,2025-08-05,2025,Colorado Rockies,Toronto Blue Jays,2025-08-05T17:00:00+00:00,2025-08-06T00:40:00+00:00,-0.1477024947860615,0.0,162,162,0.3827381105883002,0.5306841046277666,0.3251121076233184,0,0.14648846129670193,0.2816256189045743,0.10569788252327615
776855,2025-08-05,2025,Texas Rangers,New York Yankees,2025-08-05T17:00:00+00:00,2025-08-06T00:05:00+00:00,-0.02553320661251135,0.0,162,162,0.5065989936803423,0.5306841046277666,0.5406091370558376,1,0.24344455303725085,0.2202574096490411,0.21103996495658223
776857,2025-08-05,2025,Seattle Mariners,Chicago White Sox,2025-08-05T17:00:00+00:00,2025-08-06T01:40:00+00:00,0.0653585490044884,0.0,162,162,0.5990761842830449,0.5306841046277666,0.6836283185840709,1,0.160739906009043,0.2202574096490411,0.10009104080194213
776858,2025-08-05,2025,Los Angeles Dodgers,St. Louis Cardinals,2025-08-05T17:00:00+00:00,2025-08-06T02:10:00+00:00,0.06262644977742154,0.0,162,162,0.5963642282185144,0.5306841046277666,0.6294536817102138,1,0.1629218362616355,0.2202574096490411,0.13730457399811558
776860,2025-08-05,2025,Chicago Cubs,Cincinnati Reds,2025-08-05T17:00:00+00:00,2025-08-06T00:05:00+00:00,0.05987873243685082,0.0,162,162,0.5936308174005988,0.5306841046277666,0.6201923076923077,0,0.352397547367703,0.2816256189045743,0.3846384985207101
776861,2025-08-05,2025,Detroit Tigers,Minnesota Twins,2025-08-05T17:00:00+00:00,2025-08-05T22:40:00+00:00,0.06807896560917459,0.0,162,162,0.6017705287429751,0.5306841046277666,0.5639097744360902,0,0.3621277692635998,0.2816256189045743,0.3179942337045622
776862,2025-08-05,2025,Miami Marlins,Houston Astros,2025-08-05T17:00:00+00:00,2025-08-05T22:40:00+00:00,-0.07219799296948198,0.0,162,162,0.4585343754610467,0.5306841046277666,0.5051282051282052,0,0.21025377347945215,0.2816256189045743,0.2551545036160422
776863,2025-08-05,2025,New York Mets,Cleveland Guardians,2025-08-05T17:00:00+00:00,2025-08-05T23:10:00+00:00,0.04291576506293954,0.0,162,162,0.5766335683078434,0.5306841046277666,0.5935960591133005,0,0.3325062720994363,0.2816256189045743,0.35235628139484093
776864,2025-08-05,2025,Boston Red Sox,Kansas City Royals,2025-08-05T17:00:00+00:00,2025-08-05T23:10:00+00:00,0.03537431585693607,0.0,162,162,0.5690156786219445,0.5306841046277666,0.68,1,0.18574748527370305,0.2202574096490411,0.10239999999999996
776866,2025-08-05,2025,Pittsburgh Pirates,San Francisco Giants,2025-08-05T17:00:00+00:00,2025-08-05T22:40:00+00:00,-0.07389263473367724,0.0,162,162,0.45679795750965,0.5306841046277666,0.44584382871536526,0,0.20866437398498802,0.2816256189045743,0.19877671960357596
776868,2025-08-05,2025,Philadelphia Phillies,Baltimore Orioles,2025-08-05T17:00:00+00:00,2025-08-05T22:45:00+00:00,0.08140289480231405,0.0,162,162,0.6148751587888761,0.5306841046277666,0.5541561712846348,1,0.1483211433178934,0.2202574096490411,0.1987767196035759
776869,2025-08-05,2025,Atlanta Braves,Milwaukee Brewers,2025-08-05T17:00:00+00:00,2025-08-05T23:15:00+00:00,-0.04473507161432333,0.0,162,162,0.4867851440091164,0.5306841046277666,0.43859649122807015,0,0.23695977642797617,0.2816256189045743,0.1923668821175746
776836,2025-08-06,2025,Colorado Rockies,Toronto Blue Jays,2025-08-06T17:00:00+00:00,2025-08-06T19:10:00+00:00,-0.1464085339514571,0.0,162,162,0.3840008818727207,0.5306841046277666,0.3114035087719298,0,0.1474566772790272,0.2816256189045743,0.09697214527546935
776838,2025-08-06,2025,Arizona Diamondbacks,San Diego Padres,2025-08-06T17:00:00+00:00,2025-08-07T01:40:00+00:00,-0.0007327039737305974,0.0,162,162,0.5321503500339865,0.5306841046277666,0.42643391521197016,0,0.2831839950412943,0.2816256189045743,0.18184588404300975
776839,2025-08-06,2025,Los Angeles Dodgers,St. Louis Cardinals,2025-08-06T17:00:00+00:00,2025-08-06T20:10:00+00:00,0.06611346501207616,0.0,162,162,0.5998244733946521,0.5306841046277666,0.6527777777777778,0,0.35978939888317163,0.2816256189045743,0.4261188271604938
776841,2025-08-06,2025,Seattle Mariners,Chicago White Sox,2025-08-06T17:00:00+00:00,2025-08-07T01:40:00+00:00,0.06635744815411748,0.0,162,162,0.6000662154072025,0.5306841046277666,0.6976241900647947,1,0.15994703205871816,0.2202574096490411,0.0914311304339714
776843,2025-08-06,2025,Los Angeles Angels,Tampa Bay Rays,2025-08-06T17:00:00+00:00,2025-08-06T20:07:00+00:00,-0.08707335353912377,0.0,162,162,0.44333131438077034,0.5306841046277666,0.47959183673469385,0,0.19654265431058143,0.2816256189045743,0.23000832986255726
776845,2025-08-06,2025,Texas Rangers,New York Yankees,2025-08-06T17:00:00+00:00,2025-08-06T18:35:00+00:00,-0.019841218822171713,0.0,162,162,0.5124712135062618,0.5306841046277666,0.46446700507614214,0,0.26262674467258057,0.2816256189045743,0.21572959880440104
776846,2025-08-06,2025,New York Mets,Cleveland Guardians,2025-08-06T17:00:00+00:00,2025-08-06T17:10:00+00:00,0.04077045439037735,0.0,162,162,0.5744700535990065,0.5306841046277666,0.6201923076923077,0,0.3300158424820454,0.2816256189045743,0.3846384985207101
776847,2025-08-06,2025,Chicago Cubs,Cincinnati Reds,2025-08-06T17:00:00+00:00,2025-08-06T18:20:00+00:00,0.056492299239013444,0.0,162,162,0.5902540372711684,0.5306841046277666,0.547979797979798,1,0.16789175397257702,0.2202574096490411,0.20432226303438422
776849,2025-08-06,2025,Miami Marlins,Houston Astros,2025-08-06T17:00:00+00:00,2025-08-06T20:40:00+00:00,-0.07703647197789992,0.0,162,162,0.4535794288612405,0.5306841046277666,0.5216284987277354,1,0.2985754405636082,0.2202574096490411,0.22883929322948024
776853,2025-08-06,2025,Atlanta Braves,Milwaukee Brewers,2025-08-06T17:00:00+00:00,2025-08-06T23:15:00+00:00,-0.04683843255809428,0.0,162,162,0.4846161463221744,0.5306841046277666,0.5505050505050506,0,0.23485280927615518,0.2816256189045743,0.30305581063156833
776856,2025-08-06,2025,Boston Red Sox,Kansas City Royals,2025-08-06T17:00:00+00:00,2025-08-06T23:10:00+00:00,0.03890177336461442,0.0,162,162,0.5725831860369711,0.5306841046277666,0.5516372795969774,0,0.3278515049322487,0.2816256189045743,0.30430368824115384
776859,2025-08-06,2025,Detroit Tigers,Minnesota Twins,2025-08-06T17:00:00+00:00,2025-08-06T17:10:00+00:00,0.06390321106476926,0.0,162,162,0.5976323200799231,0.5306841046277666,0.6448598130841121,0,0.3571643900041116,0.2816256189045743,0.415844178530876
776830,2025-08-07,2025,Seattle Mariners,Chicago White Sox,2025-08-07T17:00:00+00:00,2025-08-07T20:10:00+00:00,0.07197805539079871,0.0,162,162,0.6056214855508352,0.5306841046277666,0.723360655737705,1,0.15553441265913012,0.2202574096490411,0.07652932679387256
776840,2025-08-07,2025,Pittsburgh Pirates,Cincinnati Reds,2025-08-07T17:00:00+00:00,2025-08-07T22:40:00+00:00,-0.04847711187862658,0.0,162,162,0.4829267283161716,0.5306841046277666,0.6039119804400979,1,0.26736476828981826,0.2202574096490411,0.15688571923888542
776842,2025-08-07,2025,Atlanta Braves,Miami Marlins,2025-08-07T17:00:00+00:00,2025-08-07T23:15:00+00:00,0.05559200275861259,0.0,162,162,0.5893548591879672,0.5306841046277666,0.46700507614213205,1,0.16862943167253427,0.2202574096490411,0.28408358885825447
776820,2025-08-08,2025,San Diego Padres,Boston Red Sox,2025-08-08T17:00:00+00:00,2025-08-09T01:40:00+00:00,-0.032582016984017526,0.0,162,162,0.4993246428601606,0.5306841046277666,0.6073170731707317,0,0.24932509896742694,0.2816256189045743,0.36883402736466386
776821,2025-08-08,2025,Texas Rangers,Philadelphia Phillies,2025-08-08T17:00:00+00:00,2025-08-09T00:05:00+00:00,-0.00011784922680080356,0.0,162,162,0.5327822361691738,0.5306841046277666,0.4520202020202021,0,0.28385691117742523,0.2816256189045743,0.2043222630343843
776822,2025-08-08,2025,San Francisco Giants,Washington Nationals,2025-08-08T17:00:00+00:00,2025-08-09T02:15:00+00:00,0.12275734717792414,1.0,162,162,0.5885298010271544,0.5306841046277666,0.5845771144278608,1,0.16930772464275318,0.2202574096490411,0.1725761738570827
776823,2025-08-08,2025,Los Angeles Dodgers,Toronto Blue Jays,2025-08-08T17:00:00+00:00,2025-08-09T02:10:00+00:00,0.02994326195932362,0.0,162,162,0.563509054440512,0.5306841046277666,0.5505050505050506,1,0.1905243455554159,0.2202574096490411,0.20204570962146712
776824,2025-08-08,2025,Seattle Mariners,Tampa Bay Rays,2025-08-08T17:00:00+00:00,2025-08-09T01:40:00+00:00,-0.00440471810638543,-1.0,162,162,0.597317567605926,0.5306841046277666,0.5355329949238579,1,0.16215314135880796,0.2202574096490411,0.21572959880440104
776825,2025-08-08,2025,Arizona Diamondbacks,Colorado Rockies,2025-08-08T17:00:00+00:00,2025-08-09T01:40:00+00:00,0.13360026899280236,0.0,162,162,0.6644822256410133,0.5306841046277666,0.6836283185840709,1,0.11257217691080788,0.2202574096490411,0.10009104080194213
776826,2025-08-08,2025,St. Louis Cardinals,Chicago Cubs,2025-08-08T17:00:00+00:00,2025-08-09T00:15:00+00:00,-0.06594046772790302,0.0,162,162,0.46495456688761555,0.5306841046277666,0.4158415841584158,1,0.286273615494419,0.2202574096490411,0.34124105479854927
776827,2025-08-08,2025,Minnesota Twins,Kansas City Royals,2025-08-08T17:00:00+00:00,2025-08-09T00:10:00+00:00,-0.029936175076399785,0.0,162,162,0.5020552756477199,0.5306841046277666,0.547979797979798,1,0.24794894851026822,0.2202574096490411,0.20432226303438422
776828,2025-08-08,2025,Milwaukee Brewers,New York Mets,2025-08-08T17:00:00+00:00,2025-08-09T00:10:00+00:00,0.03652304745639556,0.0,162,162,0.5701782580954685,0.5306841046277666,0.5639097744360902,1,0.18474672981384568,0.2202574096490411,0.19017468483238167
776829,2025-08-08,2025,Pittsburgh Pirates,Cincinnati Reds,2025-08-08T17:00:00+00:00,2025-08-08T22:40:00+00:00,-0.04163844774976089,0.0,162,162,0.4899792826018903,0.5306841046277666,0.47328244274809167,1,0.2601211321752825,0.2202574096490411,0.2774313851174173
776832,2025-08-08,2025,Detroit Tigers,Los Angeles Angels,2025-08-08T17:00:00+00:00,2025-08-08T23:10:00+00:00,0.096131956527718,0.0,162,162,0.6291696613159599,0.5306841046277666,0.7166666666666667,1,0.13751514008851992,0.2202574096490411,0.08027777777777777
776833,2025-08-08,2025,Chicago White Sox,Cleveland Guardians,2025-08-08T17:00:00+00:00,2025-08-08T23:40:00+00:00,-0.02704297232588987,-1.0,162,162,0.5746491451961466,0.5306841046277666,0.43609022556390975,0,0.330221640074662,0.2816256189045743,0.19017468483238167
776834,2025-08-08,2025,Atlanta Braves,Miami Marlins,2025-08-08T17:00:00+00:00,2025-08-08T23:15:00+00:00,0.05946376667683084,0.0,162,162,0.5932175031943172,0.5306841046277666,0.4531645569620253,0,0.35190700609609976,0.2816256189045743,0.20535811568658865
776835,2025-08-08,2025,New York Yankees,Houston Astros,2025-08-08T17:00:00+00:00,2025-08-08T23:05:00+00:00,0.0220555656475645,0.0,162,162,0.5554839956941675,0.5306841046277666,0.49744897959183665,0,0.3085624694723579,0.2816256189045743,0.24745548729695951
776802,2025-08-09,2025,San Francisco Giants,Washington Nationals,2025-08-09T17:00:00+00:00,2025-08-09T20:05:00+00:00,0.12540119413477585,0.0,162,162,0.656894563688713,0.5306841046277666,0.5901234567901236,0,0.43151046780378466,0.2816256189045743,0.3482456942539248
776805,2025-08-09,2025,Seattle Mariners,Tampa Bay Rays,2025-08-09T17:00:00+00:00,2025-08-10T01:40:00+00:00,-0.00028186094258642047,0.0,162,162,0.5326136915526692,0.5306841046277666,0.5639097744360902,1,0.21844996132402342,0.2202574096490411,0.19017468483238167
776807,2025-08-09,2025,San Diego Padres,Boston Red Sox,2025-08-09T17:00:00+00:00,2025-08-10T00:40:00+00:00,-0.039546230988893316,0.0,162,162,0.4921378638965355,0.5306841046277666,0.5541561712846348,1,0.25792394928757395,0.2202574096490411,0.1987767196035759
776808,2025-08-09,2025,Los Angeles Dodgers,Toronto Blue Jays,2025-08-09T17:00:00+00:00,2025-08-10T01:10:00+00:00,0.03373091643234627,0.0,162,162,0.5673511476904246,0.5306841046277666,0.5901234567901236,1,0.18718502940479279,0.2202574096490411,0.1679987806736777
776809,2025-08-09,2025,Arizona Diamondbacks,Colorado Rockies,2025-08-09T17:00:00+00:00,2025-08-10T00:10:00+00:00,0.13874002661788787,0.0,162,162,0.6691960518958655,0.5306841046277666,0.6621004566210046,1,0.1094312520812829,0.2202574096490411,0.1141761014157336
776810,2025-08-09,2025,Texas Rangers,Philadelphia Phillies,2025-08-09T17:00:00+00:00,2025-08-09T23:15:00+00:00,-0.011358353647419994,0.0,162,162,0.521215806959906,0.5306841046277666,0.547979797979798,0,0.271665917424866,0.2816256189045743,0.30028185899398024
776812,2025-08-09,2025,Pittsburgh Pirates,Cincinnati Reds,2025-08-09T17:00:00+00:00,2025-08-09T22:40:00+00:00,-0.04210428409864431,0.0,162,162,0.4894987180716129,0.5306841046277666,0.5,0,0.23960899499375235,0.2816256189045743,0.25
776813,2025-08-09,2025,Detroit Tigers,Los Angeles Angels,2025-08-09T17:00:00+00:00,2025-08-09T22:10:00+00:00,0.09458845161587043,0.0,162,162,0.6276817793518479,0.5306841046277666,0.547979797979798,0,0.39398441613030183,0.2816256189045743,0.30028185899398024
776814,2025-08-09,2025,Chicago White Sox,Cleveland Guardians,2025-08-09T17:00:00+00:00,2025-08-09T23:10:00+00:00,-0.02645652114058894,0.0,162,162,0.5056462288264627,0.5306841046277666,0.4520202020202021,0,0.2556781087264235,0.2816256189045743,0.2043222630343843
776815,2025-08-09,2025,New York Yankees,Houston Astros,2025-08-09T17:00:00+00:00,2025-08-09T18:05:00+00:00,0.022237076429990288,0.0,162,162,0.5556690097029153,0.5306841046277666,0.49744897959183665,1,0.19743002893838796,0.2202574096490411,0.25255752811328624
776816,2025-08-09,2025,Minnesota Twins,Kansas City Royals,2025-08-09T17:00:00+00:00,2025-08-09T23:10:00+00:00,-0.0247472984888909,0.0,162,162,0.5074099318827363,0.5306841046277666,0.48346055979643765,0,0.2574648389732431,0.2816256189045743,0.23373411287868487
776817,2025-08-09,2025,Milwaukee Brewers,New York Mets,2025-08-09T17:00:00+00:00,2025-08-09T23:10:00+00:00,0.0362487041748395,0.0,162,162,0.5699006774751509,0.5306841046277666,0.5292620865139949,1,0.18498542723633413,0.2202574096490411,0.22159418319315766
776818,2025-08-09,2025,St. Louis Cardinals,Chicago Cubs,2025-08-09T17:00:00+00:00,2025-08-09T23:15:00+00:00,-0.06294765004000791,0.0,162,162,0.4680294265953248,0.5306841046277666,0.49109414758269715,0,0.21905154415914854,0.2816256189045743,0.24117346178997592
776819,2025-08-09,2025,Atlanta Braves,Miami Marlins,2025-08-09T17:00:00+00:00,2025-08-09T23:15:00+00:00,0.05426432868792819,0.0,162,162,0.5880277459045699,0.5306841046277666,0.5267175572519084,1,0.16972113814446965,0.2202574096490411,0.2239962706136006
778431,2025-08-09,2025,Atlanta Braves,Miami Marlins,2025-08-09T17:00:00+00:00,2025-08-09T17:15:00+00:00,0.05426432868792819,0.0,162,162,0.5880277459045699,0.5306841046277666,0.4885496183206107,1,0.16972113814446965,0.2202574096490411,0.261581492919993
776788,2025-08-10,2025,Los Angeles Dodgers,Toronto Blue Jays,2025-08-10T17:00:00+00:00,2025-08-10T20:10:00+00:00,0.04169071718991424,0.0,162,162,0.5753984796631864,0.5306841046277666,0.6159420289855072,0,0.33108341039870626,0.2816256189045743,0.3793845830707834
776789,2025-08-10,2025,San Diego Padres,Boston Red Sox,2025-08-10T17:00:00+00:00,2025-08-10T20:10:00+00:00,-0.04095187059805905,0.0,162,162,0.4906876005288528,0.5306841046277666,0.5664160401002506,1,0.25939912025505746,0.2202574096490411,0.1879950502823475
776791,2025-08-10,2025,Seattle Mariners,Tampa Bay Rays,2025-08-10T17:00:00+00:00,2025-08-10T20:10:00+00:00,0.002980169634693608,0.0,162,162,0.535964428950801,0.5306841046277666,0.6350710900473934,1,0.21532901119895623,0.2202574096490411,0.13317310931919768
776793,2025-08-10,2025,San Francisco Giants,Washington Nationals,2025-08-10T17:00:00+00:00,2025-08-10T20:05:00+00:00,0.11927382065089448,0.0,162,162,0.6511710506798479,0.5306841046277666,0.5841584158415841,0,0.42402373724349707,0.2816256189045743,0.3412410547985491
776794,2025-08-10,2025,Arizona Diamondbacks,Colorado Rockies,2025-08-10T17:00:00+00:00,2025-08-10T20:10:00+00:00,0.14417743360538715,0.0,162,162,0.6741461380161546,0.5306841046277666,0.7082452431289641,1,0.10618073936978695,0.2202574096490411,0.08512083815687728
776795,2025-08-10,2025,St. Louis Cardinals,Chicago Cubs,2025-08-10T17:00:00+00:00,2025-08-10T23:10:00+00:00,-0.07417937281399989,0.0,162,162,0.45650425343686124,0.5306841046277666,0.47715736040609136,1,0.2953876265322235,0.2202574096490411,0.27336442577752584
776796,2025-08-10,2025,Minnesota Twins,Kansas City Royals,2025-08-10T17:00:00+00:00,2025-08-10T17:05:00+00:00,-0.029183171335980918,0.0,162,162,0.5028323954702998,0.5306841046277666,0.5051020408163266,1,0.24717562699380038,0.2202574096490411,0.24492399000416487
776797,2025-08-10,2025,New York Yankees,Houston Astros,2025-08-10T17:00:00+00:00,2025-08-10T17:35:00+00:00,0.020282908961605006,0.0,162,162,0.5536763249688379,0.5306841046277666,0.6628701594533031,0,0.3065574728309982,0.2816256189045743,0.43939684829364745
776798,2025-08-10,2025,Chicago White Sox,Cleveland Guardians,2025-08-10T17:00:00+00:00,2025-08-10T18:10:00+00:00,-0.02792245113278269,0.0,162,162,0.5041334596181584,0.5306841046277666,0.4593908629441624,1,0.24588362587025658,0.2202574096490411,0.2922582390682574
776799,2025-08-10,2025,Milwaukee Brewers,New York Mets,2025-08-10T17:00:00+00:00,2025-08-10T18:10:00+00:00,0.040158252227600943,0.0,162,162,0.5738521293987993,0.5306841046277666,0.5139949109414759,1,0.18160200761793774,0.2202574096490411,0.23620094659078397
776800,2025-08-10,2025,Texas Rangers,Philadelphia Phillies,2025-08-10T17:00:00+00:00,2025-08-10T18:35:00+00:00,-0.010960061575969515,0.0,162,162,0.5216261103480474,0.5306841046277666,0.3970588235294118,0,0.27209379899683334,0.2816256189045743,0.15765570934256057
776801,2025-08-10,2025,Pittsburgh Pirates,Cincinnati Reds,2025-08-10T17:00:00+00:00,2025-08-10T17:35:00+00:00,-0.04304241505193901,0.0,162,162,0.48853098637971154,0.5306841046277666,0.5025510204081632,0,0.2386625246531339,0.2816256189045743,0.2525575281132861
776803,2025-08-10,2025,Atlanta Braves,Miami Marlins,2025-08-10T17:00:00+00:00,2025-08-10T17:35:00+00:00,0.05220571389946094,0.0,162,162,0.5859674738075014,0.5306841046277666,0.5516372795969774,1,0.17142293274534207,0.2202574096490411,0.20102912904719902
776806,2025-08-10,2025,Detroit Tigers,Los Angeles Angels,2025-08-10T17:00:00+00:00,2025-08-10T17:40:00+00:00,0.09009065990311294,0.0,162,162,0.6233323449227219,0.5306841046277666,0.6235011990407675,1,0.14187852238141532,0.2202574096490411,0.14175134712373977
776779,2025-08-11,2025,Los Angeles Angels,Los Angeles Dodgers,2025-08-11T17:00:00+00:00,2025-08-12T01:38:00+00:00,-0.1213854210278727,0.0,162,162,0.4087101455141817,0.5306841046277666,0.38740920096852305,1,0.34962369201786014,0.2202574096490411,0.3752674870580234
776780,2025-08-11,2025,San Francisco Giants,San Diego Padres,2025-08-11T17:00:00+00:00,2025-08-12T01:45:00+00:00,0.032254023753091166,0.0,162,162,0.5658539651087812,0.5306841046277666,0.5392405063291139,0,0.32019070982932973,0.2816256189045743,0.29078032366607914
776781,2025-08-11,2025,Chicago White Sox,Detroit Tigers,2025-08-11T17:00:00+00:00,2025-08-11T23:40:00+00:00,-0.07665571586287517,0.0,162,162,0.45396902997107114,0.5306841046277666,0.42999999999999994,0,0.20608788017287527,0.2816256189045743,0.18489999999999995
776782,2025-08-11,2025,Houston Astros,Boston Red Sox,2025-08-11T17:00:00+00:00,2025-08-12T00:10:00+00:00,-0.010434050968388786,0.0,162,162,0.5221679390839047,0.5306841046277666,0.39077669902912626,1,0.22832347843932302,0.2202574096490411,0.3711530304458478
776783,2025-08-11,2025,St. Louis Cardinals,Colorado Rockies,2025-08-11T17:00:00+00:00,2025-08-11T23:45:00+00:00,0.13206534936605818,0.0,162,162,0.6630680698183533,0.5306841046277666,0.6535796766743649,1,0.11352312557593004,0.2202574096490411,0.12000704041303757
776784,2025-08-11,2025,Kansas City Royals,Washington Nationals,2025-08-11T17:00:00+00:00,2025-08-11T23:40:00+00:00,0.08231552645057372,0.0,162,162,0.6157669370450136,0.5306841046277666,0.5771144278606966,1,0.14763504666777053,0.2202574096490411,0.17883220712358602
776785,2025-08-11,2025,Texas Rangers,Arizona Diamondbacks,2025-08-11T17:00:00+00:00,2025-08-12T00:05:00+00:00,0.01826955643146355,0.0,162,162,0.5516214835784214,0.5306841046277666,0.5945945945945945,1,0.20104329398841578,0.2202574096490411,0.16435354273192118
776786,2025-08-11,2025,Milwaukee Brewers,Pittsburgh Pirates,2025-08-11T17:00:00+00:00,2025-08-11T23:40:00+00:00,0.09720465711591747,0.0,162,162,0.63020226530736,0.5306841046277666,0.6448598130841121,1,0.13675036458380815,0.2202574096490411,0.1261245523626518
776790,2025-08-11,2025,New York Yankees,Minnesota Twins,2025-08-11T17:00:00+00:00,2025-08-11T23:05:00+00:00,0.06635663669294711,0.0,162,162,0.6000654114804799,0.5306841046277666,0.6244019138755981,1,0.15994767509427787,0.2202574096490411,0.14107392230031365
776792,2025-08-11,2025,Cincinnati Reds,Philadelphia Phillies,2025-08-11T17:00:00+00:00,2025-08-11T22:10:00+00:00,-0.03511653497123923,0.0,162,162,0.4967089372092134,0.5306841046277666,0.5292620865139949,0,0.24671976830350628,0.2816256189045743,0.2801183562211474
776763,2025-08-12,2025,Los Angeles Angels,Los Angeles Dodgers,2025-08-12T17:00:00+00:00,2025-08-13T01:38:00+00:00,-0.115132011763667,0.0,162,162,0.41496323339050484,0.5306841046277666,0.3723150357995227,1,0.34226801828489284,0.2202574096490411,0.39398841428335457
776764,2025-08-12,2025,Texas Rangers,Arizona Diamondbacks,2025-08-12T17:00:00+00:00,2025-08-13T00:05:00+00:00,0.021979646426310784,0.0,162,162,0.55540660663743,0.5306841046277666,0.57356608478803,0,0.30847649869650495,0.2816256189045743,0.32897805361906957
776767,2025-08-12,2025,San Francisco Giants,San Diego Padres,2025-08-12T17:00:00+00:00,2025-08-13T01:45:00+00:00,0.032684140728361455,0.0,162,162,0.5662901164367855,0.5306841046277666,0.5114503816793893,0,0.32068449597398807,0.2816256189045743,0.261581492919993
776768,2025-08-12,2025,Toronto Blue Jays,Chicago Cubs,2025-08-12T17:00:00+00:00,2025-08-12T23:07:00+00:00,-0.03637522281316741,0.0,162,162,0.49540998810877934,0.5306841046277666,0.5292620865139949,1,0.2546110801003822,0.2202574096490411,0.22159418319315766
776769,2025-08-12,2025,Houston Astros,Boston Red Sox,2025-08-12T17:00:00+00:00,2025-08-13T00:10:00+00:00,-0.009926717081378156,0.0,162,162,0.522690480052803,0.5306841046277666,0.5051020408163266,0,0.2732053379378297,0.2816256189045743,0.25512807163681805
776770,2025-08-12,2025,Kansas City Royals,Washington Nationals,2025-08-12T17:00:00+00:00,2025-08-12T23:40:00+00:00,0.08315792828711044,0.0,162,162,0.6165894002269487,0.5306841046277666,0.6350710900473934,1,0.14700368801833089,0.2202574096490411,0.13317310931919768
776771,2025-08-12,2025,Milwaukee Brewers,Pittsburgh Pirates,2025-08-12T17:00:00+00:00,2025-08-12T23:40:00+00:00,0.10478753179485079,0.0,162,162,0.6374672979562215,0.5306841046277666,0.5468354430379747,1,0.13142996005116309,0.2202574096490411,0.20535811568658865
776772,2025-08-12,2025,New York Mets,Atlanta Braves,2025-08-12T17:00:00+00:00,2025-08-12T23:10:00+00:00,0.005535769784974498,0.0,162,162,0.538587274242743,0.5306841046277666,0.565,1,0.21290170349074167,0.2202574096490411,0.18922500000000006
776773,2025-08-12,2025,Chicago White Sox,Detroit Tigers,2025-08-12T17:00:00+00:00,2025-08-12T23:40:00+00:00,-0.08100171907914022,0.0,162,162,0.4495255349409266,0.5306841046277666,0.3834951456310679,1,0.303022136682073,0.2202574096490411,0.38007823546045816
776774,2025-08-12,2025,New York Yankees,Minnesota Twins,2025-08-12T17:00:00+00:00,2025-08-12T23:05:00+00:00,0.07300608293826705,0.0,162,162,0.6066346625012814,0.5306841046277666,0.6829268292682927,1,0.1547362887454808,0.2202574096490411,0.10053539559785839
776775,2025-08-12,2025,St. Louis Cardinals,Colorado Rockies,2025-08-12T17:00:00+00:00,2025-08-12T23:45:00+00:00,0.13377508465486088,0.0,162,162,0.6646431007964843,0.5306841046277666,0.6192771084337348,0,0.44175045143636554,0.2816256189045743,0.38350413703004776
776776,2025-08-12,2025,Baltimore Orioles,Seattle Mariners,2025-08-12T17:00:00+00:00,2025-08-12T22:35:00+00:00,-0.0687628536061754,0.0,162,162,0.46205724553107896,0.5306841046277666,0.38740920096852305,0,0.2134968981477678,0.2816256189045743,0.15008588899506947
776777,2025-08-12,2025,Cincinnati Reds,Philadelphia Phillies,2025-08-12T17:00:00+00:00,2025-08-12T22:40:00+00:00,-0.04403077229318991,0.0,162,162,0.487511536746062,0.5306841046277666,0.41687344913151364,1,0.2626444249683829,0.2202574096490411,0.34003657432777745
776778,2025-08-12,2025,Cleveland Guardians,Miami Marlins,2025-08-12T17:00:00+00:00,2025-08-12T22:40:00+00:00,0.028958881983816742,0.0,162,162,0.5625092576997502,0.5306841046277666,0.5429292929292929,1,0.19139814959842355,0.2202574096490411,0.20891363126211612
776746,2025-08-13,2025,Texas Rangers,Arizona Diamondbacks,2025-08-13T17:00:00+00:00,2025-08-13T18:35:00+00:00,0.016488486819968506,0.0,162,162,0.5498022390361986,0.5306841046277666,0.5725,0,0.3022825020492173,0.2816256189045743,0.32775625
776749,2025-08-13,2025,San Francisco Giants,San Diego Padres,2025-08-13T17:00:00+00:00,2025-08-13T19:45:00+00:00,0.03219846516551739,0.0,162,162,0.5657976196052942,0.5306841046277666,0.4239401496259351,0,0.3201269463510172,0.2816256189045743,0.17972525046486026
776752,2025-08-13,2025,Los Angeles Angels,Los Angeles Dodgers,2025-08-13T17:00:00+00:00,2025-08-14T01:38:00+00:00,-0.10882405205346557,0.0,162,162,0.4212987374310241,0.5306841046277666,0.3551401869158879,1,0.33489515129892683,0.2202574096490411,0.415844178530876
776753,2025-08-13,2025,Houston Astros,Boston Red Sox,2025-08-13T17:00:00+00:00,2025-08-13T23:10:00+00:00,-0.023980639198694975,0.0,162,162,0.5082009706673911,0.5306841046277666,0.5866336633663367,1,0.2418662852524963,0.2202574096490411,0.17087172826193503
776754,2025-08-13,2025,Chicago White Sox,Detroit Tigers,2025-08-13T17:00:00+00:00,2025-08-13T18:10:00+00:00,-0.07759114257916011,0.0,162,162,0.45301197507769114,0.5306841046277666,0.43859649122807015,0,0.20521984956379066,0.2816256189045743,0.1923668821175746
776755,2025-08-13,2025,Milwaukee Brewers,Pittsburgh Pirates,2025-08-13T17:00:00+00:00,2025-08-13T18:10:00+00:00,0.11455507757842204,0.0,162,162,0.6467333064472626,0.5306841046277666,0.6941431670281994,1,0.1247973567736837,0.2202574096490411,0.0935484022755399
776756,2025-08-13,2025,New York Mets,Atlanta Braves,2025-08-13T17:00:00+00:00,2025-08-13T23:10:00+00:00,0.016507265657770054,0.0,162,162,0.5498214274102623,0.5306841046277666,0.6416861826697892,0,0.30230360203945833,0.2816256189045743,0.41176115702932603
776757,2025-08-13,2025,Toronto Blue Jays,Chicago Cubs,2025-08-13T17:00:00+00:00,2025-08-13T23:07:00+00:00,-0.0345744447612083,0.0,162,162,0.49726838180322486,0.5306841046277666,0.5468354430379747,0,0.2472758435411978,0.2816256189045743,0.2990290017625381
776758,2025-08-13,2025,St. Louis Cardinals,Colorado Rockies,2025-08-13T17:00:00+00:00,2025-08-13T18:15:00+00:00,0.1322090662688037,0.0,162,162,0.6632006038513897,0.5306841046277666,0.6756152125279643,0,0.4398350409488479,0.2816256189045743,0.4564559153992064
776759,2025-08-13,2025,Kansas City Royals,Washington Nationals,2025-08-13T17:00:00+00:00,2025-08-13T18:10:00+00:00,0.08534431738443649,0.0,162,162,0.6187209192278511,0.5306841046277666,0.6039119804400979,0,0.3828155758901571,0.2816256189045743,0.36470968011908117
776760,2025-08-13,2025,New York Yankees,Minnesota Twins,2025-08-13T17:00:00+00:00,2025-08-13T23:05:00+00:00,0.07737702325932516,0.0,162,162,0.6109321329316522,0.5306841046277666,0.568922305764411,0,0.3732380710484179,0.2816256189045743,0.323672589996294
776761,2025-08-13,2025,Baltimore Orioles,Seattle Mariners,2025-08-13T17:00:00+00:00,2025-08-13T22:35:00+00:00,-0.06626465124163117,0.0,162,162,0.4646216521826356,0.5306841046277666,0.4335839598997493,1,0.2866299753116508,0.2202574096490411,0.32082713048284883
776765,2025-08-13,2025,Cincinnati Reds,Philadelphia Phillies,2025-08-13T17:00:00+00:00,2025-08-13T21:10:00+00:00,-0.03471571269515672,0.0,162,162,0.49712259062593983,0.5306841046277666,0.4656488549618321,1,0.25288568885876617,0.2202574096490411,0.2855311462036012
776766,2025-08-13,2025,Cleveland Guardians,Miami Marlins,2025-08-13T17:00:00+00:00,2025-08-13T22:40:00+00:00,0.027056521631582064,0.0,162,162,0.5605756709904668,0.5306841046277666,0.5505050505050506,0,0.31424508290641207,0.2816256189045743,0.30305581063156833
776742,2025-08-14,2025,Colorado Rockies,Arizona Diamondbacks,2025-08-14T17:00:00+00:00,2025-08-15T00:40:00+00:00,-0.15113783686056026,0.0,162,162,0.3793932842334423,0.5306841046277666,0.38740920096852305,0,0.14393926412143754,0.2816256189045743,0.15008588899506947
776743,2025-08-14,2025,Washington Nationals,Philadelphia Phillies,2025-08-14T17:00:00+00:00,2025-08-14T22:45:00+00:00,-0.11206678662923669,0.0,162,162,0.41803846787102616,0.5306841046277666,0.36,1,0.33867922487790264,0.2202574096490411,0.4096
776744,2025-08-14,2025,Minnesota Twins,Detroit Tigers,2025-08-14T17:00:00+00:00,2025-08-14T23:40:00+00:00,-0.052955208934031495,0.0,162,162,0.47831207877432863,0.5306841046277666,0.3551401869158879,0,0.22878244470141956,0.2816256189045743,0.1261245523626518
776745,2025-08-14,2025,Cleveland Guardians,Miami Marlins,2025-08-14T17:00:00+00:00,2025-08-14T22:40:00+00:00,0.016863909289511037,0.0,162,162,0.5501858206641241,0.5306841046277666,0.5267175572519084,1,0.2023327959316075,0.2202574096490411,0.2239962706136006
776747,2025-08-14,2025,Toronto Blue Jays,Chicago Cubs,2025-08-14T17:00:00+00:00,2025-08-14T19:07:00+00:00,-0.03998983450677018,0.0,162,162,0.49168016219220545,0.5306841046277666,0.49489795918367346,1,0.25838905750894253,0.2202574096490411,0.25512807163681794
776748,2025-08-14,2025,New York Mets,Atlanta Braves,2025-08-14T17:00:00+00:00,2025-08-14T23:10:00+00:00,0.018669435965835257,0.0,162,162,0.5520297459432735,0.5306841046277666,0.6350710900473934,0,0.30473684040619503,0.2816256189045743,0.4033152894139844
776750,2025-08-14,2025,Baltimore Orioles,Seattle Mariners,2025-08-14T17:00:00+00:00,2025-08-14T17:05:00+00:00,-0.07014804110312928,0.0,162,162,0.46063620548846296,0.5306841046277666,0.46700507614213205,1,0.29091330282988354,0.2202574096490411,0.28408358885825447
776727,2025-08-15,2025,Los Angeles Dodgers,San Diego Padres,2025-08-15T17:00:00+00:00,2025-08-16T02:10:00+00:00,0.044048168006239674,0.0,162,162,0.577774401874863,0.5306841046277666,0.6125907990314771,1,0.17827445571212974,0.2202574096490411,0.1500858889950694
776728,2025-08-15,2025,Kansas City Royals,Chicago White Sox,2025-08-15T17:00:00+00:00,2025-08-16T00:10:00+00:00,0.055590584993634395,0.0,162,162,0.5893534427115922,0.5306841046277666,0.6183574879227054,1,0.1686305950128216,0.2202574096490411,0.14565100702466796
776729,2025-08-15,2025,San Francisco Giants,Tampa Bay Rays,2025-08-15T17:00:00+00:00,2025-08-16T02:15:00+00:00,0.011276670500443453,0.0,162,162,0.5444712342016075,0.5306841046277666,0.5417721518987342,0,0.2964489248730217,0.2816256189045743,0.2935170645729851
776730,2025-08-15,2025,Colorado Rockies,Arizona Diamondbacks,2025-08-15T17:00:00+00:00,2025-08-16T00:40:00+00:00,-0.15252088723394114,0.0,162,162,0.3780498844259621,0.5306841046277666,0.36,1,0.3868219462625591,0.2202574096490411,0.4096
776731,2025-08-15,2025,St. Louis Cardinals,New York Yankees,2025-08-15T17:00:00+00:00,2025-08-16T00:15:00+00:00,-0.05728930150368139,0.0,162,162,0.4738493391621048,0.5306841046277666,0.44584382871536526,0,0.22453319622436343,0.2816256189045743,0.19877671960357596
776732,2025-08-15,2025,Minnesota Twins,Detroit Tigers,2025-08-15T17:00:00+00:00,2025-08-16T00:10:00+00:00,-0.05656493032189114,0.0,162,162,0.4745949402111028,0.5306841046277666,0.4582278481012658,0,0.22524035727398026,0.2816256189045743,0.20997276077551674
776733,2025-08-15,2025,Houston Astros,Baltimore Orioles,2025-08-15T17:00:00+00:00,2025-08-16T00:10:00+00:00,0.06777442384482768,1.0,162,162,0.5326808813320953,0.5306841046277666,0.6659090909090909,0,0.28374892133673785,0.2816256189045743,0.4434349173553719
776735,2025-08-15,2025,Toronto Blue Jays,Texas Rangers,2025-08-15T17:00:00+00:00,2025-08-15T23:07:00+00:00,-0.005043647620612934,-1.0,162,162,0.5966829772477221,0.5306841046277666,0.5025510204081632,1,0.16266462084176142,0.2202574096490411,0.24745548729695963
776736,2025-08-15,2025,New York Mets,Seattle Mariners,2025-08-15T17:00:00+00:00,2025-08-15T23:10:00+00:00,-0.002989593360759213,0.0,162,162,0.5298300763787732,0.5306841046277666,0.5279187817258882,0,0.2807199098355367,0.2816256189045743,0.27869824009894606
776737,2025-08-15,2025,Chicago Cubs,Pittsburgh Pirates,2025-08-15T17:00:00+00:00,2025-08-15T18:20:00+00:00,0.11095901820777099,-1.0,162,162,0.7048592712806069,0.5306841046277666,0.6318289786223278,0,0.4968265923102282,0.2816256189045743,0.39920785822693394
776738,2025-08-15,2025,Cleveland Guardians,Atlanta Braves,2025-08-15T17:00:00+00:00,2025-08-15T23:10:00+00:00,-0.033977105056559875,0.0,162,162,0.4978848525056557,0.5306841046277666,0.5139949109414759,0,0.2478893263545785,0.2816256189045743,0.26419076847373574
776739,2025-08-15,2025,Washington Nationals,Philadelphia Phillies,2025-08-15T17:00:00+00:00,2025-08-15T22:45:00+00:00,-0.11363301204835763,0.0,162,162,0.4164663159861239,0.5306841046277666,0.36904761904761907,0,0.173444192351054,0.2816256189045743,0.13619614512471656
776740,2025-08-15,2025,Cincinnati Reds,Milwaukee Brewers,2025-08-15T17:00:00+00:00,2025-08-15T22:40:00+00:00,-0.06373331011657202,0.0,162,162,0.4672219845693317,0.5306841046277666,0.43969849246231163,0,0.21829638286490485,0.2816256189045743,0.19333476427362953
776741,2025-08-15,2025,Boston Red Sox,Miami Marlins,2025-08-15T17:00:00+00:00,2025-08-15T23:10:00+00:00,0.08982405850849151,1.0,162,162,0.5552572720830155,0.5306841046277666,0.5945945945945945,1,0.19779609403504095,0.2202574096490411,0.16435354273192118
776711,2025-08-16,2025,San Francisco Giants,Tampa Bay Rays,2025-08-16T17:00:00+00:00,2025-08-17T01:05:00+00:00,0.011737127029584293,0.0,162,162,0.544942649690999,0.5306841046277666,0.5253807106598984,0,0.2969624914522469,0.2816256189045743,0.27602489113349993
776712,2025-08-16,2025,Kansas City Royals,Chicago White Sox,2025-08-16T17:00:00+00:00,2025-08-16T23:10:00+00:00,0.05658294397207175,0.0,162,162,0.5903445360791447,0.5306841046277666,0.5628140703517588,1,0.16781759912021116,0.2202574096490411,0.1911315370823969
776713,2025-08-16,2025,St. Louis Cardinals,New York Yankees,2025-08-16T17:00:00+00:00,2025-08-16T23:15:00+00:00,-0.05987674096503498,0.0,162,162,0.471187042285787,0.5306841046277666,0.42750000000000005,0,0.22201722881802805,0.2816256189045743,0.18275625000000004
776715,2025-08-16,2025,Colorado Rockies,Arizona Diamondbacks,2025-08-16T17:00:00+00:00,2025-08-17T00:10:00+00:00,-0.14991559128318716,0.0,162,162,0.3805820309685186,0.5306841046277666,0.4044117647058823,1,0.38367862035908523,0.2202574096490411,0.3547253460207614
776716,2025-08-16,2025,Minnesota Twins,Detroit Tigers,2025-08-16T17:00:00+00:00,2025-08-16T23:15:00+00:00,-0.05974334832709138,0.0,162,162,0.4713242553539188,0.5306841046277666,0.5076530612244898,0,0.22214655368492606,0.2816256189045743,0.2577116305705956
776717,2025-08-16,2025,Los Angeles Dodgers,San Diego Padres,2025-08-16T17:00:00+00:00,2025-08-17T01:10:00+00:00,0.04378653668477972,0.0,162,162,0.5775108959776175,0.5306841046277666,0.5292620865139949,1,0.17849704301763553,0.2202574096490411,0.22159418319315766
776719,2025-08-16,2025,Chicago Cubs,Pittsburgh Pirates,2025-08-16T17:00:00+00:00,2025-08-16T18:20:00+00:00,0.10562865990753006,0.0,162,162,0.6382693838227148,0.5306841046277666,0.6621004566210046,1,0.13084903867999842,0.2202574096490411,0.1141761014157336
776720,2025-08-16,2025,Cleveland Guardians,Atlanta Braves,2025-08-16T17:00:00+00:00,2025-08-16T23:10:00+00:00,-0.03956296979440055,0.0,162,162,0.49212059287008225,0.5306841046277666,0.49489795918367346,0,0.24218267792680126,0.2816256189045743,0.24492399000416493
776721,2025-08-16,2025,Cincinnati Reds,Milwaukee Brewers,2025-08-16T17:00:00+00:00,2025-08-16T22:40:00+00:00,-0.06385545116453983,0.0,162,162,0.4670964725468017,0.5306841046277666,0.47959183673469385,0,0.21817911466566509,0.2816256189045743,0.23000832986255726
776722,2025-08-16,2025,Houston Astros,Baltimore Orioles,2025-08-16T17:00:00+00:00,2025-08-16T23:10:00+00:00,0.056522221071084955,0.0,162,162,0.5902839116095433,0.5306841046277666,0.5639097744360902,1,0.16786727308597651,0.2202574096490411,0.19017468483238167
776723,2025-08-16,2025,Toronto Blue Jays,Texas Rangers,2025-08-16T17:00:00+00:00,2025-08-16T19:07:00+00:00,-0.0036867306266884503,0.0,162,162,0.5291130947237627,0.5306841046277666,0.5911330049261084,1,0.2217344775606321,0.2202574096490411,0.16717221966075368
776724,2025-08-16,2025,Boston Red Sox,Miami Marlins,2025-08-16T17:00:00+00:00,2025-08-16T20:10:00+00:00,0.09287536438614563,0.0,162,162,0.626027590405426,0.5306841046277666,0.6192771084337348,1,0.13985536313797184,0.2202574096490411,0.1449499201625781
776725,2025-08-16,2025,Washington Nationals,Philadelphia Phillies,2025-08-16T17:00:00+00:00,2025-08-16T20:05:00+00:00,-0.11218773061160037,0.0,162,162,0.41791700646136254,0.5306841046277666,0.4422110552763819,1,0.33882061136690145,0.2202574096490411,0.31112850685588755
776726,2025-08-16,2025,New York Mets,Seattle Mariners,2025-08-16T17:00:00+00:00,2025-08-16T20:10:00+00:00,-0.004655509099249722,0.0,162,162,0.5281165405777165,0.5306841046277666,0.4885496183206107,1,0.22267399927634188,0.2202574096490411,0.261581492919993
776697,2025-08-17,2025,Los Angeles Dodgers,San Diego Padres,2025-08-17T17:00:00+00:00,2025-08-17T20:10:00+00:00,0.05022384424913651,0.0,162,162,0.5839811616164833,0.5306841046277666,0.547979797979798,1,0.1730716738899706,0.2202574096490411,0.20432226303438422
776698,2025-08-17,2025,St. Louis Cardinals,New York Yankees,2025-08-17T17:00:00+00:00,2025-08-17T18:15:00+00:00,-0.06479575166211232,0.0,162,162,0.4661303612851691,0.5306841046277666,0.4054054054054054,0,0.21727751371184229,0.2816256189045743,0.16435354273192107
776700,2025-08-17,2025,Minnesota Twins,Detroit Tigers,2025-08-17T17:00:00+00:00,2025-08-17T18:10:00+00:00,-0.06312761228939912,0.0,162,162,0.4678444600632226,0.5306841046277666,0.457070707070707,1,0.28318951868540315,0.2202574096490411,0.29477221712070206
776701,2025-08-17,2025,Colorado Rockies,Arizona Diamondbacks,2025-08-17T17:00:00+00:00,2025-08-17T19:10:00+00:00,-0.1460916834443221,0.0,162,162,0.38431033427931566,0.5306841046277666,0.43500000000000005,1,0.379073764475248,0.2202574096490411,0.3192249999999999
776702,2025-08-17,2025,Kansas City Royals,Chicago White Sox,2025-08-17T17:00:00+00:00,2025-08-17T18:10:00+00:00,0.06025718046817563,0.0,162,162,0.594007643651276,0.5306841046277666,0.6014669926650367,1,0.16482979341358928,0.2202574096490411,0.15882855793544995
776703,2025-08-17,2025,San Francisco Giants,Tampa Bay Rays,2025-08-17T17:00:00+00:00,2025-08-17T20:05:00+00:00,0.003923385584104433,0.0,162,162,0.5369327030648237,0.5306841046277666,0.5392405063291139,1,0.21443132149085078,0.2202574096490411,0.21229931100785132
776704,2025-08-17,2025,Chicago Cubs,Pittsburgh Pirates,2025-08-17T17:00:00+00:00,2025-08-17T18:20:00+00:00,0.10678008821969082,0.0,162,162,0.6393661178880418,0.5306841046277666,0.6309523809523809,1,0.13005679692714178,0.2202574096490411,0.13619614512471656
776705,2025-08-17,2025,Houston Astros,Baltimore Orioles,2025-08-17T17:00:00+00:00,2025-08-17T18:10:00+00:00,0.05569393741700196,0.0,162,162,0.5894566973141891,0.5306841046277666,0.547979797979798,0,0.34745919800855163,0.2816256189045743,0.30028185899398024
776706,2025-08-17,2025,Cleveland Guardians,Atlanta Braves,2025-08-17T17:00:00+00:00,2025-08-17T17:40:00+00:00,-0.051438123069140806,0.0,162,162,0.4798750506836032,0.5306841046277666,0.5089058524173028,0,0.23028006426859074,0.2816256189045743,0.2589851666245816
776707,2025-08-17,2025,New York Mets,Seattle Mariners,2025-08-17T17:00:00+00:00,2025-08-17T23:10:00+00:00,0.0009359582472622252,0.0,162,162,0.5338649883020151,0.5306841046277666,0.46446700507614214,1,0.2172818491306805,0.2202574096490411,0.2867955886521168
776709,2025-08-17,2025,Cincinnati Reds,Milwaukee Brewers,2025-08-17T17:00:00+00:00,2025-08-17T17:40:00+00:00,-0.06120215853239819,0.0,162,162,0.4698239040141472,0.5306841046277666,0.5343511450381679,1,0.2810866927548002,0.2202574096490411,0.2168288561272653
776710,2025-08-17,2025,Toronto Blue Jays,Texas Rangers,2025-08-17T17:00:00+00:00,2025-08-17T17:37:00+00:00,0.005027079124514278,0.0,162,162,0.5380653640710121,0.5306841046277666,0.5216284987277354,0,0.28951433601287085,0.2816256189045743,0.27209629068495106
776714,2025-08-17,2025,Boston Red Sox,Miami Marlins,2025-08-17T17:00:00+00:00,2025-08-17T17:35:00+00:00,0.09385979287094132,0.0,162,162,0.626978535722513,0.5306841046277666,0.6921397379912664,0,0.3931020842567466,0.2816256189045743,0.47905741690661885
776681,2025-08-18,2025,Los Angeles Angels,Cincinnati Reds,2025-08-18T17:00:00+00:00,2025-08-19T01:38:00+00:00,-0.07050858646452002,0.0,162,162,0.46026643218259855,0.5306841046277666,0.48600508905852424,0,0.2118451885940986,0.2816256189045743,0.23620094659078408
776682,2025-08-18,2025,Arizona Diamondbacks,Cleveland Guardians,2025-08-18T17:00:00+00:00,2025-08-19T01:40:00+00:00,0.037389903535294866,0.0,162,162,0.5710550526059046,0.5306841046277666,0.5153061224489797,0,0.3261038731067325,0.2816256189045743,0.26554039983340283
776683,2025-08-18,2025,San Diego Padres,San Francisco Giants,2025-08-18T17:00:00+00:00,2025-08-19T01:40:00+00:00,-0.026092144453301103,0.0,162,162,0.5060222330681432,0.5306841046277666,0.5725,0,0.25605850035927025,0.2816256189045743,0.32775625
776688,2025-08-18,2025,Miami Marlins,St. Louis Cardinals,2025-08-18T17:00:00+00:00,2025-08-18T22:40:00+00:00,-0.029575883148246163,0.0,162,162,0.5024271079388839,0.5306841046277666,0.565,0,0.2524329987918309,0.2816256189045743,0.3192249999999999
776689,2025-08-18,2025,Philadelphia Phillies,Seattle Mariners,2025-08-18T17:00:00+00:00,2025-08-18T22:45:00+00:00,0.016938409265768395,0.0,162,162,0.5502619326879754,0.5306841046277666,0.5076530612244898,1,0.20226432918955517,0.2202574096490411,0.24240550812161596
776690,2025-08-18,2025,Kansas City Royals,Texas Rangers,2025-08-18T17:00:00+00:00,2025-08-18T23:40:00+00:00,-0.01690306804157704,0.0,162,162,0.5155011540946896,0.5306841046277666,0.5454545454545454,1,0.23473913168357777,0.2202574096490411,0.20661157024793392
776692,2025-08-18,2025,Detroit Tigers,Houston Astros,2025-08-18T17:00:00+00:00,2025-08-18T22:40:00+00:00,0.01602280637828024,0.0,162,162,0.5493263556003698,0.5306841046277666,0.5760598503740648,1,0.20310673375644434,0.2202574096490411,0.17972525046486032
776693,2025-08-18,2025,Colorado Rockies,Los Angeles Dodgers,2025-08-18T17:00:00+00:00,2025-08-19T00:40:00+00:00,-0.19584380228520892,0.0,162,162,0.3370027774226741,0.5306841046277666,0.2755102040816327,1,0.4395653171452483,0.2202574096490411,0.5248854643898376
776694,2025-08-18,2025,Pittsburgh Pirates,Toronto Blue Jays,2025-08-18T17:00:00+00:00,2025-08-18T22:40:00+00:00,-0.07299271843065441,0.0,162,162,0.45771993046897425,0.5306841046277666,0.5076530612244898,1,0.2940676738105741,0.2202574096490411,0.24240550812161596
776695,2025-08-18,2025,Boston Red Sox,Baltimore Orioles,2025-08-18T17:00:00+00:00,2025-08-18T23:10:00+00:00,0.07402000740983622,0.0,162,162,0.6076330423098637,0.5306841046277666,0.5292620865139949,0,0.3692179141067406,0.2816256189045743,0.2801183562211474
776696,2025-08-18,2025,Atlanta Braves,Chicago White Sox,2025-08-18T17:00:00+00:00,2025-08-18T23:15:00+00:00,0.06720255030403982,0.0,162,162,0.6009031774331803,0.5306841046277666,0.6488372093023256,0,0.3610846286492922,0.2816256189045743,0.42098972417522984
777459,2025-08-18,2025,Chicago Cubs,Milwaukee Brewers,2025-08-18T17:00:00+00:00,2025-08-18T18:20:00+00:00,-0.015233416096398278,0.0,162,162,0.5172224737398685,0.5306841046277666,0.5139949109414759,0,0.26751908734158897,0.2816256189045743,0.26419076847373574
776667,2025-08-19,2025,San Diego Padres,San Francisco Giants,2025-08-19T17:00:00+00:00,2025-08-20T01:40:00+00:00,-0.03029831422234186,0.0,162,162,0.501681534681148,0.5306841046277666,0.6621004566210046,1,0.24832129287773594,0.2202574096490411,0.1141761014157336
776668,2025-08-19,2025,Los Angeles Angels,Cincinnati Reds,2025-08-19T17:00:00+00:00,2025-08-20T01:38:00+00:00,-0.06989265226887809,0.0,162,162,0.46089815708970855,0.5306841046277666,0.4531645569620253,0,0.21242711120868965,0.2816256189045743,0.20535811568658865
776671,2025-08-19,2025,Colorado Rockies,Los Angeles Dodgers,2025-08-19T17:00:00+00:00,2025-08-20T00:40:00+00:00,-0.19034040321617163,0.0,162,162,0.3420976109793412,0.5306841046277666,0.28721174004192873,0,0.11703077543777268,0.2816256189045743,0.08249058361791245
776672,2025-08-19,2025,Arizona Diamondbacks,Cleveland Guardians,2025-08-19T17:00:00+00:00,2025-08-20T01:40:00+00:00,0.035508015988657604,0.0,162,162,0.5691510298787811,0.5306841046277666,0.530456852791878,1,0.185630835054515,0.2202574096490411,0.2204707670901081
776675,2025-08-19,2025,Kansas City Royals,Texas Rangers,2025-08-19T17:00:00+00:00,2025-08-19T23:40:00+00:00,-0.016060610110519624,0.0,162,162,0.5163697305830804,0.5306841046277666,0.5051020408163266,1,0.2338982374962822,0.2202574096490411,0.24492399000416487
776676,2025-08-19,2025,Chicago Cubs,Milwaukee Brewers,2025-08-19T17:00:00+00:00,2025-08-20T00:05:00+00:00,-0.01725117684157418,0.0,162,162,0.5151422253020302,0.5306841046277666,0.5796019900497512,1,0.2350870616850672,0.2202574096490411,0.17673448677012948
776677,2025-08-19,2025,Tampa Bay Rays,New York Yankees,2025-08-19T17:00:00+00:00,2025-08-19T23:35:00+00:00,-0.02854038908963019,0.0,162,162,0.5034957531074873,0.5306841046277666,0.46329113924050636,0,0.2535079733972758,0.2816256189045743,0.21463867969876624
776678,2025-08-19,2025,Washington Nationals,New York Mets,2025-08-19T17:00:00+00:00,2025-08-19T22:45:00+00:00,-0.09322154673977001,0.0,162,162,0.437076901704421,0.5306841046277666,0.35597189695550346,0,0.1910362180035361,0.2816256189045743,0.12671599142209958
776679,2025-08-19,2025,Pittsburgh Pirates,Toronto Blue Jays,2025-08-19T17:00:00+00:00,2025-08-19T22:40:00+00:00,-0.0677990274258462,0.0,162,162,0.4630463834943951,0.5306841046277666,0.4158415841584158,0,0.21441195326723841,0.2816256189045743,0.17292422311538083
776680,2025-08-19,2025,Philadelphia Phillies,Seattle Mariners,2025-08-19T17:00:00+00:00,2025-08-19T22:45:00+00:00,0.01895350467639889,0.0,162,162,0.552319727126215,0.5306841046277666,0.6558891454965358,1,0.20041762672034658,0.2202574096490411,0.11841228018710433
776684,2025-08-19,2025,Boston Red Sox,Baltimore Orioles,2025-08-19T17:00:00+00:00,2025-08-19T23:10:00+00:00,0.07152324578073943,0.0,162,162,0.6051729555814165,0.5306841046277666,0.5566750629722922,0,0.3662343061671471,0.2816256189045743,0.3098871257352055
776685,2025-08-19,2025,Detroit Tigers,Houston Astros,2025-08-19T17:00:00+00:00,2025-08-19T22:40:00+00:00,0.026212572044758464,0.0,162,162,0.5597172755895389,0.5306841046277666,0.5911330049261084,1,0.19384887741429807,0.2202574096490411,0.16717221966075368
776686,2025-08-19,2025,Miami Marlins,St. Louis Cardinals,2025-08-19T17:00:00+00:00,2025-08-19T22:40:00+00:00,-0.035194348212554405,0.0,162,162,0.49662863351150627,0.5306841046277666,0.568922305764411,0,0.246639999623506,0.2816256189045743,0.323672589996294
776687,2025-08-19,2025,Atlanta Braves,Chicago White Sox,2025-08-19T17:00:00+00:00,2025-08-19T23:15:00+00:00,0.05586999431517181,0.0,162,162,0.5896325694253524,0.5306841046277666,0.5945945945945945,1,0.16840142807643826,0.2202574096490411,0.16435354273192118
776691,2025-08-19,2025,Chicago Cubs,Milwaukee Brewers,2025-08-19T17:00:00+00:00,2025-08-19T18:20:00+00:00,-0.01725117684157418,0.0,162,162,0.5151422253020302,0.5306841046277666,0.4885496183206107,1,0.2350870616850672,0.2202574096490411,0.261581492919993
776652,2025-08-20,2025,Los Angeles Angels,Cincinnati Reds,2025-08-20T17:00:00+00:00,2025-08-21T01:38:00+00:00,-0.07006293969821786,0.0,162,162,0.46072349134925705,0.5306841046277666,0.5577889447236182,1,0.29081915278253484,0.2202574096490411,0.19555061740865123
776656,2025-08-20,2025,San Diego Padres,San Francisco Giants,2025-08-20T17:00:00+00:00,2025-08-21T01:40:00+00:00,-0.0218490790218977,0.0,162,162,0.510400085567014,0.5306841046277666,0.5796019900497512,1,0.23970807621278722,0.2202574096490411,0.17673448677012948
776658,2025-08-20,2025,Arizona Diamondbacks,Cleveland Guardians,2025-08-20T17:00:00+00:00,2025-08-20T19:40:00+00:00,0.04133687889102461,0.0,162,162,0.575041565191451,0.5306841046277666,0.5102040816326531,1,0.18058967131493178,0.2202574096490411,0.23990004164931278
776659,2025-08-20,2025,Washington Nationals,New York Mets,2025-08-20T17:00:00+00:00,2025-08-20T22:45:00+00:00,-0.09990598756823738,0.0,162,162,0.43029966936869757,0.5306841046277666,0.39853300733496333,1,0.3245584667214153,0.2202574096490411,0.36176254326552326
776660,2025-08-20,2025,Colorado Rockies,Los Angeles Dodgers,2025-08-20T17:00:00+00:00,2025-08-21T00:40:00+00:00,-0.1931618157368662,0.0,162,162,0.33948101600651415,0.5306841046277666,0.2654690618762475,1,0.4362853282157868,0.2202574096490411,0.5395356990609599
776662,2025-08-20,2025,Philadelphia Phillies,Seattle Mariners,2025-08-20T17:00:00+00:00,2025-08-20T17:05:00+00:00,0.025474733919871095,0.0,162,162,0.5589665150743448,0.5306841046277666,0.568922305764411,1,0.19451053482566813,0.2202574096490411,0.18582797846747193
776663,2025-08-20,2025,Chicago Cubs,Milwaukee Brewers,2025-08-20T17:00:00+00:00,2025-08-21T00:05:00+00:00,-0.013145308176226389,0.0,162,162,0.5193746187017606,0.5306841046277666,0.4783715012722647,1,0.231000757148078,0.2202574096490411,0.27209629068495095
776664,2025-08-20,2025,Tampa Bay Rays,New York Yankees,2025-08-20T17:00:00+00:00,2025-08-20T23:35:00+00:00,-0.03820488957673762,0.0,162,162,0.49352191158115916,0.5306841046277666,0.5267175572519084,0,0.24356387721072148,0.2816256189045743,0.2774313851174174
776666,2025-08-20,2025,Kansas City Royals,Texas Rangers,2025-08-20T17:00:00+00:00,2025-08-20T23:40:00+00:00,-0.014241491549489171,0.0,162,162,0.5182449027027972,0.5306841046277666,0.5516372795969774,0,0.26857777917743175,0.2816256189045743,0.30430368824115384
776669,2025-08-20,2025,Atlanta Braves,Chicago White Sox,2025-08-20T17:00:00+00:00,2025-08-20T23:15:00+00:00,0.05590599232444199,0.0,162,162,0.5896685268315236,0.5306841046277666,0.635933806146572,1,0.16837191787261208,0.2202574096490411,0.1325441935069218
776670,2025-08-20,2025,Miami Marlins,St. Louis Cardinals,2025-08-20T17:00:00+00:00,2025-08-20T22:40:00+00:00,-0.03835924217212383,0.0,162,162,0.49336263917643336,0.5306841046277666,0.5329949238578681,1,0.2566814153822688,0.2202574096490411,0.21809374114251845
776673,2025-08-20,2025,Detroit Tigers,Houston Astros,2025-08-20T17:00:00+00:00,2025-08-20T17:10:00+00:00,0.02677523404561244,0.0,162,162,0.5602896086299134,0.5306841046277666,0.49744897959183665,1,0.19334522827883474,0.2202574096490411,0.25255752811328624
776631,2025-08-21,2025,Tampa Bay Rays,St. Louis Cardinals,2025-08-21T17:00:00+00:00,2025-08-21T23:35:00+00:00,0.02798878842228142,0.0,162,162,0.5615234740221102,0.5306841046277666,0.48600508905852424,0,0.3153086118778595,0.2816256189045743,0.23620094659078408
776642,2025-08-21,2025,San Diego Padres,San Francisco Giants,2025-08-21T17:00:00+00:00,2025-08-21T20:10:00+00:00,-0.013034531726651033,0.0,162,162,0.5194887730128924,0.5306841046277666,0.6294536817102138,1,0.23089103926065563,0.2202574096490411,0.13730457399811558
776644,2025-08-21,2025,Colorado Rockies,Los Angeles Dodgers,2025-08-21T17:00:00+00:00,2025-08-21T19:10:00+00:00,-0.18657750887668278,0.0,162,162,0.3456023255306051,0.5306841046277666,0.3386727688787185,0,0.11944096741216234,0.2816256189045743,0.11469924437997787
776650,2025-08-21,2025,Washington Nationals,New York Mets,2025-08-21T17:00:00+00:00,2025-08-21T20:05:00+00:00,-0.09711076165703181,0.0,162,162,0.4331306723156353,0.5306841046277666,0.4545454545454545,1,0.32134083466932367,0.2202574096490411,0.29752066115702486
776651,2025-08-21,2025,Chicago Cubs,Milwaukee Brewers,2025-08-21T17:00:00+00:00,2025-08-21T18:20:00+00:00,-0.013693128127191923,0.0,162,162,0.5188100647907102,0.5306841046277666,0.5664160401002506,0,0.26916388332814095,0.2816256189045743,0.32082713048284867
776654,2025-08-21,2025,New York Yankees,Boston Red Sox,2025-08-21T17:00:00+00:00,2025-08-21T23:15:00+00:00,0.01612519166772286,-1.0,162,162,0.617524077233698,0.5306841046277666,0.57,0,0.3813359859633302,0.2816256189045743,0.32489999999999997
776655,2025-08-21,2025,Baltimore Orioles,Houston Astros,2025-08-21T17:00:00+00:00,2025-08-21T23:15:00+00:00,-0.03821153933778337,1.0,162,162,0.42393956334475924,0.5306841046277666,0.5279187817258882,0,0.17972475336894514,0.2816256189045743,0.27869824009894606
776657,2025-08-21,2025,Kansas City Royals,Texas Rangers,2025-08-21T17:00:00+00:00,2025-08-21T18:10:00+00:00,-0.014651976870674321,0.0,162,162,0.517821811865564,0.5306841046277666,0.5153061224489797,1,0.2324958051126076,0.2202574096490411,0.2349281549354435
776633,2025-08-22,2025,Tampa Bay Rays,St. Louis Cardinals,2025-08-22T17:00:00+00:00,2025-08-22T23:35:00+00:00,0.02607547927210141,0.0,162,162,0.5595778023493103,0.5306841046277666,0.565,1,0.19397171218346318,0.2202574096490411,0.18922500000000006
776634,2025-08-22,2025,Milwaukee Brewers,San Francisco Giants,2025-08-22T17:00:00+00:00,2025-08-23T00:10:00+00:00,0.049456269506611195,0.0,162,162,0.5832111291431799,0.5306841046277666,0.6014669926650367,1,0.1737129628701031,0.2202574096490411,0.15882855793544995
776635,2025-08-22,2025,Arizona Diamondbacks,Cincinnati Reds,2025-08-22T17:00:00+00:00,2025-08-23T01:40:00+00:00,-0.004007795119961743,0.0,162,162,0.5287828503671911,0.5306841046277666,0.5541561712846348,1,0.22204560210806903,0.2202574096490411,0.1987767196035759
776636,2025-08-22,2025,San Diego Padres,Los Angeles Dodgers,2025-08-22T17:00:00+00:00,2025-08-23T01:40:00+00:00,-0.041854096937028684,0.0,162,162,0.4897568129550201,0.5306841046277666,0.4720812182741116,1,0.2603481099258184,0.2202574096490411,0.27869824009894617
776637,2025-08-22,2025,Pittsburgh Pirates,Colorado Rockies,2025-08-22T17:00:00+00:00,2025-08-22T22:40:00+00:00,0.0930018638383685,1.0,162,162,0.5584944813676892,0.5306841046277666,0.635933806146572,1,0.19492712298278575,0.2202574096490411,0.1325441935069218
776639,2025-08-22,2025,Chicago White Sox,Minnesota Twins,2025-08-22T17:00:00+00:00,2025-08-22T23:40:00+00:00,-0.017686998502780993,1.0,162,162,0.4447534533884646,0.5306841046277666,0.4520202020202021,0,0.19780563430096518,0.2816256189045743,0.2043222630343843
776640,2025-08-22,2025,Los Angeles Angels,Chicago Cubs,2025-08-22T17:00:00+00:00,2025-08-23T01:38:00+00:00,-0.11394364068110785,1.0,162,162,0.34994991923464047,0.5306841046277666,0.4307304785894207,0,0.12246494597233139,0.2816256189045743,0.1855287451858714
776641,2025-08-22,2025,Texas Rangers,Cleveland Guardians,2025-08-22T17:00:00+00:00,2025-08-23T00:05:00+00:00,0.05840754073288118,-1.0,162,162,0.6578218361556704,0.5306841046277666,0.5841584158415841,1,0.1170858958118769,0.2202574096490411,0.1729242231153809
776643,2025-08-22,2025,Baltimore Orioles,Houston Astros,2025-08-22T17:00:00+00:00,2025-08-22T23:05:00+00:00,-0.045392871718423766,0.0,162,162,0.48610675948960047,0.5306841046277666,0.5089058524173028,0,0.23629978162148027,0.2816256189045743,0.2589851666245816
776645,2025-08-22,2025,Atlanta Braves,New York Mets,2025-08-22T17:00:00+00:00,2025-08-22T23:15:00+00:00,-0.011705182340333131,1.0,162,162,0.450859644093186,0.5306841046277666,0.5190839694656489,0,0.20327441867183438,0.2816256189045743,0.26944816735621474
776646,2025-08-22,2025,Miami Marlins,Toronto Blue Jays,2025-08-22T17:00:00+00:00,2025-08-22T23:10:00+00:00,-0.07203415473236807,0.0,162,162,0.4587023067135302,0.5306841046277666,0.39172749391727496,0,0.2104078061843135,0.2816256189045743,0.1534504294907087
776647,2025-08-22,2025,New York Yankees,Boston Red Sox,2025-08-22T17:00:00+00:00,2025-08-22T23:05:00+00:00,0.01489852511876788,0.0,162,162,0.5481770711425622,0.5306841046277666,0.6211031175059952,0,0.30049810132643767,0.2816256189045743,0.3857690825756661
776648,2025-08-22,2025,Philadelphia Phillies,Washington Nationals,2025-08-22T17:00:00+00:00,2025-08-22T22:45:00+00:00,0.11241322450078989,1.0,162,162,0.5781511593044851,0.5306841046277666,0.6276849642004773,0,0.33425876300512014,0.2816256189045743,0.3939884142833544
776649,2025-08-22,2025,Detroit Tigers,Kansas City Royals,2025-08-22T17:00:00+00:00,2025-08-22T23:10:00+00:00,0.025595331592544235,1.0,162,162,0.4891982311406883,0.5306841046277666,0.57356608478803,1,0.2609184470698017,0.2202574096490411,0.18184588404300966
776617,2025-08-23,2025,San Diego Padres,Los Angeles Dodgers,2025-08-23T17:00:00+00:00,2025-08-24T00:40:00+00:00,-0.03678044930069835,0.0,162,162,0.4949918121084355,0.5306841046277666,0.4483627204030227,1,0.25503326983752167,0.2202574096490411,0.30430368824115367
776618,2025-08-23,2025,Los Angeles Angels,Chicago Cubs,2025-08-23T17:00:00+00:00,2025-08-24T01:38:00+00:00,-0.11532223828772847,0.0,162,162,0.4147726012449836,0.5306841046277666,0.4325,0,0.17203631074353018,0.2816256189045743,0.18705625
776619,2025-08-23,2025,Chicago White Sox,Minnesota Twins,2025-08-23T17:00:00+00:00,2025-08-23T23:10:00+00:00,-0.02247944054676454,0.0,162,162,0.5097497843223023,0.5306841046277666,0.5051020408163266,1,0.24034527397202907,0.2202574096490411,0.24492399000416487
776621,2025-08-23,2025,Milwaukee Brewers,San Francisco Giants,2025-08-23T17:00:00+00:00,2025-08-23T23:10:00+00:00,0.05371578682057965,0.0,162,162,0.5874790606755483,0.5306841046277666,0.568922305764411,0,0.34513164673222463,0.2816256189045743,0.323672589996294
776622,2025-08-23,2025,Arizona Diamondbacks,Cincinnati Reds,2025-08-23T17:00:00+00:00,2025-08-24T00:10:00+00:00,-0.003654769774203648,0.0,162,162,0.5291459680096321,0.5306841046277666,0.47582697201017815,1,0.2217035194415864,0.2202574096490411,0.2747573632720185
776623,2025-08-23,2025,Texas Rangers,Cleveland Guardians,2025-08-23T17:00:00+00:00,2025-08-23T23:05:00+00:00,0.05654972843510325,0.0,162,162,0.5903113747244164,0.5306841046277666,0.5267175572519084,1,0.16784476968019754,0.2202574096490411,0.2239962706136006
776625,2025-08-23,2025,Detroit Tigers,Kansas City Royals,2025-08-23T17:00:00+00:00,2025-08-23T22:10:00+00:00,0.025567830151068893,0.0,162,162,0.5590612567182772,0.5306841046277666,0.5241730279898218,1,0.19442697532686504,0.2202574096490411,0.2264113072923749
776626,2025-08-23,2025,Atlanta Braves,New York Mets,2025-08-23T17:00:00+00:00,2025-08-23T23:15:00+00:00,-0.017101864995955895,0.0,162,162,0.5152961800253268,0.5306841046277666,0.47715736040609136,0,0.26553015314869405,0.2816256189045743,0.22767914658970856
776627,2025-08-23,2025,New York Yankees,Boston Red Sox,2025-08-23T17:00:00+00:00,2025-08-23T17:05:00+00:00,0.011302660026934364,0.0,162,162,0.544497844414479,0.5306841046277666,0.4783715012722647,0,0.2964779025720142,0.2816256189045743,0.22883929322948032
776628,2025-08-23,2025,Philadelphia Phillies,Washington Nationals,2025-08-23T17:00:00+00:00,2025-08-23T22:05:00+00:00,0.11284309757522726,0.0,162,162,0.6451169515858193,0.5306841046277666,0.6969696969696969,1,0.12594197805174173,0.2202574096490411,0.09182736455463732
776629,2025-08-23,2025,Baltimore Orioles,Houston Astros,2025-08-23T17:00:00+00:00,2025-08-23T23:05:00+00:00,-0.04729013532612325,0.0,162,162,0.48415042066575475,0.5306841046277666,0.5190839694656489,0,0.2344016298308273,0.2816256189045743,0.26944816735621474
776630,2025-08-23,2025,Miami Marlins,Toronto Blue Jays,2025-08-23T17:00:00+00:00,2025-08-23T20:10:00+00:00,-0.06941438509878095,0.0,162,162,0.46138877235221415,0.5306841046277666,0.4408060453400503,0,0.2128795992526833,0.2816256189045743,0.1943099696083345
776632,2025-08-23,2025,Pittsburgh Pirates,Colorado Rockies,2025-08-23T17:00:00+00:00,2025-08-23T22:40:00+00:00,0.09651741116434442,0.0,162,162,0.6295408444761409,0.5306841046277666,0.6225961538461539,1,0.13723998591145084,0.2202574096490411,0.14243366309171596
776603,2025-08-24,2025,San Diego Padres,Los Angeles Dodgers,2025-08-24T17:00:00+00:00,2025-08-24T20:10:00+00:00,-0.03374121756356585,0.0,162,162,0.49812829664231983,0.5306841046277666,0.49744897959183665,0,0.248131799915779,0.2816256189045743,0.24745548729695951
776605,2025-08-24,2025,Los Angeles Angels,Chicago Cubs,2025-08-24T17:00:00+00:00,2025-08-24T20:07:00+00:00,-0.12375066999228879,0.0,162,162,0.40635258081647513,0.5306841046277666,0.4483627204030227,0,0.16512241993620996,0.2816256189045743,0.20102912904719913
776607,2025-08-24,2025,Chicago White Sox,Minnesota Twins,2025-08-24T17:00:00+00:00,2025-08-24T18:10:00+00:00,-0.023374053618127055,0.0,162,162,0.5088268165531004,0.5306841046277666,0.48346055979643765,1,0.24125109613736173,0.2202574096490411,0.26681299328580954
776608,2025-08-24,2025,Milwaukee Brewers,San Francisco Giants,2025-08-24T17:00:00+00:00,2025-08-24T18:10:00+00:00,0.0552892773100343,0.0,162,162,0.5890523753056336,0.5306841046277666,0.5541561712846348,0,0.34698270085320904,0.2816256189045743,0.3070890621728455
776609,2025-08-24,2025,Arizona Diamondbacks,Cincinnati Reds,2025-08-24T17:00:00+00:00,2025-08-24T20:10:00+00:00,0.005721453587968273,0.0,162,162,0.5387777624605605,0.5306841046277666,0.5417721518987342,0,0.2902814773220082,0.2816256189045743,0.2935170645729851
776611,2025-08-24,2025,Texas Rangers,Cleveland Guardians,2025-08-24T17:00:00+00:00,2025-08-24T18:35:00+00:00,0.06405414662187581,0.0,162,162,0.5977821448436099,0.5306841046277666,0.5392405063291139,1,0.16177920300660678,0.2202574096490411,0.21229931100785132
776612,2025-08-24,2025,Baltimore Orioles,Houston Astros,2025-08-24T17:00:00+00:00,2025-08-24T17:35:00+00:00,-0.04846744202145398,0.0,162,162,0.4829366964760392,0.5306841046277666,0.5468354430379747,1,0.2673544598511116,0.2202574096490411,0.20535811568658865
776613,2025-08-24,2025,Philadelphia Phillies,Washington Nationals,2025-08-24T17:00:00+00:00,2025-08-24T17:35:00+00:00,0.11511085803593485,0.0,162,162,0.6472573243495852,0.5306841046277666,0.6934782608695652,1,0.12442739522501377,0.2202574096490411,0.09395557655954631
776614,2025-08-24,2025,Miami Marlins,Toronto Blue Jays,2025-08-24T17:00:00+00:00,2025-08-24T17:40:00+00:00,-0.07095613205957141,0.0,162,162,0.45980749280548405,0.5306841046277666,0.4593908629441624,1,0.29180794482909717,0.2202574096490411,0.2922582390682574
776615,2025-08-24,2025,Detroit Tigers,Kansas City Royals,2025-08-24T17:00:00+00:00,2025-08-24T17:40:00+00:00,0.029567063090653267,0.0,162,162,0.5631270242541816,0.5306841046277666,0.5866336633663367,0,0.31711204544536964,0.2816256189045743,0.34413905499460845
776616,2025-08-24,2025,New York Yankees,Boston Red Sox,2025-08-24T17:00:00+00:00,2025-08-24T23:10:00+00:00,0.00039993063607979273,0.0,162,162,0.5333142769842873,0.5306841046277666,0.5955882352941176,1,0.21779556406669848,0.2202574096490411,0.16354887543252597
776624,2025-08-24,2025,Atlanta Braves,New York Mets,2025-08-24T17:00:00+00:00,2025-08-24T17:35:00+00:00,-0.02295365435221508,0.0,162,162,0.5092605482225909,0.5306841046277666,0.43969849246231163,1,0.240825209530792,0.2202574096490411,0.31393777934900624
776589,2025-08-25,2025,St. Louis Cardinals,Pittsburgh Pirates,2025-08-25T17:00:00+00:00,2025-08-25T23:45:00+00:00,0.017686274091630483,0.0,162,162,0.5510258490319582,0.5306841046277666,0.5468354430379747,1,0.20157778823747402,0.2202574096490411,0.20535811568658865
776592,2025-08-25,2025,Texas Rangers,Los Angeles Angels,2025-08-25T17:00:00+00:00,2025-08-26T00:05:00+00:00,0.08854904615856296,0.0,162,162,0.6218369551127675,0.5306841046277666,0.6135265700483092,0,0.386681198743918,0.2816256189045743,0.3764148521552429
776593,2025-08-25,2025,Milwaukee Brewers,Arizona Diamondbacks,2025-08-25T17:00:00+00:00,2025-08-25T23:40:00+00:00,0.058174882239292125,0.0,162,162,0.5919329090572907,0.5306841046277666,0.616504854368932,1,0.1665187507104454,0.2202574096490411,0.14706852672259407
776594,2025-08-25,2025,Los Angeles Dodgers,Cincinnati Reds,2025-08-25T17:00:00+00:00,2025-08-26T02:10:00+00:00,0.034486019263186396,0.0,162,162,0.5681161511128867,0.5306841046277666,0.5603015075376885,1,0.1865236589295469,0.2202574096490411,0.19333476427362942
776595,2025-08-25,2025,Seattle Mariners,San Diego Padres,2025-08-25T17:00:00+00:00,2025-08-26T01:40:00+00:00,0.002329201204692044,0.0,162,162,0.5352960077915404,0.5306841046277666,0.530456852791878,1,0.21594980037448008,0.2202574096490411,0.2204707670901081
776596,2025-08-25,2025,Toronto Blue Jays,Minnesota Twins,2025-08-25T17:00:00+00:00,2025-08-25T23:07:00+00:00,0.05802096984391891,0.0,162,162,0.5917794246304919,0.5306841046277666,0.565,1,0.16664403815501222,0.2202574096490411,0.18922500000000006
776597,2025-08-25,2025,New York Yankees,Washington Nationals,2025-08-25T17:00:00+00:00,2025-08-25T23:05:00+00:00,0.11678797210536379,0.0,162,162,0.6488364424206888,0.5306841046277666,0.6734234234234234,1,0.12331584417175818,0.2202574096490411,0.10665226036847658
776598,2025-08-25,2025,New York Mets,Philadelphia Phillies,2025-08-25T17:00:00+00:00,2025-08-25T23:10:00+00:00,-0.023617195098142085,0.0,162,162,0.508575958057189,0.5306841046277666,0.4545454545454545,1,0.24149758899940965,0.2202574096490411,0.29752066115702486
776599,2025-08-25,2025,Chicago White Sox,Kansas City Royals,2025-08-25T17:00:00+00:00,2025-08-25T23:40:00+00:00,-0.05495037183240303,0.0,162,162,0.47625722098566403,0.5306841046277666,0.4531645569620253,1,0.27430649856965955,0.2202574096490411,0.2990290017625381
776600,2025-08-25,2025,Miami Marlins,Atlanta Braves,2025-08-25T17:00:00+00:00,2025-08-25T22:40:00+00:00,-0.03930437786643487,0.0,162,162,0.49238740896633637,0.5306841046277666,0.49744897959183665,1,0.25767054257590943,0.2202574096490411,0.25255752811328624
776601,2025-08-25,2025,Cleveland Guardians,Tampa Bay Rays,2025-08-25T17:00:00+00:00,2025-08-25T22:40:00+00:00,-0.053591587132606366,0.0,162,162,0.4776565772039862,0.5306841046277666,0.5204081632653061,0,0.22815580574622762,0.2816256189045743,0.27082465639316955
776604,2025-08-25,2025,Baltimore Orioles,Boston Red Sox,2025-08-25T17:00:00+00:00,2025-08-25T22:35:00+00:00,-0.07772339870912953,0.0,162,162,0.45287668888757954,0.5306841046277666,0.47582697201017815,0,0.2050972953377775,0.2816256189045743,0.22641130729237485
776574,2025-08-26,2025,Los Angeles Dodgers,Cincinnati Reds,2025-08-26T17:00:00+00:00,2025-08-27T02:10:00+00:00,0.03998341738052125,0.0,162,162,0.5736756180000098,0.5306841046277666,0.6159420289855072,1,0.1817524786876736,0.2202574096490411,0.147500525099769
776575,2025-08-26,2025,Texas Rangers,Los Angeles Angels,2025-08-26T17:00:00+00:00,2025-08-27T00:05:00+00:00,0.08521861655955637,0.0,162,162,0.618598495962417,0.5306841046277666,0.48600508905852424,1,0.14546710728213044,0.2202574096490411,0.26419076847373557
776576,2025-08-26,2025,San Francisco Giants,Chicago Cubs,2025-08-26T17:00:00+00:00,2025-08-27T01:45:00+00:00,-0.042270536215766485,0.0,162,162,0.4893272142742164,0.5306841046277666,0.44332493702770776,1,0.260786694080932,0.2202574096490411,0.3098871257352056
776577,2025-08-26,2025,Seattle Mariners,San Diego Padres,2025-08-26T17:00:00+00:00,2025-08-27T01:40:00+00:00,0.0004190384846081141,0.0,162,162,0.5333339096684875,0.5306841046277666,0.5089058524173028,0,0.28444505920227436,0.2816256189045743,0.2589851666245816
776578,2025-08-26,2025,St. Louis Cardinals,Pittsburgh Pirates,2025-08-26T17:00:00+00:00,2025-08-26T23:45:00+00:00,0.0196979645621444,0.0,162,162,0.5530795125430535,0.5306841046277666,0.5367088607594936,0,0.3058969471948617,0.2816256189045743,0.28805640121775355
776581,2025-08-26,2025,Miami Marlins,Atlanta Braves,2025-08-26T17:00:00+00:00,2025-08-26T22:40:00+00:00,-0.0376632626020712,0.0,162,162,0.4940808124738479,0.5306841046277666,0.4531645569620253,0,0.24411584925481764,0.2816256189045743,0.20535811568658865
776582,2025-08-26,2025,Toronto Blue Jays,Minnesota Twins,2025-08-26T17:00:00+00:00,2025-08-26T23:07:00+00:00,0.06664414308207295,0.0,162,162,0.6003502145989668,0.5306841046277666,0.6159420289855072,0,0.36042038016902544,0.2816256189045743,0.3793845830707834
776583,2025-08-26,2025,Chicago White Sox,Kansas City Royals,2025-08-26T17:00:00+00:00,2025-08-26T23:40:00+00:00,-0.049895744762401384,0.0,162,162,0.4814644838096682,0.5306841046277666,0.48469387755102045,0,0.23180804917011028,0.2816256189045743,0.2349281549354436
776584,2025-08-26,2025,Cleveland Guardians,Tampa Bay Rays,2025-08-26T17:00:00+00:00,2025-08-26T22:40:00+00:00,-0.06049666109871965,0.0,162,162,0.4705494248027084,0.5306841046277666,0.5216284987277354,1,0.28031791157674285,0.2202574096490411,0.22883929322948024
776585,2025-08-26,2025,New York Mets,Philadelphia Phillies,2025-08-26T17:00:00+00:00,2025-08-26T23:10:00+00:00,-0.012425523633115665,0.0,162,162,0.5201163146839343,0.5306841046277666,0.49234693877551017,1,0.2302883514325288,0.2202574096490411,0.2577116305705956
776586,2025-08-26,2025,Milwaukee Brewers,Arizona Diamondbacks,2025-08-26T17:00:00+00:00,2025-08-26T23:40:00+00:00,0.05880147720551565,0.0,162,162,0.5925575763395962,0.5306841046277666,0.5796019900497512,1,0.166009328598264,0.2202574096490411,0.17673448677012948
776587,2025-08-26,2025,Houston Astros,Colorado Rockies,2025-08-26T17:00:00+00:00,2025-08-27T00:10:00+00:00,0.15398780848450522,0.0,162,162,0.6829792280950321,0.5306841046277666,0.7552182163187855,0,0.4664606260092859,0.2816256189045743,0.5703545542597279
776588,2025-08-26,2025,New York Yankees,Washington Nationals,2025-08-26T17:00:00+00:00,2025-08-26T23:05:00+00:00,0.12020392451445944,0.0,162,162,0.6520427120830055,0.5306841046277666,0.6116504854368933,1,0.12107427421455023,0.2202574096490411,0.15081534546140066
776591,2025-08-26,2025,Baltimore Orioles,Boston Red Sox,2025-08-26T17:00:00+00:00,2025-08-26T22:35:00+00:00,-0.07978837562425017,0.0,162,162,0.4507653174616639,0.5306841046277666,0.49234693877551017,0,0.2031893714263146,0.2816256189045743,0.24240550812161596
776557,2025-08-27,2025,San Francisco Giants,Chicago Cubs,2025-08-27T17:00:00+00:00,2025-08-28T01:45:00+00:00,-0.039866490900371976,0.0,162,162,0.4918074244211241,0.5306841046277666,0.4582278481012658,1,0.25825969387349146,0.2202574096490411,0.2935170645729851
776561,2025-08-27,2025,Seattle Mariners,San Diego Padres,2025-08-27T17:00:00+00:00,2025-08-27T20:10:00+00:00,-0.00010781484910793449,0.0,162,162,0.5327925476311385,0.5306841046277666,0.57,1,0.218282803549002,0.2202574096490411,0.18490000000000004
776562,2025-08-27,2025,Los Angeles Dodgers,Cincinnati Reds,2025-08-27T17:00:00+00:00,2025-08-28T00:40:00+00:00,0.04265312553041878,0.0,162,162,0.5763688562104643,0.5306841046277666,0.6309523809523809,1,0.17946334598843028,0.2202574096490411,0.13619614512471656
776563,2025-08-27,2025,Texas Rangers,Los Angeles Angels,2025-08-27T17:00:00+00:00,2025-08-28T00:05:00+00:00,0.09086836256061648,0.0,162,162,0.6240858402780746,0.5306841046277666,0.5876543209876544,1,0.14131145547944127,0.2202574096490411,0.17002895900015239
776565,2025-08-27,2025,Miami Marlins,Atlanta Braves,2025-08-27T17:00:00+00:00,2025-08-27T17:10:00+00:00,-0.04750202105609069,0.0,162,162,0.48393196648431935,0.5306841046277666,0.46954314720812185,0,0.2341901481853804,0.2816256189045743,0.220470767090108
776566,2025-08-27,2025,New York Mets,Philadelphia Phillies,2025-08-27T17:00:00+00:00,2025-08-27T23:10:00+00:00,-0.012957235943936385,0.0,162,162,0.5195684245401916,0.5306841046277666,0.582089552238806,1,0.23081449869879359,0.2202574096490411,0.17464914234796167
776567,2025-08-27,2025,Toronto Blue Jays,Minnesota Twins,2025-08-27T17:00:00+00:00,2025-08-27T23:07:00+00:00,0.0655239113191256,0.0,162,162,0.599240134641646,0.5306841046277666,0.6285714285714284,1,0.16060846968204598,0.2202574096490411,0.1379591836734695
776568,2025-08-27,2025,St. Louis Cardinals,Pittsburgh Pirates,2025-08-27T17:00:00+00:00,2025-08-27T23:45:00+00:00,0.014568989064060678,0.0,162,162,0.5478401084844683,0.5306841046277666,0.6058394160583942,0,0.300128784464274,0.2816256189045743,0.36704139804997604
776569,2025-08-27,2025,Chicago White Sox,Kansas City Royals,2025-08-27T17:00:00+00:00,2025-08-27T23:40:00+00:00,-0.052245597629996254,0.0,162,162,0.479043102116543,0.5306841046277666,0.4531645569620253,0,0.22948229368544065,0.2816256189045743,0.20535811568658865
776570,2025-08-27,2025,New York Yankees,Washington Nationals,2025-08-27T17:00:00+00:00,2025-08-27T17:05:00+00:00,0.12776767567814618,0.0,162,162,0.6590930263326678,0.5306841046277666,0.7082452431289641,1,0.11621756469501916,0.2202574096490411,0.08512083815687728
776571,2025-08-27,2025,Houston Astros,Colorado Rockies,2025-08-27T17:00:00+00:00,2025-08-28T00:10:00+00:00,0.15376526816901398,0.0,162,162,0.6827802807249821,0.5306841046277666,0.7244897959183673,1,0.10062835029692117,0.2202574096490411,0.07590587255310292
776572,2025-08-27,2025,Milwaukee Brewers,Arizona Diamondbacks,2025-08-27T17:00:00+00:00,2025-08-27T23:40:00+00:00,0.05669354498976409,0.0,162,162,0.5904549507567055,0.5306841046277666,0.5591939546599496,0,0.34863704887310354,0.2816256189045743,0.31269787892823375
776579,2025-08-27,2025,Baltimore Orioles,Boston Red Sox,2025-08-27T17:00:00+00:00,2025-08-27T22:35:00+00:00,-0.08582611464577361,0.0,162,162,0.44460236231579026,0.5306841046277666,0.43969849246231163,0,0.19767126057678122,0.2816256189045743,0.19333476427362953
776580,2025-08-27,2025,Cleveland Guardians,Tampa Bay Rays,2025-08-27T17:00:00+00:00,2025-08-27T17:10:00+00:00,-0.05690549021556934,0.0,162,162,0.4742443848763275,0.5306841046277666,0.425,1,0.2764189668340713,0.2202574096490411,0.33062499999999995
776550,2025-08-28,2025,San Francisco Giants,Chicago Cubs,2025-08-28T17:00:00+00:00,2025-08-28T19:45:00+00:00,-0.029852237521105107,0.0,162,162,0.5021419019906491,0.5306841046277666,0.49489795918367346,1,0.24786268575348844,0.2202574096490411,0.25512807163681794
776553,2025-08-28,2025,Milwaukee Brewers,Arizona Diamondbacks,2025-08-28T17:00:00+00:00,2025-08-28T18:10:00+00:00,0.05547314769366707,0.0,162,162,0.5892361070081799,0.5306841046277666,0.5866336633663367,0,0.3471991898021552,0.2816256189045743,0.34413905499460845
776554,2025-08-28,2025,St. Louis Cardinals,Pittsburgh Pirates,2025-08-28T17:00:00+00:00,2025-08-28T18:15:00+00:00,0.014012579416121773,0.0,162,162,0.5472710598898888,0.5306841046277666,0.5204081632653061,1,0.20496349321322468,0.2202574096490411,0.23000832986255726
776555,2025-08-28,2025,Houston Astros,Colorado Rockies,2025-08-28T17:00:00+00:00,2025-08-28T18:10:00+00:00,0.16113457152177463,0.0,162,162,0.6893324839173538,0.5306841046277666,0.6872246696035242,1,0.09651430554896123,0.2202574096490411,0.09782840730462457
776556,2025-08-28,2025,Chicago White Sox,New York Yankees,2025-08-28T17:00:00+00:00,2025-08-28T23:40:00+00:00,-0.10346091067213536,0.0,162,162,0.4267058420137402,0.5306841046277666,0.3672985781990522,0,0.182077875608655,0.2816256189045743,0.13490824554704528
776558,2025-08-28,2025,New York Mets,Miami Marlins,2025-08-28T17:00:00+00:00,2025-08-28T23:10:00+00:00,0.08133220578220623,0.0,162,162,0.6148060527015261,0.5306841046277666,0.6928104575163399,0,0.3779864824384317,0.2816256189045743,0.47998633004400015
776560,2025-08-28,2025,Philadelphia Phillies,Atlanta Braves,2025-08-28T17:00:00+00:00,2025-08-28T22:45:00+00:00,0.03225746492244719,0.0,162,162,0.5658574549619124,0.5306841046277666,0.6201923076923077,1,0.1884797494121479,0.2202574096490411,0.14425388313609466
776564,2025-08-28,2025,Baltimore Orioles,Boston Red Sox,2025-08-28T17:00:00+00:00,2025-08-28T17:05:00+00:00,-0.0876719076995856,0.0,162,162,0.44272159649901927,0.5306841046277666,0.3568075117370892,0,0.19600241200664043,0.2816256189045743,0.12731160043201303
776533,2025-08-29,2025,San Francisco Giants,Baltimore Orioles,2025-08-29T17:00:00+00:00,2025-08-30T02:15:00+00:00,0.06921546910343274,0.0,162,162,0.6028943268115368,0.5306841046277666,0.57,1,0.15769291567846258,0.2202574096490411,0.18490000000000004
776534,2025-08-29,2025,Los Angeles Dodgers,Arizona Diamondbacks,2025-08-29T17:00:00+00:00,2025-08-30T02:10:00+00:00,0.033621872855677304,1.0,162,162,0.4974803744896994,0.5306841046277666,0.6440281030444964,0,0.24748672300241156,0.2816256189045743,0.4147721975110925
776540,2025-08-29,2025,Kansas City Royals,Detroit Tigers,2025-08-29T17:00:00+00:00,2025-08-30T00:10:00+00:00,-0.02531242323036209,0.0,162,162,0.5068268123968888,0.5306841046277666,0.5267175572519084,0,0.2568734177643911,0.2816256189045743,0.2774313851174174
776541,2025-08-29,2025,Minnesota Twins,San Diego Padres,2025-08-29T17:00:00+00:00,2025-08-30T00:10:00+00:00,-0.035605374429634684,0.0,162,162,0.49620445515405714,0.5306841046277666,0.4545454545454545,1,0.25380995100662035,0.2202574096490411,0.29752066115702486
776542,2025-08-29,2025,Colorado Rockies,Chicago Cubs,2025-08-29T17:00:00+00:00,2025-08-30T00:40:00+00:00,-0.2000103385880307,0.0,162,162,0.3331705162104624,0.5306841046277666,0.33031674208144796,0,0.11100259287194598,0.2816256189045743,0.1091091500993018
776543,2025-08-29,2025,Houston Astros,Los Angeles Angels,2025-08-29T17:00:00+00:00,2025-08-30T00:10:00+00:00,0.07961414248608867,-1.0,162,162,0.6772467954019771,0.5306841046277666,0.5945945945945945,1,0.10416963107829325,0.2202574096490411,0.16435354273192118
776544,2025-08-29,2025,Chicago White Sox,New York Yankees,2025-08-29T17:00:00+00:00,2025-08-29T23:40:00+00:00,-0.10843167740601894,0.0,162,162,0.42169370560852065,0.5306841046277666,0.33409090909090905,0,0.1778255813498457,0.2816256189045743,0.11161673553719005
776545,2025-08-29,2025,Washington Nationals,Tampa Bay Rays,2025-08-29T17:00:00+00:00,2025-08-29T22:45:00+00:00,-0.09864692121911695,0.0,162,162,0.4315742983674964,0.5306841046277666,0.4335839598997493,0,0.1862563750113968,0.2816256189045743,0.1879950502823474
776546,2025-08-29,2025,Toronto Blue Jays,Milwaukee Brewers,2025-08-29T17:00:00+00:00,2025-08-29T23:07:00+00:00,-0.03670259969529044,1.0,162,162,0.425461545583113,0.5306841046277666,0.547979797979798,0,0.18101752676997135,0.2816256189045743,0.30028185899398024
776547,2025-08-29,2025,Cleveland Guardians,Seattle Mariners,2025-08-29T17:00:00+00:00,2025-08-29T23:10:00+00:00,-0.04761095147361627,0.0,162,162,0.48381966161167844,0.5306841046277666,0.4088669950738916,1,0.26644214173868214,0.2202574096490411,0.3494382295129704
776548,2025-08-29,2025,New York Mets,Miami Marlins,2025-08-29T17:00:00+00:00,2025-08-29T23:10:00+00:00,0.08322214123052718,0.0,162,162,0.616652066032992,0.5306841046277666,0.6244019138755981,1,0.14695563847677348,0.2202574096490411,0.14107392230031365
776549,2025-08-29,2025,Boston Red Sox,Pittsburgh Pirates,2025-08-29T17:00:00+00:00,2025-08-29T23:10:00+00:00,0.08723259623198476,0.0,162,162,0.6205581397283513,0.5306841046277666,0.5178571428571429,0,0.38509240478311196,0.2816256189045743,0.2681760204081633
776551,2025-08-29,2025,Cincinnati Reds,St. Louis Cardinals,2025-08-29T17:00:00+00:00,2025-08-29T22:40:00+00:00,0.027167484680014287,1.0,162,162,0.49082012464223673,0.5306841046277666,0.5566750629722922,0,0.2409043947538208,0.2816256189045743,0.3098871257352055
776552,2025-08-29,2025,Philadelphia Phillies,Atlanta Braves,2025-08-29T17:00:00+00:00,2025-08-29T22:45:00+00:00,0.04771577117486958,0.0,162,162,0.5814635586594447,0.5306841046277666,0.6276849642004773,1,0.17517275273001612,0.2202574096490411,0.1386184858823999
776516,2025-08-30,2025,San Francisco Giants,Baltimore Orioles,2025-08-30T17:00:00+00:00,2025-08-30T23:15:00+00:00,0.07202635991899964,0.0,162,162,0.6056691126931878,0.5306841046277666,0.4707379134860051,0,0.36683507407055344,0.2816256189045743,0.2215941831931576
776523,2025-08-30,2025,Los Angeles Dodgers,Arizona Diamondbacks,2025-08-30T17:00:00+00:00,2025-08-31T01:10:00+00:00,0.029488746288283796,0.0,162,162,0.5630474840567169,0.5306841046277666,0.6711711711711711,0,0.31702246930259886,0.2816256189045743,0.45047074101128143
776525,2025-08-30,2025,Washington Nationals,Tampa Bay Rays,2025-08-30T17:00:00+00:00,2025-08-30T20:05:00+00:00,-0.10060059276280808,0.0,162,162,0.4295968726429412,0.5306841046277666,0.41234567901234565,0,0.18455347298459546,0.2816256189045743,0.17002895900015239
776526,2025-08-30,2025,Colorado Rockies,Chicago Cubs,2025-08-30T17:00:00+00:00,2025-08-31T00:10:00+00:00,-0.20478629792899888,0.0,162,162,0.3288047235146441,0.5306841046277666,0.35116279069767437,0,0.10811254620554157,0.2816256189045743,0.12331530557057865
776527,2025-08-30,2025,Toronto Blue Jays,Milwaukee Brewers,2025-08-30T17:00:00+00:00,2025-08-30T19:07:00+00:00,-0.040671804660346034,0.0,162,162,0.49097654577932553,0.5306841046277666,0.5639097744360902,0,0.24105796850539815,0.2816256189045743,0.3179942337045622
776528,2025-08-30,2025,Kansas City Royals,Detroit Tigers,2025-08-30T17:00:00+00:00,2025-08-30T23:15:00+00:00,-0.026272319311982262,0.0,162,162,0.5058363095091455,0.5306841046277666,0.48346055979643765,1,0.24419775299954105,0.2202574096490411,0.26681299328580954
776529,2025-08-30,2025,Chicago White Sox,New York Yankees,2025-08-30T17:00:00+00:00,2025-08-30T23:10:00+00:00,-0.10991736014481174,0.0,162,162,0.4201987354136562,0.5306841046277666,0.33257918552036203,0,0.17656697724323586,0.2816256189045743,0.11060891464138739
776530,2025-08-30,2025,Minnesota Twins,San Diego Padres,2025-08-30T17:00:00+00:00,2025-08-30T23:10:00+00:00,-0.02780319481475113,0.0,162,162,0.5042565296005869,0.5306841046277666,0.4133663366336633,0,0.25427464764482755,0.2816256189045743,0.17087172826193503
776531,2025-08-30,2025,Houston Astros,Los Angeles Angels,2025-08-30T17:00:00+00:00,2025-08-30T23:10:00+00:00,0.08018876986477125,0.0,162,162,0.6136875801320987,0.5306841046277666,0.5980392156862746,0,0.37661244600839106,0.2816256189045743,0.35765090349865447
776532,2025-08-30,2025,Philadelphia Phillies,Atlanta Braves,2025-08-30T17:00:00+00:00,2025-08-30T22:05:00+00:00,0.04746829538080044,0.0,162,162,0.5812149101150041,0.5306841046277666,0.5628140703517588,1,0.17538095150998406,0.2202574096490411,0.1911315370823969
776535,2025-08-30,2025,New York Mets,Miami Marlins,2025-08-30T17:00:00+00:00,2025-08-30T20:10:00+00:00,0.09300121720051802,0.0,162,162,0.6261492170793971,0.5306841046277666,0.6048780487804878,0,0.39206284204914194,0.2816256189045743,0.3658774538964902
776536,2025-08-30,2025,Cincinnati Reds,St. Louis Cardinals,2025-08-30T17:00:00+00:00,2025-08-30T22:40:00+00:00,0.024528976885765275,0.0,162,162,0.5580038001877974,0.5306841046277666,0.57,0,0.31136824102402333,0.2816256189045743,0.32489999999999997
776537,2025-08-30,2025,Cleveland Guardians,Seattle Mariners,2025-08-30T17:00:00+00:00,2025-08-30T23:15:00+00:00,-0.049889957716108546,0.0,162,162,0.48147044813356615,0.5306841046277666,0.4325,1,0.2688728961588048,0.2202574096490411,0.32205625
776539,2025-08-30,2025,Boston Red Sox,Pittsburgh Pirates,2025-08-30T17:00:00+00:00,2025-08-30T20:10:00+00:00,0.08701266849165107,0.0,162,162,0.620344335374148,0.5306841046277666,0.6125907990314771,0,0.38482709443079344,0.2816256189045743,0.37526748705802354
776507,2025-08-31,2025,San Francisco Giants,Baltimore Orioles,2025-08-31T17:00:00+00:00,2025-08-31T20:05:00+00:00,0.059787751368472974,0.0,162,162,0.5935402097621009,0.5306841046277666,0.5639097744360902,1,0.16520956108023696,0.2202574096490411,0.19017468483238167
776509,2025-08-31,2025,Los Angeles Dodgers,Arizona Diamondbacks,2025-08-31T17:00:00+00:00,2025-08-31T20:10:00+00:00,0.030919575667591737,0.0,162,162,0.5645001490027395,0.5306841046277666,0.6704288939051919,1,0.18966012021863612,0.2202574096490411,0.10861711397255526
776510,2025-08-31,2025,Houston Astros,Los Angeles Angels,2025-08-31T17:00:00+00:00,2025-08-31T18:10:00+00:00,0.07137484115382964,0.0,162,162,0.6050265616331723,0.5306841046277666,0.5866336633663367,0,0.3660571402816588,0.2816256189045743,0.34413905499460845
776511,2025-08-31,2025,Colorado Rockies,Chicago Cubs,2025-08-31T17:00:00+00:00,2025-08-31T19:10:00+00:00,-0.20790464074462167,0.0,162,162,0.32597000418848093,0.5306841046277666,0.32142857142857145,1,0.4543164352536763,0.2202574096490411,0.46045918367346944
776512,2025-08-31,2025,Kansas City Royals,Detroit Tigers,2025-08-31T17:00:00+00:00,2025-08-31T18:10:00+00:00,-0.019368863519023338,0.0,162,162,0.5129583931610022,0.5306841046277666,0.383132530120482,0,0.26312631311431733,0.2816256189045743,0.14679053563652203
776513,2025-08-31,2025,Minnesota Twins,San Diego Padres,2025-08-31T17:00:00+00:00,2025-08-31T17:05:00+00:00,-0.03903515464407453,0.0,162,162,0.49266519907653306,0.5306841046277666,0.5279187817258882,1,0.2573886002280538,0.2202574096490411,0.22286067664716955
776514,2025-08-31,2025,Chicago White Sox,New York Yankees,2025-08-31T17:00:00+00:00,2025-08-31T18:10:00+00:00,-0.10780526296006077,0.0,162,162,0.4223244680422961,0.5306841046277666,0.38072289156626504,1,0.3337090202226161,0.2202574096490411,0.38350413703004793
776515,2025-08-31,2025,Toronto Blue Jays,Milwaukee Brewers,2025-08-31T17:00:00+00:00,2025-08-31T17:37:00+00:00,-0.04613550861465465,0.0,162,162,0.4853409450385031,0.5306841046277666,0.48346055979643765,1,0.26487394285386107,0.2202574096490411,0.26681299328580954
776517,2025-08-31,2025,Boston Red Sox,Pittsburgh Pirates,2025-08-31T17:00:00+00:00,2025-08-31T17:35:00+00:00,0.08502870306873661,0.0,162,162,0.6184135057521306,0.5306841046277666,0.6101694915254237,1,0.14560825259237925,0.2202574096490411,0.15196782533754674
776519,2025-08-31,2025,New York Mets,Miami Marlins,2025-08-31T17:00:00+00:00,2025-08-31T17:40:00+00:00,0.09523389073217364,0.0,162,162,0.6283042550760032,0.5306841046277666,0.6225961538461539,0,0.3947662369466113,0.2816256189045743,0.38762597078402367
776520,2025-08-31,2025,Washington Nationals,Tampa Bay Rays,2025-08-31T17:00:00+00:00,2025-08-31T17:35:00+00:00,-0.10408830864906848,0.0,162,162,0.4260723693949996,0.5306841046277666,0.43969849246231163,0,0.181537663961869,0.2816256189045743,0.19333476427362953
776521,2025-08-31,2025,Cleveland Guardians,Seattle Mariners,2025-08-31T17:00:00+00:00,2025-08-31T17:40:00+00:00,-0.04687530047863886,0.0,162,162,0.4845781328429375,0.5306841046277666,0.49234693877551017,0,0.23481596682954758,0.2816256189045743,0.24240550812161596
776522,2025-08-31,2025,Philadelphia Phillies,Atlanta Braves,2025-08-31T17:00:00+00:00,2025-08-31T23:10:00+00:00,0.049738820009670004,0.0,162,162,0.5834946317843746,0.5306841046277666,0.6004901960784313,0,0.34046598532118283,0.2816256189045743,0.3605884755863129
776492,2025-09-01,2025,Colorado Rockies,San Francisco Giants,2025-09-01T17:00:00+00:00,2025-09-01T20:10:00+00:00,-0.17937235653422007,0.0,162,162,0.352359883600649,0.5306841046277666,0.43969849246231163,0,0.12415748757106292,0.2816256189045743,0.19333476427362953
776494,2025-09-01,2025,San Diego Padres,Baltimore Orioles,2025-09-01T17:00:00+00:00,2025-09-01T22:40:00+00:00,0.054162192769314,0.0,162,162,0.5879255998242211,0.5306841046277666,0.5901234567901236,0,0.34565651092867017,0.2816256189045743,0.3482456942539248
776495,2025-09-01,2025,Arizona Diamondbacks,Texas Rangers,2025-09-01T17:00:00+00:00,2025-09-02T00:10:00+00:00,-0.02896135095748631,0.0,162,162,0.5030613175404588,0.5306841046277666,0.5785536159600998,0,0.2530706892055423,0.2816256189045743,0.3347242865405066
776498,2025-09-01,2025,Washington Nationals,Miami Marlins,2025-09-01T17:00:00+00:00,2025-09-01T17:05:00+00:00,-0.030264672696571182,0.0,162,162,0.5017162540631648,0.5306841046277666,0.49489795918367346,1,0.24828669146484456,0.2202574096490411,0.25512807163681794
776499,2025-09-01,2025,Houston Astros,Los Angeles Angels,2025-09-01T17:00:00+00:00,2025-09-01T18:10:00+00:00,0.06882429048439592,0.0,162,162,0.6025076431880643,0.5306841046277666,0.5841584158415841,1,0.15800017372390723,0.2202574096490411,0.1729242231153809
776500,2025-09-01,2025,Milwaukee Brewers,Philadelphia Phillies,2025-09-01T17:00:00+00:00,2025-09-01T20:10:00+00:00,0.0273979646556457,0.0,162,162,0.5609228558222963,0.5306841046277666,0.5796019900497512,0,0.31463445018384056,0.2816256189045743,0.3359384668696319
776501,2025-09-01,2025,Detroit Tigers,New York Mets,2025-09-01T17:00:00+00:00,2025-09-01T17:10:00+00:00,-0.002606770509031131,0.0,162,162,0.5302237443207974,0.5306841046277666,0.49234693877551017,0,0.28113721904156636,0.2816256189045743,0.24240550812161596
776502,2025-09-01,2025,Minnesota Twins,Chicago White Sox,2025-09-01T17:00:00+00:00,2025-09-01T18:10:00+00:00,0.020012179559417864,0.0,162,162,0.5534001218243372,0.5306841046277666,0.6235011990407675,0,0.3062516948351912,0.2816256189045743,0.3887537452052748
776503,2025-09-01,2025,Cincinnati Reds,Toronto Blue Jays,2025-09-01T17:00:00+00:00,2025-09-01T17:10:00+00:00,-0.03191498394676573,0.0,162,162,0.5000130548115365,0.5306841046277666,0.5292620865139949,1,0.24998694535889165,0.2202574096490411,0.22159418319315766
776504,2025-09-01,2025,Tampa Bay Rays,Seattle Mariners,2025-09-01T17:00:00+00:00,2025-09-01T23:35:00+00:00,0.01824624867575253,0.0,162,162,0.5515976850617238,0.5306841046277666,0.5076530612244898,1,0.20106463604200503,0.2202574096490411,0.24240550812161596
776505,2025-09-01,2025,Boston Red Sox,Cleveland Guardians,2025-09-01T17:00:00+00:00,2025-09-01T17:35:00+00:00,0.08914711373591383,0.0,162,162,0.6224173670555546,0.5306841046277666,0.57356608478803,1,0.14256864470125977,0.2202574096490411,0.18184588404300966
776506,2025-09-01,2025,Chicago Cubs,Atlanta Braves,2025-09-01T17:00:00+00:00,2025-09-01T20:05:00+00:00,0.050700706768819215,0.0,162,162,0.5844593449085072,0.5306841046277666,0.5241730279898218,1,0.17267403603386702,0.2202574096490411,0.2264113072923749
776480,2025-09-02,2025,San Diego Padres,Baltimore Orioles,2025-09-02T17:00:00+00:00,2025-09-03T01:40:00+00:00,0.05429224794115922,0.0,162,162,0.5880556666163067,0.5306841046277666,0.6058394160583942,0,0.34580946703954885,0.2816256189045743,0.36704139804997604
776481,2025-09-02,2025,Arizona Diamondbacks,Texas Rangers,2025-09-02T17:00:00+00:00,2025-09-03T01:40:00+00:00,-0.028545020362435336,0.0,162,162,0.5034909736293475,0.5306841046277666,0.5127551020408163,1,0.24652121326753332,0.2202574096490411,0.23740759058725533
776482,2025-09-02,2025,Washington Nationals,Miami Marlins,2025-09-02T17:00:00+00:00,2025-09-02T22:45:00+00:00,-0.031535976996762305,0.0,162,162,0.5004042093667026,0.5306841046277666,0.5178571428571429,1,0.24959595401850954,0.2202574096490411,0.23246173469387751
776484,2025-09-02,2025,Minnesota Twins,Chicago White Sox,2025-09-02T17:00:00+00:00,2025-09-02T23:40:00+00:00,0.019487662808362893,0.0,162,162,0.5528649064622907,0.5306841046277666,0.5760598503740648,0,0.30565960479755744,0.2816256189045743,0.33184495121298996
776485,2025-09-02,2025,Tampa Bay Rays,Seattle Mariners,2025-09-02T17:00:00+00:00,2025-09-02T23:35:00+00:00,0.02478724227510065,0.0,162,162,0.5582667399772451,0.5306841046277666,0.49109414758269715,1,0.1951282730103308,0.2202574096490411,0.2589851666245817
776486,2025-09-02,2025,Colorado Rockies,San Francisco Giants,2025-09-02T17:00:00+00:00,2025-09-03T00:40:00+00:00,-0.18418210440983102,0.0,162,162,0.34784217383897903,0.5306841046277666,0.33409090909090905,0,0.12099417790102651,0.2816256189045743,0.11161673553719005
776487,2025-09-02,2025,Chicago Cubs,Atlanta Braves,2025-09-02T17:00:00+00:00,2025-09-02T23:40:00+00:00,0.049142255538314084,0.0,162,162,0.5828959924457416,0.5306841046277666,0.6092233009708737,1,0.17397575311782282,0.2202574096490411,0.15270642850410032
776488,2025-09-02,2025,Kansas City Royals,Los Angeles Angels,2025-09-02T17:00:00+00:00,2025-09-02T23:40:00+00:00,0.07275940675540632,1.0,162,162,0.5378000370564061,0.5306841046277666,0.5901234567901236,0,0.28922887985787177,0.2816256189045743,0.3482456942539248
776489,2025-09-02,2025,Houston Astros,New York Yankees,2025-09-02T17:00:00+00:00,2025-09-03T00:10:00+00:00,-0.04761825234416672,-1.0,162,162,0.5537678737039435,0.5306841046277666,0.49234693877551017,0,0.30665885794658676,0.2816256189045743,0.24240550812161596
776490,2025-09-02,2025,Detroit Tigers,New York Mets,2025-09-02T17:00:00+00:00,2025-09-02T22:40:00+00:00,-0.005052168689460901,0.0,162,162,0.5277084433079907,0.5306841046277666,0.45569620253164556,0,0.2784762011385429,0.2816256189045743,0.20765902900176253
776491,2025-09-02,2025,Cincinnati Reds,Toronto Blue Jays,2025-09-02T17:00:00+00:00,2025-09-02T22:40:00+00:00,-0.027011463212226805,0.0,162,162,0.505073565976545,0.5306841046277666,0.49109414758269715,0,0.25509930704826334,0.2816256189045743,0.24117346178997592
776493,2025-09-02,2025,Boston Red Sox,Cleveland Guardians,2025-09-02T17:00:00+00:00,2025-09-02T22:45:00+00:00,0.09042659606925962,0.0,162,162,0.6236578979333633,0.5306841046277666,0.7023554603854391,1,0.14163337778793475,0.2202574096490411,0.08859227196236394
776496,2025-09-02,2025,Pittsburgh Pirates,Los Angeles Dodgers,2025-09-02T17:00:00+00:00,2025-09-02T22:40:00+00:00,-0.08626519903988994,0.0,162,162,0.4441548125062507,0.5306841046277666,0.39853300733496333,1,0.3089638724599614,0.2202574096490411,0.36176254326552326
776465,2025-09-03,2025,San Diego Padres,Baltimore Orioles,2025-09-03T17:00:00+00:00,2025-09-03T20:10:00+00:00,0.04817292065478135,0.0,162,162,0.5819227655805762,0.5306841046277666,0.6029411764705883,0,0.33863410510094627,0.2816256189045743,0.36353806228373714
776466,2025-09-03,2025,Kansas City Royals,Los Angeles Angels,2025-09-03T17:00:00+00:00,2025-09-03T23:40:00+00:00,0.07193085791460807,0.0,162,162,0.6055749479981818,0.5306841046277666,0.608272506082725,0,0.3667210176430006,0.2816256189045743,0.3699954416561587
776467,2025-09-03,2025,Colorado Rockies,San Francisco Giants,2025-09-03T17:00:00+00:00,2025-09-04T00:40:00+00:00,-0.1842705757950382,0.0,162,162,0.34775932719077507,0.5306841046277666,0.3591549295774648,0,0.12093654964818056,0.2816256189045743,0.1289922634397937
776468,2025-09-03,2025,Arizona Diamondbacks,Texas Rangers,2025-09-03T17:00:00+00:00,2025-09-03T19:40:00+00:00,-0.027973630518990378,0.0,162,162,0.5040806434262178,0.5306841046277666,0.5355329949238579,1,0.2459360082245541,0.2202574096490411,0.21572959880440104
776469,2025-09-03,2025,Minnesota Twins,Chicago White Sox,2025-09-03T17:00:00+00:00,2025-09-03T23:40:00+00:00,0.009209573643003954,0.0,162,162,0.5423539698436247,0.5306841046277666,0.6235011990407675,0,0.2941478286051394,0.2816256189045743,0.3887537452052748
776471,2025-09-03,2025,Milwaukee Brewers,Philadelphia Phillies,2025-09-03T17:00:00+00:00,2025-09-03T23:40:00+00:00,0.024032924213909457,0.0,162,162,0.5574986782511596,0.5306841046277666,0.5102040816326531,1,0.19580741974947075,0.2202574096490411,0.23990004164931278
776472,2025-09-03,2025,Houston Astros,New York Yankees,2025-09-03T17:00:00+00:00,2025-09-04T00:10:00+00:00,-0.0537891056764811,0.0,162,162,0.47745313870673367,0.5306841046277666,0.46446700507614214,1,0.2730552222474441,0.2202574096490411,0.2867955886521168
776473,2025-09-03,2025,Chicago Cubs,Atlanta Braves,2025-09-03T17:00:00+00:00,2025-09-03T23:40:00+00:00,0.05164272326825681,0.0,162,162,0.5854035024725323,0.5306841046277666,0.5841584158415841,0,0.3426972607071081,0.2816256189045743,0.3412410547985491
776474,2025-09-03,2025,Boston Red Sox,Cleveland Guardians,2025-09-03T17:00:00+00:00,2025-09-03T22:45:00+00:00,0.09095072955024314,0.0,162,162,0.6241656083669225,0.5306841046277666,0.57356608478803,0,0.38958270666805045,0.2816256189045743,0.32897805361906957
776475,2025-09-03,2025,Cincinnati Reds,Toronto Blue Jays,2025-09-03T17:00:00+00:00,2025-09-03T22:40:00+00:00,-0.03265785033390489,0.0,162,162,0.4992463791072448,0.5306841046277666,0.40987654320987654,0,0.24924694705169478,0.2816256189045743,0.1679987806736778
776476,2025-09-03,2025,Tampa Bay Rays,Seattle Mariners,2025-09-03T17:00:00+00:00,2025-09-03T23:35:00+00:00,0.02392117596562582,0.0,162,162,0.5573848704695418,0.5306841046277666,0.43609022556390975,1,0.1959081528892643,0.2202574096490411,0.3179942337045622
776477,2025-09-03,2025,Washington Nationals,Miami Marlins,2025-09-03T17:00:00+00:00,2025-09-03T17:05:00+00:00,-0.03021480108721808,0.0,162,162,0.5017677235012892,0.5306841046277666,0.42039800995024873,1,0.24823540134508784,0.2202574096490411,0.335938466869632
776478,2025-09-03,2025,Detroit Tigers,New York Mets,2025-09-03T17:00:00+00:00,2025-09-03T17:10:00+00:00,-0.012068451722563878,0.0,162,162,0.5204842237587664,0.5306841046277666,0.49234693877551017,1,0.22993537966423286,0.2202574096490411,0.2577116305705956
776479,2025-09-03,2025,Pittsburgh Pirates,Los Angeles Dodgers,2025-09-03T17:00:00+00:00,2025-09-03T22:40:00+00:00,-0.09303700540339077,0.0,162,162,0.43726435051620743,0.5306841046277666,0.3864734299516908,1,0.3166714111999458,0.2202574096490411,0.3764148521552429
776458,2025-09-04,2025,Tampa Bay Rays,Cleveland Guardians,2025-09-04T17:00:00+00:00,2025-09-04T23:35:00+00:00,0.0705618371985896,0.0,162,162,0.6042242390739075,0.5306841046277666,0.5955882352941176,1,0.15663845293662748,0.2202574096490411,0.16354887543252597
776459,2025-09-04,2025,Milwaukee Brewers,Philadelphia Phillies,2025-09-04T17:00:00+00:00,2025-09-04T20:10:00+00:00,0.030439726407494927,0.0,162,162,0.5640130989894131,0.5306841046277666,0.5417721518987342,0,0.3181107758316415,0.2816256189045743,0.2935170645729851
776461,2025-09-04,2025,Pittsburgh Pirates,Los Angeles Dodgers,2025-09-04T17:00:00+00:00,2025-09-04T22:40:00+00:00,-0.09270427448110075,0.0,162,162,0.43760236890627435,0.5306841046277666,0.4707379134860051,1,0.3162910954598343,0.2202574096490411,0.2801183562211475
776462,2025-09-04,2025,Minnesota Twins,Chicago White Sox,2025-09-04T17:00:00+00:00,2025-09-04T23:40:00+00:00,0.017540848428128197,0.0,162,162,0.5508773208166835,0.5306841046277666,0.5876543209876544,0,0.30346582259016724,0.2816256189045743,0.3453376009754611
776463,2025-09-04,2025,Kansas City Royals,Los Angeles Angels,2025-09-04T17:00:00+00:00,2025-09-04T23:40:00+00:00,0.06861436463285236,0.0,162,162,0.6023000767518834,0.5306841046277666,0.5796019900497512,1,0.15816522895155788,0.2202574096490411,0.17673448677012948
776464,2025-09-04,2025,Houston Astros,New York Yankees,2025-09-04T17:00:00+00:00,2025-09-04T23:40:00+00:00,-0.04703687907823462,0.0,162,162,0.4844115357895967,0.5306841046277666,0.4371859296482412,0,0.23465453600603575,0.2816256189045743,0.1911315370823969
776442,2025-09-05,2025,Colorado Rockies,San Diego Padres,2025-09-05T17:00:00+00:00,2025-09-06T00:40:00+00:00,-0.16111447349131747,0.0,162,162,0.36974525572353467,0.5306841046277666,0.3441108545034642,1,0.3972210426829927,0.2202574096490411,0.430190571180176
776445,2025-09-05,2025,St. Louis Cardinals,San Francisco Giants,2025-09-05T17:00:00+00:00,2025-09-06T00:15:00+00:00,-0.04928451038151904,0.0,162,162,0.4820944713036542,0.5306841046277666,0.5216284987277354,0,0.23241507926154983,0.2816256189045743,0.27209629068495106
776446,2025-09-05,2025,Kansas City Royals,Minnesota Twins,2025-09-05T17:00:00+00:00,2025-09-05T23:40:00+00:00,0.03785772219970712,0.0,162,162,0.5715280499042158,0.5306841046277666,0.5468354430379747,1,0.1835882120188842,0.2202574096490411,0.20535811568658865
776448,2025-09-05,2025,Arizona Diamondbacks,Boston Red Sox,2025-09-05T17:00:00+00:00,2025-09-06T01:40:00+00:00,-0.0329964826409711,0.0,162,162,0.4988968943887716,0.5306841046277666,0.4520202020202021,1,0.2511043224532179,0.2202574096490411,0.30028185899398013
776449,2025-09-05,2025,Texas Rangers,Houston Astros,2025-09-05T17:00:00+00:00,2025-09-06T00:05:00+00:00,0.027797730387609687,1.0,162,162,0.49147036650123344,0.5306841046277666,0.44810126582278476,1,0.25860238814638986,0.2202574096490411,0.3045922127864125
776450,2025-09-05,2025,Cincinnati Reds,New York Mets,2025-09-05T17:00:00+00:00,2025-09-05T22:40:00+00:00,-0.0435722452945112,0.0,162,162,0.48798447598452843,0.5306841046277666,0.48469387755102045,0,0.2381288488018948,0.2816256189045743,0.2349281549354436
776451,2025-09-05,2025,Tampa Bay Rays,Cleveland Guardians,2025-09-05T17:00:00+00:00,2025-09-05T23:35:00+00:00,0.0701963874621242,0.0,162,162,0.6038634075213059,0.5306841046277666,0.57,0,0.3646510149432427,0.2816256189045743,0.32489999999999997
776452,2025-09-05,2025,Detroit Tigers,Chicago White Sox,2025-09-05T17:00:00+00:00,2025-09-05T22:40:00+00:00,0.07702118524413432,1.0,162,162,0.5421702539835727,0.5306841046277666,0.6285714285714284,0,0.2939485843046117,0.2816256189045743,0.3951020408163264
776453,2025-09-05,2025,Pittsburgh Pirates,Milwaukee Brewers,2025-09-05T17:00:00+00:00,2025-09-05T22:40:00+00:00,-0.11729507584138493,0.0,162,162,0.4127970713799194,0.5306841046277666,0.43859649122807015,0,0.17040142213983828,0.2816256189045743,0.1923668821175746
776454,2025-09-05,2025,Baltimore Orioles,Los Angeles Dodgers,2025-09-05T17:00:00+00:00,2025-09-05T23:05:00+00:00,-0.0940014226715421,1.0,162,162,0.3689011517274662,0.5306841046277666,0.4029484029484029,1,0.39828575629091867,0.2202574096490411,0.3564706095418626
776455,2025-09-05,2025,Chicago Cubs,Washington Nationals,2025-09-05T17:00:00+00:00,2025-09-05T18:20:00+00:00,0.13263281813426403,0.0,162,162,0.6635912333775142,0.5306841046277666,0.6535796766743649,1,0.11317085826046208,0.2202574096490411,0.12000704041303757
776456,2025-09-05,2025,Miami Marlins,Philadelphia Phillies,2025-09-05T17:00:00+00:00,2025-09-05T23:10:00+00:00,-0.10747993702480807,1.0,162,162,0.3560440522977164,0.5306841046277666,0.3051948051948052,0,0.12676736717657902,0.2816256189045743,0.09314386911789509
776457,2025-09-05,2025,New York Yankees,Toronto Blue Jays,2025-09-05T17:00:00+00:00,2025-09-05T23:05:00+00:00,0.025516319322432035,-1.0,162,162,0.6266380694103215,0.5306841046277666,0.5406091370558376,0,0.3926752700342949,0.2816256189045743,0.2922582390682574
776460,2025-09-05,2025,Atlanta Braves,Seattle Mariners,2025-09-05T17:00:00+00:00,2025-09-05T23:15:00+00:00,0.00013083352888554334,0.0,162,162,0.5330377776501781,0.5306841046277666,0.5505050505050506,1,0.21805371710188448,0.2202574096490411,0.20204570962146712
776424,2025-09-06,2025,Arizona Diamondbacks,Boston Red Sox,2025-09-06T17:00:00+00:00,2025-09-07T00:10:00+00:00,-0.02291865478879207,0.0,162,162,0.509296657130965,0.5306841046277666,0.4783715012722647,1,0.24078977070284577,0.2202574096490411,0.27209629068495095
776431,2025-09-06,2025,Colorado Rockies,San Diego Padres,2025-09-06T17:00:00+00:00,2025-09-07T00:10:00+00:00,-0.16117122670886708,0.0,162,162,0.369690660169927,0.5306841046277666,0.36320754716981135,0,0.13667118421687646,0.2816256189045743,0.13191972232111074
776432,2025-09-06,2025,Texas Rangers,Houston Astros,2025-09-06T17:00:00+00:00,2025-09-06T23:15:00+00:00,0.031092259979569215,0.0,162,162,0.5646753942613097,0.5306841046277666,0.5216284987277354,0,0.3188583008841656,0.2816256189045743,0.27209629068495106
776433,2025-09-06,2025,Miami Marlins,Philadelphia Phillies,2025-09-06T17:00:00+00:00,2025-09-06T20:10:00+00:00,-0.11126360918075362,0.0,162,162,0.4188453330628919,0.5306841046277666,0.4054054054054054,0,0.17543141302856485,0.2816256189045743,0.16435354273192107
776434,2025-09-06,2025,Kansas City Royals,Minnesota Twins,2025-09-06T17:00:00+00:00,2025-09-06T23:15:00+00:00,0.03576110981346553,0.0,162,162,0.5694072209709797,0.5306841046277666,0.4783715012722647,1,0.18541014135193468,0.2202574096490411,0.27209629068495095
776435,2025-09-06,2025,Detroit Tigers,Chicago White Sox,2025-09-06T17:00:00+00:00,2025-09-06T22:10:00+00:00,0.07412287704512782,0.0,162,162,0.6077342847164258,0.5306841046277666,0.7201646090534979,1,0.15387239138693412,0.2202574096490411,0.07830784602618168
776436,2025-09-06,2025,New York Yankees,Toronto Blue Jays,2025-09-06T17:00:00+00:00,2025-09-06T17:05:00+00:00,0.01686055222075067,0.0,162,162,0.55018239089899,0.5306841046277666,0.5577889447236182,1,0.20233588145734901,0.2202574096490411,0.19555061740865123
776437,2025-09-06,2025,St. Louis Cardinals,San Francisco Giants,2025-09-06T17:00:00+00:00,2025-09-06T23:15:00+00:00,-0.05555345409727119,0.0,162,162,0.47563624959610445,0.5306841046277666,0.4582278481012658,1,0.27495734273763894,0.2202574096490411,0.2935170645729851
776438,2025-09-06,2025,Tampa Bay Rays,Cleveland Guardians,2025-09-06T17:00:00+00:00,2025-09-06T23:05:00+00:00,0.06290746519624091,0.0,162,162,0.5966434466570225,0.5306841046277666,0.5591939546599496,0,0.35598340243877125,0.2816256189045743,0.31269787892823375
776439,2025-09-06,2025,Cincinnati Reds,New York Mets,2025-09-06T17:00:00+00:00,2025-09-06T22:40:00+00:00,-0.04614256481065526,0.0,162,162,0.48533366894439955,0.5306841046277666,0.4494949494949495,1,0.26488143232223293,0.2202574096490411,0.3030558106315682
776440,2025-09-06,2025,Chicago Cubs,Washington Nationals,2025-09-06T17:00:00+00:00,2025-09-06T18:20:00+00:00,0.1326085469196837,0.0,162,162,0.6635688653401111,0.5306841046277666,0.6921397379912664,0,0.4403236390487624,0.2816256189045743,0.47905741690661885
776441,2025-09-06,2025,Pittsburgh Pirates,Milwaukee Brewers,2025-09-06T17:00:00+00:00,2025-09-06T22:40:00+00:00,-0.11778623600472027,0.0,162,162,0.41230567457111306,0.5306841046277666,0.42750000000000005,0,0.16999596928354058,0.2816256189045743,0.18275625000000004
776443,2025-09-06,2025,Baltimore Orioles,Los Angeles Dodgers,2025-09-06T17:00:00+00:00,2025-09-06T23:05:00+00:00,-0.09286476884681999,0.0,162,162,0.4374393168518714,0.5306841046277666,0.4239401496259351,1,0.3164745222240892,0.2202574096490411,0.33184495121298996
776447,2025-09-06,2025,Atlanta Braves,Seattle Mariners,2025-09-06T17:00:00+00:00,2025-09-06T23:15:00+00:00,0.0009732717385909639,0.0,162,162,0.533903320885675,0.5306841046277666,0.5406091370558376,0,0.2850527560527521,0.2816256189045743,0.2922582390682574
776415,2025-09-07,2025,Arizona Diamondbacks,Boston Red Sox,2025-09-07T17:00:00+00:00,2025-09-07T20:10:00+00:00,-0.01706051985875634,0.0,162,162,0.5153388102847305,0.5306841046277666,0.5051020408163266,0,0.26557408938568144,0.2816256189045743,0.25512807163681805
776416,2025-09-07,2025,St. Louis Cardinals,San Francisco Giants,2025-09-07T17:00:00+00:00,2025-09-07T18:15:00+00:00,-0.05211439357330816,0.0,162,162,0.4791782750919328,0.5306841046277666,0.5541561712846348,1,0.27125526913621445,0.2202574096490411,0.1987767196035759
776417,2025-09-07,2025,Colorado Rockies,San Diego Padres,2025-09-07T17:00:00+00:00,2025-09-07T19:10:00+00:00,-0.16594824287290327,0.0,162,162,0.3651073252110248,0.5306841046277666,0.32,0,0.13330335892274903,0.2816256189045743,0.1024
776418,2025-09-07,2025,Texas Rangers,Houston Astros,2025-09-07T17:00:00+00:00,2025-09-07T18:35:00+00:00,0.022703200957856717,0.0,162,162,0.5561440597779372,0.5306841046277666,0.44584382871536526,1,0.19700809567041136,0.2202574096490411,0.3070890621728455
776419,2025-09-07,2025,Pittsburgh Pirates,Milwaukee Brewers,2025-09-07T17:00:00+00:00,2025-09-07T17:35:00+00:00,-0.11594882801635809,0.0,162,162,0.41414485616902724,0.5306841046277666,0.45088161209068006,0,0.17151596189126425,0.2816256189045743,0.20329422812149048
776420,2025-09-07,2025,Chicago Cubs,Washington Nationals,2025-09-07T17:00:00+00:00,2025-09-07T18:20:00+00:00,0.1298751903969762,0.0,162,162,0.6610451668570362,0.5306841046277666,0.6318289786223278,0,0.4369807126250468,0.2816256189045743,0.39920785822693394
776422,2025-09-07,2025,Kansas City Royals,Minnesota Twins,2025-09-07T17:00:00+00:00,2025-09-07T18:10:00+00:00,0.03976333781224228,0.0,162,162,0.5734534013288355,0.5306841046277666,0.5241730279898218,0,0.32884880349561046,0.2816256189045743,0.2747573632720185
776423,2025-09-07,2025,New York Yankees,Toronto Blue Jays,2025-09-07T17:00:00+00:00,2025-09-07T17:35:00+00:00,0.02323480334352379,0.0,162,162,0.5566857161877543,0.5306841046277666,0.6201923076923077,1,0.19652755423196433,0.2202574096490411,0.14425388313609466
776425,2025-09-07,2025,Detroit Tigers,Chicago White Sox,2025-09-07T17:00:00+00:00,2025-09-07T17:40:00+00:00,0.07648096998476928,0.0,162,162,0.6100525207727626,0.5306841046277666,0.6211031175059952,0,0.37216407810120194,0.2816256189045743,0.3857690825756661
776426,2025-09-07,2025,Miami Marlins,Philadelphia Phillies,2025-09-07T17:00:00+00:00,2025-09-07T17:40:00+00:00,-0.1105989117250511,0.0,162,162,0.4195134110852328,0.5306841046277666,0.4483627204030227,1,0.336964679909902,0.2202574096490411,0.30430368824115367
776427,2025-09-07,2025,Baltimore Orioles,Los Angeles Dodgers,2025-09-07T17:00:00+00:00,2025-09-07T17:35:00+00:00,-0.09378805715389243,0.0,162,162,0.43650157831814557,0.5306841046277666,0.4029484029484029,0,0.19053362787423217,0.2816256189045743,0.16236741543866848
776429,2025-09-07,2025,Cincinnati Reds,New York Mets,2025-09-07T17:00:00+00:00,2025-09-07T17:40:00+00:00,-0.03941566482169834,0.0,162,162,0.4922725821387733,0.5306841046277666,0.5292620865139949,1,0.2577871308480288,0.2202574096490411,0.22159418319315766
776399,2025-09-08,2025,San Francisco Giants,Arizona Diamondbacks,2025-09-08T17:00:00+00:00,2025-09-09T01:45:00+00:00,0.011001270587360334,0.0,162,162,0.5441892415672638,0.5306841046277666,0.6267942583732058,1,0.20776344750302622,0.2202574096490411,0.13928252558320547
776400,2025-09-08,2025,Seattle Mariners,St. Louis Cardinals,2025-09-08T17:00:00+00:00,2025-09-09T01:40:00+00:00,0.039834125710223045,0.0,162,162,0.5735248798592242,0.5306841046277666,0.6689342403628117,1,0.18188102809908918,0.2202574096490411,0.10960453720414855
776405,2025-09-08,2025,Philadelphia Phillies,New York Mets,2025-09-08T17:00:00+00:00,2025-09-08T22:45:00+00:00,0.018828204068438215,0.0,162,162,0.5521918229449263,0.5306841046277666,0.46329113924050636,1,0.20053216343738822,0.2202574096490411,0.28805640121775355
776406,2025-09-08,2025,Texas Rangers,Milwaukee Brewers,2025-09-08T17:00:00+00:00,2025-09-09T00:05:00+00:00,-0.04576880839197439,0.0,162,162,0.4857190815256603,0.5306841046277666,0.4809160305343511,1,0.2644848631068105,0.2202574096490411,0.26944816735621463
776407,2025-09-08,2025,San Diego Padres,Cincinnati Reds,2025-09-08T17:00:00+00:00,2025-09-09T01:40:00+00:00,0.01124468639034526,0.0,162,162,0.5444384858929149,0.5306841046277666,0.5614035087719298,1,0.20753629313553992,0.2202574096490411,0.19236688211757466
776408,2025-09-08,2025,Los Angeles Dodgers,Colorado Rockies,2025-09-08T17:00:00+00:00,2025-09-09T02:10:00+00:00,0.2166963196455276,0.0,162,162,0.7362116888581134,0.5306841046277666,0.7509652509652509,1,0.06958427309508879,0.2202574096490411,0.06201830622680046
776409,2025-09-08,2025,Miami Marlins,Washington Nationals,2025-09-08T17:00:00+00:00,2025-09-08T22:40:00+00:00,0.028155026515000847,0.0,162,162,0.5616924355259038,0.5306841046277666,0.5443037974683544,0,0.3154983921270215,0.2816256189045743,0.2962666239384714
776411,2025-09-08,2025,Los Angeles Angels,Minnesota Twins,2025-09-08T17:00:00+00:00,2025-09-09T01:38:00+00:00,-0.03462548935254006,0.0,162,162,0.4972157027655186,0.5306841046277666,0.5228426395939086,0,0.2472234550766085,0.2816256189045743,0.27336442577752584
776412,2025-09-08,2025,Atlanta Braves,Chicago Cubs,2025-09-08T17:00:00+00:00,2025-09-08T23:15:00+00:00,-0.05836597136209071,0.0,162,162,0.4727413307159382,0.5306841046277666,0.48600508905852424,1,0.2780017043351996,0.2202574096490411,0.26419076847373557
776413,2025-09-08,2025,Cleveland Guardians,Kansas City Royals,2025-09-08T17:00:00+00:00,2025-09-08T22:40:00+00:00,-0.04392113054441732,0.0,162,162,0.48762462270877993,0.5306841046277666,0.49744897959183665,1,0.26252852725432013,0.2202574096490411,0.25255752811328624
776388,2025-09-09,2025,Chicago White Sox,Tampa Bay Rays,2025-09-09T17:00:00+00:00,2025-09-09T23:40:00+00:00,-0.07105960554293494,0.0,162,162,0.45970139472807653,0.5306841046277666,0.43576826196473545,0,0.21132537231493884,0.2816256189045743,0.1898939781357663
776389,2025-09-09,2025,Los Angeles Dodgers,Colorado Rockies,2025-09-09T17:00:00+00:00,2025-09-10T02:10:00+00:00,0.21361499203613815,0.0,162,162,0.7337339333381028,0.5306841046277666,0.7391304347826088,1,0.0708976182555979,0.2202574096490411,0.06805293005671074
776390,2025-09-09,2025,Los Angeles Angels,Minnesota Twins,2025-09-09T17:00:00+00:00,2025-09-10T01:38:00+00:00,-0.03672446099828808,0.0,162,162,0.4950495891822253,0.5306841046277666,0.47328244274809167,1,0.2549749173850394,0.2202574096490411,0.2774313851174173
776391,2025-09-09,2025,Seattle Mariners,St. Louis Cardinals,2025-09-09T17:00:00+00:00,2025-09-10T01:40:00+00:00,0.04170290930525594,0.0,162,162,0.5754107763744815,0.5306841046277666,0.647196261682243,1,0.18027600881892059,0.2202574096490411,0.12447047777098437
776392,2025-09-09,2025,San Diego Padres,Cincinnati Reds,2025-09-09T17:00:00+00:00,2025-09-10T01:40:00+00:00,0.018298623617884924,0.0,162,162,0.5516511624633741,0.5306841046277666,0.635933806146572,0,0.30431900504719195,0.2816256189045743,0.40441180580006586
776393,2025-09-09,2025,Toronto Blue Jays,Houston Astros,2025-09-09T17:00:00+00:00,2025-09-09T23:07:00+00:00,0.020942283676017137,0.0,162,162,0.5543488922816889,0.5306841046277666,0.5841584158415841,1,0.1986049098105577,0.2202574096490411,0.1729242231153809
776394,2025-09-09,2025,San Francisco Giants,Arizona Diamondbacks,2025-09-09T17:00:00+00:00,2025-09-10T01:45:00+00:00,0.01357247772341641,0.0,162,162,0.546820873597448,0.5306841046277666,0.568922305764411,1,0.20537132060698018,0.2202574096490411,0.18582797846747193
776395,2025-09-09,2025,Texas Rangers,Milwaukee Brewers,2025-09-09T17:00:00+00:00,2025-09-10T00:05:00+00:00,-0.039928808069439325,0.0,162,162,0.4917431273038028,0.5306841046277666,0.49744897959183665,1,0.25832504864291833,0.2202574096490411,0.25255752811328624
776397,2025-09-09,2025,Miami Marlins,Washington Nationals,2025-09-09T17:00:00+00:00,2025-09-09T22:40:00+00:00,0.020933329128493106,0.0,162,162,0.5543397599011486,0.5306841046277666,0.5253807106598984,0,0.30729256940726307,0.2816256189045743,0.27602489113349993
776398,2025-09-09,2025,New York Yankees,Detroit Tigers,2025-09-09T17:00:00+00:00,2025-09-09T23:05:00+00:00,0.022029542811418334,0.0,162,162,0.5554574693453983,0.5306841046277666,0.5891089108910892,0,0.3085330002515941,0.2816256189045743,0.34704930889128527
776401,2025-09-09,2025,Baltimore Orioles,Pittsburgh Pirates,2025-09-09T17:00:00+00:00,2025-09-09T22:35:00+00:00,-0.005278745848319166,0.0,162,162,0.527475316142735,0.5306841046277666,0.5841584158415841,1,0.22327957685440822,0.2202574096490411,0.1729242231153809
776402,2025-09-09,2025,Atlanta Braves,Chicago Cubs,2025-09-09T17:00:00+00:00,2025-09-09T23:15:00+00:00,-0.05825236217538776,0.0,162,162,0.47285823424050705,0.5306841046277666,0.49744897959183665,0,0.22359490968905024,0.2816256189045743,0.24745548729695951
776403,2025-09-09,2025,Cleveland Guardians,Kansas City Royals,2025-09-09T17:00:00+00:00,2025-09-09T22:40:00+00:00,-0.040678807843148534,0.0,162,162,0.4909693204907606,0.5306841046277666,0.5165394402035622,1,0.259112232681638,0.2202574096490411,0.23373411287868498
776404,2025-09-09,2025,Philadelphia Phillies,New York Mets,2025-09-09T17:00:00+00:00,2025-09-09T22:45:00+00:00,0.028522299032394005,0.0,162,162,0.5620656741471873,0.5306841046277666,0.5505050505050506,1,0.1917864737601575,0.2202574096490411,0.20204570962146712
776373,2025-09-10,2025,Seattle Mariners,St. Louis Cardinals,2025-09-10T17:00:00+00:00,2025-09-11T01:40:00+00:00,0.044395323231506245,0.0,162,162,0.5781239760903873,0.5306841046277666,0.6659090909090909,1,0.17797937954978407,0.2202574096490411,0.11161673553719009
776374,2025-09-10,2025,San Francisco Giants,Arizona Diamondbacks,2025-09-10T17:00:00+00:00,2025-09-10T19:45:00+00:00,0.01303773411359388,0.0,162,162,0.5462737737331016,0.5306841046277666,0.530456852791878,0,0.2984150358686039,0.2816256189045743,0.2813844726738642
776375,2025-09-10,2025,Texas Rangers,Milwaukee Brewers,2025-09-10T17:00:00+00:00,2025-09-10T18:35:00+00:00,-0.0387494131549696,0.0,162,162,0.49296003802791494,0.5306841046277666,0.4707379134860051,1,0.2570895230366535,0.2202574096490411,0.2801183562211475
776376,2025-09-10,2025,Los Angeles Angels,Minnesota Twins,2025-09-10T17:00:00+00:00,2025-09-10T20:07:00+00:00,-0.026523444555481,0.0,162,162,0.5055771691245091,0.5306841046277666,0.5516372795969774,1,0.24445393569093427,0.2202574096490411,0.20102912904719902
776377,2025-09-10,2025,San Diego Padres,Cincinnati Reds,2025-09-10T17:00:00+00:00,2025-09-11T00:40:00+00:00,0.01737589008827578,0.0,162,162,0.5507088322273962,0.5306841046277666,0.565,0,0.3032802178932624,0.2816256189045743,0.3192249999999999
776378,2025-09-10,2025,Chicago White Sox,Tampa Bay Rays,2025-09-10T17:00:00+00:00,2025-09-10T23:40:00+00:00,-0.07424430308848401,0.0,162,162,0.4564377499436088,0.5306841046277666,0.4408060453400503,1,0.2954599196863668,0.2202574096490411,0.31269787892823386
776380,2025-09-10,2025,Los Angeles Dodgers,Colorado Rockies,2025-09-10T17:00:00+00:00,2025-09-11T02:10:00+00:00,0.21568214803262992,0.0,162,162,0.7353978094016373,0.5306841046277666,0.744140625,1,0.07001431926945223,0.2202574096490411,0.06546401977539062
776381,2025-09-10,2025,Atlanta Braves,Chicago Cubs,2025-09-10T17:00:00+00:00,2025-09-10T23:15:00+00:00,-0.061323309386057456,0.0,162,162,0.4696993274138624,0.5306841046277666,0.6135265700483092,0,0.2206174581730347,0.2816256189045743,0.3764148521552429
776382,2025-09-10,2025,Cleveland Guardians,Kansas City Royals,2025-09-10T17:00:00+00:00,2025-09-10T22:40:00+00:00,-0.03851377646113896,0.0,162,162,0.4932031806364206,0.5306841046277666,0.5,0,0.24324937738988173,0.2816256189045743,0.25
776383,2025-09-10,2025,New York Yankees,Detroit Tigers,2025-09-10T17:00:00+00:00,2025-09-10T23:05:00+00:00,0.008604001629486713,0.0,162,162,0.5417334075460711,0.5306841046277666,0.6014669926650367,0,0.2934750848514776,0.2816256189045743,0.36176254326552326
776384,2025-09-10,2025,Philadelphia Phillies,New York Mets,2025-09-10T17:00:00+00:00,2025-09-10T22:45:00+00:00,0.03329271952934043,0.0,162,162,0.5669070577839392,0.5306841046277666,0.6004901960784313,1,0.18756949659736413,0.2202574096490411,0.15960808342945024
776385,2025-09-10,2025,Toronto Blue Jays,Houston Astros,2025-09-10T17:00:00+00:00,2025-09-10T23:07:00+00:00,0.021408005873907232,0.0,162,162,0.5548238127735055,0.5306841046277666,0.568922305764411,0,0.30782946322052984,0.2816256189045743,0.323672589996294
776386,2025-09-10,2025,Miami Marlins,Washington Nationals,2025-09-10T17:00:00+00:00,2025-09-10T22:40:00+00:00,0.01933375421760858,0.0,162,162,0.5527078352764474,0.5306841046277666,0.5831265508684863,1,0.20007028062308171,0.2202574096490411,0.17378347259080473
776387,2025-09-10,2025,Baltimore Orioles,Pittsburgh Pirates,2025-09-10T17:00:00+00:00,2025-09-10T22:35:00+00:00,-0.005038057363548454,0.0,162,162,0.5277229621725248,0.5306841046277666,0.41791044776119407,1,0.22304560045909444,0.2202574096490411,0.3388282468255735
776362,2025-09-11,2025,Seattle Mariners,Los Angeles Angels,2025-09-11T17:00:00+00:00,2025-09-12T01:40:00+00:00,0.0788724129055774,0.0,162,162,0.6123984750908574,0.5306841046277666,0.5876543209876544,1,0.15023494211189267,0.2202574096490411,0.17002895900015239
776364,2025-09-11,2025,Chicago White Sox,Tampa Bay Rays,2025-09-11T17:00:00+00:00,2025-09-11T18:10:00+00:00,-0.07413863280780797,0.0,162,162,0.4565459813390783,0.5306841046277666,0.46329113924050636,1,0.2953422703987054,0.2202574096490411,0.28805640121775355
776365,2025-09-11,2025,San Diego Padres,Colorado Rockies,2025-09-11T17:00:00+00:00,2025-09-12T01:40:00+00:00,0.18326367896556223,0.0,162,162,0.7085503704051772,0.5306841046277666,0.6829268292682927,1,0.0849428865909594,0.2202574096490411,0.10053539559785839
776367,2025-09-11,2025,Miami Marlins,Washington Nationals,2025-09-11T17:00:00+00:00,2025-09-11T22:40:00+00:00,0.02431631343213453,0.0,162,162,0.5577872632703651,0.5306841046277666,0.5127551020408163,1,0.1955521045259134,0.2202574096490411,0.23740759058725533
776368,2025-09-11,2025,New York Yankees,Detroit Tigers,2025-09-11T17:00:00+00:00,2025-09-11T23:05:00+00:00,0.005839506310576947,0.0,162,162,0.5388988638147818,0.5306841046277666,0.6039119804400979,1,0.21261425779129914,0.2202574096490411,0.15688571923888542
776369,2025-09-11,2025,Toronto Blue Jays,Houston Astros,2025-09-11T17:00:00+00:00,2025-09-11T19:07:00+00:00,0.020714922773559907,0.0,162,162,0.5541170047547561,0.5306841046277666,0.5945945945945945,1,0.19881164544887017,0.2202574096490411,0.16435354273192118
776370,2025-09-11,2025,Cleveland Guardians,Kansas City Royals,2025-09-11T17:00:00+00:00,2025-09-11T23:15:00+00:00,-0.03839013326991547,0.0,162,162,0.4933307636216088,0.5306841046277666,0.5614035087719298,1,0.256713715092262,0.2202574096490411,0.19236688211757466
776371,2025-09-11,2025,Philadelphia Phillies,New York Mets,2025-09-11T17:00:00+00:00,2025-09-11T23:15:00+00:00,0.03835166330655748,0.0,162,162,0.5720273169891444,0.5306841046277666,0.5355329949238579,1,0.18316061740351025,0.2202574096490411,0.21572959880440104
776372,2025-09-11,2025,Baltimore Orioles,Pittsburgh Pirates,2025-09-11T17:00:00+00:00,2025-09-11T17:05:00+00:00,-0.00045199264151957186,0.0,162,162,0.5324388499459313,0.5306841046277666,0.5178571428571429,1,0.21861342903988337,0.2202574096490411,0.23246173469387751
776345,2025-09-12,2025,Seattle Mariners,Los Angeles Angels,2025-09-12T17:00:00+00:00,2025-09-13T02:10:00+00:00,0.08214581000613402,0.0,162,162,0.6156011572722324,0.5306841046277666,0.6367924528301887,1,0.147762470290447,0.2202574096490411,0.1319197223211107
776350,2025-09-12,2025,San Francisco Giants,Los Angeles Dodgers,2025-09-12T17:00:00+00:00,2025-09-13T02:15:00+00:00,-0.035556850959342357,0.0,162,162,0.49625453102034417,0.5306841046277666,0.4133663366336633,1,0.25375949751753346,0.2202574096490411,0.34413905499460845
776351,2025-09-12,2025,Washington Nationals,Pittsburgh Pirates,2025-09-12T17:00:00+00:00,2025-09-12T22:45:00+00:00,-0.04465733230314589,0.0,162,162,0.4868653192675955,0.5306841046277666,0.5051020408163266,1,0.2633072005703466,0.2202574096490411,0.24492399000416487
776352,2025-09-12,2025,Chicago Cubs,Tampa Bay Rays,2025-09-12T17:00:00+00:00,2025-09-12T18:20:00+00:00,0.018170242645784374,1.0,162,162,0.4815418688254357,0.5306841046277666,0.5980392156862746,1,0.2687988337810217,0.2202574096490411,0.16157247212610526
776353,2025-09-12,2025,Toronto Blue Jays,Baltimore Orioles,2025-09-12T17:00:00+00:00,2025-09-12T23:07:00+00:00,0.07645121552172263,0.0,162,162,0.6100232999366672,0.5306841046277666,0.5505050505050506,1,0.15208182659228667,0.2202574096490411,0.20204570962146712
776354,2025-09-12,2025,Philadelphia Phillies,Kansas City Royals,2025-09-12T17:00:00+00:00,2025-09-12T22:45:00+00:00,0.06505141606541553,0.0,162,162,0.5987716149907668,0.5306841046277666,0.5566750629722922,1,0.16098421693711745,0.2202574096490411,0.1965369997906211
776355,2025-09-12,2025,Minnesota Twins,Arizona Diamondbacks,2025-09-12T17:00:00+00:00,2025-09-13T00:10:00+00:00,-0.042374987665531216,0.0,162,162,0.4892194646265375,0.5306841046277666,0.5628140703517588,1,0.26089675531640094,0.2202574096490411,0.1911315370823969
776356,2025-09-12,2025,Milwaukee Brewers,St. Louis Cardinals,2025-09-12T17:00:00+00:00,2025-09-13T00:10:00+00:00,0.10152581054104909,0.0,162,162,0.6343497632176176,0.5306841046277666,0.6391509433962265,1,0.1337000956590123,0.2202574096490411,0.13021204165183337
776357,2025-09-12,2025,San Diego Padres,Colorado Rockies,2025-09-12T17:00:00+00:00,2025-09-13T01:40:00+00:00,0.1801585729750088,0.0,162,162,0.7058962014339085,0.5306841046277666,0.6995708154506437,0,0.4982894471988212,0.2816256189045743,0.48939932583027856
776359,2025-09-12,2025,New York Mets,Texas Rangers,2025-09-12T17:00:00+00:00,2025-09-12T23:10:00+00:00,-0.010310267718143362,-1.0,162,162,0.5914399727888624,0.5306841046277666,0.5051020408163266,0,0.3498012414124903,0.2816256189045743,0.25512807163681805
776360,2025-09-12,2025,Atlanta Braves,Houston Astros,2025-09-12T17:00:00+00:00,2025-09-12T23:15:00+00:00,-0.025815021711524222,1.0,162,162,0.43648343567014664,0.5306841046277666,0.5165394402035622,0,0.19051778961441504,0.2816256189045743,0.26681299328580943
776361,2025-09-12,2025,Cleveland Guardians,Chicago White Sox,2025-09-12T17:00:00+00:00,2025-09-12T23:10:00+00:00,0.00577254631133528,0.0,162,162,0.5388301751815582,0.5306841046277666,0.57,1,0.2126776073230723,0.2202574096490411,0.18490000000000004
776363,2025-09-12,2025,Boston Red Sox,New York Yankees,2025-09-12T17:00:00+00:00,2025-09-12T23:10:00+00:00,-0.012638369798391391,1.0,162,162,0.44990603105381055,0.5306841046277666,0.4746192893401016,0,0.20241543677859233,0.2816256189045743,0.2252634698137031
776366,2025-09-12,2025,Miami Marlins,Detroit Tigers,2025-09-12T17:00:00+00:00,2025-09-12T23:10:00+00:00,-0.08606176154535738,0.0,162,162,0.4443621609936716,0.5306841046277666,0.3640661938534279,1,0.30873340813562244,0.2202574096490411,0.40441180580006586
776328,2025-09-13,2025,San Francisco Giants,Los Angeles Dodgers,2025-09-13T17:00:00+00:00,2025-09-14T01:05:00+00:00,-0.03302276641106694,0.0,162,162,0.49886976832305685,0.5306841046277666,0.49234693877551017,0,0.2488710457467004,0.2816256189045743,0.24240550812161596
776333,2025-09-13,2025,Seattle Mariners,Los Angeles Angels,2025-09-13T17:00:00+00:00,2025-09-14T01:40:00+00:00,0.08494352014175133,0.0,162,162,0.6183305199288075,0.5306841046277666,0.6659090909090909,1,0.1456715920178144,0.2202574096490411,0.11161673553719009
776336,2025-09-13,2025,Washington Nationals,Pittsburgh Pirates,2025-09-13T17:00:00+00:00,2025-09-13T20:05:00+00:00,-0.044581712156668396,0.0,162,162,0.48694330960629734,0.5306841046277666,0.4885496183206107,0,0.23711378677033434,0.2816256189045743,0.23868072956121442
776337,2025-09-13,2025,Minnesota Twins,Arizona Diamondbacks,2025-09-13T17:00:00+00:00,2025-09-13T23:10:00+00:00,-0.03915655018452313,0.0,162,162,0.492539940066649,0.5306841046277666,0.5541561712846348,0,0.24259559256085816,0.2816256189045743,0.3070890621728455
776338,2025-09-13,2025,Chicago Cubs,Tampa Bay Rays,2025-09-13T17:00:00+00:00,2025-09-13T18:20:00+00:00,0.014775355225946196,0.0,162,162,0.5480511305788037,0.5306841046277666,0.4885496183206107,0,0.30036004172870495,0.2816256189045743,0.23868072956121442
776339,2025-09-13,2025,Milwaukee Brewers,St. Louis Cardinals,2025-09-13T17:00:00+00:00,2025-09-14T00:15:00+00:00,0.10690019606882689,0.0,162,162,0.6394804369951002,0.5306841046277666,0.5945945945945945,1,0.12997435530924395,0.2202574096490411,0.16435354273192118
776341,2025-09-13,2025,San Diego Padres,Colorado Rockies,2025-09-13T17:00:00+00:00,2025-09-14T00:40:00+00:00,0.1792338096595994,0.0,162,162,0.7051030166851197,0.5306841046277666,0.7566037735849056,1,0.08696423076821681,0.2202574096490411,0.059241723033107895
776342,2025-09-13,2025,Philadelphia Phillies,Kansas City Royals,2025-09-13T17:00:00+00:00,2025-09-13T22:05:00+00:00,0.06585437382308124,0.0,162,162,0.5995677088885187,0.5306841046277666,0.568922305764411,1,0.16034601976479007,0.2202574096490411,0.18582797846747193
776343,2025-09-13,2025,Toronto Blue Jays,Baltimore Orioles,2025-09-13T17:00:00+00:00,2025-09-13T19:07:00+00:00,0.07731722365806937,0.0,162,162,0.6108734529703232,0.5306841046277666,0.6168674698795181,1,0.15141946960323924,0.2202574096490411,0.14679053563652195
776344,2025-09-13,2025,Boston Red Sox,New York Yankees,2025-09-13T17:00:00+00:00,2025-09-13T20:10:00+00:00,-0.011776987017439011,0.0,162,162,0.5207845179924833,0.5306841046277666,0.42144638403990026,0,0.2712165141806631,0.2816256189045743,0.1776170546203071
776346,2025-09-13,2025,Atlanta Braves,Houston Astros,2025-09-13T17:00:00+00:00,2025-09-13T23:15:00+00:00,-0.035760947721658554,0.0,162,162,0.496043905173458,0.5306841046277666,0.4422110552763819,0,0.24605955585973457,0.2816256189045743,0.19555061740865126
776347,2025-09-13,2025,Miami Marlins,Detroit Tigers,2025-09-13T17:00:00+00:00,2025-09-13T20:10:00+00:00,-0.08132798684824305,0.0,162,162,0.4491922640091991,0.5306841046277666,0.4582278481012658,1,0.3033891620273118,0.2202574096490411,0.2935170645729851
776348,2025-09-13,2025,Cleveland Guardians,Chicago White Sox,2025-09-13T17:00:00+00:00,2025-09-13T22:10:00+00:00,0.01404858533391723,0.0,162,162,0.5473078874443749,0.5306841046277666,0.6116504854368933,1,0.2049301487700748,0.2202574096490411,0.15081534546140066
776349,2025-09-13,2025,New York Mets,Texas Rangers,2025-09-13T17:00:00+00:00,2025-09-13T20:10:00+00:00,-0.020716511418973016,0.0,162,162,0.5115683888721811,0.5306841046277666,0.5866336633663367,0,0.2617022164932791,0.2816256189045743,0.34413905499460845
776317,2025-09-14,2025,Seattle Mariners,Los Angeles Angels,2025-09-14T17:00:00+00:00,2025-09-14T20:10:00+00:00,0.08767425037442361,0.0,162,162,0.6209873555895891,0.5306841046277666,0.6605504587155964,1,0.14365058462297262,0.2202574096490411,0.11522599107819205
776321,2025-09-14,2025,Chicago Cubs,Tampa Bay Rays,2025-09-14T17:00:00+00:00,2025-09-14T18:20:00+00:00,0.016104302045078178,0.0,162,162,0.5494096433659204,0.5306841046277666,0.6048780487804878,1,0.2030316694916271,0.2202574096490411,0.15612135633551458
776322,2025-09-14,2025,Toronto Blue Jays,Baltimore Orioles,2025-09-14T17:00:00+00:00,2025-09-14T17:37:00+00:00,0.07898247560160038,0.0,162,162,0.6125063198005373,0.5306841046277666,0.6480186480186481,1,0.1501513521945235,0.2202574096490411,0.12389087214262037
776323,2025-09-14,2025,San Diego Padres,Colorado Rockies,2025-09-14T17:00:00+00:00,2025-09-14T20:10:00+00:00,0.1931487718697426,0.0,162,162,0.7169051719665688,0.5306841046277666,0.746615087040619,1,0.080142681659278,0.2202574096490411,0.06420391411543311
776324,2025-09-14,2025,Minnesota Twins,Arizona Diamondbacks,2025-09-14T17:00:00+00:00,2025-09-14T18:10:00+00:00,-0.04293007913394897,0.0,162,162,0.48864686243205574,0.5306841046277666,0.5216284987277354,0,0.2387757561646924,0.2816256189045743,0.27209629068495106
776325,2025-09-14,2025,San Francisco Giants,Los Angeles Dodgers,2025-09-14T17:00:00+00:00,2025-09-14T20:05:00+00:00,-0.039304387855255474,0.0,162,162,0.49238739865975,0.5306841046277666,0.4531645569620253,0,0.2424453503589156,0.2816256189045743,0.20535811568658865
776326,2025-09-14,2025,Milwaukee Brewers,St. Louis Cardinals,2025-09-14T17:00:00+00:00,2025-09-14T18:10:00+00:00,0.10765060566727713,0.0,162,162,0.6401943212877972,0.5306841046277666,0.6391509433962265,0,0.4098487690091433,0.2816256189045743,0.4085139284442863
776329,2025-09-14,2025,Atlanta Braves,Houston Astros,2025-09-14T17:00:00+00:00,2025-09-14T17:35:00+00:00,-0.036262810032340664,0.0,162,162,0.49552599434164163,0.5306841046277666,0.44332493702770776,1,0.25449402238498936,0.2202574096490411,0.3098871257352056
776330,2025-09-14,2025,Boston Red Sox,New York Yankees,2025-09-14T17:00:00+00:00,2025-09-14T23:10:00+00:00,-0.014356798215276023,0.0,162,162,0.5181260577225344,0.5306841046277666,0.5760598503740648,1,0.23220249624602626,0.2202574096490411,0.17972525046486032
776331,2025-09-14,2025,Cleveland Guardians,Chicago White Sox,2025-09-14T17:00:00+00:00,2025-09-14T17:40:00+00:00,0.017831111204772987,0.0,162,162,0.5511737670962601,0.5306841046277666,0.5876543209876544,1,0.2014449873425622,0.2202574096490411,0.17002895900015239
776332,2025-09-14,2025,Miami Marlins,Detroit Tigers,2025-09-14T17:00:00+00:00,2025-09-14T17:40:00+00:00,-0.08049094072955065,0.0,162,162,0.4500473677682892,0.5306841046277666,0.46329113924050636,0,0.20254263323516575,0.2816256189045743,0.21463867969876624
776334,2025-09-14,2025,Philadelphia Phillies,Kansas City Royals,2025-09-14T17:00:00+00:00,2025-09-14T17:35:00+00:00,0.06655682926093609,0.0,162,162,0.6002637289077045,0.5306841046277666,0.5771144278606966,0,0.3603165442421822,0.2816256189045743,0.3330610628449791
776335,2025-09-14,2025,New York Mets,Texas Rangers,2025-09-14T17:00:00+00:00,2025-09-14T17:40:00+00:00,-0.02036980124959864,0.0,162,162,0.5119260140498414,0.5306841046277666,0.6058394160583942,1,0.2382162157612756,0.2202574096490411,0.15536256593318767
776309,2025-09-15,2025,Arizona Diamondbacks,San Francisco Giants,2025-09-15T17:00:00+00:00,2025-09-16T01:40:00+00:00,-0.0040367839793834515,0.0,162,162,0.5287530314148791,0.5306841046277666,0.5417721518987342,1,0.22207370540066595,0.2202574096490411,0.20997276077551674
776311,2025-09-15,2025,Los Angeles Dodgers,Philadelphia Phillies,2025-09-15T17:00:00+00:00,2025-09-16T02:10:00+00:00,0.0020027796128336828,0.0,162,162,0.5349607868167614,0.5306841046277666,0.5178571428571429,0,0.28618304343160844,0.2816256189045743,0.2681760204081633
776312,2025-09-15,2025,St. Louis Cardinals,Cincinnati Reds,2025-09-15T17:00:00+00:00,2025-09-15T23:45:00+00:00,-0.023721611200640813,0.0,162,162,0.5084682265811781,0.5306841046277666,0.5089058524173028,0,0.2585399374426082,0.2816256189045743,0.2589851666245816
776313,2025-09-15,2025,Minnesota Twins,New York Yankees,2025-09-15T17:00:00+00:00,2025-09-15T23:40:00+00:00,-0.08249684682309211,0.0,162,162,0.4479986915418426,0.5306841046277666,0.36492890995260663,1,0.30470544453951787,0.2202574096490411,0.4033152894139844
776314,2025-09-15,2025,Chicago White Sox,Baltimore Orioles,2025-09-15T17:00:00+00:00,2025-09-15T23:40:00+00:00,-0.004391028962066834,0.0,162,162,0.5283886261530317,0.5306841046277666,0.43969849246231163,0,0.2791945402478883,0.2816256189045743,0.19333476427362953
776315,2025-09-15,2025,Washington Nationals,Atlanta Braves,2025-09-15T17:00:00+00:00,2025-09-15T22:45:00+00:00,-0.07194675904703002,0.0,162,162,0.4587918895617516,0.5306841046277666,0.40196078431372556,0,0.21048999792764247,0.2816256189045743,0.1615724721261054
776316,2025-09-15,2025,Tampa Bay Rays,Toronto Blue Jays,2025-09-15T17:00:00+00:00,2025-09-15T23:35:00+00:00,-0.015221923049180575,0.0,162,162,0.5172343210723209,0.5306841046277666,0.46954314720812185,0,0.26753134289514474,0.2816256189045743,0.220470767090108
776318,2025-09-15,2025,Pittsburgh Pirates,Chicago Cubs,2025-09-15T17:00:00+00:00,2025-09-15T22:40:00+00:00,-0.08483780348953118,0.0,162,162,0.4456100556062557,0.5306841046277666,0.4783715012722647,0,0.1985683216574103,0.2816256189045743,0.22883929322948032
776319,2025-09-15,2025,Houston Astros,Texas Rangers,2025-09-15T17:00:00+00:00,2025-09-16T00:10:00+00:00,-0.026561828529686138,0.0,162,162,0.5055375597850724,0.5306841046277666,0.5406091370558376,1,0.24449310478330083,0.2202574096490411,0.21103996495658223
776293,2025-09-16,2025,Colorado Rockies,Miami Marlins,2025-09-16T17:00:00+00:00,2025-09-17T00:40:00+00:00,-0.11743737635290474,0.0,162,162,0.412654684383305,0.5306841046277666,0.43609022556390975,0,0.17028388854348506,0.2816256189045743,0.19017468483238167
776294,2025-09-16,2025,Arizona Diamondbacks,San Francisco Giants,2025-09-16T17:00:00+00:00,2025-09-17T01:40:00+00:00,0.004948776454418824,0.0,162,162,0.5379850190843717,0.5306841046277666,0.5468354430379747,1,0.2134578425904684,0.2202574096490411,0.20535811568658865
776295,2025-09-16,2025,Milwaukee Brewers,Los Angeles Angels,2025-09-16T17:00:00+00:00,2025-09-16T23:40:00+00:00,0.1442546413619934,0.0,162,162,0.6742161504307091,0.5306841046277666,0.7029914529914529,1,0.10613511664018634,0.2202574096490411,0.08821407699612831
776297,2025-09-16,2025,Los Angeles Dodgers,Philadelphia Phillies,2025-09-16T17:00:00+00:00,2025-09-17T02:10:00+00:00,0.0027993441629700078,0.0,162,162,0.5357787683318913,0.5306841046277666,0.5555555555555556,0,0.2870588885952385,0.2816256189045743,0.308641975308642
776298,2025-09-16,2025,Minnesota Twins,New York Yankees,2025-09-16T17:00:00+00:00,2025-09-16T23:40:00+00:00,-0.08363213685584026,0.0,162,162,0.4468399719260255,0.5306841046277666,0.41687344913151364,0,0.19966596051085125,0.2816256189045743,0.17378347259080468
776300,2025-09-16,2025,St. Louis Cardinals,Cincinnati Reds,2025-09-16T17:00:00+00:00,2025-09-16T23:45:00+00:00,-0.029433056820575787,0.0,162,162,0.5025745083579379,0.5306841046277666,0.47582697201017815,1,0.24743211973534715,0.2202574096490411,0.2747573632720185
776301,2025-09-16,2025,Houston Astros,Texas Rangers,2025-09-16T17:00:00+00:00,2025-09-17T00:10:00+00:00,-0.024112157510161936,0.0,162,162,0.5080652729281292,0.5306841046277666,0.4783715012722647,1,0.24199977569927603,0.2202574096490411,0.27209629068495095
776302,2025-09-16,2025,Kansas City Royals,Seattle Mariners,2025-09-16T17:00:00+00:00,2025-09-16T23:40:00+00:00,-0.02443422997566369,0.0,162,162,0.5077329605706893,0.5306841046277666,0.43969849246231163,0,0.2577927592498771,0.2816256189045743,0.19333476427362953
776303,2025-09-16,2025,Detroit Tigers,Cleveland Guardians,2025-09-16T17:00:00+00:00,2025-09-16T22:40:00+00:00,0.06563553899656893,0.0,162,162,0.5993507966232321,0.5306841046277666,0.5591939546599496,0,0.35922137741290294,0.2816256189045743,0.31269787892823375
776304,2025-09-16,2025,New York Mets,San Diego Padres,2025-09-16T17:00:00+00:00,2025-09-16T23:10:00+00:00,-0.0019297996253220262,0.0,162,162,0.5309198009402537,0.5306841046277666,0.5329949238578681,1,0.2200362331499312,0.2202574096490411,0.21809374114251845
776305,2025-09-16,2025,Tampa Bay Rays,Toronto Blue Jays,2025-09-16T17:00:00+00:00,2025-09-16T23:35:00+00:00,-0.012064229416165029,0.0,162,162,0.5204885740804123,0.5306841046277666,0.5025510204081632,0,0.27090835574826083,0.2816256189045743,0.2525575281132861
776306,2025-09-16,2025,Chicago White Sox,Baltimore Orioles,2025-09-16T17:00:00+00:00,2025-09-16T23:40:00+00:00,-0.0076000335368676675,0.0,162,162,0.5250862512161328,0.5306841046277666,0.5076530612244898,0,0.27571557121621176,0.2816256189045743,0.2577116305705956
776307,2025-09-16,2025,Washington Nationals,Atlanta Braves,2025-09-16T17:00:00+00:00,2025-09-16T22:45:00+00:00,-0.07769395500936638,0.0,162,162,0.4529068065569034,0.5306841046277666,0.41687344913151364,0,0.20512457542557233,0.2816256189045743,0.17378347259080468
776308,2025-09-16,2025,Pittsburgh Pirates,Chicago Cubs,2025-09-16T17:00:00+00:00,2025-09-16T22:40:00+00:00,-0.08631820023367326,0.0,162,162,0.44410079557937415,0.5306841046277666,0.5516372795969774,0,0.19722551663423307,0.2816256189045743,0.30430368824115384
777825,2025-09-16,2025,Washington Nationals,Atlanta Braves,2025-09-16T17:00:00+00:00,2025-09-16T17:05:00+00:00,-0.07769395500936638,0.0,162,162,0.4529068065569034,0.5306841046277666,0.3642857142857143,0,0.20512457542557233,0.2816256189045743,0.1327040816326531
776277,2025-09-17,2025,Colorado Rockies,Miami Marlins,2025-09-17T17:00:00+00:00,2025-09-18T00:40:00+00:00,-0.11278647143082599,0.0,162,162,0.4173158509884754,0.5306841046277666,0.41234567901234565,0,0.17415251948623542,0.2816256189045743,0.17002895900015239
776279,2025-09-17,2025,Arizona Diamondbacks,San Francisco Giants,2025-09-17T17:00:00+00:00,2025-09-17T19:40:00+00:00,0.003521174250970427,0.0,162,162,0.536519839924208,0.5306841046277666,0.5051020408163266,0,0.28785353863229785,0.2816256189045743,0.25512807163681805
776280,2025-09-17,2025,Los Angeles Dodgers,Philadelphia Phillies,2025-09-17T17:00:00+00:00,2025-09-18T02:10:00+00:00,-0.0011702873878292053,0.0,162,162,0.5317005826832523,0.5306841046277666,0.57356608478803,1,0.21930434425920545,0.2202574096490411,0.18184588404300966
776283,2025-09-17,2025,St. Louis Cardinals,Cincinnati Reds,2025-09-17T17:00:00+00:00,2025-09-17T17:15:00+00:00,-0.024219275622699876,0.0,162,162,0.5079547499054712,0.5306841046277666,0.4821428571428572,0,0.2580180279515298,0.2816256189045743,0.23246173469387763
776284,2025-09-17,2025,Minnesota Twins,New York Yankees,2025-09-17T17:00:00+00:00,2025-09-17T23:40:00+00:00,-0.08308446896583999,0.0,162,162,0.4473988710224128,0.5306841046277666,0.4193548387096774,0,0.2001657497921296,0.2816256189045743,0.17585848074921953
776285,2025-09-17,2025,Chicago White Sox,Baltimore Orioles,2025-09-17T17:00:00+00:00,2025-09-17T18:10:00+00:00,-0.0070606178263018515,0.0,162,162,0.5256415233109383,0.5306841046277666,0.47328244274809167,0,0.2762990110286437,0.2816256189045743,0.22399627061360067
776286,2025-09-17,2025,Washington Nationals,Atlanta Braves,2025-09-17T17:00:00+00:00,2025-09-17T20:05:00+00:00,-0.08296221565478612,0.0,162,162,0.44752364962266483,0.5306841046277666,0.42750000000000005,0,0.20027741697158968,0.2816256189045743,0.18275625000000004
776288,2025-09-17,2025,New York Mets,San Diego Padres,2025-09-17T17:00:00+00:00,2025-09-17T23:10:00+00:00,-0.006171439985697358,0.0,162,162,0.5265566999100398,0.5306841046277666,0.5292620865139949,0,0.27726195822015176,0.2816256189045743,0.2801183562211474
776289,2025-09-17,2025,Kansas City Royals,Seattle Mariners,2025-09-17T17:00:00+00:00,2025-09-17T23:40:00+00:00,-0.03165479786418579,0.0,162,162,0.5002815801855967,0.5306841046277666,0.5355329949238579,1,0.24971849910180427,0.2202574096490411,0.21572959880440104
776290,2025-09-17,2025,Tampa Bay Rays,Toronto Blue Jays,2025-09-17T17:00:00+00:00,2025-09-17T23:05:00+00:00,-0.012906875801517503,0.0,162,162,0.519620318974428,0.5306841046277666,0.4531645569620253,1,0.23076463794223034,0.2202574096490411,0.2990290017625381
776291,2025-09-17,2025,Milwaukee Brewers,Los Angeles Angels,2025-09-17T17:00:00+00:00,2025-09-17T23:40:00+00:00,0.14319525772694547,0.0,162,162,0.6732548179952218,0.5306841046277666,0.6778523489932886,1,0.10676241396333563,0.2202574096490411,0.10377910904914192
776292,2025-09-17,2025,Houston Astros,Texas Rangers,2025-09-17T17:00:00+00:00,2025-09-18T00:10:00+00:00,-0.021117584065540984,0.0,162,162,0.5111546750465709,0.5306841046277666,0.44584382871536526,1,0.23896975172882373,0.2202574096490411,0.3070890621728455
776296,2025-09-17,2025,Detroit Tigers,Cleveland Guardians,2025-09-17T17:00:00+00:00,2025-09-17T22:40:00+00:00,0.061797476001440144,0.0,162,162,0.5955401922815667,0.5306841046277666,0.5664160401002506,0,0.3546681206227655,0.2816256189045743,0.32082713048284867
776269,2025-09-18,2025,Tampa Bay Rays,Toronto Blue Jays,2025-09-18T17:00:00+00:00,2025-09-18T17:10:00+00:00,-0.00945264458991113,0.0,162,162,0.5231787177694828,0.5306841046277666,0.46700507614213205,1,0.22735853518795457,0.2202574096490411,0.28408358885825447
776270,2025-09-18,2025,Colorado Rockies,Miami Marlins,2025-09-18T17:00:00+00:00,2025-09-18T19:10:00+00:00,-0.11706945170460059,0.0,162,162,0.41302286253750625,0.5306841046277666,0.3883495145631068,0,0.17058788497867577,0.2816256189045743,0.15081534546140068
776271,2025-09-18,2025,Los Angeles Dodgers,San Francisco Giants,2025-09-18T17:00:00+00:00,2025-09-19T02:10:00+00:00,0.0441282817201889,0.0,162,162,0.5778550807536895,0.5306841046277666,0.6125907990314771,1,0.178206332845474,0.2202574096490411,0.1500858889950694
776272,2025-09-18,2025,Kansas City Royals,Seattle Mariners,2025-09-18T17:00:00+00:00,2025-09-18T18:10:00+00:00,-0.03318208236279474,0.0,162,162,0.49870534704459224,0.5306841046277666,0.4821428571428572,0,0.24870702317086718,0.2816256189045743,0.23246173469387763
776274,2025-09-18,2025,Milwaukee Brewers,Los Angeles Angels,2025-09-18T17:00:00+00:00,2025-09-18T23:40:00+00:00,0.14541634156785377,0.0,162,162,0.6752686466513872,0.5306841046277666,0.6543778801843317,1,0.10545045184762163,0.2202574096490411,0.11945464970587615
776275,2025-09-18,2025,Detroit Tigers,Cleveland Guardians,2025-09-18T17:00:00+00:00,2025-09-18T17:10:00+00:00,0.0570269029299898,0.0,162,162,0.5907876918454884,0.5306841046277666,0.669683257918552,0,0.34903009683611974,0.2816256189045743,0.4484756659364058
776276,2025-09-18,2025,New York Mets,San Diego Padres,2025-09-18T17:00:00+00:00,2025-09-18T17:10:00+00:00,-0.008041135837431379,0.0,162,162,0.5246321363292582,0.5306841046277666,0.5664160401002506,1,0.22597460581088497,0.2202574096490411,0.1879950502823475
776278,2025-09-18,2025,Baltimore Orioles,New York Yankees,2025-09-18T17:00:00+00:00,2025-09-18T23:15:00+00:00,-0.09208204970522954,0.0,162,162,0.4382346368004383,0.5306841046277666,0.3480278422273782,0,0.19204959689161205,0.2816256189045743,0.12112337896544485
776282,2025-09-18,2025,Cincinnati Reds,Chicago Cubs,2025-09-18T17:00:00+00:00,2025-09-18T23:15:00+00:00,-0.04083821117823849,0.0,162,162,0.4908048627091717,0.5306841046277666,0.5664160401002506,1,0.2592796878406255,0.2202574096490411,0.1879950502823475
776251,2025-09-19,2025,Texas Rangers,Miami Marlins,2025-09-19T17:00:00+00:00,2025-09-20T00:05:00+00:00,0.08208622357366707,1.0,162,162,0.5473556884832962,0.5306841046277666,0.5841584158415841,0,0.2995982497150232,0.2816256189045743,0.3412410547985491
776253,2025-09-19,2025,Colorado Rockies,Los Angeles Angels,2025-09-19T17:00:00+00:00,2025-09-20T00:10:00+00:00,-0.09446201684179961,0.0,162,162,0.43581735676426286,0.5306841046277666,0.4707379134860051,1,0.318302054928463,0.2202574096490411,0.2801183562211475
776255,2025-09-19,2025,Arizona Diamondbacks,Philadelphia Phillies,2025-09-19T17:00:00+00:00,2025-09-20T01:40:00+00:00,-0.041047486409168665,0.0,162,162,0.4905889546941541,0.5306841046277666,0.5367088607594936,0,0.24067752246790278,0.2816256189045743,0.28805640121775355
776256,2025-09-19,2025,Los Angeles Dodgers,San Francisco Giants,2025-09-19T17:00:00+00:00,2025-09-20T02:10:00+00:00,0.04618196628580218,0.0,162,162,0.5799218233230193,0.5306841046277666,0.6225961538461539,1,0.17646567452025658,0.2202574096490411,0.14243366309171596
776259,2025-09-19,2025,New York Mets,Washington Nationals,2025-09-19T17:00:00+00:00,2025-09-19T23:10:00+00:00,0.12118978990720414,-1.0,162,162,0.7135688236838219,0.5306841046277666,0.6574712643678161,1,0.0820428187658695,0.2202574096490411,0.11732593473378253
776260,2025-09-19,2025,Kansas City Royals,Toronto Blue Jays,2025-09-19T17:00:00+00:00,2025-09-19T23:40:00+00:00,-0.03867480895912245,0.0,162,162,0.4930370182930984,0.5306841046277666,0.4582278481012658,1,0.25701146482115234,0.2202574096490411,0.2935170645729851
776261,2025-09-19,2025,Tampa Bay Rays,Boston Red Sox,2025-09-19T17:00:00+00:00,2025-09-19T23:35:00+00:00,-0.013965304510950571,0.0,162,162,0.5185295564315819,0.5306841046277666,0.44584382871536526,0,0.2688729008931331,0.2816256189045743,0.19877671960357596
776262,2025-09-19,2025,Houston Astros,Seattle Mariners,2025-09-19T17:00:00+00:00,2025-09-20T00:10:00+00:00,-0.014476298886313521,1.0,162,162,0.44802895599601444,0.5306841046277666,0.4885496183206107,0,0.20072994541087866,0.2816256189045743,0.23868072956121442
776263,2025-09-19,2025,Minnesota Twins,Cleveland Guardians,2025-09-19T17:00:00+00:00,2025-09-20T00:10:00+00:00,-0.013845517158603493,1.0,162,162,0.44867300857434106,0.5306841046277666,0.5025510204081632,0,0.20130746862315071,0.2816256189045743,0.2525575281132861
776264,2025-09-19,2025,Chicago White Sox,San Diego Padres,2025-09-19T17:00:00+00:00,2025-09-19T23:40:00+00:00,-0.0821525233610938,1.0,162,162,0.38036033132929326,0.5306841046277666,0.3640661938534279,1,0.38395331899034324,0.2202574096490411,0.40441180580006586
776265,2025-09-19,2025,St. Louis Cardinals,Milwaukee Brewers,2025-09-19T17:00:00+00:00,2025-09-20T00:15:00+00:00,-0.0996012945310199,1.0,162,162,0.36353561339840507,0.5306841046277666,0.47582697201017815,1,0.4050869154121444,0.2202574096490411,0.2747573632720185
776267,2025-09-19,2025,Cincinnati Reds,Chicago Cubs,2025-09-19T17:00:00+00:00,2025-09-19T22:40:00+00:00,-0.03836456891684514,0.0,162,162,0.4933571426717865,0.5306841046277666,0.49234693877551017,1,0.25668698488169656,0.2202574096490411,0.2577116305705956
776268,2025-09-19,2025,Detroit Tigers,Atlanta Braves,2025-09-19T17:00:00+00:00,2025-09-19T22:40:00+00:00,0.039829108324999696,-1.0,162,162,0.6403553955718105,0.5306841046277666,0.5216284987277354,0,0.41005503263793,0.2816256189045743,0.27209629068495106
776273,2025-09-19,2025,Baltimore Orioles,New York Yankees,2025-09-19T17:00:00+00:00,2025-09-19T23:05:00+00:00,-0.09693686616470548,0.0,162,162,0.4333069398622434,0.5306841046277666,0.46954314720812185,1,0.3211410244082951,0.2202574096490411,0.2813844726738643
776233,2025-09-20,2025,Los Angeles Dodgers,San Francisco Giants,2025-09-20T17:00:00+00:00,2025-09-21T01:10:00+00:00,0.05192985669355488,0.0,162,162,0.5856911641384019,0.5306841046277666,0.6778523489932886,1,0.1716518114729926,0.2202574096490411,0.10377910904914192
776241,2025-09-20,2025,Colorado Rockies,Los Angeles Angels,2025-09-20T17:00:00+00:00,2025-09-21T00:10:00+00:00,-0.09485969653980869,0.0,162,162,0.4354137363581522,0.5306841046277666,0.46446700507614214,0,0.18958512180936649,0.2816256189045743,0.21572959880440104
776242,2025-09-20,2025,Texas Rangers,Miami Marlins,2025-09-20T17:00:00+00:00,2025-09-20T23:05:00+00:00,0.07887429118921474,0.0,162,162,0.6124003156156912,0.5306841046277666,0.5876543209876544,0,0.3750341465661982,0.2816256189045743,0.3453376009754611
776243,2025-09-20,2025,Minnesota Twins,Cleveland Guardians,2025-09-20T17:00:00+00:00,2025-09-20T23:10:00+00:00,-0.02205388940781311,0.0,162,162,0.5101888003323911,0.5306841046277666,0.5216284987277354,0,0.26029261198460446,0.2816256189045743,0.27209629068495106
776244,2025-09-20,2025,St. Louis Cardinals,Milwaukee Brewers,2025-09-20T17:00:00+00:00,2025-09-20T23:15:00+00:00,-0.09366669118831489,0.0,162,162,0.43662481799561126,0.5306841046277666,0.44332493702770776,0,0.19064123168970065,0.2816256189045743,0.19653699979062106
776245,2025-09-20,2025,Kansas City Royals,Toronto Blue Jays,2025-09-20T17:00:00+00:00,2025-09-20T23:10:00+00:00,-0.02681860454253926,0.0,162,162,0.5052725847229969,0.5306841046277666,0.4520202020202021,1,0.2447552154266643,0.2202574096490411,0.30028185899398013
776246,2025-09-20,2025,Arizona Diamondbacks,Philadelphia Phillies,2025-09-20T17:00:00+00:00,2025-09-21T00:10:00+00:00,-0.04561891907618609,0.0,162,162,0.4858736501651776,0.5306841046277666,0.5165394402035622,1,0.2643259035944782,0.2202574096490411,0.23373411287868498
776247,2025-09-20,2025,Tampa Bay Rays,Boston Red Sox,2025-09-20T17:00:00+00:00,2025-09-20T23:05:00+00:00,-0.01360430186465822,0.0,162,162,0.5189016076816894,0.5306841046277666,0.5063938618925831,0,0.26925887845464186,0.2816256189045743,0.2564347433624845
776248,2025-09-20,2025,Houston Astros,Seattle Mariners,2025-09-20T17:00:00+00:00,2025-09-20T23:10:00+00:00,-0.022676336057924962,0.0,162,162,0.5095466537067947,0.5306841046277666,0.5025510204081632,0,0.2596377923037922,0.2816256189045743,0.2525575281132861
776250,2025-09-20,2025,Chicago White Sox,San Diego Padres,2025-09-20T17:00:00+00:00,2025-09-20T23:10:00+00:00,-0.079527464971692,0.0,162,162,0.4510319938440369,0.5306841046277666,0.39608801955990225,0,0.20342985947092734,0.2816256189045743,0.1568857192388855
776252,2025-09-20,2025,New York Mets,Washington Nationals,2025-09-20T17:00:00+00:00,2025-09-20T20:10:00+00:00,0.12720501262511952,0.0,162,162,0.6585709276097546,0.5306841046277666,0.7094736842105264,0,0.43371566669277256,0.2816256189045743,0.5033529085872577
776254,2025-09-20,2025,Cincinnati Reds,Chicago Cubs,2025-09-20T17:00:00+00:00,2025-09-20T22:40:00+00:00,-0.03207277516239393,0.0,162,162,0.49985020617524634,0.5306841046277666,0.5051020408163266,1,0.2501498162629436,0.2202574096490411,0.24492399000416487
776257,2025-09-20,2025,Baltimore Orioles,New York Yankees,2025-09-20T17:00:00+00:00,2025-09-20T23:05:00+00:00,-0.10007269510877581,0.0,162,162,0.4301309701051324,0.5306841046277666,0.3591549295774648,0,0.1850126514435823,0.2816256189045743,0.1289922634397937
776258,2025-09-20,2025,Detroit Tigers,Atlanta Braves,2025-09-20T17:00:00+00:00,2025-09-20T17:10:00+00:00,0.03621778525248737,0.0,162,162,0.5698693909405482,0.5306841046277666,0.530456852791878,0,0.3247511227309514,0.2816256189045743,0.2813844726738642
777839,2025-09-20,2025,Minnesota Twins,Cleveland Guardians,2025-09-20T17:00:00+00:00,2025-09-20T18:10:00+00:00,-0.02205388940781311,0.0,162,162,0.5101888003323911,0.5306841046277666,0.526854219948849,0,0.26029261198460446,0.2816256189045743,0.27757536907791014
776225,2025-09-21,2025,Minnesota Twins,Cleveland Guardians,2025-09-21T17:00:00+00:00,2025-09-21T18:10:00+00:00,-0.03413532299428157,0.0,162,162,0.49772156661926864,0.5306841046277666,0.43969849246231163,1,0.25228362463940174,0.2202574096490411,0.31393777934900624
776226,2025-09-21,2025,Texas Rangers,Miami Marlins,2025-09-21T17:00:00+00:00,2025-09-21T18:35:00+00:00,0.08131704180676025,0.0,162,162,0.6147912276882931,0.5306841046277666,0.530456852791878,0,0.3779682536424786,0.2816256189045743,0.2813844726738642
776227,2025-09-21,2025,Los Angeles Dodgers,San Francisco Giants,2025-09-21T17:00:00+00:00,2025-09-21T20:10:00+00:00,0.056004176786729754,0.0,162,162,0.5897665956766406,0.5306841046277666,0.6558891454965358,0,0.34782463737601405,0.2816256189045743,0.43019057118017584
776228,2025-09-21,2025,Houston Astros,Seattle Mariners,2025-09-21T17:00:00+00:00,2025-09-21T23:10:00+00:00,-0.021877003094949332,0.0,162,162,0.5103712789230618,0.5306841046277666,0.44332493702770776,0,0.2604788423495617,0.2816256189045743,0.19653699979062106
776229,2025-09-21,2025,Kansas City Royals,Toronto Blue Jays,2025-09-21T17:00:00+00:00,2025-09-21T18:10:00+00:00,-0.029535675678257156,0.0,162,162,0.5024686031188971,0.5306841046277666,0.46700507614213205,0,0.2524746971202557,0.2816256189045743,0.21809374114251856
776230,2025-09-21,2025,Arizona Diamondbacks,Philadelphia Phillies,2025-09-21T17:00:00+00:00,2025-09-21T20:10:00+00:00,-0.04053385381801888,0.0,162,162,0.4911188724937441,0.5306841046277666,0.4531645569620253,1,0.2589600019320383,0.2202574096490411,0.2990290017625381
776231,2025-09-21,2025,St. Louis Cardinals,Milwaukee Brewers,2025-09-21T17:00:00+00:00,2025-09-21T18:15:00+00:00,-0.0951664087851608,0.0,162,162,0.43510250074574713,0.5306841046277666,0.4483627204030227,1,0.3191091846637086,0.2202574096490411,0.30430368824115367
776232,2025-09-21,2025,Colorado Rockies,Los Angeles Angels,2025-09-21T17:00:00+00:00,2025-09-21T19:10:00+00:00,-0.09380383799287512,0.0,162,162,0.436485554421997,0.5306841046277666,0.5025510204081632,1,0.3175485303750841,0.2202574096490411,0.24745548729695963
776235,2025-09-21,2025,Chicago White Sox,San Diego Padres,2025-09-21T17:00:00+00:00,2025-09-21T18:10:00+00:00,-0.08070113949885943,0.0,162,162,0.4498326064132335,0.5306841046277666,0.3864734299516908,0,0.20234937379252307,0.2816256189045743,0.14936171205862447
776236,2025-09-21,2025,Tampa Bay Rays,Boston Red Sox,2025-09-21T17:00:00+00:00,2025-09-21T23:35:00+00:00,-0.0193564621584682,0.0,162,162,0.512971183396982,0.5306841046277666,0.46446700507614214,1,0.23719706820173614,0.2202574096490411,0.2867955886521168
776237,2025-09-21,2025,New York Mets,Washington Nationals,2025-09-21T17:00:00+00:00,2025-09-21T17:40:00+00:00,0.12468428603324783,0.0,162,162,0.6562272201636901,0.5306841046277666,0.723360655737705,0,0.4306341644837641,0.2816256189045743,0.5232506382692826
776238,2025-09-21,2025,Detroit Tigers,Atlanta Braves,2025-09-21T17:00:00+00:00,2025-09-21T17:10:00+00:00,0.03229825377951834,0.0,162,162,0.5658988203798296,0.5306841046277666,0.5204081632653061,0,0.32024147490728266,0.2816256189045743,0.27082465639316955
776239,2025-09-21,2025,Cincinnati Reds,Chicago Cubs,2025-09-21T17:00:00+00:00,2025-09-21T17:40:00+00:00,-0.029131480626588213,0.0,162,162,0.502885741193555,0.5306841046277666,0.5355329949238579,1,0.24712258630868117,0.2202574096490411,0.21572959880440104
776240,2025-09-21,2025,Baltimore Orioles,New York Yankees,2025-09-21T17:00:00+00:00,2025-09-21T17:35:00+00:00,-0.09956798625671415,0.0,162,162,0.43064175855486536,0.5306841046277666,0.4494949494949495,0,0.18545232421122695,0.2816256189045743,0.2020457096214672
776220,2025-09-22,2025,San Francisco Giants,St. Louis Cardinals,2025-09-22T17:00:00+00:00,2025-09-23T01:45:00+00:00,0.02594020582430484,0.0,162,162,0.5594401708050583,0.5306841046277666,0.57,0,0.31297330471039275,0.2816256189045743,0.32489999999999997
776221,2025-09-22,2025,Atlanta Braves,Washington Nationals,2025-09-22T17:00:00+00:00,2025-09-22T23:15:00+00:00,0.09509536112369593,0.0,162,162,0.6281706898633405,0.5306841046277666,0.6941431670281994,1,0.13825703587670415,0.2202574096490411,0.0935484022755399
776222,2025-09-22,2025,San Diego Padres,Milwaukee Brewers,2025-09-22T17:00:00+00:00,2025-09-23T01:40:00+00:00,-0.046112964551874525,0.0,162,162,0.4853641917022825,0.5306841046277666,0.5204081632653061,1,0.26485001518224505,0.2202574096490411,0.23000832986255726
776207,2025-09-23,2025,Los Angeles Angels,Kansas City Royals,2025-09-23T17:00:00+00:00,2025-09-24T01:38:00+00:00,-0.065283932462393,0.0,162,162,0.46562887988813356,0.5306841046277666,0.4044117647058823,0,0.2168102537858779,0.2816256189045743,0.16354887543252591
776209,2025-09-23,2025,Chicago Cubs,New York Mets,2025-09-23T17:00:00+00:00,2025-09-23T23:40:00+00:00,0.013317100845030017,0.0,162,162,0.5465596097842811,0.5306841046277666,0.5025510204081632,0,0.29872740704754563,0.2816256189045743,0.2525575281132861
776210,2025-09-23,2025,Texas Rangers,Minnesota Twins,2025-09-23T17:00:00+00:00,2025-09-24T00:05:00+00:00,0.07629171393210399,0.0,162,162,0.60986664544401,0.5306841046277666,0.5577889447236182,0,0.37193732522512984,0.2816256189045743,0.31112850685588755
776211,2025-09-23,2025,San Francisco Giants,St. Louis Cardinals,2025-09-23T17:00:00+00:00,2025-09-24T01:45:00+00:00,0.028599427974792924,0.0,162,162,0.5621440470888625,0.5306841046277666,0.64,0,0.31600592967744523,0.2816256189045743,0.4096
776212,2025-09-23,2025,Seattle Mariners,Colorado Rockies,2025-09-23T17:00:00+00:00,2025-09-24T01:40:00+00:00,0.20049419024536003,0.0,162,162,0.7230186914621805,0.5306841046277666,0.7078891257995735,1,0.07671864527932279,0.2202574096490411,0.08532876282613738
776213,2025-09-23,2025,Arizona Diamondbacks,Los Angeles Dodgers,2025-09-23T17:00:00+00:00,2025-09-24T01:40:00+00:00,-0.04125780395318701,0.0,162,162,0.49037197486815975,0.5306841046277666,0.4088669950738916,1,0.2597207239997796,0.2202574096490411,0.3494382295129704
776214,2025-09-23,2025,San Diego Padres,Milwaukee Brewers,2025-09-23T17:00:00+00:00,2025-09-24T01:40:00+00:00,-0.04739729232394385,0.0,162,162,0.48403994104183135,0.5306841046277666,0.5051020408163266,1,0.26621478244011687,0.2202574096490411,0.24492399000416487
776215,2025-09-23,2025,Philadelphia Phillies,Miami Marlins,2025-09-23T17:00:00+00:00,2025-09-23T22:45:00+00:00,0.09481891618573052,0.0,162,162,0.627904093193019,0.5306841046277666,0.6734234234234234,0,0.3942635502485475,0.2816256189045743,0.45349910721532344
776216,2025-09-23,2025,New York Yankees,Chicago White Sox,2025-09-23T17:00:00+00:00,2025-09-23T23:05:00+00:00,0.11116317063417397,0.0,162,162,0.6435276330000139,0.5306841046277666,0.6756152125279643,1,0.12707254843457277,0.2202574096490411,0.10522549034327777
776217,2025-09-23,2025,Toronto Blue Jays,Boston Red Sox,2025-09-23T17:00:00+00:00,2025-09-23T23:07:00+00:00,-0.013498635660961211,0.0,162,162,0.5190105038870049,0.5306841046277666,0.5945945945945945,0,0.2693719031450427,0.2816256189045743,0.3535427319211102
776218,2025-09-23,2025,Cleveland Guardians,Detroit Tigers,2025-09-23T17:00:00+00:00,2025-09-23T22:40:00+00:00,-0.04060468261648725,0.0,162,162,0.49104579678785737,0.5306841046277666,0.4133663366336633,1,0.2590343809673069,0.2202574096490411,0.34413905499460845
776219,2025-09-23,2025,Atlanta Braves,Washington Nationals,2025-09-23T17:00:00+00:00,2025-09-23T23:15:00+00:00,0.10065143148327382,0.0,162,162,0.6335121068645817,0.5306841046277666,0.6350710900473934,1,0.1343133758148378,0.2202574096490411,0.13317310931919768
776223,2025-09-23,2025,Baltimore Orioles,Tampa Bay Rays,2025-09-23T17:00:00+00:00,2025-09-23T22:35:00+00:00,-0.0724587457563256,0.0,162,162,0.4582671279744579,0.5306841046277666,0.47959183673469385,1,0.29347450463304237,0.2202574096490411,0.27082465639316955
776224,2025-09-23,2025,Cincinnati Reds,Pittsburgh Pirates,2025-09-23T17:00:00+00:00,2025-09-23T22:40:00+00:00,0.0577457093138839,0.0,162,162,0.5915048848703228,0.5306841046277666,0.608272506082725,0,0.3498780288254539,0.2816256189045743,0.3699954416561587
776192,2025-09-24,2025,Texas Rangers,Minnesota Twins,2025-09-24T17:00:00+00:00,2025-09-25T00:05:00+00:00,0.07441485231397632,0.0,162,162,0.6080215909301607,0.5306841046277666,0.635933806146572,1,0.15364707317692225,0.2202574096490411,0.1325441935069218
776193,2025-09-24,2025,Arizona Diamondbacks,Los Angeles Dodgers,2025-09-24T17:00:00+00:00,2025-09-25T01:40:00+00:00,-0.038462795170257635,0.0,162,162,0.4932557863001145,0.5306841046277666,0.42039800995024873,0,0.24330127071854424,0.2816256189045743,0.17673448677012943
776194,2025-09-24,2025,Seattle Mariners,Colorado Rockies,2025-09-24T17:00:00+00:00,2025-09-25T01:40:00+00:00,0.19917243209221924,0.0,162,162,0.7219246317434896,0.5306841046277666,0.7239263803680981,1,0.07732591043099385,0.2202574096490411,0.07621664345666006
776196,2025-09-24,2025,San Francisco Giants,St. Louis Cardinals,2025-09-24T17:00:00+00:00,2025-09-25T01:45:00+00:00,0.026157515524341868,0.0,162,162,0.5596612642038118,0.5306841046277666,0.5,1,0.19389820224258525,0.2202574096490411,0.25
776197,2025-09-24,2025,Los Angeles Angels,Kansas City Royals,2025-09-24T17:00:00+00:00,2025-09-25T01:38:00+00:00,-0.06867070521019036,0.0,162,162,0.4621518011186712,0.5306841046277666,0.5153061224489797,1,0.28928068503988946,0.2202574096490411,0.2349281549354435
776198,2025-09-24,2025,San Diego Padres,Milwaukee Brewers,2025-09-24T17:00:00+00:00,2025-09-24T20:10:00+00:00,-0.04427581312906681,0.0,162,162,0.4872588029968324,0.5306841046277666,0.5355329949238579,0,0.2374211410979059,0.2816256189045743,0.2867955886521168
776199,2025-09-24,2025,New York Yankees,Chicago White Sox,2025-09-24T17:00:00+00:00,2025-09-24T23:05:00+00:00,0.11191864411777452,0.0,162,162,0.6442427529483193,0.5306841046277666,0.7634011090573012,1,0.12656321882979055,0.2202574096490411,0.05597903519531509
776201,2025-09-24,2025,Philadelphia Phillies,Miami Marlins,2025-09-24T17:00:00+00:00,2025-09-24T22:45:00+00:00,0.09221412730073059,0.0,162,162,0.6253882962868994,0.5306841046277666,0.6350710900473934,1,0.14033392855883187,0.2202574096490411,0.13317310931919768
776202,2025-09-24,2025,Cincinnati Reds,Pittsburgh Pirates,2025-09-24T17:00:00+00:00,2025-09-24T22:40:00+00:00,0.057791302062671024,0.0,162,162,0.5915503621843032,0.5306841046277666,0.5241730279898218,0,0.34993183100038033,0.2816256189045743,0.2747573632720185
776203,2025-09-24,2025,Baltimore Orioles,Tampa Bay Rays,2025-09-24T17:00:00+00:00,2025-09-24T22:35:00+00:00,-0.0614771523991679,0.0,162,162,0.4695411396711515,0.5306841046277666,0.530456852791878,0,0.22046888184368382,0.2816256189045743,0.2813844726738642
776204,2025-09-24,2025,Cleveland Guardians,Detroit Tigers,2025-09-24T17:00:00+00:00,2025-09-24T22:40:00+00:00,-0.03639034737484781,0.0,162,162,0.4953943801040476,0.5306841046277666,0.57,1,0.2546268316305783,0.2202574096490411,0.18490000000000004
776205,2025-09-24,2025,Chicago Cubs,New York Mets,2025-09-24T17:00:00+00:00,2025-09-25T00:05:00+00:00,0.009787649348096839,0.0,162,162,0.5429462326333648,0.5306841046277666,0.5267175572519084,1,0.20889814626403425,0.2202574096490411,0.2239962706136006
776206,2025-09-24,2025,Toronto Blue Jays,Boston Red Sox,2025-09-24T17:00:00+00:00,2025-09-24T23:07:00+00:00,-0.01683571294017472,0.0,162,162,0.5155706009069805,0.5306841046277666,0.46446700507614214,0,0.26581304451958493,0.2816256189045743,0.21572959880440104
776178,2025-09-25,2025,Los Angeles Angels,Kansas City Royals,2025-09-25T17:00:00+00:00,2025-09-26T01:38:00+00:00,-0.07161240124400198,0.0,162,162,0.4591346395374324,0.5306841046277666,0.47715736040609136,0,0.21080461722316798,0.2816256189045743,0.22767914658970856
776183,2025-09-25,2025,Texas Rangers,Minnesota Twins,2025-09-25T17:00:00+00:00,2025-09-25T18:35:00+00:00,0.07654227665667912,0.0,162,162,0.6101127254583699,0.5306841046277666,0.57,0,0.37223753776624025,0.2816256189045743,0.32489999999999997
776184,2025-09-25,2025,New York Yankees,Chicago White Sox,2025-09-25T17:00:00+00:00,2025-09-25T23:05:00+00:00,0.12106832880726859,0.0,162,162,0.6528518902929767,0.5306841046277666,0.7287449392712552,1,0.12051181007315945,0.2202574096490411,0.07357930797095505
776185,2025-09-25,2025,Arizona Diamondbacks,Los Angeles Dodgers,2025-09-25T17:00:00+00:00,2025-09-25T19:40:00+00:00,-0.04081255547048146,0.0,162,162,0.49083133178842603,0.5306841046277666,0.39853300733496333,0,0.24091539626519995,0.2816256189045743,0.15882855793544995
776186,2025-09-25,2025,Toronto Blue Jays,Boston Red Sox,2025-09-25T17:00:00+00:00,2025-09-25T23:07:00+00:00,-0.01886919985912494,0.0,162,162,0.5134737113995822,0.5306841046277666,0.5614035087719298,1,0.23670782949929703,0.2202574096490411,0.19236688211757466
776187,2025-09-25,2025,Chicago Cubs,New York Mets,2025-09-25T17:00:00+00:00,2025-09-25T23:40:00+00:00,0.017570061065910525,0.0,162,162,0.5509071574141524,0.5306841046277666,0.4885496183206107,0,0.3034986960901417,0.2816256189045743,0.23868072956121442
776188,2025-09-25,2025,Philadelphia Phillies,Miami Marlins,2025-09-25T17:00:00+00:00,2025-09-25T22:05:00+00:00,0.101950169077896,0.0,162,162,0.6347560068601417,0.5306841046277666,0.5911330049261084,1,0.1334031745247489,0.2202574096490411,0.16717221966075368
776189,2025-09-25,2025,Cleveland Guardians,Detroit Tigers,2025-09-25T17:00:00+00:00,2025-09-25T22:40:00+00:00,-0.03396973500410283,0.0,162,162,0.4978924586427865,0.5306841046277666,0.5614035087719298,0,0.24789690037335885,0.2816256189045743,0.3151738996614343
776191,2025-09-25,2025,Baltimore Orioles,Tampa Bay Rays,2025-09-25T17:00:00+00:00,2025-09-25T17:05:00+00:00,-0.06777177963457903,0.0,162,162,0.463074351125606,0.5306841046277666,0.48469387755102045,1,0.288289152419189,0.2202574096490411,0.2655403998334027
776165,2025-09-26,2025,Washington Nationals,Chicago White Sox,2025-09-26T17:00:00+00:00,2025-09-26T22:45:00+00:00,-0.037788889060605846,1.0,162,162,0.42436572266542383,0.5306841046277666,0.5429292929292929,0,0.18008626657334742,0.2816256189045743,0.29477221712070195
776166,2025-09-26,2025,San Francisco Giants,Colorado Rockies,2025-09-26T17:00:00+00:00,2025-09-27T02:15:00+00:00,0.17753130125317446,1.0,162,162,0.6419893787851442,0.5306841046277666,0.6829268292682927,1,0.12817160490264698,0.2202574096490411,0.10053539559785839
776167,2025-09-26,2025,Chicago Cubs,St. Louis Cardinals,2025-09-26T17:00:00+00:00,2025-09-26T18:20:00+00:00,0.0682084535997537,-1.0,162,162,0.666870098361339,0.5306841046277666,0.6192771084337348,1,0.11097553136578393,0.2202574096490411,0.1449499201625781
776168,2025-09-26,2025,Seattle Mariners,Los Angeles Dodgers,2025-09-26T17:00:00+00:00,2025-09-27T01:40:00+00:00,-0.01930328431539896,0.0,162,162,0.5130260285704369,0.5306841046277666,0.5392405063291139,0,0.2631957059907547,0.2816256189045743,0.29078032366607914
776169,2025-09-26,2025,Los Angeles Angels,Houston Astros,2025-09-26T17:00:00+00:00,2025-09-27T01:38:00+00:00,-0.07907646119962203,0.0,162,162,0.45149303037290334,0.5306841046277666,0.4422110552763819,1,0.3008598957295007,0.2202574096490411,0.31112850685588755
776170,2025-09-26,2025,San Diego Padres,Arizona Diamondbacks,2025-09-26T17:00:00+00:00,2025-09-27T01:40:00+00:00,0.022213899974020013,1.0,162,162,0.4857106312438432,0.5306841046277666,0.5577889447236182,1,0.26449355481560616,0.2202574096490411,0.19555061740865123
776171,2025-09-26,2025,Milwaukee Brewers,Cincinnati Reds,2025-09-26T17:00:00+00:00,2025-09-27T00:10:00+00:00,0.061219115636144794,1.0,162,162,0.5259388182031705,0.5306841046277666,0.6073170731707317,0,0.27661164049294756,0.2816256189045743,0.36883402736466386
776173,2025-09-26,2025,Miami Marlins,New York Mets,2025-09-26T17:00:00+00:00,2025-09-26T23:10:00+00:00,-0.07230841509386743,0.0,162,162,0.45842120007649756,0.5306841046277666,0.44584382871536526,1,0.29330759652658106,0.2202574096490411,0.3070890621728455
776174,2025-09-26,2025,New York Yankees,Baltimore Orioles,2025-09-26T17:00:00+00:00,2025-09-26T23:05:00+00:00,0.11322359049482489,0.0,162,162,0.6454764794241886,0.5306841046277666,0.5785536159600998,1,0.12568692664146774,0.2202574096490411,0.17761705462030705
776175,2025-09-26,2025,Cleveland Guardians,Texas Rangers,2025-09-26T17:00:00+00:00,2025-09-26T23:10:00+00:00,-0.042154553713641796,0.0,162,162,0.4894468602446511,0.5306841046277666,0.5945945945945945,0,0.23955822900334703,0.2816256189045743,0.3535427319211102
776176,2025-09-26,2025,Philadelphia Phillies,Minnesota Twins,2025-09-26T17:00:00+00:00,2025-09-26T22:45:00+00:00,0.09848264762564352,0.0,162,162,0.6314309315091193,0.5306841046277666,0.5841584158415841,1,0.13584315824823548,0.2202574096490411,0.1729242231153809
776177,2025-09-26,2025,Toronto Blue Jays,Tampa Bay Rays,2025-09-26T17:00:00+00:00,2025-09-26T23:07:00+00:00,0.005721502615324892,0.0,162,162,0.5387778127549665,0.5306841046277666,0.6285714285714284,1,0.21272590600709274,0.2202574096490411,0.1379591836734695
776180,2025-09-26,2025,Atlanta Braves,Pittsburgh Pirates,2025-09-26T17:00:00+00:00,2025-09-26T23:15:00+00:00,0.040764172237286456,1.0,162,162,0.5048514207919432,0.5306841046277666,0.5945945945945945,0,0.2548749570756437,0.2816256189045743,0.3535427319211102
776181,2025-09-26,2025,Boston Red Sox,Detroit Tigers,2025-09-26T17:00:00+00:00,2025-09-26T23:10:00+00:00,0.02265905966099191,0.0,162,162,0.5560990776312712,0.5306841046277666,0.5216284987277354,1,0.19704802887980818,0.2202574096490411,0.22883929322948024
776146,2025-09-27,2025,San Francisco Giants,Colorado Rockies,2025-09-27T17:00:00+00:00,2025-09-27T20:05:00+00:00,0.17800657425326938,0.0,162,162,0.704048477625107,0.5306841046277666,0.6756152125279643,1,0.08758730359601677,0.2202574096490411,0.10522549034327777
776150,2025-09-27,2025,Seattle Mariners,Los Angeles Dodgers,2025-09-27T17:00:00+00:00,2025-09-28T01:40:00+00:00,-0.01824447555119546,0.0,162,162,0.5141179680431699,0.5306841046277666,0.5279187817258882,0,0.26431728506483787,0.2816256189045743,0.27869824009894606
776152,2025-09-27,2025,San Diego Padres,Arizona Diamondbacks,2025-09-27T17:00:00+00:00,2025-09-28T00:40:00+00:00,0.02460628254849917,0.0,162,162,0.5580825084392245,0.5306841046277666,0.5566750629722922,1,0.19529106934736812,0.2202574096490411,0.1965369997906211
776153,2025-09-27,2025,Milwaukee Brewers,Cincinnati Reds,2025-09-27T17:00:00+00:00,2025-09-27T23:15:00+00:00,0.056443246979834605,0.0,162,162,0.5902050614296485,0.5306841046277666,0.5541561712846348,0,0.3483420145371751,0.2816256189045743,0.3070890621728455
776155,2025-09-27,2025,Los Angeles Angels,Houston Astros,2025-09-27T17:00:00+00:00,2025-09-28T01:38:00+00:00,-0.07474849452774168,0.0,162,162,0.45592139530171527,0.5306841046277666,0.4335839598997493,0,0.20786431869386293,0.2816256189045743,0.1879950502823474
776156,2025-09-27,2025,Atlanta Braves,Pittsburgh Pirates,2025-09-27T17:00:00+00:00,2025-09-27T23:15:00+00:00,0.031201621893990172,0.0,162,162,0.5647863696826291,0.5306841046277666,0.6125907990314771,0,0.31898364337928337,0.2816256189045743,0.37526748705802354
776157,2025-09-27,2025,Boston Red Sox,Detroit Tigers,2025-09-27T17:00:00+00:00,2025-09-27T20:10:00+00:00,0.025398361822060678,0.0,162,162,0.5588887899448793,0.5306841046277666,0.5355329949238579,0,0.31235667952605145,0.2816256189045743,0.2867955886521168
776158,2025-09-27,2025,Cleveland Guardians,Texas Rangers,2025-09-27T17:00:00+00:00,2025-09-27T23:15:00+00:00,-0.04272184292298947,0.0,162,162,0.4888616641802439,0.5306841046277666,0.568922305764411,1,0.26126239834458975,0.2202574096490411,0.18582797846747193
776159,2025-09-27,2025,Toronto Blue Jays,Tampa Bay Rays,2025-09-27T17:00:00+00:00,2025-09-27T19:07:00+00:00,0.004063226829626232,0.0,162,162,0.5370762359076788,0.5306841046277666,0.6073170731707317,1,0.214298411361403,0.2202574096490411,0.15419988102320048
776160,2025-09-27,2025,Washington Nationals,Chicago White Sox,2025-09-27T17:00:00+00:00,2025-09-27T20:05:00+00:00,-0.03853508316735105,0.0,162,162,0.4931811950975685,0.5306841046277666,0.5241730279898218,1,0.2568653010027289,0.2202574096490411,0.2264113072923749
776161,2025-09-27,2025,Miami Marlins,New York Mets,2025-09-27T17:00:00+00:00,2025-09-27T20:10:00+00:00,-0.0663480478446325,0.0,162,162,0.4645360145561007,0.5306841046277666,0.4520202020202021,0,0.2157937088196658,0.2816256189045743,0.2043222630343843
776162,2025-09-27,2025,New York Yankees,Baltimore Orioles,2025-09-27T17:00:00+00:00,2025-09-27T17:05:00+00:00,0.11394919240004397,0.0,162,162,0.6461616452019762,0.5306841046277666,0.6756152125279643,1,0.1252015813261722,0.2202574096490411,0.10522549034327777
776163,2025-09-27,2025,Philadelphia Phillies,Minnesota Twins,2025-09-27T17:00:00+00:00,2025-09-27T22:05:00+00:00,0.10293813479709812,0.0,162,162,0.635701054838977,0.5306841046277666,0.6566820276497696,0,0.404115831123388,0.2816256189045743,0.4312312854382127
776164,2025-09-27,2025,Chicago Cubs,St. Louis Cardinals,2025-09-27T17:00:00+00:00,2025-09-27T18:20:00+00:00,0.08223527352030419,0.0,162,162,0.6156885489774491,0.5306841046277666,0.6159420289855072,1,0.14769529138705856,0.2202574096490411,0.147500525099769
776135,2025-09-28,2025,Los Angeles Angels,Houston Astros,2025-09-28T17:00:00+00:00,2025-09-28T19:07:00+00:00,-0.07788090414727816,0.0,162,162,0.4527155839970314,0.5306841046277666,0.46954314720812185,0,0.20495139999377318,0.2816256189045743,0.220470767090108
776136,2025-09-28,2025,San Diego Padres,Arizona Diamondbacks,2025-09-28T17:00:00+00:00,2025-09-28T19:10:00+00:00,0.027213571631920286,0.0,162,162,0.5607353693745272,0.5306841046277666,0.5355329949238579,1,0.19295341571853308,0.2202574096490411,0.21572959880440104
776137,2025-09-28,2025,San Francisco Giants,Colorado Rockies,2025-09-28T17:00:00+00:00,2025-09-28T19:05:00+00:00,0.17714269960310008,0.0,162,162,0.7033048579620985,0.5306841046277666,0.7303822937625754,1,0.08802800730889053,0.2202574096490411,0.07269370751673021
776139,2025-09-28,2025,Seattle Mariners,Los Angeles Dodgers,2025-09-28T17:00:00+00:00,2025-09-28T19:10:00+00:00,-0.024305135171894143,0.0,162,162,0.5078661606196084,0.5306841046277666,0.49234693877551017,0,0.2579280371025019,0.2816256189045743,0.24240550812161596
776140,2025-09-28,2025,New York Yankees,Baltimore Orioles,2025-09-28T17:00:00+00:00,2025-09-28T19:05:00+00:00,0.11550202093035844,0.0,162,162,0.6476259203202246,0.5306841046277666,0.6244019138755981,1,0.1241674920301687,0.2202574096490411,0.14107392230031365
776141,2025-09-28,2025,Philadelphia Phillies,Minnesota Twins,2025-09-28T17:00:00+00:00,2025-09-28T19:05:00+00:00,0.09945659024079234,0.0,162,162,0.6323661420496779,0.5306841046277666,0.6879120879120879,1,0.1351546535114376,0.2202574096490411,0.09739886487139235
776142,2025-09-28,2025,Chicago Cubs,St. Louis Cardinals,2025-09-28T17:00:00+00:00,2025-09-28T19:20:00+00:00,0.08702055393805808,0.0,162,162,0.6203520020763698,0.5306841046277666,0.5796019900497512,1,0.14413260232742076,0.2202574096490411,0.17673448677012948
776143,2025-09-28,2025,Washington Nationals,Chicago White Sox,2025-09-28T17:00:00+00:00,2025-09-28T19:05:00+00:00,-0.03876918601973228,0.0,162,162,0.49293963547291303,0.5306841046277666,0.5165394402035622,0,0.2429894842201684,0.2816256189045743,0.26681299328580943
776144,2025-09-28,2025,Milwaukee Brewers,Cincinnati Reds,2025-09-28T17:00:00+00:00,2025-09-28T19:10:00+00:00,0.060688871569004044,0.0,162,162,0.5944373496603025,0.5306841046277666,0.5505050505050506,1,0.16448106335055976,0.2202574096490411,0.20204570962146712
776145,2025-09-28,2025,Toronto Blue Jays,Tampa Bay Rays,2025-09-28T17:00:00+00:00,2025-09-28T19:07:00+00:00,0.012526621955709305,0.0,162,162,0.5457507468679328,0.5306841046277666,0.6527777777777778,1,0.20634238397104088,0.2202574096490411,0.12056327160493827
776147,2025-09-28,2025,Cleveland Guardians,Texas Rangers,2025-09-28T17:00:00+00:00,2025-09-28T19:10:00+00:00,-0.0408779750722566,0.0,162,162,0.4907638382690307,0.5306841046277666,0.5639097744360902,1,0.25932146841448994,0.2202574096490411,0.19017468483238167
776148,2025-09-28,2025,Miami Marlins,New York Mets,2025-09-28T17:00:00+00:00,2025-09-28T19:10:00+00:00,-0.06694775740134351,0.0,162,162,0.4639202515667014,0.5306841046277666,0.4531645569620253,1,0.28738149668030877,0.2202574096490411,0.2990290017625381
776149,2025-09-28,2025,Atlanta Braves,Pittsburgh Pirates,2025-09-28T17:00:00+00:00,2025-09-28T19:15:00+00:00,0.024800270126237867,0.0,162,162,0.5582800027579483,0.5306841046277666,0.6431924882629109,1,0.19511655596351815,0.2202574096490411,0.127311600432013
776151,2025-09-28,2025,Boston Red Sox,Detroit Tigers,2025-09-28T17:00:00+00:00,2025-09-28T19:05:00+00:00,0.019804297291708517,0.0,162,162,0.5531880141022198,0.5306841046277666,0.4757033248081842,1,0.1996409507419181,0.2202574096490411,0.27488700361719237
823244,2026-03-25,2026,San Francisco Giants,New York Yankees,2026-03-25T17:00:00+00:00,2026-03-26T00:05:00+00:00,-0.028060784110884973,0.0,162,162,0.5126650314160822,0.5400813591768365,0.4582278481012658,0,0.2628254344368526,0.2916878745302991,0.20997276077551674
823081,2026-03-26,2026,St. Louis Cardinals,Tampa Bay Rays,2026-03-26T17:00:00+00:00,2026-03-26T20:15:00+00:00,-0.01878253531947649,1.0,162,162,0.4943811137131702,0.5400813591768365,0.46954314720812185,1,0.25565045816993415,0.21152515617662604,0.2813844726738643
823163,2026-03-26,2026,Seattle Mariners,Cleveland Guardians,2026-03-26T17:00:00+00:00,2026-03-27T02:10:00+00:00,-0.014040628644004793,1.0,162,162,0.4992608667757993,0.5400813591768365,0.6225961538461539,0,0.2492614130937224,0.2916878745302991,0.38762597078402367
823325,2026-03-26,2026,San Diego Padres,Detroit Tigers,2026-03-26T17:00:00+00:00,2026-03-26T20:10:00+00:00,0.010299180340575642,1.0,162,162,0.5242903044945065,0.5400813591768365,0.46329113924050636,0,0.27488032338694235,0.2916878745302991,0.21463867969876624
823486,2026-03-26,2026,Philadelphia Phillies,Texas Rangers,2026-03-26T17:00:00+00:00,2026-03-26T20:15:00+00:00,-0.014657289620473524,1.0,162,162,0.49862625180019593,0.5400813591768365,0.5911330049261084,1,0.25137563538392055,0.21152515617662604,0.16717221966075368
823649,2026-03-26,2026,New York Mets,Pittsburgh Pirates,2026-03-26T17:00:00+00:00,2026-03-26T17:15:00+00:00,0.029237779147068654,1.0,162,162,0.5436878332770261,0.5400813591768365,0.5228426395939086,1,0.20822079349941514,0.21152515617662604,0.22767914658970856
823812,2026-03-26,2026,Milwaukee Brewers,Chicago White Sox,2026-03-26T17:00:00+00:00,2026-03-26T18:10:00+00:00,0.10357627022211702,-1.0,162,162,0.6690503829663232,0.5400813591768365,0.6285714285714284,1,0.10952764901473731,0.21152515617662604,0.1379591836734695
823974,2026-03-26,2026,Los Angeles Dodgers,Arizona Diamondbacks,2026-03-26T17:00:00+00:00,2026-03-27T00:30:00+00:00,0.06922255026609098,0.0,162,162,0.6109092245016986,0.5400813591768365,0.6989247311827957,1,0.15139163157786958,0.21152515617662604,0.09064631749335181
824218,2026-03-26,2026,Houston Astros,Los Angeles Angels,2026-03-26T17:00:00+00:00,2026-03-26T20:10:00+00:00,0.06843073254590049,0.0,162,162,0.6101341645128956,0.5400813591768365,0.6092233009708737,0,0.37226369870584913,0.2916878745302991,0.3711530304458478
824541,2026-03-26,2026,Cincinnati Reds,Boston Red Sox,2026-03-26T17:00:00+00:00,2026-03-26T20:10:00+00:00,-0.034985488347356875,0.0,162,162,0.505541165455676,0.5400813591768365,0.4133663366336633,0,0.25557186997028314,0.2916878745302991,0.17087172826193503
824704,2026-03-26,2026,Chicago Cubs,Washington Nationals,2026-03-26T17:00:00+00:00,2026-03-26T18:20:00+00:00,0.1137869784410861,-1.0,162,162,0.6782902120764468,0.5400813591768365,0.6527777777777778,0,0.46007761179871115,0.2916878745302991,0.4261188271604938
824865,2026-03-26,2026,Baltimore Orioles,Minnesota Twins,2026-03-26T17:00:00+00:00,2026-03-26T19:05:00+00:00,0.008577103805749553,1.0,162,162,0.522521967282143,0.5400813591768365,0.5603015075376885,1,0.22798527172811497,0.21152515617662604,0.19333476427362942
823162,2026-03-27,2026,Seattle Mariners,Cleveland Guardians,2026-03-27T17:00:00+00:00,2026-03-28T01:45:00+00:00,-0.017038018752388084,0.0,162,162,0.5239930434895496,0.5400813591768365,0.6092233009708737,1,0.22658262264634185,0.21152515617662604,0.15270642850410032
823243,2026-03-27,2026,San Francisco Giants,New York Yankees,2026-03-27T17:00:00+00:00,2026-03-27T20:35:00+00:00,-0.03181808637485084,0.0,162,162,0.5088001189218525,0.5400813591768365,0.4483627204030227,0,0.25887756101489123,0.2916878745302991,0.20102912904719913
823324,2026-03-27,2026,San Diego Padres,Detroit Tigers,2026-03-27T17:00:00+00:00,2026-03-28T01:40:00+00:00,0.008057360149327897,0.0,162,162,0.5496732361454253,0.5400813591768365,0.5367088607594936,0,0.3021406665345845,0.2916878745302991,0.28805640121775355
823893,2026-03-27,2026,Miami Marlins,Colorado Rockies,2026-03-27T17:00:00+00:00,2026-03-27T23:10:00+00:00,0.09426675468920603,2.0,162,162,0.5821358110926333,0.5400813591768365,0.6350710900473934,1,0.1746104803712114,0.21152515617662604,0.13317310931919768
823971,2026-03-27,2026,Los Angeles Dodgers,Arizona Diamondbacks,2026-03-27T17:00:00+00:00,2026-03-28T02:10:00+00:00,0.07556164695691359,0.0,162,162,0.6170936756434455,0.5400813591768365,0.6892778993435448,1,0.1466172532322469,0.21152515617662604,0.09654822383636029
824216,2026-03-27,2026,Houston Astros,Los Angeles Angels,2026-03-27T17:00:00+00:00,2026-03-28T00:15:00+00:00,0.06719945594635923,0.0,162,162,0.6089278416593039,0.5400813591768365,0.5925925925925927,0,0.3707931163478583,0.2916878745302991,0.3511659807956105
824946,2026-03-27,2026,Atlanta Braves,Kansas City Royals,2026-03-27T17:00:00+00:00,2026-03-27T23:15:00+00:00,0.021441611127407723,0.0,162,162,0.5632706328145708,0.5400813591768365,0.5796019900497512,1,0.19073254016218544,0.21152515617662604,0.17673448677012948
823082,2026-03-28,2026,St. Louis Cardinals,Tampa Bay Rays,2026-03-28T17:00:00+00:00,2026-03-28T18:15:00+00:00,-0.018633368559475505,0.0,162,162,0.5223547660197093,0.5400813591768365,0.49234693877551017,1,0.22814496954408664,0.21152515617662604,0.2577116305705956
823161,2026-03-28,2026,Seattle Mariners,Cleveland Guardians,2026-03-28T17:00:00+00:00,2026-03-29T01:40:00+00:00,-0.01534479842180192,0.0,162,162,0.5257312595297373,0.5400813591768365,0.6276849642004773,0,0.27639335724672404,0.2916878745302991,0.3939884142833544
823241,2026-03-28,2026,San Francisco Giants,New York Yankees,2026-03-28T17:00:00+00:00,2026-03-28T23:15:00+00:00,-0.03343188874936398,0.0,162,162,0.5071397467785256,0.5400813591768365,0.4582278481012658,0,0.25719072276258703,0.2916878745302991,0.20997276077551674
823323,2026-03-28,2026,San Diego Padres,Detroit Tigers,2026-03-28T17:00:00+00:00,2026-03-29T00:40:00+00:00,0.008171731282680117,0.0,162,162,0.5497897733104651,0.5400813591768365,0.5025510204081632,1,0.20268924821584242,0.21152515617662604,0.24745548729695963
823488,2026-03-28,2026,Philadelphia Phillies,Texas Rangers,2026-03-28T17:00:00+00:00,2026-03-28T20:05:00+00:00,-0.016251206411174834,0.0,162,162,0.5248008394833737,0.5400813591768365,0.5760598503740648,0,0.27541592112245383,0.2916878745302991,0.33184495121298996
823651,2026-03-28,2026,New York Mets,Pittsburgh Pirates,2026-03-28T17:00:00+00:00,2026-03-28T20:10:00+00:00,0.030844062884026913,0.0,162,162,0.5727674950652505,0.5400813591768365,0.6168674698795181,1,0.18252761327282077,0.21152515617662604,0.14679053563652195
823811,2026-03-28,2026,Milwaukee Brewers,Chicago White Sox,2026-03-28T17:00:00+00:00,2026-03-28T23:10:00+00:00,0.11443157036188628,0.0,162,162,0.6541287633696558,0.5400813591768365,0.6431924882629109,1,0.11962691232820359,0.21152515617662604,0.127311600432013
823892,2026-03-28,2026,Miami Marlins,Colorado Rockies,2026-03-28T17:00:00+00:00,2026-03-28T20:10:00+00:00,0.09968330903776218,0.0,162,162,0.640267823309655,0.5400813591768365,0.6391509433962265,1,0.12940723894637357,0.21152515617662604,0.13021204165183337
823973,2026-03-28,2026,Los Angeles Dodgers,Arizona Diamondbacks,2026-03-28T17:00:00+00:00,2026-03-29T01:10:00+00:00,0.0738924195758694,0.0,162,162,0.6154687524667395,0.5400813591768365,0.6843267108167771,1,0.14786428032948568,0.21152515617662604,0.09964962550375467
824213,2026-03-28,2026,Houston Astros,Los Angeles Angels,2026-03-28T17:00:00+00:00,2026-03-28T23:10:00+00:00,0.06551366619562093,0.0,162,162,0.6072740582019907,0.5400813591768365,0.5725,1,0.15423366536113342,0.21152515617662604,0.18275624999999998
824540,2026-03-28,2026,Cincinnati Reds,Boston Red Sox,2026-03-28T17:00:00+00:00,2026-03-28T20:10:00+00:00,-0.03677830000846549,0.0,162,162,0.5036963073773102,0.5400813591768365,0.43500000000000005,1,0.24631735531091736,0.21152515617662604,0.3192249999999999
824701,2026-03-28,2026,Chicago Cubs,Washington Nationals,2026-03-28T17:00:00+00:00,2026-03-28T18:20:00+00:00,0.10904560994705931,0.0,162,162,0.649095664537901,0.5400813591768365,0.68,1,0.1231338526460973,0.21152515617662604,0.10239999999999996
824862,2026-03-28,2026,Baltimore Orioles,Minnesota Twins,2026-03-28T17:00:00+00:00,2026-03-28T20:05:00+00:00,0.00859123435131548,0.0,162,162,0.5502171743227193,0.5400813591768365,0.6004901960784313,0,0.30273893891967774,0.2916878745302991,0.3605884755863129
824945,2026-03-28,2026,Atlanta Braves,Kansas City Royals,2026-03-28T17:00:00+00:00,2026-03-28T23:15:00+00:00,0.029900085869529858,0.0,162,162,0.5718163381214825,0.5400813591768365,0.5796019900497512,1,0.1833412482996966,0.21152515617662604,0.17673448677012948
823079,2026-03-29,2026,St. Louis Cardinals,Tampa Bay Rays,2026-03-29T17:00:00+00:00,2026-03-29T18:15:00+00:00,-0.02174049410469292,0.0,162,162,0.519162684880429,0.5400813591768365,0.47582697201017815,0,0.2695298933722557,0.2916878745302991,0.22641130729237485
823160,2026-03-29,2026,Seattle Mariners,Cleveland Guardians,2026-03-29T17:00:00+00:00,2026-03-29T23:20:00+00:00,-0.014639310173096387,0.0,162,162,0.5264553138788819,0.5400813591768365,0.57,1,0.22424456975354826,0.21152515617662604,0.18490000000000004
823487,2026-03-29,2026,Philadelphia Phillies,Texas Rangers,2026-03-29T17:00:00+00:00,2026-03-29T17:35:00+00:00,-0.021547585857642604,0.0,162,162,0.5193609159092099,0.5400813591768365,0.5901234567901236,0,0.26973576097405333,0.2916878745302991,0.3482456942539248
823647,2026-03-29,2026,New York Mets,Pittsburgh Pirates,2026-03-29T17:00:00+00:00,2026-03-29T17:40:00+00:00,0.024389692720515777,0.0,162,162,0.5662536529090787,0.5400813591768365,0.6327014218009479,0,0.3206431994328754,0.2916878745302991,0.400311089148941
823810,2026-03-29,2026,Milwaukee Brewers,Chicago White Sox,2026-03-29T17:00:00+00:00,2026-03-29T18:10:00+00:00,0.11869375326493675,0.0,162,162,0.6580874549003047,0.5400813591768365,0.5980392156862746,1,0.11690418849655115,0.21152515617662604,0.16157247212610526
823891,2026-03-29,2026,Miami Marlins,Colorado Rockies,2026-03-29T17:00:00+00:00,2026-03-29T17:40:00+00:00,0.0998483221972048,0.0,162,162,0.6404242619332511,0.5400813591768365,0.635933806146572,1,0.12929471140624724,0.21152515617662604,0.1325441935069218
824215,2026-03-29,2026,Houston Astros,Los Angeles Angels,2026-03-29T17:00:00+00:00,2026-03-29T18:10:00+00:00,0.06764520649438532,0.0,162,162,0.6093647129811675,0.5400813591768365,0.6092233009708737,1,0.15259592746428569,0.21152515617662604,0.15270642850410032
824538,2026-03-29,2026,Cincinnati Reds,Boston Red Sox,2026-03-29T17:00:00+00:00,2026-03-29T17:40:00+00:00,-0.03458176124169393,0.0,162,162,0.5059565939806555,0.5400813591768365,0.44332493702770776,1,0.24407888703119487,0.21152515617662604,0.3098871257352056
824700,2026-03-29,2026,Chicago Cubs,Washington Nationals,2026-03-29T17:00:00+00:00,2026-03-29T18:20:00+00:00,0.11503346832885136,0.0,162,162,0.6546891146480149,0.5400813591768365,0.6921397379912664,0,0.42861783683860166,0.2916878745302991,0.47905741690661885
824864,2026-03-29,2026,Baltimore Orioles,Minnesota Twins,2026-03-29T17:00:00+00:00,2026-03-29T17:35:00+00:00,0.008982427850458385,0.0,162,162,0.5506156660096709,0.5400813591768365,0.5911330049261084,1,0.20194627963593162,0.21152515617662604,0.16717221966075368
824944,2026-03-29,2026,Atlanta Braves,Kansas City Royals,2026-03-29T17:00:00+00:00,2026-03-29T17:35:00+00:00,0.03245286274983045,0.0,162,162,0.5743872886858771,0.5400813591768365,0.5980392156862746,0,0.3299207574039131,0.2916878745302991,0.35765090349865447
822834,2026-03-30,2026,Toronto Blue Jays,Colorado Rockies,2026-03-30T17:00:00+00:00,2026-03-30T23:07:00+00:00,0.19378050192916518,0.0,162,162,0.7238971377328389,0.5400813591768365,0.7139874739039667,0,0.5240270660177968,0.2916878745302991,0.5097781128917674
823080,2026-03-30,2026,St. Louis Cardinals,New York Mets,2026-03-30T17:00:00+00:00,2026-03-30T23:45:00+00:00,-0.04144854726490971,0.0,162,162,0.4988901335760238,0.5400813591768365,0.42750000000000005,0,0.24889136537950288,0.2916878745302991,0.18275625000000004
823159,2026-03-30,2026,Seattle Mariners,New York Yankees,2026-03-30T17:00:00+00:00,2026-03-31T01:40:00+00:00,-0.04754423027724186,-1.0,162,162,0.5204408374305017,0.5400813591768365,0.49234693877551017,1,0.22997699040435846,0.21152515617662604,0.2577116305705956
823320,2026-03-30,2026,San Diego Padres,San Francisco Giants,2026-03-30T17:00:00+00:00,2026-03-31T01:40:00+00:00,0.013243629196479811,0.0,162,162,0.5549520510776601,0.5400813591768365,0.5153061224489797,0,0.30797177899530187,0.2916878745302991,0.26554039983340283
823484,2026-03-30,2026,Philadelphia Phillies,Washington Nationals,2026-03-30T17:00:00+00:00,2026-03-30T22:40:00+00:00,0.12312390852607868,0.0,162,162,0.662178941839508,0.5400813591768365,0.6092233009708737,0,0.4384809510156905,0.2916878745302991,0.3711530304458478
823809,2026-03-30,2026,Milwaukee Brewers,Tampa Bay Rays,2026-03-30T17:00:00+00:00,2026-03-30T23:40:00+00:00,0.08733634396676104,0.0,162,162,0.6284798225090041,0.5400813591768365,0.6014669926650367,0,0.39498688730094933,0.2916878745302991,0.36176254326552326
823890,2026-03-30,2026,Miami Marlins,Chicago White Sox,2026-03-30T17:00:00+00:00,2026-03-30T22:40:00+00:00,-0.0022883611467609533,0.0,162,162,0.5391105857691272,0.5400813591768365,0.5603015075376885,0,0.2906402236883314,0.2916878745302991,0.3139377793490064
823972,2026-03-30,2026,Los Angeles Dodgers,Cleveland Guardians,2026-03-30T17:00:00+00:00,2026-03-31T02:10:00+00:00,0.050054203870914526,1.0,162,162,0.5648546816764174,0.5400813591768365,0.6294536817102138,0,0.31906081141176684,0.2916878745302991,0.3962119374185431
824135,2026-03-30,2026,Kansas City Royals,Minnesota Twins,2026-03-30T17:00:00+00:00,2026-03-30T20:10:00+00:00,0.03573190090405809,0.0,162,162,0.577683759851511,0.5400813591768365,0.6039119804400979,1,0.17835100669315623,0.21152515617662604,0.15688571923888542
824214,2026-03-30,2026,Houston Astros,Boston Red Sox,2026-03-30T17:00:00+00:00,2026-03-31T00:10:00+00:00,-0.019311808024558674,0.0,162,162,0.5216579232725076,0.5400813591768365,0.4809160305343511,1,0.22881114236797023,0.21152515617662604,0.26944816735621463
824539,2026-03-30,2026,Cincinnati Reds,Pittsburgh Pirates,2026-03-30T17:00:00+00:00,2026-03-30T22:40:00+00:00,0.0017617814639747098,0.0,162,162,0.5432503689715856,0.5400813591768365,0.547979797979798,1,0.20862022544459266,0.21152515617662604,0.20432226303438422
824702,2026-03-30,2026,Chicago Cubs,Los Angeles Angels,2026-03-30T17:00:00+00:00,2026-03-30T23:40:00+00:00,0.08409115159190833,0.0,162,162,0.6253553292344072,0.5400813591768365,0.6267942583732058,1,0.14035862933305945,0.21152515617662604,0.13928252558320547
824863,2026-03-30,2026,Baltimore Orioles,Texas Rangers,2026-03-30T17:00:00+00:00,2026-03-30T22:35:00+00:00,-0.10583191354276333,0.0,162,162,0.43303667175881794,0.5400813591768365,0.5329949238578681,0,0.18752075908795424,0.2916878745302991,0.2840835888582546
825108,2026-03-30,2026,Arizona Diamondbacks,Detroit Tigers,2026-03-30T17:00:00+00:00,2026-03-31T02:10:00+00:00,-0.022476655615376206,0.0,162,162,0.5184061560782335,0.5400813591768365,0.5165394402035622,1,0.2319326305033428,0.21152515617662604,0.23373411287868498
822836,2026-03-31,2026,Toronto Blue Jays,Colorado Rockies,2026-03-31T17:00:00+00:00,2026-03-31T23:07:00+00:00,0.18519012692636766,0.0,162,162,0.7167736560135973,0.5400813591768365,0.7070063694267517,1,0.0802171619279041,0.21152515617662604,0.08584526755649313
823077,2026-03-31,2026,St. Louis Cardinals,New York Mets,2026-03-31T17:00:00+00:00,2026-03-31T23:45:00+00:00,-0.040115740884981044,0.0,162,162,0.500261748890206,0.5400813591768365,0.41234567901234565,1,0.2497383196222755,0.21152515617662604,0.3453376009754611
823158,2026-03-31,2026,Seattle Mariners,New York Yankees,2026-03-31T17:00:00+00:00,2026-04-01T01:40:00+00:00,-0.04588695358834005,0.0,162,162,0.4943227248397233,0.5400813591768365,0.49489795918367346,0,0.24435495629296877,0.2916878745302991,0.24492399000416493
823322,2026-03-31,2026,San Diego Padres,San Francisco Giants,2026-03-31T17:00:00+00:00,2026-04-01T01:40:00+00:00,0.007606842702993721,0.0,162,162,0.5492141336138169,0.5400813591768365,0.44584382871536526,0,0.3016361645611755,0.2916878745302991,0.19877671960357596
823485,2026-03-31,2026,Philadelphia Phillies,Washington Nationals,2026-03-31T17:00:00+00:00,2026-03-31T22:40:00+00:00,0.10986580508681348,0.0,162,162,0.6498643019050127,0.5400813591768365,0.6350710900473934,1,0.12259500708046413,0.21152515617662604,0.13317310931919768
823807,2026-03-31,2026,Milwaukee Brewers,Tampa Bay Rays,2026-03-31T17:00:00+00:00,2026-03-31T23:40:00+00:00,0.08602460799162853,0.0,162,162,0.62721815082568,0.5400813591768365,0.5392405063291139,1,0.13896630707382546,0.21152515617662604,0.21229931100785132
823888,2026-03-31,2026,Miami Marlins,Chicago White Sox,2026-03-31T17:00:00+00:00,2026-03-31T22:40:00+00:00,-0.002399440911340367,0.0,162,162,0.5389969688153036,0.5400813591768365,0.582089552238806,1,0.2125237947614782,0.21152515617662604,0.17464914234796167
823969,2026-03-31,2026,Los Angeles Dodgers,Cleveland Guardians,2026-03-31T17:00:00+00:00,2026-04-01T02:10:00+00:00,0.05037687712451844,0.0,162,162,0.5923184121754351,0.5400813591768365,0.6982758620689655,1,0.1662042770511584,0.21152515617662604,0.09103745541022591
824212,2026-03-31,2026,Houston Astros,Boston Red Sox,2026-03-31T17:00:00+00:00,2026-04-01T00:10:00+00:00,-0.011729160480528744,0.0,162,162,0.5294408397591246,0.5400813591768365,0.5760598503740648,1,0.22142592328659785,0.21152515617662604,0.17972525046486032
824537,2026-03-31,2026,Cincinnati Reds,Pittsburgh Pirates,2026-03-31T17:00:00+00:00,2026-03-31T22:40:00+00:00,0.0012150419341919738,0.0,162,162,0.5426918645161897,0.5400813591768365,0.49744897959183665,0,0.29451445981205837,0.2916878745302991,0.24745548729695951
824699,2026-03-31,2026,Chicago Cubs,Los Angeles Angels,2026-03-31T17:00:00+00:00,2026-03-31T23:40:00+00:00,0.09041593297288575,0.0,162,162,0.631434974051729,0.5400813591768365,0.568922305764411,0,0.3987101264557077,0.2916878745302991,0.323672589996294
824861,2026-03-31,2026,Baltimore Orioles,Texas Rangers,2026-03-31T17:00:00+00:00,2026-03-31T22:35:00+00:00,-0.10670579010409692,0.0,162,162,0.43215369249709723,0.5400813591768365,0.4582278481012658,0,0.18675681393887567,0.2916878745302991,0.20997276077551674
825107,2026-03-31,2026,Arizona Diamondbacks,Detroit Tigers,2026-03-31T17:00:00+00:00,2026-04-01T01:40:00+00:00,-0.01861720907273351,0.0,162,162,0.5223713627969641,0.5400813591768365,0.5153061224489797,1,0.22812911507642933,0.21152515617662604,0.2349281549354435
822835,2026-04-01,2026,Toronto Blue Jays,Colorado Rockies,2026-04-01T17:00:00+00:00,2026-04-01T17:07:00+00:00,0.18647801029179217,0.0,162,162,0.7178486801565777,0.5400813591768365,0.7042553191489361,0,0.5153067276025405,0.2916878745302991,0.4959755545495699
823078,2026-04-01,2026,St. Louis Cardinals,New York Mets,2026-04-01T17:00:00+00:00,2026-04-01T17:15:00+00:00,-0.03574031026722013,0.0,162,162,0.5047644460847903,0.5400813591768365,0.39172749391727496,1,0.24525825386170455,0.21152515617662604,0.3699954416561587
823157,2026-04-01,2026,Seattle Mariners,New York Yankees,2026-04-01T17:00:00+00:00,2026-04-01T20:10:00+00:00,-0.048925440780118123,0.0,162,162,0.491196424039151,0.5400813591768365,0.5165394402035622,0,0.24127392698884942,0.2916878745302991,0.26681299328580943
823321,2026-04-01,2026,San Diego Padres,San Francisco Giants,2026-04-01T17:00:00+00:00,2026-04-01T20:10:00+00:00,-0.0031115803067902625,0.0,162,162,0.5382684675773389,0.5400813591768365,0.5901234567901236,1,0.2131960080333789,0.21152515617662604,0.1679987806736777
823483,2026-04-01,2026,Philadelphia Phillies,Washington Nationals,2026-04-01T17:00:00+00:00,2026-04-01T17:05:00+00:00,0.1084721605764285,0.0,162,162,0.648557802320232,0.5400813591768365,0.7070063694267517,1,0.12351161830998515,0.21152515617662604,0.08584526755649313
823806,2026-04-01,2026,Milwaukee Brewers,Tampa Bay Rays,2026-04-01T17:00:00+00:00,2026-04-01T17:40:00+00:00,0.08880750755384276,0.0,162,162,0.629892755095777,0.5400813591768365,0.5664160401002506,1,0.1369793727305945,0.21152515617662604,0.1879950502823475
823889,2026-04-01,2026,Miami Marlins,Chicago White Sox,2026-04-01T17:00:00+00:00,2026-04-01T17:10:00+00:00,0.0054397221856395395,0.0,162,162,0.5470045587074351,0.5400813591768365,0.5664160401002506,1,0.20520486983184558,0.21152515617662604,0.1879950502823475
823970,2026-04-01,2026,Los Angeles Dodgers,Cleveland Guardians,2026-04-01T17:00:00+00:00,2026-04-02T00:20:00+00:00,0.051581955638672516,0.0,162,162,0.5935157529639598,0.5400813591768365,0.7036247334754797,0,0.3522609490163761,0.2916878745302991,0.49508776555843986
824136,2026-04-01,2026,Kansas City Royals,Minnesota Twins,2026-04-01T17:00:00+00:00,2026-04-01T23:40:00+00:00,0.035701357848212434,0.0,162,162,0.5776530858448792,0.5400813591768365,0.4809160305343511,1,0.178376915896353,0.21152515617662604,0.26944816735621463
824211,2026-04-01,2026,Houston Astros,Boston Red Sox,2026-04-01T17:00:00+00:00,2026-04-01T18:10:00+00:00,-0.001432708692547524,0.0,162,162,0.5399856452191663,0.5400813591768365,0.4239401496259351,1,0.21161320660442678,0.21152515617662604,0.33184495121298996
824698,2026-04-01,2026,Chicago Cubs,Los Angeles Angels,2026-04-01T17:00:00+00:00,2026-04-01T18:20:00+00:00,0.08300776408384708,0.0,162,162,0.624309891389201,0.5400813591768365,0.5990220048899756,1,0.14114305770799393,0.21152515617662604,0.16078335256245477
825106,2026-04-01,2026,Arizona Diamondbacks,Detroit Tigers,2026-04-01T17:00:00+00:00,2026-04-01T19:40:00+00:00,-0.015025853854754079,0.0,162,162,0.5260586112402207,0.5400813591768365,0.41234567901234565,1,0.22462043997954828,0.21152515617662604,0.3453376009754611
823242,2026-04-02,2026,San Francisco Giants,New York Mets,2026-04-02T17:00:00+00:00,2026-04-03T01:45:00+00:00,-0.002917905405338428,0.0,162,162,0.5384666085918971,0.5400813591768365,0.46954314720812185,1,0.2130130713846651,0.21152515617662604,0.2813844726738643
824133,2026-04-02,2026,Kansas City Royals,Minnesota Twins,2026-04-02T17:00:00+00:00,2026-04-02T18:10:00+00:00,0.04105716123449482,0.0,162,162,0.5830224942762327,0.5400813591768365,0.5841584158415841,0,0.33991522883207975,0.2916878745302991,0.3412410547985491
825105,2026-04-02,2026,Arizona Diamondbacks,Atlanta Braves,2026-04-02T17:00:00+00:00,2026-04-03T01:40:00+00:00,-0.0392534503406603,0.0,162,162,0.5011491469858974,0.5400813591768365,0.47582697201017815,0,0.2511504675246926,0.2916878745302991,0.22641130729237485
822758,2026-04-03,2026,Washington Nationals,Los Angeles Dodgers,2026-04-03T17:00:00+00:00,2026-04-03T17:05:00+00:00,-0.13147376329246346,0.0,162,162,0.4073270441050369,0.5400813591768365,0.2833333333333334,0,0.16591532085934668,0.2916878745302991,0.08027777777777781
822919,2026-04-03,2026,Texas Rangers,Cincinnati Reds,2026-04-03T17:00:00+00:00,2026-04-03T20:05:00+00:00,0.0770003099507659,0.0,162,162,0.6184920589096411,0.5400813591768365,0.6116504854368933,0,0.38253242693428696,0.2916878745302991,0.37411631633518716
823240,2026-04-03,2026,San Francisco Giants,New York Mets,2026-04-03T17:00:00+00:00,2026-04-04T02:15:00+00:00,0.0019257155490935984,0.0,162,162,0.5434178095220403,0.5400813591768365,0.4582278481012658,0,0.2953029157057325,0.2916878745302991,0.20997276077551674
823406,2026-04-03,2026,Pittsburgh Pirates,Baltimore Orioles,2026-04-03T17:00:00+00:00,2026-04-03T20:12:00+00:00,0.03045695485244021,0.0,162,162,0.5723775073365138,0.5400813591768365,0.47328244274809167,1,0.1828609962317333,0.21152515617662604,0.2774313851174173
823568,2026-04-03,2026,New York Yankees,Miami Marlins,2026-04-03T17:00:00+00:00,2026-04-03T17:35:00+00:00,0.06880321680755691,0.0,162,162,0.6104988352125451,0.5400813591768365,0.5891089108910892,1,0.15171115737078408,0.21152515617662604,0.1688314871091069
823732,2026-04-03,2026,Minnesota Twins,Tampa Bay Rays,2026-04-03T17:00:00+00:00,2026-04-03T20:10:00+00:00,-0.049206737715210835,-1.0,162,162,0.518732545622471,0.5400813591768365,0.49744897959183665,1,0.23161836264302701,0.21152515617662604,0.25255752811328624
824056,2026-04-03,2026,Los Angeles Angels,Seattle Mariners,2026-04-03T17:00:00+00:00,2026-04-04T01:38:00+00:00,-0.06030885150750198,0.0,162,162,0.4794921347849494,0.5400813591768365,0.41687344913151364,0,0.22991270732062807,0.2916878745302991,0.17378347259080468
824299,2026-04-03,2026,Detroit Tigers,St. Louis Cardinals,2026-04-03T17:00:00+00:00,2026-04-03T17:10:00+00:00,0.01659310215040727,0.0,162,162,0.5583547911187359,0.5400813591768365,0.6235011990407675,1,0.19505049052777543,0.21152515617662604,0.14175134712373977
824377,2026-04-03,2026,Colorado Rockies,Philadelphia Phillies,2026-04-03T17:00:00+00:00,2026-04-03T20:10:00+00:00,-0.16614651951981196,0.0,162,162,0.37337711028517306,0.5400813591768365,0.36492890995260663,0,0.1394104664849063,0.2916878745302991,0.13317310931919768
824458,2026-04-03,2026,Cleveland Guardians,Chicago Cubs,2026-04-03T17:00:00+00:00,2026-04-03T20:10:00+00:00,-0.01600740976828907,0.0,162,162,0.5250511118495189,0.5400813591768365,0.47959183673469385,1,0.22557644635537819,0.21152515617662604,0.27082465639316955
824621,2026-04-03,2026,Chicago White Sox,Toronto Blue Jays,2026-04-03T17:00:00+00:00,2026-04-03T18:10:00+00:00,-0.09369870104518324,0.0,162,162,0.4453378205651075,0.5400813591768365,0.36492890995260663,1,0.30765013329546487,0.21152515617662604,0.4033152894139844
824786,2026-04-03,2026,Boston Red Sox,San Diego Padres,2026-04-03T17:00:00+00:00,2026-04-03T18:10:00+00:00,0.005910099497139387,0.0,162,162,0.5474843112887714,0.5400813591768365,0.5329949238578681,1,0.20477044852979753,0.21152515617662604,0.21809374114251845
825103,2026-04-03,2026,Arizona Diamondbacks,Atlanta Braves,2026-04-03T17:00:00+00:00,2026-04-04T01:45:00+00:00,-0.05286465506927257,0.0,162,162,0.4871444254279385,0.5400813591768365,0.49744897959183665,0,0.23730969122551634,0.2916878745302991,0.24745548729695951
822757,2026-04-04,2026,Washington Nationals,Los Angeles Dodgers,2026-04-04T17:00:00+00:00,2026-04-04T20:05:00+00:00,-0.13247984978956945,0.0,162,162,0.40632761442937965,0.5400813591768365,0.27607361963190186,0,0.1651021302478706,0.2916878745302991,0.07621664345666003
822920,2026-04-04,2026,Texas Rangers,Cincinnati Reds,2026-04-04T17:00:00+00:00,2026-04-04T23:05:00+00:00,0.0791470546980696,0.0,162,162,0.6205750461745847,0.5400813591768365,0.568922305764411,0,0.38511338793458794,0.2916878745302991,0.323672589996294
823239,2026-04-04,2026,San Francisco Giants,New York Mets,2026-04-04T17:00:00+00:00,2026-04-05T01:05:00+00:00,-0.004273529929127773,0.0,162,162,0.5370794718750177,0.5400813591768365,0.4936061381074168,0,0.2884543591095479,0.2916878745302991,0.24364701957731824
823404,2026-04-04,2026,Pittsburgh Pirates,Baltimore Orioles,2026-04-04T17:00:00+00:00,2026-04-04T20:05:00+00:00,0.030273681894665505,0.0,162,162,0.5721928396019246,0.5400813591768365,0.5190839694656489,1,0.18301896648786464,0.21152515617662604,0.23128022842491688
823569,2026-04-04,2026,New York Yankees,Miami Marlins,2026-04-04T17:00:00+00:00,2026-04-04T23:05:00+00:00,0.072927186449391,0.0,162,162,0.6145279587021226,0.5400813591768365,0.6431924882629109,1,0.14858869462235247,0.21152515617662604,0.127311600432013
823730,2026-04-04,2026,Minnesota Twins,Tampa Bay Rays,2026-04-04T17:00:00+00:00,2026-04-04T23:10:00+00:00,-0.045566769244647365,0.0,162,162,0.4946521927571666,0.5400813591768365,0.5051020408163266,0,0.2446807917994731,0.2916878745302991,0.25512807163681805
824054,2026-04-04,2026,Los Angeles Angels,Seattle Mariners,2026-04-04T17:00:00+00:00,2026-04-05T01:38:00+00:00,-0.06047540580360017,0.0,162,162,0.47932102125972464,0.5400813591768365,0.40640394088669946,1,0.2711065989020161,0.21152515617662604,0.35235628139484093
824132,2026-04-04,2026,Kansas City Royals,Milwaukee Brewers,2026-04-04T17:00:00+00:00,2026-04-04T18:10:00+00:00,-0.1045497825392191,-1.0,162,162,0.4618609338765561,0.5400813591768365,0.47959183673469385,0,0.2133155222413245,0.2916878745302991,0.23000832986255726
824134,2026-04-04,2026,Kansas City Royals,Milwaukee Brewers,2026-04-04T17:00:00+00:00,2026-04-04T23:10:00+00:00,-0.1045497825392191,-1.0,162,162,0.4618609338765561,0.5400813591768365,0.5051020408163266,1,0.2895936544882124,0.21152515617662604,0.24492399000416487
824295,2026-04-04,2026,Detroit Tigers,St. Louis Cardinals,2026-04-04T17:00:00+00:00,2026-04-04T17:10:00+00:00,0.020246726625588907,0.0,162,162,0.562060269995603,0.5400813591768365,0.6039119804400979,1,0.19179120711632416,0.21152515617662604,0.15688571923888542
824378,2026-04-04,2026,Colorado Rockies,Philadelphia Phillies,2026-04-04T17:00:00+00:00,2026-04-05T00:10:00+00:00,-0.169855078690534,0.0,162,162,0.3698122880729243,0.5400813591768365,0.32657657657657657,0,0.13676112840973156,0.2916878745302991,0.10665226036847658
824622,2026-04-04,2026,Chicago White Sox,Toronto Blue Jays,2026-04-04T17:00:00+00:00,2026-04-04T18:10:00+00:00,-0.09402016284188786,0.0,162,162,0.4450109755520578,0.5400813591768365,0.4239401496259351,1,0.30801281725767854,0.21152515617662604,0.33184495121298996
824782,2026-04-04,2026,Boston Red Sox,San Diego Padres,2026-04-04T17:00:00+00:00,2026-04-04T20:10:00+00:00,0.0028567260451819454,0.0,162,162,0.544368546661123,0.5400813591768365,0.5639097744360902,0,0.29633711459394324,0.2916878745302991,0.3179942337045622
825104,2026-04-04,2026,Arizona Diamondbacks,Atlanta Braves,2026-04-04T17:00:00+00:00,2026-04-04T23:15:00+00:00,-0.05319958764428506,0.0,162,162,0.4867999737710559,0.5400813591768365,0.5153061224489797,1,0.26337426692138893,0.21152515617662604,0.2349281549354435
822756,2026-04-05,2026,Washington Nationals,Los Angeles Dodgers,2026-04-05T17:00:00+00:00,2026-04-05T17:35:00+00:00,-0.13712295418608172,0.0,162,162,0.4017253939736367,0.5400813591768365,0.39512195121951227,0,0.16138329216327363,0.2916878745302991,0.15612135633551463
822917,2026-04-05,2026,Texas Rangers,Cincinnati Reds,2026-04-05T17:00:00+00:00,2026-04-05T18:35:00+00:00,0.07531497758480898,0.0,162,162,0.6168537170517822,0.5400813591768365,0.5292620865139949,0,0.3805085082406001,0.2916878745302991,0.2801183562211474
823238,2026-04-05,2026,San Francisco Giants,New York Mets,2026-04-05T17:00:00+00:00,2026-04-05T20:05:00+00:00,-0.01131420454859211,0.0,162,162,0.5298663769684118,0.5400813591768365,0.5241730279898218,0,0.28075837744163107,0.2916878745302991,0.2747573632720185
823405,2026-04-05,2026,Pittsburgh Pirates,Baltimore Orioles,2026-04-05T17:00:00+00:00,2026-04-05T17:35:00+00:00,0.02941949096380142,0.0,162,162,0.5713318833696432,0.5400813591768365,0.530456852791878,1,0.18375635421541714,0.21152515617662604,0.2204707670901081
823566,2026-04-05,2026,New York Yankees,Miami Marlins,2026-04-05T17:00:00+00:00,2026-04-05T17:35:00+00:00,0.07261678820767631,0.0,162,162,0.6142252373041072,0.5400813591768365,0.71900826446281,0,0.37727264214128675,0.2916878745302991,0.5169728843658221
823729,2026-04-05,2026,Minnesota Twins,Tampa Bay Rays,2026-04-05T17:00:00+00:00,2026-04-05T18:10:00+00:00,-0.051060952162739814,0.0,162,162,0.48899959290413253,0.5400813591768365,0.5051020408163266,0,0.23912060186040734,0.2916878745302991,0.25512807163681805
824053,2026-04-05,2026,Los Angeles Angels,Seattle Mariners,2026-04-05T17:00:00+00:00,2026-04-05T20:07:00+00:00,-0.058499311467270165,0.0,162,162,0.4813515105244303,0.5400813591768365,0.39853300733496333,1,0.26899625563529006,0.21152515617662604,0.36176254326552326
824131,2026-04-05,2026,Kansas City Royals,Milwaukee Brewers,2026-04-05T17:00:00+00:00,2026-04-05T18:10:00+00:00,-0.1051253367429803,0.0,162,162,0.433750919946153,0.5400813591768365,0.5241730279898218,0,0.18813986055413404,0.2916878745302991,0.2747573632720185
824296,2026-04-05,2026,Detroit Tigers,St. Louis Cardinals,2026-04-05T17:00:00+00:00,2026-04-05T23:20:00+00:00,0.029049028774410734,0.0,162,162,0.57095835247114,0.5400813591768365,0.5566750629722922,0,0.3259934402565586,0.2916878745302991,0.3098871257352055
824379,2026-04-05,2026,Colorado Rockies,Philadelphia Phillies,2026-04-05T17:00:00+00:00,2026-04-05T19:10:00+00:00,-0.16241933091067312,0.0,162,162,0.37697375193358423,0.5400813591768365,0.41687344913151364,1,0.388161705779715,0.21152515617662604,0.34003657432777745
824459,2026-04-05,2026,Cleveland Guardians,Chicago Cubs,2026-04-05T17:00:00+00:00,2026-04-05T17:10:00+00:00,-0.013861280099770168,0.0,162,162,0.5272536899956481,0.5400813591768365,0.457070707070707,0,0.27799645361402703,0.2916878745302991,0.20891363126211607
824460,2026-04-05,2026,Cleveland Guardians,Chicago Cubs,2026-04-05T17:00:00+00:00,2026-04-05T17:15:00+00:00,-0.013861280099770168,0.0,162,162,0.5272536899956481,0.5400813591768365,0.4593908629441624,1,0.22348907362273074,0.21152515617662604,0.2922582390682574
824620,2026-04-05,2026,Chicago White Sox,Toronto Blue Jays,2026-04-05T17:00:00+00:00,2026-04-05T18:10:00+00:00,-0.09262828030293285,0.0,162,162,0.44642650597407135,0.5400813591768365,0.3941605839416058,1,0.3064436132880749,0.21152515617662604,0.36704139804997604
824781,2026-04-05,2026,Boston Red Sox,San Diego Padres,2026-04-05T17:00:00+00:00,2026-04-05T17:35:00+00:00,0.001969473667759347,0.0,162,162,0.5434625019467649,0.5400813591768365,0.5935960591133005,0,0.29535149102223746,0.2916878745302991,0.35235628139484093
825102,2026-04-05,2026,Arizona Diamondbacks,Atlanta Braves,2026-04-05T17:00:00+00:00,2026-04-05T20:10:00+00:00,-0.054056075199358344,0.0,162,162,0.485919201871534,0.5400813591768365,0.49489795918367346,1,0.2642790670044007,0.21152515617662604,0.25512807163681794
822755,2026-04-06,2026,Washington Nationals,St. Louis Cardinals,2026-04-06T17:00:00+00:00,2026-04-06T22:45:00+00:00,-0.05166496120156777,0.0,162,162,0.488378313555507,0.5400813591768365,0.4809160305343511,1,0.26175675004030713,0.21152515617662604,0.26944816735621463
822832,2026-04-06,2026,Toronto Blue Jays,Los Angeles Dodgers,2026-04-06T17:00:00+00:00,2026-04-06T23:07:00+00:00,-0.0018962149605291634,0.0,162,162,0.5395116564493322,0.5400813591768365,0.43609022556390975,0,0.29107282744470225,0.2916878745302991,0.19017468483238167
822918,2026-04-06,2026,Texas Rangers,Seattle Mariners,2026-04-06T17:00:00+00:00,2026-04-07T00:05:00+00:00,0.06562438299201301,0.0,162,162,0.6073827489125829,0.5400813591768365,0.5204081632653061,1,0.1541483058514399,0.21152515617662604,0.23000832986255726
823002,2026-04-06,2026,Tampa Bay Rays,Chicago Cubs,2026-04-06T17:00:00+00:00,2026-04-06T20:10:00+00:00,-0.01754155442057448,0.0,162,162,0.5234760127759617,0.5400813591768365,0.5355329949238579,1,0.22707511039989545,0.21152515617662604,0.21572959880440104
823237,2026-04-06,2026,San Francisco Giants,Philadelphia Phillies,2026-04-06T17:00:00+00:00,2026-04-07T01:45:00+00:00,-0.035653154673768506,0.0,162,162,0.5048541313153417,0.5400813591768365,0.47959183673469385,0,0.2548776939061683,0.2916878745302991,0.23000832986255726
823401,2026-04-06,2026,Pittsburgh Pirates,San Diego Padres,2026-04-06T17:00:00+00:00,2026-04-06T22:40:00+00:00,-0.006818729503694221,0.0,162,162,0.5344735736406233,0.5400813591768365,0.5603015075376885,0,0.2856620009201788,0.2916878745302991,0.3139377793490064
823728,2026-04-06,2026,Minnesota Twins,Detroit Tigers,2026-04-06T17:00:00+00:00,2026-04-06T23:40:00+00:00,-0.055315816834131615,0.0,162,162,0.4846239027181028,0.5400813591768365,0.5292620865139949,1,0.26561252164951965,0.21152515617662604,0.22159418319315766
823886,2026-04-06,2026,Miami Marlins,Cincinnati Reds,2026-04-06T17:00:00+00:00,2026-04-06T22:40:00+00:00,-0.019514536573264907,0.0,162,162,0.521449679047232,0.5400813591768365,0.5541561712846348,0,0.2719097677784613,0.2916878745302991,0.3070890621728455
824052,2026-04-06,2026,Los Angeles Angels,Atlanta Braves,2026-04-06T17:00:00+00:00,2026-04-07T01:38:00+00:00,-0.09213621053731846,0.0,162,162,0.4469271450709397,0.5400813591768365,0.39512195121951227,1,0.3058895828593813,0.21152515617662604,0.36587745389649
824376,2026-04-06,2026,Colorado Rockies,Houston Astros,2026-04-06T17:00:00+00:00,2026-04-07T00:40:00+00:00,-0.14121606141175375,0.0,162,162,0.39768261473087196,0.5400813591768365,0.3941605839416058,1,0.3627862325974392,0.21152515617662604,0.36704139804997604
824456,2026-04-06,2026,Cleveland Guardians,Kansas City Royals,2026-04-06T17:00:00+00:00,2026-04-06T22:10:00+00:00,0.026792381610046212,0.0,162,162,0.5686812812119795,0.5400813591768365,0.5190839694656489,0,0.3233983996008985,0.2916878745302991,0.26944816735621474
824619,2026-04-06,2026,Chicago White Sox,Baltimore Orioles,2026-04-06T17:00:00+00:00,2026-04-06T23:40:00+00:00,-0.002096619648175202,0.0,162,162,0.5393066972954156,0.5400813591768365,0.43859649122807015,0,0.29085171374768903,0.2916878745302991,0.1923668821175746
824783,2026-04-06,2026,Boston Red Sox,Milwaukee Brewers,2026-04-06T17:00:00+00:00,2026-04-06T22:45:00+00:00,-0.07016461154640141,0.0,162,162,0.46937624627477664,0.5400813591768365,0.4821428571428572,0,0.2203140605669998,0.2916878745302991,0.23246173469387763
822754,2026-04-07,2026,Washington Nationals,St. Louis Cardinals,2026-04-07T17:00:00+00:00,2026-04-07T22:45:00+00:00,-0.04750785173209615,0.0,162,162,0.49265491122672495,0.5400813591768365,0.5190839694656489,0,0.24270886155581223,0.2916878745302991,0.26944816735621474
822831,2026-04-07,2026,Toronto Blue Jays,Los Angeles Dodgers,2026-04-07T17:00:00+00:00,2026-04-07T23:07:00+00:00,-0.011711620786625243,0.0,162,162,0.5294588275817272,0.5400813591768365,0.425,0,0.2803266501042172,0.2916878745302991,0.18062499999999998
822916,2026-04-07,2026,Texas Rangers,Seattle Mariners,2026-04-07T17:00:00+00:00,2026-04-08T00:05:00+00:00,0.06777960920535564,0.0,162,162,0.6094964040589131,0.5400813591768365,0.48469387755102045,1,0.15249305844291963,0.21152515617662604,0.2655403998334027
822999,2026-04-07,2026,Tampa Bay Rays,Chicago Cubs,2026-04-07T17:00:00+00:00,2026-04-07T22:40:00+00:00,-0.014367390815850145,0.0,162,162,0.5267343597101795,0.5400813591768365,0.5454545454545454,0,0.2774490856992927,0.2916878745302991,0.29752066115702475
823235,2026-04-07,2026,San Francisco Giants,Philadelphia Phillies,2026-04-07T17:00:00+00:00,2026-04-08T01:45:00+00:00,-0.038618430733850184,0.0,162,162,0.5018026523188542,0.5400813591768365,0.4158415841584158,1,0.24820059723652843,0.21152515617662604,0.34124105479854927
823402,2026-04-07,2026,Pittsburgh Pirates,San Diego Padres,2026-04-07T17:00:00+00:00,2026-04-07T22:40:00+00:00,-0.013757020090065852,0.0,162,162,0.5273606659792924,0.5400813591768365,0.5831265508684863,1,0.223387940063538,0.21152515617662604,0.17378347259080473
823648,2026-04-07,2026,New York Mets,Arizona Diamondbacks,2026-04-07T17:00:00+00:00,2026-04-07T20:10:00+00:00,0.03606570602686626,0.0,162,162,0.5780189570283838,0.5400813591768365,0.582089552238806,1,0.17806800062741301,0.21152515617662604,0.17464914234796167
823727,2026-04-07,2026,Minnesota Twins,Detroit Tigers,2026-04-07T17:00:00+00:00,2026-04-07T23:40:00+00:00,-0.047111671545002676,0.0,162,162,0.49306254482694023,0.5400813591768365,0.39608801955990225,1,0.25698558345733796,0.21152515617662604,0.364709680119081
823887,2026-04-07,2026,Miami Marlins,Cincinnati Reds,2026-04-07T17:00:00+00:00,2026-04-07T22:40:00+00:00,-0.02266930768753711,0.0,162,162,0.5182081598501805,0.5400813591768365,0.5577889447236182,0,0.26853969693531027,0.2916878745302991,0.31112850685588755
824051,2026-04-07,2026,Los Angeles Angels,Atlanta Braves,2026-04-07T17:00:00+00:00,2026-04-08T01:38:00+00:00,-0.09030223618831851,0.0,162,162,0.44879399821038035,0.5400813591768365,0.43107769423558895,0,0.20141605282965888,0.2916878745302991,0.18582797846747193
824375,2026-04-07,2026,Colorado Rockies,Houston Astros,2026-04-07T17:00:00+00:00,2026-04-08T00:40:00+00:00,-0.13568945888180667,0.0,162,162,0.4031444601000183,0.5400813591768365,0.39172749391727496,1,0.3562365355092987,0.21152515617662604,0.3699954416561587
824457,2026-04-07,2026,Cleveland Guardians,Kansas City Royals,2026-04-07T17:00:00+00:00,2026-04-07T17:10:00+00:00,0.021453851246795774,0.0,162,162,0.5632830276171309,0.5400813591768365,0.530456852791878,1,0.19072171396725965,0.21152515617662604,0.2204707670901081
824618,2026-04-07,2026,Chicago White Sox,Baltimore Orioles,2026-04-07T17:00:00+00:00,2026-04-07T19:10:00+00:00,-0.002529780980225216,0.0,162,162,0.5388636464637678,0.5400813591768365,0.4158415841584158,0,0.29037402948022856,0.2916878745302991,0.17292422311538083
824780,2026-04-07,2026,Boston Red Sox,Milwaukee Brewers,2026-04-07T17:00:00+00:00,2026-04-07T22:45:00+00:00,-0.07299496579379361,0.0,162,162,0.46647546763353354,0.5400813591768365,0.5796019900497512,1,0.28464842663685674,0.21152515617662604,0.17673448677012948
822753,2026-04-08,2026,Washington Nationals,St. Louis Cardinals,2026-04-08T17:00:00+00:00,2026-04-08T20:05:00+00:00,-0.04049862864978443,0.0,162,162,0.4998677116160395,0.5400813591768365,0.4707379134860051,0,0.24986772911625602,0.2916878745302991,0.2215941831931576
822833,2026-04-08,2026,Toronto Blue Jays,Los Angeles Dodgers,2026-04-08T17:00:00+00:00,2026-04-08T19:07:00+00:00,-0.01266644230485059,0.0,162,162,0.5284795008930956,0.5400813591768365,0.41791044776119407,1,0.22233158107802425,0.21152515617662604,0.3388282468255735
822915,2026-04-08,2026,Texas Rangers,Seattle Mariners,2026-04-08T17:00:00+00:00,2026-04-08T18:35:00+00:00,0.06432536831892255,0.0,162,162,0.6061068386209916,0.5400813591768365,0.4607594936708861,1,0.15515182258114957,0.21152515617662604,0.29078032366607914
823000,2026-04-08,2026,Tampa Bay Rays,Chicago Cubs,2026-04-08T17:00:00+00:00,2026-04-08T22:40:00+00:00,-0.01842489643823203,0.0,162,162,0.522568875785314,0.5400813591768365,0.5051020408163266,0,0.2730782299395269,0.2916878745302991,0.25512807163681805
823234,2026-04-08,2026,San Francisco Giants,Philadelphia Phillies,2026-04-08T17:00:00+00:00,2026-04-08T19:45:00+00:00,-0.03622924467918076,0.0,162,162,0.5042613151341885,0.5400813591768365,0.4531645569620253,1,0.24575684367248438,0.21152515617662604,0.2990290017625381
823646,2026-04-08,2026,New York Mets,Arizona Diamondbacks,2026-04-08T17:00:00+00:00,2026-04-08T20:10:00+00:00,0.03468015268405661,0.0,162,162,0.5766271589466533,0.5400813591768365,0.547979797979798,0,0.33249888043488895,0.2916878745302991,0.30028185899398024
823726,2026-04-08,2026,Minnesota Twins,Detroit Tigers,2026-04-08T17:00:00+00:00,2026-04-08T23:40:00+00:00,-0.04625741156084673,0.0,162,162,0.4939415318079038,0.5400813591768365,0.43107769423558895,1,0.25609517322893083,0.21152515617662604,0.323672589996294
823885,2026-04-08,2026,Miami Marlins,Cincinnati Reds,2026-04-08T17:00:00+00:00,2026-04-08T22:40:00+00:00,-0.01869092106841508,0.0,162,162,0.5222956556864605,0.5400813591768365,0.5443037974683544,1,0.22820144057602867,0.21152515617662604,0.20765902900176253
824050,2026-04-08,2026,Los Angeles Angels,Atlanta Braves,2026-04-08T17:00:00+00:00,2026-04-08T20:07:00+00:00,-0.09502038536099644,0.0,162,162,0.44399430872786455,0.5400813591768365,0.46954314720812185,0,0.1971309461827343,0.2916878745302991,0.220470767090108
824374,2026-04-08,2026,Colorado Rockies,Houston Astros,2026-04-08T17:00:00+00:00,2026-04-08T19:10:00+00:00,-0.13215035900775435,0.0,162,162,0.4066548401319963,0.5400813591768365,0.4422110552763819,1,0.35205847873878693,0.21152515617662604,0.31112850685588755
824455,2026-04-08,2026,Cleveland Guardians,Kansas City Royals,2026-04-08T17:00:00+00:00,2026-04-08T17:10:00+00:00,0.02288979002389302,0.0,162,162,0.5647365603272013,0.5400813591768365,0.4483627204030227,1,0.18945426191579606,0.21152515617662604,0.30430368824115367
824617,2026-04-08,2026,Chicago White Sox,Baltimore Orioles,2026-04-08T17:00:00+00:00,2026-04-08T18:10:00+00:00,-0.007323340168899517,0.0,162,162,0.5339567007141983,0.5400813591768365,0.42999999999999994,0,0.28510975823759194,0.2916878745302991,0.18489999999999995
824779,2026-04-08,2026,Boston Red Sox,Milwaukee Brewers,2026-04-08T17:00:00+00:00,2026-04-08T17:35:00+00:00,-0.07073434692489355,0.0,162,162,0.46879216211005564,0.5400813591768365,0.5603015075376885,1,0.28218176703570935,0.21152515617662604,0.19333476427362942
823319,2026-04-09,2026,San Diego Padres,Colorado Rockies,2026-04-09T17:00:00+00:00,2026-04-10T01:40:00+00:00,0.1347175226747736,0.0,162,162,0.6727709057798178,0.5400813591768365,0.6391509433962265,1,0.10707888010416088,0.21152515617662604,0.13021204165183337
823645,2026-04-09,2026,New York Mets,Arizona Diamondbacks,2026-04-09T17:00:00+00:00,2026-04-09T23:10:00+00:00,0.026665348500977515,0.0,162,162,0.5685530110645829,0.5400813591768365,0.6004901960784313,0,0.3232525263906037,0.2916878745302991,0.3605884755863129
823724,2026-04-09,2026,Minnesota Twins,Detroit Tigers,2026-04-09T17:00:00+00:00,2026-04-09T17:40:00+00:00,-0.04494492232704844,0.0,162,162,0.49529208280662707,0.5400813591768365,0.4531645569620253,1,0.2547300816776726,0.21152515617662604,0.2990290017625381
824130,2026-04-09,2026,Kansas City Royals,Chicago White Sox,2026-04-09T17:00:00+00:00,2026-04-09T23:40:00+00:00,0.020307481557755247,0.0,162,162,0.5621218298905248,0.5400813591768365,0.6244019138755981,0,0.31598095163947215,0.2916878745302991,0.38987775005150976
822829,2026-04-10,2026,Toronto Blue Jays,Minnesota Twins,2026-04-10T17:00:00+00:00,2026-04-10T23:07:00+00:00,0.09987081429751127,1.0,162,162,0.6144264954071931,0.5400813591768365,0.5516372795969774,1,0.1486669274439793,0.21152515617662604,0.20102912904719902
822997,2026-04-10,2026,Tampa Bay Rays,New York Yankees,2026-04-10T17:00:00+00:00,2026-04-10T23:10:00+00:00,-0.04404631842181689,1.0,162,162,0.46842350254553955,0.5400813591768365,0.45569620253164556,1,0.282573572645952,0.21152515617662604,0.2962666239384714
823076,2026-04-10,2026,St. Louis Cardinals,Boston Red Sox,2026-04-10T17:00:00+00:00,2026-04-11T00:15:00+00:00,-0.057253315541957395,0.0,162,162,0.4826321252964326,0.5400813591768365,0.44332493702770776,1,0.2676695177752862,0.21152515617662604,0.3098871257352056
823156,2026-04-10,2026,Seattle Mariners,Houston Astros,2026-04-10T17:00:00+00:00,2026-04-11T01:40:00+00:00,-0.007395649116159531,0.0,162,162,0.5338826286286438,0.5400813591768365,0.5577889447236182,1,0.2172654038941428,0.21152515617662604,0.19555061740865123
823318,2026-04-10,2026,San Diego Padres,Colorado Rockies,2026-04-10T17:00:00+00:00,2026-04-11T01:40:00+00:00,0.1361827780043996,0.0,162,162,0.6740973976789798,0.5400813591768365,0.6244019138755981,1,0.10621250619961303,0.21152515617662604,0.14107392230031365
823482,2026-04-10,2026,Philadelphia Phillies,Arizona Diamondbacks,2026-04-10T17:00:00+00:00,2026-04-10T22:40:00+00:00,0.04876416278644363,1.0,162,162,0.5635489648324342,0.5400813591768365,0.6135265700483092,0,0.3175874357637082,0.2916878745302991,0.3764148521552429
823808,2026-04-10,2026,Milwaukee Brewers,Washington Nationals,2026-04-10T17:00:00+00:00,2026-04-10T23:40:00+00:00,0.16686735112017692,0.0,162,162,0.7012146071201917,0.5400813591768365,0.6488372093023256,0,0.49170192523872475,0.2916878745302991,0.42098972417522984
823968,2026-04-10,2026,Los Angeles Dodgers,Texas Rangers,2026-04-10T17:00:00+00:00,2026-04-11T02:10:00+00:00,-0.0027752039347928026,0.0,162,162,0.5386125929637193,0.5400813591768365,0.6741573033707866,1,0.21287833937166253,0.21152515617662604,0.10617346294659759
824128,2026-04-10,2026,Kansas City Royals,Chicago White Sox,2026-04-10T17:00:00+00:00,2026-04-10T23:40:00+00:00,0.016482720711720633,0.0,162,162,0.5582427397496079,0.5400813591768365,0.6159420289855072,1,0.19514947698393265,0.21152515617662604,0.147500525099769
824297,2026-04-10,2026,Detroit Tigers,Miami Marlins,2026-04-10T17:00:00+00:00,2026-04-10T22:40:00+00:00,0.007822818201344672,0.0,162,162,0.549434235259047,0.5400813591768365,0.5664160401002506,1,0.2030095083565998,0.21152515617662604,0.1879950502823475
824534,2026-04-10,2026,Cincinnati Reds,Los Angeles Angels,2026-04-10T17:00:00+00:00,2026-04-10T22:45:00+00:00,0.05549494255614357,-1.0,162,162,0.6238606813021815,0.5400813591768365,0.6244019138755981,0,0.3892021496748221,0.2916878745302991,0.38987775005150976
824695,2026-04-10,2026,Chicago Cubs,Pittsburgh Pirates,2026-04-10T17:00:00+00:00,2026-04-10T18:20:00+00:00,0.015500854600604241,0.0,162,162,0.5572457595220026,0.5400813591768365,0.57356608478803,0,0.3105228365052536,0.2916878745302991,0.32897805361906957
824858,2026-04-10,2026,Baltimore Orioles,San Francisco Giants,2026-04-10T17:00:00+00:00,2026-04-10T23:15:00+00:00,-0.030583117532099025,0.0,162,162,0.5100705962881079,0.5400813591768365,0.5392405063291139,0,0.26017201319770594,0.2916878745302991,0.29078032366607914
824941,2026-04-10,2026,Atlanta Braves,Cleveland Guardians,2026-04-10T17:00:00+00:00,2026-04-10T23:15:00+00:00,0.017908300310539693,0.0,162,162,0.5596894262587735,0.5400813591768365,0.5628140703517588,1,0.19387340134832806,0.21152515617662604,0.1911315370823969
822830,2026-04-11,2026,Toronto Blue Jays,Minnesota Twins,2026-04-11T17:00:00+00:00,2026-04-11T19:07:00+00:00,0.1054652581375608,0.0,162,162,0.6457313507898507,0.5400813591768365,0.5216284987277354,0,0.4169689773928852,0.2916878745302991,0.27209629068495106
822996,2026-04-11,2026,Tampa Bay Rays,New York Yankees,2026-04-11T17:00:00+00:00,2026-04-11T22:10:00+00:00,-0.04411325930815946,0.0,162,162,0.4961479005924715,0.5400813591768365,0.37320574162679426,1,0.253866938077374,0.21152515617662604,0.39287104232961706
823074,2026-04-11,2026,St. Louis Cardinals,Boston Red Sox,2026-04-11T17:00:00+00:00,2026-04-11T23:15:00+00:00,-0.05830617469038046,0.0,162,162,0.4815499978091111,0.5400813591768365,0.4531645569620253,0,0.23189040038995493,0.2916878745302991,0.20535811568658865
823155,2026-04-11,2026,Seattle Mariners,Houston Astros,2026-04-11T17:00:00+00:00,2026-04-12T01:40:00+00:00,-0.0016889338832646317,0.0,162,162,0.5397236342106129,0.5400813591768365,0.57356608478803,1,0.2118543329042857,0.21152515617662604,0.18184588404300966
823316,2026-04-11,2026,San Diego Padres,Colorado Rockies,2026-04-11T17:00:00+00:00,2026-04-12T00:40:00+00:00,0.14670123591868095,0.0,162,162,0.6835371264177782,0.5400813591768365,0.6014669926650367,1,0.1001487503559173,0.21152515617662604,0.15882855793544995
823480,2026-04-11,2026,Philadelphia Phillies,Arizona Diamondbacks,2026-04-11T17:00:00+00:00,2026-04-11T17:05:00+00:00,0.04981623494109089,0.0,162,162,0.5917609950746991,0.5400813591768365,0.5292620865139949,1,0.16665908514239983,0.21152515617662604,0.22159418319315766
823805,2026-04-11,2026,Milwaukee Brewers,Washington Nationals,2026-04-11T17:00:00+00:00,2026-04-11T23:10:00+00:00,0.1594655411381184,0.0,162,162,0.694792003978687,0.5400813591768365,0.6168674698795181,0,0.4827359287927198,0.2916878745302991,0.3805254753955582
823967,2026-04-11,2026,Los Angeles Dodgers,Texas Rangers,2026-04-11T17:00:00+00:00,2026-04-12T01:10:00+00:00,0.0006630012067821989,0.0,162,162,0.5421278358915463,0.5400813591768365,0.6294536817102138,1,0.20964691866535873,0.21152515617662604,0.13730457399811558
824129,2026-04-11,2026,Kansas City Royals,Chicago White Sox,2026-04-11T17:00:00+00:00,2026-04-11T20:10:00+00:00,0.014511649556763706,0.0,162,162,0.5562408607605795,0.5400813591768365,0.6350710900473934,1,0.19692217365851136,0.21152515617662604,0.13317310931919768
824294,2026-04-11,2026,Detroit Tigers,Miami Marlins,2026-04-11T17:00:00+00:00,2026-04-11T17:10:00+00:00,0.009178601673530684,0.0,162,162,0.5508154752697592,0.5400813591768365,0.547979797979798,1,0.20176673725713234,0.21152515617662604,0.20432226303438422
824535,2026-04-11,2026,Cincinnati Reds,Los Angeles Angels,2026-04-11T17:00:00+00:00,2026-04-11T20:10:00+00:00,0.04869539586852556,0.0,162,162,0.5906458969851516,0.5400813591768365,0.547979797979798,1,0.16757078165509115,0.21152515617662604,0.20432226303438422
824697,2026-04-11,2026,Chicago Cubs,Pittsburgh Pirates,2026-04-11T17:00:00+00:00,2026-04-11T18:20:00+00:00,0.014353874483052365,0.0,162,162,0.5560805398105534,0.5400813591768365,0.5639097744360902,0,0.30922556675599644,0.2916878745302991,0.3179942337045622
824857,2026-04-11,2026,Baltimore Orioles,San Francisco Giants,2026-04-11T17:00:00+00:00,2026-04-11T23:15:00+00:00,-0.031464345437445695,0.0,162,162,0.5091640431554242,0.5400813591768365,0.49489795918367346,1,0.2409199365315303,0.21152515617662604,0.25512807163681794
824939,2026-04-11,2026,Atlanta Braves,Cleveland Guardians,2026-04-11T17:00:00+00:00,2026-04-11T23:15:00+00:00,0.02316515103254213,0.0,162,162,0.5650151688916323,0.5400813591768365,0.5165394402035622,0,0.31924214107763976,0.2916878745302991,0.26681299328580943
822828,2026-04-12,2026,Toronto Blue Jays,Minnesota Twins,2026-04-12T17:00:00+00:00,2026-04-12T17:37:00+00:00,0.10415124883572452,0.0,162,162,0.6444929811672697,0.5400813591768365,0.5566750629722922,0,0.4153712027738747,0.2916878745302991,0.3098871257352055
822998,2026-04-12,2026,Tampa Bay Rays,New York Yankees,2026-04-12T17:00:00+00:00,2026-04-12T17:40:00+00:00,-0.039244102591704466,0.0,162,162,0.5011587668862696,0.5400813591768365,0.4335839598997493,1,0.24884257585442712,0.21152515617662604,0.32082713048284883
823075,2026-04-12,2026,St. Louis Cardinals,Boston Red Sox,2026-04-12T17:00:00+00:00,2026-04-12T18:15:00+00:00,-0.0667119956254999,0.0,162,162,0.4729175538940146,0.5400813591768365,0.46954314720812185,0,0.22365101278109817,0.2916878745302991,0.220470767090108
823154,2026-04-12,2026,Seattle Mariners,Houston Astros,2026-04-12T17:00:00+00:00,2026-04-12T20:10:00+00:00,-0.0016545392095639322,0.0,162,162,0.5397588068290132,0.5400813591768365,0.6101694915254237,1,0.21182195589145356,0.21152515617662604,0.15196782533754674
823317,2026-04-12,2026,San Diego Padres,Colorado Rockies,2026-04-12T17:00:00+00:00,2026-04-12T20:10:00+00:00,0.1494352035446848,0.0,162,162,0.6859665506562709,0.5400813591768365,0.6689342403628117,1,0.09861700730672049,0.21152515617662604,0.10960453720414855
823479,2026-04-12,2026,Philadelphia Phillies,Arizona Diamondbacks,2026-04-12T17:00:00+00:00,2026-04-12T17:35:00+00:00,0.04942687355707642,0.0,162,162,0.5913737344573331,0.5400813591768365,0.5796019900497512,0,0.34972289380601235,0.2916878745302991,0.3359384668696319
823804,2026-04-12,2026,Milwaukee Brewers,Washington Nationals,2026-04-12T17:00:00+00:00,2026-04-12T18:10:00+00:00,0.15687362259781074,0.0,162,162,0.6925247648314656,0.5400813591768365,0.6621004566210046,0,0.47959054990487676,0.2916878745302991,0.43837701465774276
823966,2026-04-12,2026,Los Angeles Dodgers,Texas Rangers,2026-04-12T17:00:00+00:00,2026-04-12T20:10:00+00:00,0.0036026880106012626,0.0,162,162,0.5451300814302749,0.5400813591768365,0.5329949238578681,0,0.2971668056801781,0.2916878745302991,0.2840835888582546
824126,2026-04-12,2026,Kansas City Royals,Chicago White Sox,2026-04-12T17:00:00+00:00,2026-04-12T18:10:00+00:00,0.017736733296337404,0.0,162,162,0.5595153722063618,0.5400813591768365,0.6235011990407675,0,0.3130574517352236,0.2916878745302991,0.3887537452052748
824293,2026-04-12,2026,Detroit Tigers,Miami Marlins,2026-04-12T17:00:00+00:00,2026-04-12T17:40:00+00:00,0.011856881515167561,0.0,162,162,0.5535417214511446,0.5400813591768365,0.6092233009708737,1,0.1993249944848074,0.21152515617662604,0.15270642850410032
824533,2026-04-12,2026,Cincinnati Reds,Los Angeles Angels,2026-04-12T17:00:00+00:00,2026-04-12T17:40:00+00:00,0.051822434224872205,0.0,162,162,0.5937545549754331,0.5400813591768365,0.49489795918367346,0,0.35254447155407453,0.2916878745302991,0.24492399000416493
824696,2026-04-12,2026,Chicago Cubs,Pittsburgh Pirates,2026-04-12T17:00:00+00:00,2026-04-12T18:20:00+00:00,0.01055575581353474,0.0,162,162,0.5522176852557059,0.5400813591768365,0.5516372795969774,1,0.20050900139775804,0.21152515617662604,0.20102912904719902
824859,2026-04-12,2026,Baltimore Orioles,San Francisco Giants,2026-04-12T17:00:00+00:00,2026-04-12T17:35:00+00:00,-0.026649869086460165,0.0,162,162,0.5141159892835713,0.5400813591768365,0.530456852791878,1,0.23608327186988262,0.21152515617662604,0.2204707670901081
824938,2026-04-12,2026,Atlanta Braves,Cleveland Guardians,2026-04-12T17:00:00+00:00,2026-04-12T23:20:00+00:00,0.01838126682267882,0.0,162,162,0.5601691727895729,0.5400813591768365,0.635933806146572,1,0.19345115656460857,0.21152515617662604,0.1325441935069218
823073,2026-04-13,2026,St. Louis Cardinals,Cleveland Guardians,2026-04-13T17:00:00+00:00,2026-04-13T23:45:00+00:00,-0.04678163093853366,0.0,162,162,0.4934021338431132,0.5400813591768365,0.48346055979643765,0,0.2434456656809374,0.2916878745302991,0.23373411287868487
823153,2026-04-13,2026,Seattle Mariners,Houston Astros,2026-04-13T17:00:00+00:00,2026-04-13T20:10:00+00:00,0.003639639596032085,0.0,162,162,0.5451677989649413,0.5400813591768365,0.6039119804400979,1,0.20687233109839606,0.21152515617662604,0.15688571923888542
823400,2026-04-13,2026,Pittsburgh Pirates,Washington Nationals,2026-04-13T17:00:00+00:00,2026-04-13T22:40:00+00:00,0.07280611505443702,0.0,162,162,0.6144098922002805,0.5400813591768365,0.6566820276497696,1,0.1486797312329993,0.21152515617662604,0.11786723013867359
823481,2026-04-13,2026,Philadelphia Phillies,Chicago Cubs,2026-04-13T17:00:00+00:00,2026-04-13T22:40:00+00:00,0.015564420885412655,0.0,162,162,0.5573103183535757,0.5400813591768365,0.6168674698795181,1,0.1959741542362125,0.21152515617662604,0.14679053563652195
823563,2026-04-13,2026,New York Yankees,Los Angeles Angels,2026-04-13T17:00:00+00:00,2026-04-13T23:05:00+00:00,0.1042345167988532,0.0,162,162,0.6445715135252924,0.5400813591768365,0.6309523809523809,1,0.1263294089977014,0.21152515617662604,0.13619614512471656
823725,2026-04-13,2026,Minnesota Twins,Boston Red Sox,2026-04-13T17:00:00+00:00,2026-04-13T23:40:00+00:00,-0.08417347141610532,0.0,162,162,0.45504281973681643,0.5400813591768365,0.40196078431372556,1,0.2969783283204,0.21152515617662604,0.3576509034986542
823964,2026-04-13,2026,Los Angeles Dodgers,New York Mets,2026-04-13T17:00:00+00:00,2026-04-14T02:10:00+00:00,0.060914917835035554,0.0,162,162,0.6027501930034563,0.5400813591768365,0.5935960591133005,1,0.15780740915879118,0.21152515617662604,0.16516416316823995
824856,2026-04-13,2026,Baltimore Orioles,Arizona Diamondbacks,2026-04-13T17:00:00+00:00,2026-04-13T22:35:00+00:00,-0.006777436065860953,0.0,162,162,0.5345158672655915,0.5400813591768365,0.5417721518987342,1,0.2166754778275044,0.21152515617662604,0.20997276077551674
824937,2026-04-13,2026,Atlanta Braves,Miami Marlins,2026-04-13T17:00:00+00:00,2026-04-13T23:15:00+00:00,0.05724168632859261,0.0,162,162,0.5991240729658857,0.5400813591768365,0.5831265508684863,0,0.3589496548072319,0.2916878745302991,0.34003657432777734
823072,2026-04-14,2026,St. Louis Cardinals,Cleveland Guardians,2026-04-14T17:00:00+00:00,2026-04-14T23:45:00+00:00,-0.05458490912486191,0.0,162,162,0.4853754170181941,0.5400813591768365,0.47959183673469385,1,0.26483846140919765,0.21152515617662604,0.27082465639316955
823315,2026-04-14,2026,San Diego Padres,Seattle Mariners,2026-04-14T17:00:00+00:00,2026-04-15T01:40:00+00:00,0.02469663184533899,1.0,162,162,0.5390464732419599,0.5400813591768365,0.47715736040609136,1,0.21247815383067523,0.21152515617662604,0.27336442577752584
823398,2026-04-14,2026,Pittsburgh Pirates,Washington Nationals,2026-04-14T17:00:00+00:00,2026-04-14T22:40:00+00:00,0.08212844884751458,0.0,162,162,0.6234605243583088,0.5400813591768365,0.6285714285714284,0,0.38870302543313734,0.2916878745302991,0.3951020408163264
823478,2026-04-14,2026,Philadelphia Phillies,Chicago Cubs,2026-04-14T17:00:00+00:00,2026-04-14T22:40:00+00:00,0.02002849904512105,0.0,162,162,0.5618391352970551,0.5400813591768365,0.5639097744360902,0,0.31566321395134256,0.2916878745302991,0.3179942337045622
823562,2026-04-14,2026,New York Yankees,Los Angeles Angels,2026-04-14T17:00:00+00:00,2026-04-14T23:05:00+00:00,0.10523864639402442,0.0,162,162,0.6455179225627411,0.5400813591768365,0.6168674698795181,0,0.41669338834971703,0.2916878745302991,0.3805254753955582
823723,2026-04-14,2026,Minnesota Twins,Boston Red Sox,2026-04-14T17:00:00+00:00,2026-04-14T23:40:00+00:00,-0.07733263532036916,0.0,162,162,0.46203433161268004,0.5400813591768365,0.4520202020202021,1,0.2894070603634159,0.21152515617662604,0.30028185899398013
823802,2026-04-14,2026,Milwaukee Brewers,Toronto Blue Jays,2026-04-14T17:00:00+00:00,2026-04-14T23:40:00+00:00,0.04013582140528971,0.0,162,162,0.5821001779994407,0.5400813591768365,0.5367088607594936,0,0.33884061722698056,0.2916878745302991,0.28805640121775355
823965,2026-04-14,2026,Los Angeles Dodgers,New York Mets,2026-04-14T17:00:00+00:00,2026-04-15T02:10:00+00:00,0.062381857629386306,0.0,162,162,0.6041951951076835,0.5400813591768365,0.6488372093023256,1,0.15666144357584474,0.21152515617662604,0.1233153055705787
824210,2026-04-14,2026,Houston Astros,Colorado Rockies,2026-04-14T17:00:00+00:00,2026-04-15T00:10:00+00:00,0.11910574770276439,-1.0,162,162,0.6830491224278787,0.5400813591768365,0.6207729468599034,1,0.1004578587937378,0.21152515617662604,0.1438131578333217
824292,2026-04-14,2026,Detroit Tigers,Kansas City Royals,2026-04-14T17:00:00+00:00,2026-04-14T22:40:00+00:00,0.01079357593204383,0.0,162,162,0.5524597488304669,0.5400813591768365,0.5165394402035622,1,0.2002922764168888,0.21152515617662604,0.23373411287868498
824531,2026-04-14,2026,Cincinnati Reds,San Francisco Giants,2026-04-14T17:00:00+00:00,2026-04-14T22:40:00+00:00,-0.015788143968075485,0.0,162,162,0.5252761910404067,0.5400813591768365,0.5089058524173028,1,0.22536269479310445,0.21152515617662604,0.24117346178997598
824616,2026-04-14,2026,Chicago White Sox,Tampa Bay Rays,2026-04-14T17:00:00+00:00,2026-04-14T23:40:00+00:00,-0.023680499234362884,0.0,162,162,0.5171688255819783,0.5400813591768365,0.44332493702770776,0,0.2674635941538427,0.2916878745302991,0.19653699979062106
824853,2026-04-14,2026,Baltimore Orioles,Arizona Diamondbacks,2026-04-14T17:00:00+00:00,2026-04-14T22:35:00+00:00,-0.002892258225672184,0.0,162,162,0.5384928462816669,0.5400813591768365,0.5990220048899756,0,0.28997454549653096,0.2916878745302991,0.3588273623424059
824935,2026-04-14,2026,Atlanta Braves,Miami Marlins,2026-04-14T17:00:00+00:00,2026-04-14T23:15:00+00:00,0.053175206788897256,0.0,162,162,0.5950970673018142,0.5400813591768365,0.5980392156862746,1,0.16394638490759156,0.21152515617662604,0.16157247212610526
823071,2026-04-15,2026,St. Louis Cardinals,Cleveland Guardians,2026-04-15T17:00:00+00:00,2026-04-15T17:15:00+00:00,-0.05594643384618447,0.0,162,162,0.48397556237625294,0.5400813591768365,0.5025510204081632,1,0.2662812202249044,0.21152515617662604,0.24745548729695963
823314,2026-04-15,2026,San Diego Padres,Seattle Mariners,2026-04-15T17:00:00+00:00,2026-04-16T01:40:00+00:00,0.02962237553715663,0.0,162,162,0.5715364141196272,0.5400813591768365,0.5102040816326531,1,0.1835810444254676,0.21152515617662604,0.23990004164931278
823399,2026-04-15,2026,Pittsburgh Pirates,Washington Nationals,2026-04-15T17:00:00+00:00,2026-04-15T22:40:00+00:00,0.08277556758889998,0.0,162,162,0.6240856772235531,0.5400813591768365,0.6225961538461539,1,0.1413115780684747,0.21152515617662604,0.14243366309171596
823477,2026-04-15,2026,Philadelphia Phillies,Chicago Cubs,2026-04-15T17:00:00+00:00,2026-04-15T22:40:00+00:00,0.01114449314784205,0.0,162,162,0.5528168820682516,0.5400813591768365,0.5603015075376885,0,0.30560650509966325,0.2916878745302991,0.3139377793490064
823561,2026-04-15,2026,New York Yankees,Los Angeles Angels,2026-04-15T17:00:00+00:00,2026-04-15T23:05:00+00:00,0.09982559665855184,0.0,162,162,0.6404027190471023,0.5400813591768365,0.6235011990407675,1,0.12931020446871722,0.21152515617662604,0.14175134712373977
823722,2026-04-15,2026,Minnesota Twins,Boston Red Sox,2026-04-15T17:00:00+00:00,2026-04-15T17:40:00+00:00,-0.07231361749495613,0.0,162,162,0.46717356945326327,0.5400813591768365,0.4746192893401016,0,0.218251143995703,0.2916878745302991,0.2252634698137031
823803,2026-04-15,2026,Milwaukee Brewers,Toronto Blue Jays,2026-04-15T17:00:00+00:00,2026-04-15T23:40:00+00:00,0.03706243021024447,0.0,162,162,0.5790194090081098,0.5400813591768365,0.4582278481012658,1,0.17722465799188117,0.21152515617662604,0.2935170645729851
823963,2026-04-15,2026,Los Angeles Dodgers,New York Mets,2026-04-15T17:00:00+00:00,2026-04-16T02:10:00+00:00,0.06366905484568641,0.0,162,162,0.6054616465291233,0.5400813591768365,0.6440281030444964,1,0.15566051235951048,0.21152515617662604,0.12671599142209966
824209,2026-04-15,2026,Houston Astros,Colorado Rockies,2026-04-15T17:00:00+00:00,2026-04-16T00:10:00+00:00,0.11824659244136848,0.0,162,162,0.657673155306745,0.5400813591768365,0.6309523809523809,1,0.11718766859763995,0.21152515617662604,0.13619614512471656
824291,2026-04-15,2026,Detroit Tigers,Kansas City Royals,2026-04-15T17:00:00+00:00,2026-04-15T22:40:00+00:00,0.011695396976752148,0.0,162,162,0.5533774343498462,0.5400813591768365,0.5454545454545454,1,0.19947171614792594,0.21152515617662604,0.20661157024793392
824532,2026-04-15,2026,Cincinnati Reds,San Francisco Giants,2026-04-15T17:00:00+00:00,2026-04-15T22:40:00+00:00,-0.01362946174529106,0.0,162,162,0.5274915438015825,0.5400813591768365,0.5,1,0.22326424117901186,0.21152515617662604,0.25
824615,2026-04-15,2026,Chicago White Sox,Tampa Bay Rays,2026-04-15T17:00:00+00:00,2026-04-15T23:40:00+00:00,-0.026263033434155092,0.0,162,162,0.5145137631042019,0.5400813591768365,0.49234693877551017,0,0.2647244124236468,0.2916878745302991,0.24240550812161596
824936,2026-04-15,2026,Atlanta Braves,Miami Marlins,2026-04-15T17:00:00+00:00,2026-04-15T23:15:00+00:00,0.0537941306485103,0.0,162,162,0.5957108241486411,0.5400813591768365,0.6058394160583942,1,0.16344973771057103,0.21152515617662604,0.15536256593318767
823313,2026-04-16,2026,San Diego Padres,Seattle Mariners,2026-04-16T17:00:00+00:00,2026-04-17T00:40:00+00:00,0.029108338310354975,0.0,162,162,0.571018158741644,0.5400813591768365,0.4746192893401016,1,0.18402542012940937,0.21152515617662604,0.27602489113349993
823560,2026-04-16,2026,New York Yankees,Los Angeles Angels,2026-04-16T17:00:00+00:00,2026-04-16T17:35:00+00:00,0.10626419522265368,0.0,162,162,0.6464833450433065,0.5400813591768365,0.7227926078028747,0,0.4179407154183829,0.2916878745302991,0.5224291538944802
823801,2026-04-16,2026,Milwaukee Brewers,Toronto Blue Jays,2026-04-16T17:00:00+00:00,2026-04-16T17:40:00+00:00,0.040953005602718306,0.0,162,162,0.5829182572561775,0.5400813591768365,0.5190839694656489,1,0.17395718013022413,0.21152515617662604,0.23128022842491688
824208,2026-04-16,2026,Houston Astros,Colorado Rockies,2026-04-16T17:00:00+00:00,2026-04-17T00:10:00+00:00,0.11842435595547735,0.0,162,162,0.6578378840605957,0.5400813591768365,0.6029411764705883,0,0.43275068170532177,0.2916878745302991,0.36353806228373714
824289,2026-04-16,2026,Detroit Tigers,Kansas City Royals,2026-04-16T17:00:00+00:00,2026-04-16T17:10:00+00:00,0.011716943089351006,0.0,162,162,0.5533993550698512,0.5400813591768365,0.4681933842239186,1,0.1994521360520249,0.21152515617662604,0.28281827658320874
824453,2026-04-16,2026,Cleveland Guardians,Baltimore Orioles,2026-04-16T17:00:00+00:00,2026-04-16T22:10:00+00:00,0.02556169050137813,0.0,162,162,0.5674382204731448,0.5400813591768365,0.5367088607594936,1,0.18710969310743963,0.21152515617662604,0.21463867969876624
824614,2026-04-16,2026,Chicago White Sox,Tampa Bay Rays,2026-04-16T17:00:00+00:00,2026-04-16T18:10:00+00:00,-0.03139985103117454,0.0,162,162,0.509230393155069,0.5400813591768365,0.4607594936708861,0,0.2593155933128662,0.2916878745302991,0.21229931100785132
822752,2026-04-17,2026,Washington Nationals,San Francisco Giants,2026-04-17T17:00:00+00:00,2026-04-17T22:45:00+00:00,-0.06675171788733109,0.0,162,162,0.4728767950487631,0.5400813591768365,0.42144638403990026,0,0.22361246329558992,0.2916878745302991,0.1776170546203071
823152,2026-04-17,2026,Seattle Mariners,Texas Rangers,2026-04-17T17:00:00+00:00,2026-04-18T01:40:00+00:00,-0.05744534673624491,0.0,162,162,0.4824347433983621,0.5400813591768365,0.5468354430379747,0,0.2327432816378435,0.2916878745302991,0.2990290017625381
823397,2026-04-17,2026,Pittsburgh Pirates,Tampa Bay Rays,2026-04-17T17:00:00+00:00,2026-04-17T22:45:00+00:00,0.009685983462610848,0.0,162,162,0.5513321835056065,0.5400813591768365,0.530456852791878,1,0.20130280955784674,0.21152515617662604,0.2204707670901081
823476,2026-04-17,2026,Philadelphia Phillies,Atlanta Braves,2026-04-17T17:00:00+00:00,2026-04-17T22:40:00+00:00,-0.012155975755023363,0.0,162,162,0.5290030961482601,0.5400813591768365,0.49234693877551017,0,0.27984427573444537,0.2916878745302991,0.24240550812161596
823559,2026-04-17,2026,New York Yankees,Kansas City Royals,2026-04-17T17:00:00+00:00,2026-04-17T23:05:00+00:00,0.05105724066965078,0.0,162,162,0.5929945428598707,0.5400813591768365,0.6201923076923077,1,0.1656534421418456,0.21152515617662604,0.14425388313609466
823720,2026-04-17,2026,Minnesota Twins,Cincinnati Reds,2026-04-17T17:00:00+00:00,2026-04-18T00:10:00+00:00,-0.038769737259564896,1.0,162,162,0.47383557741008087,0.5400813591768365,0.608272506082725,0,0.22452015441954473,0.2916878745302991,0.3699954416561587
823883,2026-04-17,2026,Miami Marlins,Milwaukee Brewers,2026-04-17T17:00:00+00:00,2026-04-17T23:10:00+00:00,-0.10199093374134116,1.0,162,162,0.4097492488233679,0.5400813591768365,0.5076530612244898,0,0.16789444691131425,0.2916878745302991,0.2577116305705956
824048,2026-04-17,2026,Los Angeles Angels,San Diego Padres,2026-04-17T17:00:00+00:00,2026-04-18T01:38:00+00:00,-0.0978043123934042,0.0,162,162,0.4411671061655525,0.5400813591768365,0.5516372795969774,1,0.31229420323138296,0.21152515617662604,0.20102912904719902
824207,2026-04-17,2026,Houston Astros,St. Louis Cardinals,2026-04-17T17:00:00+00:00,2026-04-18T00:10:00+00:00,0.052477588252400564,-1.0,162,162,0.6209415638974839,0.5400813591768365,0.5491183879093199,0,0.3855684257754531,0.2916878745302991,0.3015310039401303
824373,2026-04-17,2026,Colorado Rockies,Los Angeles Dodgers,2026-04-17T17:00:00+00:00,2026-04-18T00:40:00+00:00,-0.18432115179469172,-1.0,162,162,0.3819616513854546,0.5400813591768365,0.274949083503055,0,0.14589470312910358,0.2916878745302991,0.07559699851916993
824454,2026-04-17,2026,Cleveland Guardians,Baltimore Orioles,2026-04-17T17:00:00+00:00,2026-04-17T22:10:00+00:00,0.02926182444779285,0.0,162,162,0.571172920737742,0.5400813591768365,0.547979797979798,0,0.32623850538408283,0.2916878745302991,0.30028185899398024
824693,2026-04-17,2026,Chicago Cubs,New York Mets,2026-04-17T17:00:00+00:00,2026-04-17T18:20:00+00:00,0.01869317750532762,0.0,162,162,0.5604854932965073,0.5400813591768365,0.5796019900497512,1,0.1931730016028145,0.21152515617662604,0.17673448677012948
824778,2026-04-17,2026,Boston Red Sox,Detroit Tigers,2026-04-17T17:00:00+00:00,2026-04-17T23:15:00+00:00,0.01821174700837047,1.0,162,162,0.5324069245468178,0.5400813591768365,0.5417721518987342,1,0.21864328421176532,0.21152515617662604,0.20997276077551674
825101,2026-04-17,2026,Arizona Diamondbacks,Toronto Blue Jays,2026-04-17T17:00:00+00:00,2026-04-18T01:40:00+00:00,-0.05529038389292684,1.0,162,162,0.4569170364844786,0.5400813591768365,0.5516372795969774,1,0.2949391052608012,0.21152515617662604,0.20102912904719902
822751,2026-04-18,2026,Washington Nationals,San Francisco Giants,2026-04-18T17:00:00+00:00,2026-04-18T20:05:00+00:00,-0.07253021653529568,0.0,162,162,0.4669516304400472,0.5400813591768365,0.49489795918367346,0,0.21804382517061843,0.2916878745302991,0.24492399000416493
823151,2026-04-18,2026,Seattle Mariners,Texas Rangers,2026-04-18T17:00:00+00:00,2026-04-18T23:15:00+00:00,-0.061221913986372,0.0,162,162,0.47855413846777317,0.5400813591768365,0.5516372795969774,1,0.27190578650908626,0.21152515617662604,0.20102912904719902
823394,2026-04-18,2026,Pittsburgh Pirates,Tampa Bay Rays,2026-04-18T17:00:00+00:00,2026-04-18T19:30:00+00:00,0.01656843751956849,0.0,162,162,0.5583297538586134,0.5400813591768365,0.5841584158415841,0,0.3117321140438198,0.2916878745302991,0.3412410547985491
823474,2026-04-18,2026,Philadelphia Phillies,Atlanta Braves,2026-04-18T17:00:00+00:00,2026-04-18T23:15:00+00:00,-0.02101479430482045,0.0,162,162,0.5199083765501601,0.5400813591768365,0.5355329949238579,0,0.27030472000702305,0.2916878745302991,0.2867955886521168
823558,2026-04-18,2026,New York Yankees,Kansas City Royals,2026-04-18T17:00:00+00:00,2026-04-18T17:35:00+00:00,0.05419374681229694,0.0,162,162,0.5961069452884574,0.5400813591768365,0.5980392156862746,1,0.16312959964422113,0.21152515617662604,0.16157247212610526
823721,2026-04-18,2026,Minnesota Twins,Cincinnati Reds,2026-04-18T17:00:00+00:00,2026-04-18T18:10:00+00:00,-0.04138312931765886,0.0,162,162,0.4989574561553564,0.5400813591768365,0.5329949238578681,0,0.24895854305302442,0.2916878745302991,0.2840835888582546
823882,2026-04-18,2026,Miami Marlins,Milwaukee Brewers,2026-04-18T17:00:00+00:00,2026-04-18T20:10:00+00:00,-0.10165647269194406,0.0,162,162,0.43726138528110964,0.5400813591768365,0.5089058524173028,0,0.191197519057955,0.2916878745302991,0.2589851666245816
824049,2026-04-18,2026,Los Angeles Angels,San Diego Padres,2026-04-18T17:00:00+00:00,2026-04-19T01:38:00+00:00,-0.08958693616451607,0.0,162,162,0.4495225161133809,0.5400813591768365,0.49234693877551017,0,0.2020704924929048,0.2916878745302991,0.24240550812161596
824206,2026-04-18,2026,Houston Astros,St. Louis Cardinals,2026-04-18T17:00:00+00:00,2026-04-18T23:10:00+00:00,0.049124770961366415,0.0,162,162,0.5910731836476449,0.5400813591768365,0.5639097744360902,0,0.3493675084273626,0.2916878745302991,0.3179942337045622
824372,2026-04-18,2026,Colorado Rockies,Los Angeles Dodgers,2026-04-18T17:00:00+00:00,2026-04-19T00:10:00+00:00,-0.18775184573731785,0.0,162,162,0.35281374662413617,0.5400813591768365,0.27983539094650206,1,0.4188500465586879,0.21152515617662604,0.5186370641331775
824451,2026-04-18,2026,Cleveland Guardians,Baltimore Orioles,2026-04-18T17:00:00+00:00,2026-04-18T22:10:00+00:00,0.027965376375363782,0.0,162,162,0.5698652610457771,0.5400813591768365,0.5603015075376885,1,0.1850158936552175,0.21152515617662604,0.19333476427362942
824694,2026-04-18,2026,Chicago Cubs,New York Mets,2026-04-18T17:00:00+00:00,2026-04-18T18:20:00+00:00,0.021283415948317952,0.0,162,162,0.5631104313554478,0.5400813591768365,0.5216284987277354,1,0.19087249519042288,0.21152515617662604,0.22883929322948024
824775,2026-04-18,2026,Boston Red Sox,Detroit Tigers,2026-04-18T17:00:00+00:00,2026-04-18T20:10:00+00:00,0.01786473554434531,0.0,162,162,0.5596452313653585,0.5400813591768365,0.4228855721393035,0,0.3132027849899856,0.2916878745302991,0.17883220712358608
825098,2026-04-18,2026,Arizona Diamondbacks,Toronto Blue Jays,2026-04-18T17:00:00+00:00,2026-04-19T00:10:00+00:00,-0.05196958312475913,0.0,162,162,0.48806499513826634,0.5400813591768365,0.5796019900497512,1,0.2620774492027833,0.21152515617662604,0.17673448677012948
822750,2026-04-19,2026,Washington Nationals,San Francisco Giants,2026-04-19T17:00:00+00:00,2026-04-19T17:35:00+00:00,-0.07467695813097808,0.0,162,162,0.4647526848516025,0.5400813591768365,0.44332493702770776,1,0.286489688373568,0.21152515617662604,0.3098871257352056
823150,2026-04-19,2026,Seattle Mariners,Texas Rangers,2026-04-19T17:00:00+00:00,2026-04-19T20:10:00+00:00,-0.059352636435622164,0.0,162,162,0.48047461701908134,0.5400813591768365,0.5603015075376885,1,0.2699066235614702,0.21152515617662604,0.19333476427362942
823393,2026-04-19,2026,Pittsburgh Pirates,Tampa Bay Rays,2026-04-19T17:00:00+00:00,2026-04-19T17:35:00+00:00,0.016032939776683852,0.0,162,162,0.5577860929982261,0.5400813591768365,0.5,1,0.19555313954577352,0.21152515617662604,0.25
823475,2026-04-19,2026,Philadelphia Phillies,Atlanta Braves,2026-04-19T17:00:00+00:00,2026-04-19T23:20:00+00:00,-0.024412091732011976,0.0,162,162,0.5164167788116907,0.5400813591768365,0.5253807106598984,0,0.26668628943824263,0.2916878745302991,0.27602489113349993
823556,2026-04-19,2026,New York Yankees,Kansas City Royals,2026-04-19T17:00:00+00:00,2026-04-19T17:35:00+00:00,0.0624905954268119,0.0,162,162,0.6043022346978113,0.5400813591768365,0.57356608478803,1,0.156576721465146,0.21152515617662604,0.18184588404300966
823718,2026-04-19,2026,Minnesota Twins,Cincinnati Reds,2026-04-19T17:00:00+00:00,2026-04-19T18:10:00+00:00,-0.04037202475823087,0.0,162,162,0.49999800215846085,0.5400813591768365,0.5241730279898218,0,0.24999800216245222,0.2916878745302991,0.2747573632720185
823881,2026-04-19,2026,Miami Marlins,Milwaukee Brewers,2026-04-19T17:00:00+00:00,2026-04-19T17:40:00+00:00,-0.10353687330569228,0.0,162,162,0.43535763035175534,0.5400813591768365,0.5139949109414759,1,0.31882100560198495,0.21152515617662604,0.23620094659078397
824047,2026-04-19,2026,Los Angeles Angels,San Diego Padres,2026-04-19T17:00:00+00:00,2026-04-19T20:07:00+00:00,-0.09280329630698375,0.0,162,162,0.4462484682306801,0.5400813591768365,0.47582697201017815,0,0.19913769539822831,0.2916878745302991,0.22641130729237485
824205,2026-04-19,2026,Houston Astros,St. Louis Cardinals,2026-04-19T17:00:00+00:00,2026-04-19T18:10:00+00:00,0.04737226175558734,0.0,162,162,0.5893283398979974,0.5400813591768365,0.5664160401002506,0,0.34730789220692954,0.2916878745302991,0.32082713048284867
824371,2026-04-19,2026,Colorado Rockies,Los Angeles Dodgers,2026-04-19T17:00:00+00:00,2026-04-19T19:10:00+00:00,-0.182558220140704,0.0,162,162,0.3577106714909178,0.5400813591768365,0.3295711060948081,1,0.4125355815166478,0.21152515617662604,0.44947490178293903
824452,2026-04-19,2026,Cleveland Guardians,Baltimore Orioles,2026-04-19T17:00:00+00:00,2026-04-19T17:40:00+00:00,0.030246871190631575,0.0,162,162,0.5721658231703791,0.5400813591768365,0.5318066157760813,1,0.1830420828634793,0.21152515617662604,0.21920504503104593
824691,2026-04-19,2026,Chicago Cubs,New York Mets,2026-04-19T17:00:00+00:00,2026-04-19T18:20:00+00:00,0.02000641483303467,0.0,162,162,0.5618167555197356,0.5400813591768365,0.5664160401002506,1,0.19200455574325112,0.21152515617662604,0.1879950502823475
824777,2026-04-19,2026,Boston Red Sox,Detroit Tigers,2026-04-19T17:00:00+00:00,2026-04-19T20:35:00+00:00,0.014739003945600904,0.0,162,162,0.5564718631590235,0.5400813591768365,0.5760598503740648,0,0.309660934487675,0.2916878745302991,0.33184495121298996
825100,2026-04-19,2026,Arizona Diamondbacks,Toronto Blue Jays,2026-04-19T17:00:00+00:00,2026-04-19T20:10:00+00:00,-0.04952701289117972,0.0,162,162,0.49057754012582716,0.5400813591768365,0.49744897959183665,0,0.24066632287590756,0.2916878745302991,0.24745548729695951
822749,2026-04-20,2026,Washington Nationals,Atlanta Braves,2026-04-20T17:00:00+00:00,2026-04-20T22:45:00+00:00,-0.11332498032819438,0.0,162,162,0.4254799292735228,0.5400813591768365,0.40640394088669946,0,0.18103317021460197,0.2916878745302991,0.1651641631682399
822994,2026-04-20,2026,Tampa Bay Rays,Cincinnati Reds,2026-04-20T17:00:00+00:00,2026-04-20T22:40:00+00:00,0.00861062791407552,0.0,162,162,0.5502369312184511,0.5400813591768365,0.5267175572519084,0,0.30276068047669846,0.2916878745302991,0.2774313851174174
823879,2026-04-20,2026,Miami Marlins,St. Louis Cardinals,2026-04-20T17:00:00+00:00,2026-04-20T22:40:00+00:00,0.028853525685439863,0.0,162,162,0.5707611973226959,0.5400813591768365,0.5468354430379747,1,0.1842459497238456,0.21152515617662604,0.20535811568658865
824046,2026-04-20,2026,Los Angeles Angels,Toronto Blue Jays,2026-04-20T17:00:00+00:00,2026-04-21T01:38:00+00:00,-0.097855893691278,0.0,162,162,0.4411147584465843,0.5400813591768365,0.47959183673469385,0,0.19458223011938844,0.2916878745302991,0.23000832986255726
824125,2026-04-20,2026,Kansas City Royals,Baltimore Orioles,2026-04-20T17:00:00+00:00,2026-04-20T23:40:00+00:00,-0.007091839358919938,0.0,162,162,0.534193836215256,0.5400813591768365,0.49109414758269715,0,0.2853630546503717,0.2916878745302991,0.24117346178997592
824370,2026-04-20,2026,Colorado Rockies,Los Angeles Dodgers,2026-04-20T17:00:00+00:00,2026-04-21T00:40:00+00:00,-0.1836251148446149,0.0,162,162,0.35670225952258344,0.5400813591768365,0.33031674208144796,0,0.12723650194851646,0.2916878745302991,0.1091091500993018
824450,2026-04-20,2026,Cleveland Guardians,Houston Astros,2026-04-20T17:00:00+00:00,2026-04-20T22:10:00+00:00,0.01564258042431771,0.0,162,162,0.5573896956492576,0.5400813591768365,0.5267175572519084,0,0.31068327281597197,0.2916878745302991,0.2774313851174174
824692,2026-04-20,2026,Chicago Cubs,Philadelphia Phillies,2026-04-20T17:00:00+00:00,2026-04-20T23:40:00+00:00,0.005664327699755112,0.0,162,162,0.5472336518686558,0.5400813591768365,0.5076530612244898,1,0.20499736600019358,0.21152515617662604,0.24240550812161596
822747,2026-04-21,2026,Washington Nationals,Atlanta Braves,2026-04-21T17:00:00+00:00,2026-04-21T22:45:00+00:00,-0.11895096428173135,0.0,162,162,0.4198287333735054,0.5400813591768365,0.43609022556390975,1,0.33659869861899117,0.21152515617662604,0.3179942337045622
822914,2026-04-21,2026,Texas Rangers,Pittsburgh Pirates,2026-04-21T17:00:00+00:00,2026-04-22T00:05:00+00:00,0.052523579855178415,0.0,162,162,0.5944505589567648,0.5400813591768365,0.5178571428571429,1,0.1644703491304805,0.21152515617662604,0.23246173469387751
822995,2026-04-21,2026,Tampa Bay Rays,Cincinnati Reds,2026-04-21T17:00:00+00:00,2026-04-21T22:40:00+00:00,-0.0019178909288208867,0.0,162,162,0.5394894885086863,0.5400813591768365,0.49109414758269715,0,0.2910489082113639,0.2916878745302991,0.24117346178997592
823236,2026-04-21,2026,San Francisco Giants,Los Angeles Dodgers,2026-04-21T17:00:00+00:00,2026-04-22T01:45:00+00:00,-0.0744743915621271,1.0,162,162,0.4373975329055778,0.5400813591768365,0.37980769230769235,1,0.3165215359807304,0.21152515617662604,0.3846384985207101
823640,2026-04-21,2026,New York Mets,Minnesota Twins,2026-04-21T17:00:00+00:00,2026-04-21T23:10:00+00:00,0.05075564551555728,0.0,162,162,0.5926948673763794,0.5400813591768365,0.597051597051597,0,0.351287205814304,0.2916878745302991,0.3564706095418626
823880,2026-04-21,2026,Miami Marlins,St. Louis Cardinals,2026-04-21T17:00:00+00:00,2026-04-21T22:40:00+00:00,0.029308563276725763,0.0,162,162,0.5712200453216195,0.5400813591768365,0.5114503816793893,0,0.3262923401772331,0.2916878745302991,0.261581492919993
824045,2026-04-21,2026,Los Angeles Angels,Toronto Blue Jays,2026-04-21T17:00:00+00:00,2026-04-22T01:38:00+00:00,-0.09946185212094172,0.0,162,162,0.4394855983831654,0.5400813591768365,0.5076530612244898,0,0.19314759118620897,0.2916878745302991,0.2577116305705956
824127,2026-04-21,2026,Kansas City Royals,Baltimore Orioles,2026-04-21T17:00:00+00:00,2026-04-21T23:40:00+00:00,-0.009678484641121754,0.0,162,162,0.5315433785897187,0.5400813591768365,0.5329949238578681,1,0.21945160614313564,0.21152515617662604,0.21809374114251845
824290,2026-04-21,2026,Detroit Tigers,Milwaukee Brewers,2026-04-21T17:00:00+00:00,2026-04-21T22:40:00+00:00,-0.07481492030807313,-1.0,162,162,0.4923880232260522,0.5400813591768365,0.5051020408163266,0,0.2424459654164593,0.2916878745302991,0.25512807163681805
824369,2026-04-21,2026,Colorado Rockies,San Diego Padres,2026-04-21T17:00:00+00:00,2026-04-22T00:40:00+00:00,-0.1492605142542282,-1.0,162,162,0.41656174315537775,0.5400813591768365,0.42999999999999994,0,0.1735236858606469,0.2916878745302991,0.18489999999999995
824448,2026-04-21,2026,Cleveland Guardians,Houston Astros,2026-04-21T17:00:00+00:00,2026-04-21T22:10:00+00:00,0.008823490753695817,0.0,162,162,0.5504537715550704,0.5400813591768365,0.57356608478803,1,0.20209181150906086,0.21152515617662604,0.18184588404300966
824690,2026-04-21,2026,Chicago Cubs,Philadelphia Phillies,2026-04-21T17:00:00+00:00,2026-04-21T23:40:00+00:00,0.007504768486079172,0.0,162,162,0.5491101025916216,0.5400813591768365,0.5429292929292929,1,0.20330169958493796,0.21152515617662604,0.20891363126211612
824773,2026-04-21,2026,Boston Red Sox,New York Yankees,2026-04-21T17:00:00+00:00,2026-04-21T22:45:00+00:00,-0.02415829312344875,-1.0,162,162,0.5444018878798074,0.5400813591768365,0.5367088607594936,0,0.29637341552709834,0.2916878745302991,0.28805640121775355
825099,2026-04-21,2026,Arizona Diamondbacks,Chicago White Sox,2026-04-21T17:00:00+00:00,2026-04-22T01:40:00+00:00,0.015062043269277403,0.0,162,162,0.5568000437862465,0.5400813591768365,0.57356608478803,0,0.310026288760366,0.2916878745302991,0.32897805361906957
822748,2026-04-22,2026,Washington Nationals,Atlanta Braves,2026-04-22T17:00:00+00:00,2026-04-22T22:45:00+00:00,-0.11407926202130098,0.0,162,162,0.4247211021192197,0.5400813591768365,0.4228855721393035,0,0.18038801458536466,0.2916878745302991,0.17883220712358608
822913,2026-04-22,2026,Texas Rangers,Pittsburgh Pirates,2026-04-22T17:00:00+00:00,2026-04-23T00:05:00+00:00,0.05532616233779197,0.0,162,162,0.5972287749281496,0.5400813591768365,0.49109414758269715,0,0.3566822096021784,0.2916878745302991,0.24117346178997592
822993,2026-04-22,2026,Tampa Bay Rays,Cincinnati Reds,2026-04-22T17:00:00+00:00,2026-04-22T17:10:00+00:00,-0.00759025430615945,0.0,162,162,0.5336832708891119,0.5400813591768365,0.5577889447236182,1,0.21745129184867737,0.21152515617662604,0.19555061740865123
823231,2026-04-22,2026,San Francisco Giants,Los Angeles Dodgers,2026-04-22T17:00:00+00:00,2026-04-23T01:45:00+00:00,-0.07369221972610973,0.0,162,162,0.46576120500443596,0.5400813591768365,0.34252873563218394,1,0.2854110900783123,0.21152515617662604,0.4322684634694146
823641,2026-04-22,2026,New York Mets,Minnesota Twins,2026-04-22T17:00:00+00:00,2026-04-22T23:10:00+00:00,0.048094728846494295,0.0,162,162,0.590047921890431,0.5400813591768365,0.5901234567901236,1,0.16806070634635417,0.21152515617662604,0.1679987806736777
824044,2026-04-22,2026,Los Angeles Angels,Toronto Blue Jays,2026-04-22T17:00:00+00:00,2026-04-22T19:07:00+00:00,-0.0990600669187901,0.0,162,162,0.43989306738019707,0.5400813591768365,0.5771144278606966,1,0.31371977596876444,0.21152515617662604,0.17883220712358602
824123,2026-04-22,2026,Kansas City Royals,Baltimore Orioles,2026-04-22T17:00:00+00:00,2026-04-22T18:10:00+00:00,-0.007061948840388466,0.0,162,162,0.5342244531397742,0.5400813591768365,0.5505050505050506,0,0.28539576633249075,0.2916878745302991,0.30305581063156833
824286,2026-04-22,2026,Detroit Tigers,Milwaukee Brewers,2026-04-22T17:00:00+00:00,2026-04-22T22:40:00+00:00,-0.08311258618036993,0.0,162,162,0.45612598188099834,0.5400813591768365,0.5516372795969774,1,0.2957989475849081,0.21152515617662604,0.20102912904719902
824367,2026-04-22,2026,Colorado Rockies,San Diego Padres,2026-04-22T17:00:00+00:00,2026-04-23T00:40:00+00:00,-0.15231637139554877,0.0,162,162,0.38679025400774525,0.5400813591768365,0.41791044776119407,1,0.37602619257988557,0.21152515617662604,0.3388282468255735
824449,2026-04-22,2026,Cleveland Guardians,Houston Astros,2026-04-22T17:00:00+00:00,2026-04-22T17:10:00+00:00,0.01147595296387427,0.0,162,162,0.5531541632076271,0.5400813591768365,0.5980392156862746,0,0.30597952827393016,0.2916878745302991,0.35765090349865447
824688,2026-04-22,2026,Chicago Cubs,Philadelphia Phillies,2026-04-22T17:00:00+00:00,2026-04-22T23:40:00+00:00,0.011439883842471077,0.0,162,162,0.5531174629823361,0.5400813591768365,0.6048780487804878,1,0.19970400189134374,0.21152515617662604,0.15612135633551458
824774,2026-04-22,2026,Boston Red Sox,New York Yankees,2026-04-22T17:00:00+00:00,2026-04-22T22:45:00+00:00,-0.02479480142513435,0.0,162,162,0.5160233392647289,0.5400813591768365,0.4483627204030227,0,0.26628008666592146,0.2916878745302991,0.20102912904719913
825097,2026-04-22,2026,Arizona Diamondbacks,Chicago White Sox,2026-04-22T17:00:00+00:00,2026-04-23T01:40:00+00:00,0.007436201605997783,0.0,162,162,0.5490402188445832,0.5400813591768365,0.5866336633663367,1,0.20336472421974142,0.21152515617662604,0.17087172826193503
822745,2026-04-23,2026,Washington Nationals,Atlanta Braves,2026-04-23T17:00:00+00:00,2026-04-23T17:05:00+00:00,-0.11410821955325406,0.0,162,162,0.42469197713034545,0.5400813591768365,0.43969849246231163,0,0.18036327543888186,0.2916878745302991,0.19333476427362953
822912,2026-04-23,2026,Texas Rangers,Pittsburgh Pirates,2026-04-23T17:00:00+00:00,2026-04-24T00:05:00+00:00,0.0495220753032527,0.0,162,162,0.591468433045894,0.5400813591768365,0.5911330049261084,1,0.16689804119797716,0.21152515617662604,0.16717221966075368
823233,2026-04-23,2026,San Francisco Giants,Los Angeles Dodgers,2026-04-23T17:00:00+00:00,2026-04-23T19:45:00+00:00,-0.06856581541499351,0.0,162,162,0.4710157510808896,0.5400813591768365,0.4054054054054054,0,0.22185583776629456,0.2916878745302991,0.16435354273192107
823639,2026-04-23,2026,New York Mets,Minnesota Twins,2026-04-23T17:00:00+00:00,2026-04-23T23:10:00+00:00,0.04774907062192685,0.0,162,162,0.5897036919143378,0.5400813591768365,0.49234693877551017,1,0.16834306042872463,0.21152515617662604,0.2577116305705956
824288,2026-04-23,2026,Detroit Tigers,Milwaukee Brewers,2026-04-23T17:00:00+00:00,2026-04-23T17:10:00+00:00,-0.07766365772060796,0.0,162,162,0.4616956516558628,0.5400813591768365,0.6756152125279643,1,0.2897715714462062,0.21152515617662604,0.10522549034327777
824368,2026-04-23,2026,Colorado Rockies,San Diego Padres,2026-04-23T17:00:00+00:00,2026-04-23T19:10:00+00:00,-0.14649783156762647,0.0,162,162,0.39248642253480726,0.5400813591768365,0.4239401496259351,0,0.15404559187417124,0.2916878745302991,0.17972525046486026
824689,2026-04-23,2026,Chicago Cubs,Philadelphia Phillies,2026-04-23T17:00:00+00:00,2026-04-23T18:20:00+00:00,0.010953739579890542,0.0,162,162,0.5526227562965735,0.5400813591768365,0.4872448979591837,1,0.20014639818367502,0.21152515617662604,0.2629177946688879
824770,2026-04-23,2026,Boston Red Sox,New York Yankees,2026-04-23T17:00:00+00:00,2026-04-23T22:10:00+00:00,-0.02842767873939478,0.0,162,162,0.5122876880775882,0.5400813591768365,0.43609022556390975,0,0.2624386753558803,0.2916878745302991,0.19017468483238167
825096,2026-04-23,2026,Arizona Diamondbacks,Chicago White Sox,2026-04-23T17:00:00+00:00,2026-04-23T19:40:00+00:00,0.011085416918054924,0.0,162,162,0.5527567631880613,0.5400813591768365,0.5866336633663367,0,0.3055400392501425,0.2916878745302991,0.34413905499460845
822827,2026-04-24,2026,Toronto Blue Jays,Cleveland Guardians,2026-04-24T17:00:00+00:00,2026-04-24T23:07:00+00:00,0.03245903843566622,0.0,162,162,0.5743935035211566,0.5400813591768365,0.4607594936708861,0,0.32992789688730895,0.2916878745302991,0.21229931100785132
822992,2026-04-24,2026,Tampa Bay Rays,Minnesota Twins,2026-04-24T17:00:00+00:00,2026-04-24T23:10:00+00:00,0.03922879704892007,1.0,162,162,0.5538715545353058,0.5400813591768365,0.5468354430379747,1,0.19903058985274463,0.21152515617662604,0.20535811568658865
823069,2026-04-24,2026,St. Louis Cardinals,Seattle Mariners,2026-04-24T17:00:00+00:00,2026-04-25T00:15:00+00:00,-0.05931883455117204,0.0,162,162,0.4805093502473849,0.5400813591768365,0.42999999999999994,0,0.230889235675164,0.2916878745302991,0.18489999999999995
823232,2026-04-24,2026,San Francisco Giants,Miami Marlins,2026-04-24T17:00:00+00:00,2026-04-25T02:15:00+00:00,0.01975795468982361,-1.0,162,162,0.5887637021857407,0.5400813591768365,0.5025510204081632,0,0.34664269701145956,0.2916878745302991,0.2525575281132861
823638,2026-04-24,2026,New York Mets,Colorado Rockies,2026-04-24T17:00:00+00:00,2026-04-24T23:10:00+00:00,0.10798559395087892,0.0,162,162,0.6481011350894251,0.5400813591768365,0.6621004566210046,0,0.4200350813042013,0.2916878745302991,0.43837701465774276
823800,2026-04-24,2026,Milwaukee Brewers,Pittsburgh Pirates,2026-04-24T17:00:00+00:00,2026-04-24T23:40:00+00:00,0.06136223931670293,0.0,162,162,0.603191016120847,0.5400813591768365,0.46954314720812185,0,0.3638394019288999,0.2916878745302991,0.220470767090108
823962,2026-04-24,2026,Los Angeles Dodgers,Chicago Cubs,2026-04-24T17:00:00+00:00,2026-04-25T02:15:00+00:00,0.04985053727421662,0.0,162,162,0.5917951068799523,0.5400813591768365,0.597051597051597,0,0.35022144852705417,0.2916878745302991,0.3564706095418626
824124,2026-04-24,2026,Kansas City Royals,Los Angeles Angels,2026-04-24T17:00:00+00:00,2026-04-24T23:40:00+00:00,0.036963159204243035,0.0,162,162,0.5789197956743922,0.5400813591768365,0.5127551020408163,1,0.17730853847489558,0.21152515617662604,0.23740759058725533
824204,2026-04-24,2026,Houston Astros,New York Yankees,2026-04-24T17:00:00+00:00,2026-04-25T00:10:00+00:00,-0.055338907896337886,1.0,162,162,0.4568674706691126,0.5400813591768365,0.42750000000000005,0,0.20872788575559245,0.2916878745302991,0.18275625000000004
824529,2026-04-24,2026,Cincinnati Reds,Detroit Tigers,2026-04-24T17:00:00+00:00,2026-04-24T22:40:00+00:00,-0.007694736181325157,1.0,162,162,0.5057912895139907,0.5400813591768365,0.46700507614213205,1,0.2442422495202442,0.21152515617662604,0.28408358885825447
824611,2026-04-24,2026,Chicago White Sox,Washington Nationals,2026-04-24T17:00:00+00:00,2026-04-24T23:40:00+00:00,0.049872623628165524,0.0,162,162,0.5918170700901338,0.5400813591768365,0.5417721518987342,1,0.1666133042698027,0.21152515617662604,0.20997276077551674
824854,2026-04-24,2026,Baltimore Orioles,Boston Red Sox,2026-04-24T17:00:00+00:00,2026-04-24T23:05:00+00:00,-0.032063251016315075,1.0,162,162,0.4807229921340116,0.5400813591768365,0.5228426395939086,1,0.26964861089825376,0.21152515617662604,0.22767914658970856
824932,2026-04-24,2026,Atlanta Braves,Philadelphia Phillies,2026-04-24T17:00:00+00:00,2026-04-24T23:15:00+00:00,0.0272322393385781,0.0,162,162,0.5691253509534474,0.5400813591768365,0.57,1,0.18565296319098987,0.21152515617662604,0.18490000000000004
822826,2026-04-25,2026,Toronto Blue Jays,Cleveland Guardians,2026-04-25T17:00:00+00:00,2026-04-25T19:07:00+00:00,0.032833372044931974,0.0,162,162,0.5747701661726184,0.5400813591768365,0.5760598503740648,1,0.18082041157686252,0.21152515617662604,0.17972525046486032
822989,2026-04-25,2026,Tampa Bay Rays,Minnesota Twins,2026-04-25T17:00:00+00:00,2026-04-25T20:10:00+00:00,0.04006791611059618,0.0,162,162,0.5820321779295335,0.5400813591768365,0.5468354430379747,1,0.1746971002863291,0.21152515617662604,0.20535811568658865
823070,2026-04-25,2026,St. Louis Cardinals,Seattle Mariners,2026-04-25T17:00:00+00:00,2026-04-25T18:15:00+00:00,-0.0602618990767228,0.0,162,162,0.4795403733548187,0.5400813591768365,0.42999999999999994,0,0.2299589696772789,0.2916878745302991,0.18489999999999995
823229,2026-04-25,2026,San Francisco Giants,Miami Marlins,2026-04-25T17:00:00+00:00,2026-04-25T20:05:00+00:00,0.01700238971237994,0.0,162,162,0.5587702187281721,0.5400813591768365,0.5102040816326531,1,0.19468371988118507,0.21152515617662604,0.23990004164931278
823799,2026-04-25,2026,Milwaukee Brewers,Pittsburgh Pirates,2026-04-25T17:00:00+00:00,2026-04-25T23:10:00+00:00,0.05979059490904104,0.0,162,162,0.6016414682039163,0.5400813591768365,0.5639097744360902,0,0.361972456262564,0.2916878745302991,0.3179942337045622
823960,2026-04-25,2026,Los Angeles Dodgers,Chicago Cubs,2026-04-25T17:00:00+00:00,2026-04-25T23:15:00+00:00,0.04640119160795053,0.0,162,162,0.5883605456670009,0.5400813591768365,0.5491183879093199,1,0.16944704036356925,0.21152515617662604,0.20329422812149053
824121,2026-04-25,2026,Kansas City Royals,Los Angeles Angels,2026-04-25T17:00:00+00:00,2026-04-25T23:10:00+00:00,0.03951385634229371,0.0,162,162,0.5814772285467104,0.5400813591768365,0.582089552238806,1,0.17516131022494252,0.21152515617662604,0.17464914234796167
824203,2026-04-25,2026,Houston Astros,New York Yankees,2026-04-25T17:00:00+00:00,2026-04-25T23:10:00+00:00,-0.05968116652147826,0.0,162,162,0.48013704482056285,0.5400813591768365,0.4228855721393035,0,0.2305315818090232,0.2916878745302991,0.17883220712358608
824527,2026-04-25,2026,Cincinnati Reds,Detroit Tigers,2026-04-25T17:00:00+00:00,2026-04-25T23:15:00+00:00,-0.005536532149914897,0.0,162,162,0.5357865934178747,0.5400813591768365,0.49744897959183665,1,0.21549408685058155,0.21152515617662604,0.25255752811328624
824613,2026-04-25,2026,Chicago White Sox,Washington Nationals,2026-04-25T17:00:00+00:00,2026-04-25T20:10:00+00:00,0.05066637745967861,0.0,162,162,0.5926061542769263,0.5400813591768365,0.5725,0,0.3511820540868882,0.2916878745302991,0.32775625
824933,2026-04-25,2026,Atlanta Braves,Philadelphia Phillies,2026-04-25T17:00:00+00:00,2026-04-25T23:15:00+00:00,0.026052506055716185,0.0,162,162,0.5679340718983241,0.5400813591768365,0.5329949238578681,0,0.3225491100230108,0.2916878745302991,0.2840835888582546
825093,2026-04-25,2026,Arizona Diamondbacks,San Diego Padres,2026-04-25T17:00:00+00:00,2026-04-25T22:05:00+00:00,-0.04912387711471611,0.0,162,162,0.4909922741074253,0.5400813591768365,0.5190839694656489,0,0.24107341323318104,0.2916878745302991,0.26944816735621474
822824,2026-04-26,2026,Toronto Blue Jays,Cleveland Guardians,2026-04-26T17:00:00+00:00,2026-04-26T17:37:00+00:00,0.03581739559522967,0.0,162,162,0.5777696179072532,0.5400813591768365,0.5443037974683544,1,0.17827849556218694,0.21152515617662604,0.20765902900176253
822991,2026-04-26,2026,Tampa Bay Rays,Minnesota Twins,2026-04-26T17:00:00+00:00,2026-04-26T17:40:00+00:00,0.03936829662110575,0.0,162,162,0.581331400839379,0.5400813591768365,0.5725,1,0.17528339592311679,0.21152515617662604,0.18275624999999998
823068,2026-04-26,2026,St. Louis Cardinals,Seattle Mariners,2026-04-26T17:00:00+00:00,2026-04-26T18:15:00+00:00,-0.05772831926720595,0.0,162,162,0.48214389620685394,0.5400813591768365,0.4582278481012658,0,0.23246273664952555,0.2916878745302991,0.20997276077551674
823230,2026-04-26,2026,San Francisco Giants,Miami Marlins,2026-04-26T17:00:00+00:00,2026-04-26T20:05:00+00:00,0.01921176770480021,0.0,162,162,0.5610113065101446,0.5400813591768365,0.5392405063291139,1,0.1927110730119302,0.21152515617662604,0.21229931100785132
823635,2026-04-26,2026,New York Mets,Colorado Rockies,2026-04-26T17:00:00+00:00,2026-04-26T17:40:00+00:00,0.10415087213944585,0.0,162,162,0.6444926258767353,0.5400813591768365,0.6857142857142857,0,0.4153707448094895,0.2916878745302991,0.4702040816326531
823637,2026-04-26,2026,New York Mets,Colorado Rockies,2026-04-26T17:00:00+00:00,2026-04-26T17:45:00+00:00,0.10415087213944585,0.0,162,162,0.6444926258767353,0.5400813591768365,0.6267942583732058,0,0.4153707448094895,0.2916878745302991,0.39287104232961706
823797,2026-04-26,2026,Milwaukee Brewers,Pittsburgh Pirates,2026-04-26T17:00:00+00:00,2026-04-26T18:10:00+00:00,0.056799569112854886,0.0,162,162,0.5986868849515733,0.5400813591768365,0.5253807106598984,1,0.16105221630987177,0.21152515617662604,0.22526346981370304
823959,2026-04-26,2026,Los Angeles Dodgers,Chicago Cubs,2026-04-26T17:00:00+00:00,2026-04-26T20:10:00+00:00,0.05418600802406348,0.0,162,162,0.596099275370865,0.5400813591768365,0.5267175572519084,1,0.1631357953559403,0.21152515617662604,0.2239962706136006
824122,2026-04-26,2026,Kansas City Royals,Los Angeles Angels,2026-04-26T17:00:00+00:00,2026-04-26T20:10:00+00:00,0.04924370418467755,0.0,162,162,0.5911915140940228,0.5400813591768365,0.5114503816793893,1,0.16712437814873754,0.21152515617662604,0.23868072956121442
824202,2026-04-26,2026,Houston Astros,New York Yankees,2026-04-26T17:00:00+00:00,2026-04-26T18:10:00+00:00,-0.05826413000784131,0.0,162,162,0.48159320803809413,0.5400813591768365,0.4582278481012658,1,0.26874560195223474,0.21152515617662604,0.2935170645729851
824528,2026-04-26,2026,Cincinnati Reds,Detroit Tigers,2026-04-26T17:00:00+00:00,2026-04-26T17:40:00+00:00,0.0013610315640018023,0.0,162,162,0.5428410061612665,0.5400813591768365,0.5,0,0.2946763579701762,0.2916878745302991,0.25
824612,2026-04-26,2026,Chicago White Sox,Washington Nationals,2026-04-26T17:00:00+00:00,2026-04-26T18:10:00+00:00,0.04579381064508975,0.0,162,162,0.5877548656002392,0.5400813591768365,0.5292620865139949,0,0.3454557820367552,0.2916878745302991,0.2801183562211474
824852,2026-04-26,2026,Baltimore Orioles,Boston Red Sox,2026-04-26T17:00:00+00:00,2026-04-26T17:35:00+00:00,-0.04091508112754072,0.0,162,162,0.4994391324432576,0.5400813591768365,0.5577889447236182,0,0.2494394470156738,0.2916878745302991,0.31112850685588755
824934,2026-04-26,2026,Atlanta Braves,Philadelphia Phillies,2026-04-26T17:00:00+00:00,2026-04-26T17:35:00+00:00,0.01986938204876698,0.0,162,162,0.5616778831305383,0.5400813591768365,0.6527777777777778,1,0.192126278136926,0.21152515617662604,0.12056327160493827
825094,2026-04-26,2026,Arizona Diamondbacks,San Diego Padres,2026-04-26T17:00:00+00:00,2026-04-26T20:05:00+00:00,-0.04950060430667147,0.0,162,162,0.490604708093798,0.5400813591768365,0.4483627204030227,1,0.25948356341620465,0.21152515617662604,0.30430368824115367
822825,2026-04-27,2026,Toronto Blue Jays,Boston Red Sox,2026-04-27T17:00:00+00:00,2026-04-27T23:07:00+00:00,0.02305805806368133,0.0,162,162,0.5649068177585179,0.5400813591768365,0.5541561712846348,0,0.31911971275005535,0.2916878745302991,0.3070890621728455
822906,2026-04-27,2026,Texas Rangers,New York Yankees,2026-04-27T17:00:00+00:00,2026-04-28T00:05:00+00:00,0.014036028658074073,0.0,162,162,0.5557575297594256,0.5400813591768365,0.40196078431372556,0,0.30886643188429885,0.2916878745302991,0.1615724721261054
823311,2026-04-27,2026,San Diego Padres,Chicago Cubs,2026-04-27T17:00:00+00:00,2026-04-28T01:40:00+00:00,0.015002500394275198,0.0,162,162,0.5567395569801725,0.5400813591768365,0.5190839694656489,1,0.19647982034613373,0.21152515617662604,0.23128022842491688
823395,2026-04-27,2026,Pittsburgh Pirates,St. Louis Cardinals,2026-04-27T17:00:00+00:00,2026-04-27T22:40:00+00:00,0.06081793475414238,0.0,162,162,0.6026545967928022,0.5400813591768365,0.5516372795969774,0,0.363192563035495,0.2916878745302991,0.30430368824115384
823719,2026-04-27,2026,Minnesota Twins,Seattle Mariners,2026-04-27T17:00:00+00:00,2026-04-27T23:40:00+00:00,-0.06924295765383032,0.0,162,162,0.4703212889837535,0.5400813591768365,0.4593908629441624,1,0.2805595369038323,0.21152515617662604,0.2922582390682574
823961,2026-04-27,2026,Los Angeles Dodgers,Miami Marlins,2026-04-27T17:00:00+00:00,2026-04-28T02:10:00+00:00,0.09491247198115771,0.0,162,162,0.6357321120350985,0.5400813591768365,0.7244897959183673,1,0.13269109420241004,0.21152515617662604,0.07590587255310292
824446,2026-04-27,2026,Cleveland Guardians,Tampa Bay Rays,2026-04-27T17:00:00+00:00,2026-04-27T22:10:00+00:00,0.024108927189996965,0.0,162,162,0.5659697631786218,0.5400813591768365,0.5516372795969774,0,0.32032177283246527,0.2916878745302991,0.30430368824115384
824609,2026-04-27,2026,Chicago White Sox,Los Angeles Angels,2026-04-27T17:00:00+00:00,2026-04-27T23:40:00+00:00,0.037159462772187846,0.0,162,162,0.5791167699616608,0.5400813591768365,0.4885496183206107,1,0.1771426933275055,0.21152515617662604,0.261581492919993
822823,2026-04-28,2026,Toronto Blue Jays,Boston Red Sox,2026-04-28T17:00:00+00:00,2026-04-28T23:07:00+00:00,0.015519979806357997,0.0,162,162,0.5572651835590945,0.5400813591768365,0.5051020408163266,1,0.1960141176889623,0.21152515617662604,0.24492399000416487
822908,2026-04-28,2026,Texas Rangers,New York Yankees,2026-04-28T17:00:00+00:00,2026-04-29T00:05:00+00:00,0.008940745390730753,0.0,162,162,0.5505732089962985,0.5400813591768365,0.4783715012722647,0,0.30313085846448173,0.2916878745302991,0.22883929322948032
823310,2026-04-28,2026,San Diego Padres,Chicago Cubs,2026-04-28T17:00:00+00:00,2026-04-29T01:40:00+00:00,0.01755649701305917,0.0,162,162,0.5593325074554193,0.5400813591768365,0.48600508905852424,0,0.3128528538963667,0.2916878745302991,0.23620094659078408
823390,2026-04-28,2026,Pittsburgh Pirates,St. Louis Cardinals,2026-04-28T17:00:00+00:00,2026-04-28T22:40:00+00:00,0.060936410941246244,0.0,162,162,0.6027713776941707,0.5400813591768365,0.5831265508684863,0,0.3633333337673285,0.2916878745302991,0.34003657432777734
823473,2026-04-28,2026,Philadelphia Phillies,San Francisco Giants,2026-04-28T17:00:00+00:00,2026-04-28T22:40:00+00:00,0.011735119999022547,0.0,162,162,0.5534178478474474,0.5400813591768365,0.6004901960784313,1,0.19943561862120562,0.21152515617662604,0.15960808342945024
823636,2026-04-28,2026,New York Mets,Washington Nationals,2026-04-28T17:00:00+00:00,2026-04-28T23:10:00+00:00,0.06943669825821347,0.0,162,162,0.6111187442557736,0.5400813591768365,0.6285714285714284,1,0.1512286310692064,0.21152515617662604,0.1379591836734695
823716,2026-04-28,2026,Minnesota Twins,Seattle Mariners,2026-04-28T17:00:00+00:00,2026-04-28T23:40:00+00:00,-0.06280859193986549,0.0,162,162,0.476924495172207,0.5400813591768365,0.46954314720812185,0,0.22745697409526447,0.2916878745302991,0.220470767090108
823798,2026-04-28,2026,Milwaukee Brewers,Arizona Diamondbacks,2026-04-28T17:00:00+00:00,2026-04-28T23:40:00+00:00,0.08588145693936439,0.0,162,162,0.6270803580953526,0.5400813591768365,0.5139949109414759,1,0.13906905931829047,0.21152515617662604,0.23620094659078397
823956,2026-04-28,2026,Los Angeles Dodgers,Miami Marlins,2026-04-28T17:00:00+00:00,2026-04-29T02:10:00+00:00,0.09757701508833133,0.0,162,162,0.6382683686291923,0.5400813591768365,0.7201646090534979,0,0.40738651039257057,0.2916878745302991,0.5186370641331775
824447,2026-04-28,2026,Cleveland Guardians,Tampa Bay Rays,2026-04-28T17:00:00+00:00,2026-04-28T22:10:00+00:00,0.029964883647157492,0.0,162,162,0.5718816458050283,0.5400813591768365,0.5380710659898477,0,0.32704861680866787,0.2916878745302991,0.289520472055451
824526,2026-04-28,2026,Cincinnati Reds,Colorado Rockies,2026-04-28T17:00:00+00:00,2026-04-28T22:40:00+00:00,0.09853014297998036,0.0,162,162,0.639173748278715,0.5400813591768365,0.6448598130841121,1,0.13019558393123215,0.21152515617662604,0.1261245523626518
824610,2026-04-28,2026,Chicago White Sox,Los Angeles Angels,2026-04-28T17:00:00+00:00,2026-04-28T23:40:00+00:00,0.0439908941603146,0.0,162,162,0.5859554388698375,0.5400813591768365,0.4593908629441624,1,0.1714328986014689,0.21152515617662604,0.2922582390682574
824849,2026-04-28,2026,Baltimore Orioles,Houston Astros,2026-04-28T17:00:00+00:00,2026-04-28T22:35:00+00:00,-0.013190762631677788,0.0,162,162,0.527941630319058,0.5400813591768365,0.5603015075376885,1,0.22283910438582885,0.21152515617662604,0.19333476427362942
824931,2026-04-28,2026,Atlanta Braves,Detroit Tigers,2026-04-28T17:00:00+00:00,2026-04-28T23:15:00+00:00,0.0498322043225749,0.0,162,162,0.5917768758663121,0.5400813591768365,0.5292620865139949,1,0.16664611907746835,0.21152515617662604,0.22159418319315766
822821,2026-04-29,2026,Toronto Blue Jays,Boston Red Sox,2026-04-29T17:00:00+00:00,2026-04-29T19:07:00+00:00,0.02063370709386647,0.0,162,162,0.5624523449435109,0.5400813591768365,0.5367088607594936,1,0.19144795044543234,0.21152515617662604,0.21463867969876624
822907,2026-04-29,2026,Texas Rangers,New York Yankees,2026-04-29T17:00:00+00:00,2026-04-29T18:35:00+00:00,0.009401135840292563,0.0,162,162,0.5510421135212543,0.5400813591768365,0.48346055979643765,1,0.2015631838314623,0.21152515617662604,0.26681299328580954
823312,2026-04-29,2026,San Diego Padres,Chicago Cubs,2026-04-29T17:00:00+00:00,2026-04-29T20:10:00+00:00,0.011780987741171867,0.0,162,162,0.5534645119956568,0.5400813591768365,0.49109414758269715,0,0.30632296603859055,0.2916878745302991,0.24117346178997592
823392,2026-04-29,2026,Pittsburgh Pirates,St. Louis Cardinals,2026-04-29T17:00:00+00:00,2026-04-29T22:40:00+00:00,0.054029059630355813,0.0,162,162,0.5959437135958743,0.5400813591768365,0.5417721518987342,0,0.3551489097744414,0.2916878745302991,0.2935170645729851
823633,2026-04-29,2026,New York Mets,Washington Nationals,2026-04-29T17:00:00+00:00,2026-04-29T23:10:00+00:00,0.0809870963675074,0.0,162,162,0.6223569126727735,0.5400813591768365,0.5945945945945945,0,0.38732812675158623,0.2916878745302991,0.3535427319211102
823717,2026-04-29,2026,Minnesota Twins,Seattle Mariners,2026-04-29T17:00:00+00:00,2026-04-29T17:40:00+00:00,-0.07069099962228087,0.0,162,162,0.46883659812966794,0.5400813591768365,0.44584382871536526,0,0.21980775574579975,0.2916878745302991,0.19877671960357596
823796,2026-04-29,2026,Milwaukee Brewers,Arizona Diamondbacks,2026-04-29T17:00:00+00:00,2026-04-29T23:40:00+00:00,0.09417295839100137,0.0,162,162,0.635026857017917,0.5400813591768365,0.5417721518987342,0,0.40325910913405394,0.2916878745302991,0.2935170645729851
823958,2026-04-29,2026,Los Angeles Dodgers,Miami Marlins,2026-04-29T17:00:00+00:00,2026-04-29T19:10:00+00:00,0.0956697417575555,0.0,162,162,0.6364536969237641,0.5400813591768365,0.6748878923766817,0,0.40507330832792654,0.2916878745302991,0.45547366727663946
824445,2026-04-29,2026,Cleveland Guardians,Tampa Bay Rays,2026-04-29T17:00:00+00:00,2026-04-29T17:10:00+00:00,0.027739846269423163,0.0,162,162,0.5696376804638849,0.5400813591768365,0.5102040816326531,1,0.18521172607650527,0.21152515617662604,0.23990004164931278
824525,2026-04-29,2026,Cincinnati Reds,Colorado Rockies,2026-04-29T17:00:00+00:00,2026-04-29T22:40:00+00:00,0.1061676668434205,0.0,162,162,0.6463925267478611,0.5400813591768365,0.5796019900497512,0,0.4178232986354843,0.2916878745302991,0.3359384668696319
824608,2026-04-29,2026,Chicago White Sox,Los Angeles Angels,2026-04-29T17:00:00+00:00,2026-04-29T17:10:00+00:00,0.04303325957579418,0.0,162,162,0.5849987208487307,0.5400813591768365,0.4885496183206107,1,0.17222606169718974,0.21152515617662604,0.261581492919993
824930,2026-04-29,2026,Atlanta Braves,Detroit Tigers,2026-04-29T17:00:00+00:00,2026-04-29T23:15:00+00:00,0.05157027395650948,0.0,162,162,0.5935041515974545,0.5400813591768365,0.42039800995024873,1,0.16523887476850524,0.21152515617662604,0.335938466869632
823471,2026-04-30,2026,Philadelphia Phillies,San Francisco Giants,2026-04-30T17:00:00+00:00,2026-04-30T21:35:00+00:00,0.017902317948793045,0.0,162,162,0.5596833574232883,0.5400813591768365,0.39702233250620345,1,0.19387874573002764,0.21152515617662604,0.3635820674962595
823634,2026-04-30,2026,New York Mets,Washington Nationals,2026-04-30T17:00:00+00:00,2026-04-30T17:10:00+00:00,0.07080531149365948,0.0,162,162,0.6124568062817645,0.5400813591768365,0.635933806146572,0,0.3751033395608588,0.2916878745302991,0.40441180580006586
823714,2026-04-30,2026,Minnesota Twins,Toronto Blue Jays,2026-04-30T17:00:00+00:00,2026-04-30T23:40:00+00:00,-0.10927433936442854,0.0,162,162,0.42956090279600556,0.5400813591768365,0.457070707070707,1,0.32540076361890824,0.21152515617662604,0.29477221712070206
823795,2026-04-30,2026,Milwaukee Brewers,Arizona Diamondbacks,2026-04-30T17:00:00+00:00,2026-04-30T17:40:00+00:00,0.0946052152238323,0.0,162,162,0.6354391597941088,0.5400813591768365,0.5392405063291139,1,0.13290460621162534,0.21152515617662604,0.21229931100785132
822744,2026-05-01,2026,Washington Nationals,Milwaukee Brewers,2026-05-01T17:00:00+00:00,2026-05-01T22:45:00+00:00,-0.1613158354224976,0.0,162,162,0.378041222433026,0.5400813591768365,0.4133663366336633,0,0.14291516585865666,0.2916878745302991,0.17087172826193503
822990,2026-05-01,2026,Tampa Bay Rays,San Francisco Giants,2026-05-01T17:00:00+00:00,2026-05-01T23:10:00+00:00,-0.02032266157011564,1.0,162,162,0.4927964015339398,0.5400813591768365,0.571072319201995,1,0.25725549029692046,0.21152515617662604,0.18397895535475528
823066,2026-05-01,2026,St. Louis Cardinals,Los Angeles Dodgers,2026-05-01T17:00:00+00:00,2026-05-02T00:15:00+00:00,-0.11764113049800301,-1.0,162,162,0.4484974595573984,0.5400813591768365,0.3883495145631068,1,0.30415505211464344,0.21152515617662604,0.37411631633518705
823146,2026-05-01,2026,Seattle Mariners,Kansas City Royals,2026-05-01T17:00:00+00:00,2026-05-02T01:45:00+00:00,0.021242744421967386,1.0,162,162,0.5355117841779935,0.5400813591768365,0.568922305764411,0,0.2867728709934979,0.2916878745302991,0.323672589996294
823309,2026-05-01,2026,San Diego Padres,Chicago White Sox,2026-05-01T17:00:00+00:00,2026-05-02T01:40:00+00:00,0.054671018071866806,0.0,162,162,0.5965798782168459,0.5400813591768365,0.5796019900497512,0,0.35590755109322664,0.2916878745302991,0.3359384668696319
823389,2026-05-01,2026,Pittsburgh Pirates,Cincinnati Reds,2026-05-01T17:00:00+00:00,2026-05-01T22:45:00+00:00,0.019559751929547287,0.0,162,162,0.5613640608091276,0.5400813591768365,0.547979797979798,1,0.19240148714985872,0.21152515617662604,0.20432226303438422
823557,2026-05-01,2026,New York Yankees,Baltimore Orioles,2026-05-01T17:00:00+00:00,2026-05-01T23:05:00+00:00,0.07049635751580008,1.0,162,162,0.5854138260391897,0.5400813591768365,0.6267942583732058,1,0.1718816956394633,0.21152515617662604,0.13928252558320547
823713,2026-05-01,2026,Minnesota Twins,Toronto Blue Jays,2026-05-01T17:00:00+00:00,2026-05-02T00:10:00+00:00,-0.10097232943175588,0.0,162,162,0.4379544873405847,0.5400813591768365,0.5025510204081632,0,0.19180413298175433,0.2916878745302991,0.2525575281132861
823877,2026-05-01,2026,Miami Marlins,Philadelphia Phillies,2026-05-01T17:00:00+00:00,2026-05-01T23:10:00+00:00,-0.041695552584273765,1.0,162,162,0.470833790840323,0.5400813591768365,0.47959183673469385,0,0.22168445859706903,0.2916878745302991,0.23000832986255726
824041,2026-05-01,2026,Los Angeles Angels,New York Mets,2026-05-01T17:00:00+00:00,2026-05-02T01:38:00+00:00,-0.05775002899707532,1.0,162,162,0.45440567804407295,0.5400813591768365,0.46700507614213205,0,0.20648452023869368,0.2916878745302991,0.21809374114251856
824287,2026-05-01,2026,Detroit Tigers,Texas Rangers,2026-05-01T17:00:00+00:00,2026-05-01T22:40:00+00:00,-0.06876809540020362,-1.0,162,162,0.4986103446454173,0.5400813591768365,0.5139949109414759,0,0.24861227578742184,0.2916878745302991,0.26419076847373574
824366,2026-05-01,2026,Colorado Rockies,Atlanta Braves,2026-05-01T17:00:00+00:00,2026-05-02T00:40:00+00:00,-0.14831595980718015,0.0,162,162,0.3907033063927808,0.5400813591768365,0.37740384615384615,0,0.15264907362625113,0.2916878745302991,0.14243366309171596
824686,2026-05-01,2026,Chicago Cubs,Arizona Diamondbacks,2026-05-01T17:00:00+00:00,2026-05-01T18:20:00+00:00,0.04084922644882227,1.0,162,162,0.5555192133437148,0.5400813591768365,0.5925925925925927,1,0.19756316970659013,0.21152515617662604,0.16598079561042517
824772,2026-05-01,2026,Boston Red Sox,Houston Astros,2026-05-01T17:00:00+00:00,2026-05-01T23:10:00+00:00,0.025388313593564193,1.0,162,162,0.5397538762974382,0.5400813591768365,0.5292620865139949,1,0.2118264943832338,0.21152515617662604,0.22159418319315766
822746,2026-05-02,2026,Washington Nationals,Milwaukee Brewers,2026-05-02T17:00:00+00:00,2026-05-02T20:05:00+00:00,-0.16404106145018038,0.0,162,162,0.3754071313155843,0.5400813591768365,0.4531645569620253,0,0.14093051424259634,0.2916878745302991,0.20535811568658865
822988,2026-05-02,2026,Tampa Bay Rays,San Francisco Giants,2026-05-02T17:00:00+00:00,2026-05-02T22:10:00+00:00,-0.01774319878912206,0.0,162,162,0.5232689500500386,0.5400813591768365,0.4885496183206107,1,0.2272724939863926,0.21152515617662604,0.261581492919993
823067,2026-05-02,2026,St. Louis Cardinals,Los Angeles Dodgers,2026-05-02T17:00:00+00:00,2026-05-02T23:15:00+00:00,-0.10992399234735734,0.0,162,162,0.42890572488823475,0.5400813591768365,0.44332493702770776,1,0.3261486710654326,0.21152515617662604,0.3098871257352056
823144,2026-05-02,2026,Seattle Mariners,Kansas City Royals,2026-05-02T17:00:00+00:00,2026-05-03T01:40:00+00:00,0.022536816467497,0.0,162,162,0.5643793640863408,0.5400813591768365,0.5639097744360902,0,0.31852406660650245,0.2916878745302991,0.3179942337045622
823308,2026-05-02,2026,San Diego Padres,Chicago White Sox,2026-05-02T17:00:00+00:00,2026-05-03T00:40:00+00:00,0.04925560952250785,0.0,162,162,0.59120335851173,0.5400813591768365,0.6235011990407675,0,0.34952141111554913,0.2916878745302991,0.3887537452052748
823388,2026-05-02,2026,Pittsburgh Pirates,Cincinnati Reds,2026-05-02T17:00:00+00:00,2026-05-02T20:05:00+00:00,0.027034819476504712,0.0,162,162,0.5689260543347937,0.5400813591768365,0.5468354430379747,1,0.18582474663136922,0.21152515617662604,0.20535811568658865
823554,2026-05-02,2026,New York Yankees,Baltimore Orioles,2026-05-02T17:00:00+00:00,2026-05-02T17:35:00+00:00,0.0767354231734248,0.0,162,162,0.6182347351420988,0.5400813591768365,0.608272506082725,1,0.14574471745202344,0.21152515617662604,0.15345042949070872
823715,2026-05-02,2026,Minnesota Twins,Toronto Blue Jays,2026-05-02T17:00:00+00:00,2026-05-02T18:10:00+00:00,-0.10461572952818743,0.0,162,162,0.43426623108051304,0.5400813591768365,0.43609022556390975,0,0.18858715945687354,0.2916878745302991,0.19017468483238167
823876,2026-05-02,2026,Miami Marlins,Philadelphia Phillies,2026-05-02T17:00:00+00:00,2026-05-02T20:10:00+00:00,-0.04199800418629773,0.0,162,162,0.49832468113868006,0.5400813591768365,0.5591939546599496,1,0.251678125554607,0.21152515617662604,0.19430996960833458
824042,2026-05-02,2026,Los Angeles Angels,New York Mets,2026-05-02T17:00:00+00:00,2026-05-03T01:38:00+00:00,-0.05802582326575412,0.0,162,162,0.48183812621124783,0.5400813591768365,0.46700507614213205,1,0.26849172744827066,0.21152515617662604,0.28408358885825447
824284,2026-05-02,2026,Detroit Tigers,Texas Rangers,2026-05-02T17:00:00+00:00,2026-05-02T23:15:00+00:00,-0.07088314955294894,0.0,162,162,0.4686396259038045,0.5400813591768365,0.5443037974683544,1,0.28234384715964883,0.21152515617662604,0.20765902900176253
824365,2026-05-02,2026,Colorado Rockies,Atlanta Braves,2026-05-02T17:00:00+00:00,2026-05-03T00:10:00+00:00,-0.14737902885113152,0.0,162,162,0.3916218333525589,0.5400813591768365,0.3394495412844037,0,0.15336766035841942,0.2916878745302991,0.11522599107819208
824685,2026-05-02,2026,Chicago Cubs,Arizona Diamondbacks,2026-05-02T17:00:00+00:00,2026-05-02T18:20:00+00:00,0.041685975356013594,0.0,162,162,0.5836516418108448,0.5400813591768365,0.5955882352941176,1,0.17334595536680505,0.21152515617662604,0.16354887543252597
824771,2026-05-02,2026,Boston Red Sox,Houston Astros,2026-05-02T17:00:00+00:00,2026-05-02T20:10:00+00:00,0.024650034456965175,0.0,162,162,0.5665168527399079,0.5400813591768365,0.5468354430379747,0,0.3209413444383305,0.2916878745302991,0.2990290017625381
822742,2026-05-03,2026,Washington Nationals,Milwaukee Brewers,2026-05-03T17:00:00+00:00,2026-05-03T17:35:00+00:00,-0.166266675199153,0.0,162,162,0.37326139336158964,0.5400813591768365,0.4088669950738916,1,0.39280128105105616,0.21152515617662604,0.3494382295129704
822987,2026-05-03,2026,Tampa Bay Rays,San Francisco Giants,2026-05-03T17:00:00+00:00,2026-05-03T17:40:00+00:00,-0.01423486678060576,0.0,162,162,0.5268703508986995,0.5400813591768365,0.530456852791878,1,0.22385166485871974,0.21152515617662604,0.2204707670901081
823065,2026-05-03,2026,St. Louis Cardinals,Los Angeles Dodgers,2026-05-03T17:00:00+00:00,2026-05-03T18:15:00+00:00,-0.10912254727556187,0.0,162,162,0.42971402145170157,0.5400813591768365,0.4483627204030227,0,0.18465414023219343,0.2916878745302991,0.20102912904719913
823145,2026-05-03,2026,Seattle Mariners,Kansas City Royals,2026-05-03T17:00:00+00:00,2026-05-03T20:10:00+00:00,0.01614127679679389,0.0,162,162,0.5578960927242914,0.5400813591768365,0.5241730279898218,0,0.3112480502770312,0.2916878745302991,0.2747573632720185
823307,2026-05-03,2026,San Diego Padres,Chicago White Sox,2026-05-03T17:00:00+00:00,2026-05-03T20:10:00+00:00,0.048572185612316576,0.0,162,162,0.5905232606973037,0.5400813591768365,0.6276849642004773,1,0.16767120002996835,0.21152515617662604,0.1386184858823999
823387,2026-05-03,2026,Pittsburgh Pirates,Cincinnati Reds,2026-05-03T17:00:00+00:00,2026-05-03T17:35:00+00:00,0.036434112986990064,0.0,162,162,0.5783888169070299,0.5400813591768365,0.5204081632653061,1,0.17775598970905393,0.21152515617662604,0.23000832986255726
823555,2026-05-03,2026,New York Yankees,Baltimore Orioles,2026-05-03T17:00:00+00:00,2026-05-03T17:35:00+00:00,0.08281991373546493,0.0,162,162,0.6241285029734759,0.5400813591768365,0.71900826446281,1,0.14127938227696032,0.21152515617662604,0.07895635544020214
823875,2026-05-03,2026,Miami Marlins,Philadelphia Phillies,2026-05-03T17:00:00+00:00,2026-05-03T17:40:00+00:00,-0.03800013819370651,0.0,162,162,0.5024389377533549,0.5400813591768365,0.43969849246231163,0,0.25244488617071964,0.2916878745302991,0.19333476427362953
824043,2026-05-03,2026,Los Angeles Angels,New York Mets,2026-05-03T17:00:00+00:00,2026-05-03T20:07:00+00:00,-0.057280829330478955,0.0,162,162,0.4826038445372822,0.5400813591768365,0.4545454545454545,0,0.23290647076216528,0.2916878745302991,0.2066115702479338
824285,2026-05-03,2026,Detroit Tigers,Texas Rangers,2026-05-03T17:00:00+00:00,2026-05-03T23:20:00+00:00,-0.065964058194808,0.0,162,162,0.4736850761281552,0.5400813591768365,0.5443037974683544,1,0.27700739909022576,0.21152515617662604,0.20765902900176253
824364,2026-05-03,2026,Colorado Rockies,Atlanta Braves,2026-05-03T17:00:00+00:00,2026-05-03T19:10:00+00:00,-0.15141229404698697,0.0,162,162,0.3876733308852691,0.5400813591768365,0.4228855721393035,0,0.15029061147967934,0.2916878745302991,0.17883220712358608
824687,2026-05-03,2026,Chicago Cubs,Arizona Diamondbacks,2026-05-03T17:00:00+00:00,2026-05-03T18:20:00+00:00,0.04220213236012582,0.0,162,162,0.584167869011072,0.5400813591768365,0.5911330049261084,1,0.172916361162793,0.21152515617662604,0.16717221966075368
824769,2026-05-03,2026,Boston Red Sox,Houston Astros,2026-05-03T17:00:00+00:00,2026-05-03T17:35:00+00:00,0.022985732799539083,0.0,162,162,0.5648336392842258,0.5400813591768365,0.6235011990407675,0,0.3190370400670629,0.2916878745302991,0.3887537452052748
822984,2026-05-04,2026,Tampa Bay Rays,Toronto Blue Jays,2026-05-04T17:00:00+00:00,2026-05-04T22:40:00+00:00,-0.067853519402088,0.0,162,162,0.4717463871740734,0.5400813591768365,0.5355329949238579,1,0.2790518794636439,0.21152515617662604,0.21572959880440104
823064,2026-05-04,2026,St. Louis Cardinals,Milwaukee Brewers,2026-05-04T17:00:00+00:00,2026-05-04T23:45:00+00:00,-0.12183635020597122,0.0,162,162,0.41693845506421845,0.5400813591768365,0.49109414758269715,1,0.3399607651829004,0.21152515617662604,0.2589851666245817
823143,2026-05-04,2026,Seattle Mariners,Atlanta Braves,2026-05-04T17:00:00+00:00,2026-05-05T01:40:00+00:00,-0.053709501734973686,0.0,162,162,0.4862755916507822,0.5400813591768365,0.57356608478803,1,0.26391276773375394,0.21152515617662604,0.18184588404300966
823228,2026-05-04,2026,San Francisco Giants,San Diego Padres,2026-05-04T17:00:00+00:00,2026-05-05T01:45:00+00:00,-0.030497939670978524,0.0,162,162,0.5101582186235881,0.5400813591768365,0.44332493702770776,1,0.2399449707820165,0.21152515617662604,0.3098871257352056
823552,2026-05-04,2026,New York Yankees,Baltimore Orioles,2026-05-04T17:00:00+00:00,2026-05-04T23:05:00+00:00,0.09016945476535432,0.0,162,162,0.631198814778943,0.5400813591768365,0.6535796766743649,1,0.13601431422045637,0.21152515617662604,0.12000704041303757
823874,2026-05-04,2026,Miami Marlins,Philadelphia Phillies,2026-05-04T17:00:00+00:00,2026-05-04T22:40:00+00:00,-0.04152858026031503,0.0,162,162,0.4988077704889481,0.5400813591768365,0.5025510204081632,0,0.2488091919001551,0.2916878745302991,0.2525575281132861
824039,2026-05-04,2026,Los Angeles Angels,Chicago White Sox,2026-05-04T17:00:00+00:00,2026-05-05T01:38:00+00:00,-0.04728976009921454,0.0,162,162,0.49287930662914514,0.5400813591768365,0.5866336633663367,0,0.24293001090322688,0.2916878745302991,0.34413905499460845
824120,2026-05-04,2026,Kansas City Royals,Cleveland Guardians,2026-05-04T17:00:00+00:00,2026-05-04T23:40:00+00:00,-0.022024404984464896,0.0,162,162,0.5188709292915119,0.5400813591768365,0.5216284987277354,1,0.23148518268081333,0.21152515617662604,0.22883929322948024
824201,2026-05-04,2026,Houston Astros,Los Angeles Dodgers,2026-05-04T17:00:00+00:00,2026-05-05T00:10:00+00:00,-0.07629619284555128,0.0,162,162,0.46309497537746436,0.5400813591768365,0.3591549295774648,0,0.2144569562198543,0.2916878745302991,0.1289922634397937
824283,2026-05-04,2026,Detroit Tigers,Boston Red Sox,2026-05-04T17:00:00+00:00,2026-05-04T22:10:00+00:00,-0.02132999760229054,0.0,162,162,0.5195845006062977,0.5400813591768365,0.6431924882629109,0,0.26996805327029577,0.2916878745302991,0.41369657695783474
824363,2026-05-04,2026,Colorado Rockies,New York Mets,2026-05-04T17:00:00+00:00,2026-05-04T21:40:00+00:00,-0.09385587817633817,0.0,162,162,0.4451780054122113,0.5400813591768365,0.4335839598997493,0,0.19818345650279484,0.2916878745302991,0.1879950502823474
824684,2026-05-04,2026,Chicago Cubs,Cincinnati Reds,2026-05-04T17:00:00+00:00,2026-05-04T23:10:00+00:00,0.044552285759190124,0.0,162,162,0.5865159922413132,0.5400813591768365,0.6574712643678161,1,0.17096902467218575,0.21152515617662604,0.11732593473378253
822743,2026-05-05,2026,Washington Nationals,Minnesota Twins,2026-05-05T17:00:00+00:00,2026-05-05T22:45:00+00:00,-0.023584212545210592,0.0,162,162,0.5172677985905554,0.5400813591768365,0.49109414758269715,0,0.26756597545871935,0.2916878745302991,0.24117346178997592
822986,2026-05-05,2026,Tampa Bay Rays,Toronto Blue Jays,2026-05-05T17:00:00+00:00,2026-05-05T22:40:00+00:00,-0.061566098293847016,0.0,162,162,0.47820059408877275,0.5400813591768365,0.5406091370558376,1,0.27227462000930963,0.21152515617662604,0.21103996495658223
823142,2026-05-05,2026,Seattle Mariners,Atlanta Braves,2026-05-05T17:00:00+00:00,2026-05-06T01:40:00+00:00,-0.05074523053241792,0.0,162,162,0.48932435554693154,0.5400813591768365,0.5429292929292929,0,0.23943832493141987,0.2916878745302991,0.29477221712070195
823227,2026-05-05,2026,San Francisco Giants,San Diego Padres,2026-05-05T17:00:00+00:00,2026-05-06T01:45:00+00:00,-0.031424283221533456,0.0,162,162,0.5092052580548974,0.5400813591768365,0.5454545454545454,0,0.2592899948307546,0.2916878745302991,0.29752066115702475
823553,2026-05-05,2026,New York Yankees,Texas Rangers,2026-05-05T17:00:00+00:00,2026-05-05T23:05:00+00:00,0.005629647992218545,-1.0,162,162,0.5746131560333672,0.5400813591768365,0.5355329949238579,1,0.18095396701989244,0.21152515617662604,0.21572959880440104
823873,2026-05-05,2026,Miami Marlins,Baltimore Orioles,2026-05-05T17:00:00+00:00,2026-05-05T22:40:00+00:00,0.017036311473301036,0.0,162,162,0.5588046456926706,0.5400813591768365,0.565,0,0.31226263204771115,0.2916878745302991,0.3192249999999999
824040,2026-05-05,2026,Los Angeles Angels,Chicago White Sox,2026-05-05T17:00:00+00:00,2026-05-06T01:38:00+00:00,-0.052948149147307055,0.0,162,162,0.48705855721859387,0.5400813591768365,0.5089058524173028,1,0.2631089237226705,0.21152515617662604,0.24117346178997598
824119,2026-05-05,2026,Kansas City Royals,Cleveland Guardians,2026-05-05T17:00:00+00:00,2026-05-05T23:40:00+00:00,-0.019787960266033577,0.0,162,162,0.5211688044656176,0.5400813591768365,0.47715736040609136,1,0.2292793138168859,0.21152515617662604,0.27336442577752584
824200,2026-05-05,2026,Houston Astros,Los Angeles Dodgers,2026-05-05T17:00:00+00:00,2026-05-06T00:10:00+00:00,-0.0804460311710013,0.0,162,162,0.4588503409820453,0.5400813591768365,0.3251121076233184,1,0.2928429534552487,0.21152515617662604,0.45547366727663946
824281,2026-05-05,2026,Detroit Tigers,Boston Red Sox,2026-05-05T17:00:00+00:00,2026-05-05T22:40:00+00:00,-0.0221399086250455,0.0,162,162,0.5187522304889215,0.5400813591768365,0.5796019900497512,0,0.2691038766372311,0.2916878745302991,0.3359384668696319
824682,2026-05-05,2026,Chicago Cubs,Cincinnati Reds,2026-05-05T17:00:00+00:00,2026-05-05T23:40:00+00:00,0.04387582010348995,0.0,162,162,0.5858405090801864,0.5400813591768365,0.6004901960784313,1,0.17152808391895918,0.21152515617662604,0.15960808342945024
825092,2026-05-05,2026,Arizona Diamondbacks,Pittsburgh Pirates,2026-05-05T17:00:00+00:00,2026-05-06T01:40:00+00:00,-0.03389805970100118,0.0,162,162,0.5066600925153729,0.5400813591768365,0.5566750629722922,1,0.2433842643169404,0.21152515617662604,0.1965369997906211
822740,2026-05-06,2026,Washington Nationals,Minnesota Twins,2026-05-06T17:00:00+00:00,2026-05-06T22:45:00+00:00,-0.02600326774195011,0.0,162,162,0.5147808636456557,0.5400813591768365,0.4483627204030227,1,0.23543761028445578,0.21152515617662604,0.30430368824115367
822985,2026-05-06,2026,Tampa Bay Rays,Toronto Blue Jays,2026-05-06T17:00:00+00:00,2026-05-06T17:10:00+00:00,-0.057392336126254606,0.0,162,162,0.48248923053614406,0.5400813591768365,0.544529262086514,1,0.26781739651107217,0.21152515617662604,0.20745359309545547
823063,2026-05-06,2026,St. Louis Cardinals,Milwaukee Brewers,2026-05-06T17:00:00+00:00,2026-05-06T17:15:00+00:00,-0.12220653328854686,0.0,162,162,0.416568052736521,0.5400813591768365,0.5076530612244898,0,0.17352894256069692,0.2916878745302991,0.2577116305705956
823141,2026-05-06,2026,Seattle Mariners,Atlanta Braves,2026-05-06T17:00:00+00:00,2026-05-06T20:10:00+00:00,-0.051997842289787766,0.0,162,162,0.488035929688504,0.5400813591768365,0.547979797979798,1,0.2621072092899145,0.21152515617662604,0.20432226303438422
823226,2026-05-06,2026,San Francisco Giants,San Diego Padres,2026-05-06T17:00:00+00:00,2026-05-06T19:45:00+00:00,-0.038800483576851674,0.0,162,162,0.5016153003618679,0.5400813591768365,0.49744897959183665,0,0.25161790955712693,0.2916878745302991,0.24745548729695951
823550,2026-05-06,2026,New York Yankees,Texas Rangers,2026-05-06T17:00:00+00:00,2026-05-06T23:05:00+00:00,0.00998026570515731,0.0,162,162,0.5516318244104067,0.5400813591768365,0.6431924882629109,0,0.3042976697023538,0.2916878745302991,0.41369657695783474
823872,2026-05-06,2026,Miami Marlins,Baltimore Orioles,2026-05-06T17:00:00+00:00,2026-05-06T22:40:00+00:00,0.017009801255106927,0.0,162,162,0.5587777407007424,0.5400813591768365,0.5541561712846348,0,0.31223256350262607,0.2916878745302991,0.3070890621728455
824036,2026-05-06,2026,Los Angeles Angels,Chicago White Sox,2026-05-06T17:00:00+00:00,2026-05-06T20:07:00+00:00,-0.0476450432630211,0.0,162,162,0.49251375579159334,0.5400813591768365,0.49109414758269715,1,0.25754228806075463,0.21152515617662604,0.2589851666245817
824118,2026-05-06,2026,Kansas City Royals,Cleveland Guardians,2026-05-06T17:00:00+00:00,2026-05-06T23:40:00+00:00,-0.0171911270073713,0.0,162,162,0.5238358372354958,0.5400813591768365,0.5566750629722922,0,0.2744039843722128,0.2916878745302991,0.3098871257352055
824198,2026-05-06,2026,Houston Astros,Los Angeles Dodgers,2026-05-06T17:00:00+00:00,2026-05-06T18:10:00+00:00,-0.07847013525509056,0.0,162,162,0.4608706664461037,0.5400813591768365,0.3348519362186788,0,0.21240177119047576,0.2916878745302991,0.11212581918939814
824282,2026-05-06,2026,Detroit Tigers,Boston Red Sox,2026-05-06T17:00:00+00:00,2026-05-06T22:40:00+00:00,-0.023867854876639782,0.0,162,162,0.5169762390177692,0.5400813591768365,0.5139949109414759,0,0.26726443170895764,0.2916878745302991,0.26419076847373574
824361,2026-05-06,2026,Colorado Rockies,New York Mets,2026-05-06T17:00:00+00:00,2026-05-07T01:20:00+00:00,-0.09263842956913254,0.0,162,162,0.44641618109985576,0.5400813591768365,0.3995098039215686,0,0.1992874067477792,0.2916878745302991,0.15960808342945018
824683,2026-05-06,2026,Chicago Cubs,Cincinnati Reds,2026-05-06T17:00:00+00:00,2026-05-06T23:40:00+00:00,0.04112144101135495,0.0,162,162,0.583086820579534,0.5400813591768365,0.6092233009708737,1,0.1738165991744817,0.21152515617662604,0.15270642850410032
825091,2026-05-06,2026,Arizona Diamondbacks,Pittsburgh Pirates,2026-05-06T17:00:00+00:00,2026-05-07T01:40:00+00:00,-0.02200479241216241,0.0,162,162,0.5188910841926407,0.5400813591768365,0.4593908629441624,0,0.2692479572546142,0.2916878745302991,0.21103996495658223
822741,2026-05-07,2026,Washington Nationals,Minnesota Twins,2026-05-07T17:00:00+00:00,2026-05-07T17:05:00+00:00,-0.02092532190442664,0.0,162,162,0.5200003076976942,0.5400813591768365,0.5355329949238579,1,0.2303997046103082,0.21152515617662604,0.21572959880440104
823306,2026-05-07,2026,San Diego Padres,St. Louis Cardinals,2026-05-07T17:00:00+00:00,2026-05-08T02:10:00+00:00,0.07064784615957481,0.0,162,162,0.6123029419268115,0.5400813591768365,0.6039119804400979,0,0.3749148926922282,0.2916878745302991,0.36470968011908117
823870,2026-05-07,2026,Miami Marlins,Baltimore Orioles,2026-05-07T17:00:00+00:00,2026-05-07T22:40:00+00:00,0.012050044189753861,0.0,162,162,0.5537382210992725,0.5400813591768365,0.5417721518987342,1,0.1991495753076418,0.21152515617662604,0.20997276077551674
824117,2026-05-07,2026,Kansas City Royals,Cleveland Guardians,2026-05-07T17:00:00+00:00,2026-05-07T18:10:00+00:00,-0.01721949363227626,0.0,162,162,0.5238067108478288,0.5400813591768365,0.565,0,0.27437347032922094,0.2916878745302991,0.3192249999999999
824362,2026-05-07,2026,Colorado Rockies,New York Mets,2026-05-07T17:00:00+00:00,2026-05-07T19:10:00+00:00,-0.09754546072268194,0.0,162,162,0.4414298237132453,0.5400813591768365,0.4228855721393035,1,0.3120006418370163,0.21152515617662604,0.3330610628449791
824681,2026-05-07,2026,Chicago Cubs,Cincinnati Reds,2026-05-07T17:00:00+00:00,2026-05-07T18:20:00+00:00,0.049814048541379774,0.0,162,162,0.5917588207890911,0.5400813591768365,0.6318289786223278,1,0.1666608604035134,0.21152515617662604,0.13554990098227837
824767,2026-05-07,2026,Boston Red Sox,Tampa Bay Rays,2026-05-07T17:00:00+00:00,2026-05-07T23:10:00+00:00,0.03921724053695508,0.0,162,162,0.5811800516209725,0.5400813591768365,0.5127551020408163,0,0.3377702524021563,0.2916878745302991,0.2629177946688879
825090,2026-05-07,2026,Arizona Diamondbacks,Pittsburgh Pirates,2026-05-07T17:00:00+00:00,2026-05-07T19:40:00+00:00,-0.025070856621252302,0.0,162,162,0.5157395320775265,0.5400813591768365,0.5228426395939086,0,0.26598726494754604,0.2916878745302991,0.27336442577752584
822822,2026-05-08,2026,Toronto Blue Jays,Los Angeles Angels,2026-05-08T17:00:00+00:00,2026-05-08T23:07:00+00:00,0.11006245674490028,0.0,162,162,0.6500484765391882,0.5400813591768365,0.5901234567901236,1,0.12246606877254312,0.21152515617662604,0.1679987806736777
822904,2026-05-08,2026,Texas Rangers,Chicago Cubs,2026-05-08T17:00:00+00:00,2026-05-09T00:05:00+00:00,0.01720074507419722,0.0,162,162,0.5589715202173797,0.5400813591768365,0.44584382871536526,0,0.31244916041412857,0.2916878745302991,0.19877671960357596
823225,2026-05-08,2026,San Francisco Giants,Pittsburgh Pirates,2026-05-08T17:00:00+00:00,2026-05-09T02:15:00+00:00,-0.01994128892614999,1.0,162,162,0.49318880248601743,0.5400813591768365,0.5025510204081632,1,0.25685758992555713,0.21152515617662604,0.24745548729695963
823303,2026-05-08,2026,San Diego Padres,St. Louis Cardinals,2026-05-08T17:00:00+00:00,2026-05-09T01:45:00+00:00,0.06555145534466933,0.0,162,162,0.6073111570156354,0.5400813591768365,0.5760598503740648,0,0.3688268414356698,0.2916878745302991,0.33184495121298996
823466,2026-05-08,2026,Philadelphia Phillies,Colorado Rockies,2026-05-08T17:00:00+00:00,2026-05-08T22:40:00+00:00,0.121660111753156,0.0,162,162,0.6608296931364604,0.5400813591768365,0.6613272311212814,0,0.4366958833308285,0.2916878745302991,0.4373537066225408
823794,2026-05-08,2026,Milwaukee Brewers,New York Yankees,2026-05-08T17:00:00+00:00,2026-05-08T23:40:00+00:00,0.02538895146728637,1.0,162,162,0.5397545285959894,0.5400813591768365,0.4607594936708861,1,0.21182589394789997,0.21152515617662604,0.29078032366607914
823871,2026-05-08,2026,Miami Marlins,Washington Nationals,2026-05-08T17:00:00+00:00,2026-05-08T23:10:00+00:00,0.05421285908067286,0.0,162,162,0.5961258872677148,0.5400813591768365,0.5639097744360902,0,0.3553660734707202,0.2916878745302991,0.3179942337045622
823957,2026-05-08,2026,Los Angeles Dodgers,Atlanta Braves,2026-05-08T17:00:00+00:00,2026-05-09T02:10:00+00:00,0.030099660298856135,0.0,162,162,0.5720174750155074,0.5400813591768365,0.5216284987277354,1,0.18316904169210185,0.21152515617662604,0.22883929322948024
824116,2026-05-08,2026,Kansas City Royals,Detroit Tigers,2026-05-08T17:00:00+00:00,2026-05-08T23:40:00+00:00,0.0008030284950491517,-1.0,162,162,0.5697495485638112,0.5400813591768365,0.568922305764411,1,0.18511545096104423,0.21152515617662604,0.18582797846747193
824443,2026-05-08,2026,Cleveland Guardians,Minnesota Twins,2026-05-08T17:00:00+00:00,2026-05-08T23:15:00+00:00,0.06595199326625811,0.0,162,162,0.6077043016627431,0.5400813591768365,0.57,1,0.15389591493391602,0.21152515617662604,0.18490000000000004
824522,2026-05-08,2026,Cincinnati Reds,Houston Astros,2026-05-08T17:00:00+00:00,2026-05-08T22:10:00+00:00,-0.014942197250751965,-1.0,162,162,0.5537946084935628,0.5400813591768365,0.5566750629722922,0,0.30668846839653846,0.2916878745302991,0.3098871257352055
824607,2026-05-08,2026,Chicago White Sox,Seattle Mariners,2026-05-08T17:00:00+00:00,2026-05-08T23:40:00+00:00,-0.022477899578137173,0.0,162,162,0.5184048776265011,0.5400813591768365,0.4494949494949495,0,0.2687436171469476,0.2916878745302991,0.2020457096214672
824768,2026-05-08,2026,Boston Red Sox,Tampa Bay Rays,2026-05-08T17:00:00+00:00,2026-05-08T23:10:00+00:00,0.034201682854136994,0.0,162,162,0.5761462488487296,0.5400813591768365,0.5566750629722922,1,0.1796520023650031,0.21152515617662604,0.1965369997906211
825088,2026-05-08,2026,Arizona Diamondbacks,New York Mets,2026-05-08T17:00:00+00:00,2026-05-09T01:40:00+00:00,-0.009035174249374223,0.0,162,162,0.5322027315644211,0.5400813591768365,0.457070707070707,0,0.28323974748463127,0.2916878745302991,0.20891363126211607
822820,2026-05-09,2026,Toronto Blue Jays,Los Angeles Angels,2026-05-09T17:00:00+00:00,2026-05-09T19:07:00+00:00,0.11278124616808627,0.0,162,162,0.6525901620372833,0.5400813591768365,0.6159420289855072,1,0.1206935955132811,0.21152515617662604,0.147500525099769
822905,2026-05-09,2026,Texas Rangers,Chicago Cubs,2026-05-09T17:00:00+00:00,2026-05-09T23:05:00+00:00,0.005781953036973819,0.0,162,162,0.5473536193982274,0.5400813591768365,0.4531645569620253,1,0.20488874587188483,0.21152515617662604,0.2990290017625381
823224,2026-05-09,2026,San Francisco Giants,Pittsburgh Pirates,2026-05-09T17:00:00+00:00,2026-05-10T01:05:00+00:00,-0.019453556009582096,0.0,162,162,0.5215123195087238,0.5400813591768365,0.49744897959183665,0,0.2719750993993692,0.2916878745302991,0.24745548729695951
823304,2026-05-09,2026,San Diego Padres,St. Louis Cardinals,2026-05-09T17:00:00+00:00,2026-05-09T23:15:00+00:00,0.06119281007048649,0.0,162,162,0.6030240678912522,0.5400813591768365,0.5664160401002506,1,0.15758989067360915,0.21152515617662604,0.1879950502823475
823468,2026-05-09,2026,Philadelphia Phillies,Colorado Rockies,2026-05-09T17:00:00+00:00,2026-05-09T22:05:00+00:00,0.11530115260835783,0.0,162,162,0.6549381838499995,0.5400813591768365,0.6258992805755395,1,0.11906765696473677,0.21152515617662604,0.13995134827389896
823792,2026-05-09,2026,Milwaukee Brewers,New York Yankees,2026-05-09T17:00:00+00:00,2026-05-09T23:10:00+00:00,0.0243569893952007,0.0,162,162,0.5662205879132,0.5400813591768365,0.4494949494949495,1,0.1881645783503699,0.21152515617662604,0.3030558106315682
823869,2026-05-09,2026,Miami Marlins,Washington Nationals,2026-05-09T17:00:00+00:00,2026-05-09T20:10:00+00:00,0.05566771692529088,0.0,162,162,0.597566937614046,0.5400813591768365,0.5935960591133005,1,0.16195236970133714,0.21152515617662604,0.16516416316823995
823955,2026-05-09,2026,Los Angeles Dodgers,Atlanta Braves,2026-05-09T17:00:00+00:00,2026-05-10T01:10:00+00:00,0.03327961109053934,0.0,162,162,0.5752190682173428,0.5400813591768365,0.6183574879227054,0,0.3308769764408281,0.2916878745302991,0.3823659828700787
824115,2026-05-09,2026,Kansas City Royals,Detroit Tigers,2026-05-09T17:00:00+00:00,2026-05-09T23:10:00+00:00,0.005188756710133857,0.0,162,162,0.5467485553575863,0.5400813591768365,0.5639097744360902,1,0.20543687207043504,0.21152515617662604,0.19017468483238167
824444,2026-05-09,2026,Cleveland Guardians,Minnesota Twins,2026-05-09T17:00:00+00:00,2026-05-09T22:10:00+00:00,0.0675631336488226,0.0,162,162,0.6092842881522512,0.5400813591768365,0.5216284987277354,0,0.3712273437891955,0.2916878745302991,0.27209629068495106
824523,2026-05-09,2026,Cincinnati Reds,Houston Astros,2026-05-09T17:00:00+00:00,2026-05-09T20:10:00+00:00,-0.020489696649999,0.0,162,162,0.520447884691472,0.5400813591768365,0.5901234567901236,1,0.22997023129688376,0.21152515617662604,0.1679987806736777
824606,2026-05-09,2026,Chicago White Sox,Seattle Mariners,2026-05-09T17:00:00+00:00,2026-05-09T23:10:00+00:00,-0.02493168649143712,0.0,162,162,0.5158826115671006,0.5400813591768365,0.4531645569620253,1,0.23436964578309083,0.21152515617662604,0.2990290017625381
825089,2026-05-09,2026,Arizona Diamondbacks,New York Mets,2026-05-09T17:00:00+00:00,2026-05-09T23:15:00+00:00,-0.008926148340872131,0.0,162,162,0.532314465230774,0.5400813591768365,0.5,1,0.21872975943237694,0.21152515617662604,0.25
822819,2026-05-10,2026,Toronto Blue Jays,Los Angeles Angels,2026-05-10T17:00:00+00:00,2026-05-10T17:37:00+00:00,0.12325953669338646,0.0,162,162,0.6623038234474823,0.5400813591768365,0.5025510204081632,0,0.43864635455315376,0.2916878745302991,0.2525575281132861
822902,2026-05-10,2026,Texas Rangers,Chicago Cubs,2026-05-10T17:00:00+00:00,2026-05-10T18:35:00+00:00,0.013652652467682214,0.0,162,162,0.5553678619465995,0.5400813591768365,0.5241730279898218,1,0.19769773818993822,0.21152515617662604,0.2264113072923749
823221,2026-05-10,2026,San Francisco Giants,Pittsburgh Pirates,2026-05-10T17:00:00+00:00,2026-05-10T20:05:00+00:00,-0.02530821531144195,0.0,162,162,0.51549549992038,0.5400813591768365,0.5165394402035622,1,0.23474461059740248,0.21152515617662604,0.23373411287868498
823305,2026-05-10,2026,San Diego Padres,St. Louis Cardinals,2026-05-10T17:00:00+00:00,2026-05-10T20:10:00+00:00,0.0637511546013732,0.0,162,162,0.6055423752526764,0.5400813591768365,0.547979797979798,1,0.15559681772130035,0.21152515617662604,0.20432226303438422
823463,2026-05-10,2026,Philadelphia Phillies,Colorado Rockies,2026-05-10T17:00:00+00:00,2026-05-10T17:35:00+00:00,0.12224113431599176,0.0,162,162,0.661365562558405,0.5400813591768365,0.7244897959183673,1,0.11467328222138555,0.21152515617662604,0.07590587255310292
823793,2026-05-10,2026,Milwaukee Brewers,New York Yankees,2026-05-10T17:00:00+00:00,2026-05-10T18:10:00+00:00,0.020977960157237963,0.0,162,162,0.5628010644469936,0.5400813591768365,0.5228426395939086,1,0.19114290924868182,0.21152515617662604,0.22767914658970856
823954,2026-05-10,2026,Los Angeles Dodgers,Atlanta Braves,2026-05-10T17:00:00+00:00,2026-05-10T20:10:00+00:00,0.02811196615412559,0.0,162,162,0.5700131677663053,0.5400813591768365,0.5566750629722922,0,0.3249150114269781,0.2916878745302991,0.3098871257352055
824113,2026-05-10,2026,Kansas City Royals,Detroit Tigers,2026-05-10T17:00:00+00:00,2026-05-10T23:20:00+00:00,0.006121234825815669,0.0,162,162,0.5476996262044498,0.5400813591768365,0.5216284987277354,0,0.299974880544494,0.2916878745302991,0.27209629068495106
824440,2026-05-10,2026,Cleveland Guardians,Minnesota Twins,2026-05-10T17:00:00+00:00,2026-05-10T17:40:00+00:00,0.06811765583118845,0.0,162,162,0.6098275598774234,0.5400813591768365,0.6048780487804878,0,0.37188965278605246,0.2916878745302991,0.3658774538964902
824520,2026-05-10,2026,Cincinnati Reds,Houston Astros,2026-05-10T17:00:00+00:00,2026-05-10T17:40:00+00:00,-0.019179611186678935,0.0,162,162,0.521793712766229,0.5400813591768365,0.5102040816326531,1,0.2286812531499079,0.21152515617662604,0.23990004164931278
824605,2026-05-10,2026,Chicago White Sox,Seattle Mariners,2026-05-10T17:00:00+00:00,2026-05-10T18:10:00+00:00,-0.02018196457459087,0.0,162,162,0.5207640399106616,0.5400813591768365,0.4520202020202021,1,0.22966710544274999,0.21152515617662604,0.30028185899398013
824765,2026-05-10,2026,Boston Red Sox,Tampa Bay Rays,2026-05-10T17:00:00+00:00,2026-05-10T17:35:00+00:00,0.034688876841520166,0.0,162,162,0.5766359262539228,0.5400813591768365,0.5806451612903225,0,0.33250899144671947,0.2916878745302991,0.33714880332986463
825085,2026-05-10,2026,Arizona Diamondbacks,New York Mets,2026-05-10T17:00:00+00:00,2026-05-10T20:10:00+00:00,-0.006164825596118806,0.0,162,162,0.5351432574304718,0.5400813591768365,0.5089058524173028,1,0.21609179111235266,0.21152515617662604,0.24117346178997598
822818,2026-05-11,2026,Toronto Blue Jays,Tampa Bay Rays,2026-05-11T17:00:00+00:00,2026-05-11T23:07:00+00:00,0.059515170258623185,0.0,162,162,0.601369705074515,0.5400813591768365,0.5367088607594936,0,0.3616455221814092,0.2916878745302991,0.28805640121775355
822901,2026-05-11,2026,Texas Rangers,Arizona Diamondbacks,2026-05-11T17:00:00+00:00,2026-05-12T00:05:00+00:00,0.06726252782772185,0.0,162,162,0.6089896677902326,0.5400813591768365,0.5468354430379747,0,0.37086841547525784,0.2916878745302991,0.2990290017625381
823953,2026-05-11,2026,Los Angeles Dodgers,San Francisco Giants,2026-05-11T17:00:00+00:00,2026-05-12T02:10:00+00:00,0.0829409012868848,0.0,162,162,0.6242453326244938,0.5400813591768365,0.6276849642004773,0,0.38968223530346485,0.2916878745302991,0.3939884142833544
824199,2026-05-11,2026,Houston Astros,Seattle Mariners,2026-05-11T17:00:00+00:00,2026-05-12T00:10:00+00:00,-0.017209788865574505,0.0,162,162,0.5238166755621844,0.5400813591768365,0.4335839598997493,0,0.2743839095970187,0.2916878745302991,0.1879950502823474
824441,2026-05-11,2026,Cleveland Guardians,Los Angeles Angels,2026-05-11T17:00:00+00:00,2026-05-11T22:10:00+00:00,0.08418407713238846,0.0,162,162,0.6254449454332136,0.5400813591768365,0.6125907990314771,1,0.14029148890152834,0.21152515617662604,0.1500858889950694
824844,2026-05-11,2026,Baltimore Orioles,New York Yankees,2026-05-11T17:00:00+00:00,2026-05-11T22:35:00+00:00,-0.09423633917406282,0.0,162,162,0.4447912058499558,0.5400813591768365,0.4193548387096774,1,0.3082568051015462,0.21152515617662604,0.33714880332986474
822817,2026-05-12,2026,Toronto Blue Jays,Tampa Bay Rays,2026-05-12T17:00:00+00:00,2026-05-12T23:07:00+00:00,0.05798594881610053,0.0,162,162,0.5998596810701154,0.5400813591768365,0.48346055979643765,0,0.35983163697354065,0.2916878745302991,0.23373411287868487
822903,2026-05-12,2026,Texas Rangers,Arizona Diamondbacks,2026-05-12T17:00:00+00:00,2026-05-13T00:05:00+00:00,0.06357635329789796,0.0,162,162,0.6053704861416676,0.5400813591768365,0.5355329949238579,1,0.1557324532080638,0.21152515617662604,0.21572959880440104
823385,2026-05-12,2026,Pittsburgh Pirates,Colorado Rockies,2026-05-12T17:00:00+00:00,2026-05-12T22:40:00+00:00,0.11967064491711171,0.0,162,162,0.6589917169307771,0.5400813591768365,0.7416829745596869,1,0.11628664912181927,0.21152515617662604,0.06672768563233136
823632,2026-05-12,2026,New York Mets,Detroit Tigers,2026-05-12T17:00:00+00:00,2026-05-12T23:10:00+00:00,-0.015395396954710316,0.0,162,162,0.5256793252167804,0.5400813591768365,0.57,1,0.22498010252680878,0.21152515617662604,0.18490000000000004
823712,2026-05-12,2026,Minnesota Twins,Miami Marlins,2026-05-12T17:00:00+00:00,2026-05-12T23:40:00+00:00,-0.03843214305421033,0.0,162,162,0.5019943618538163,0.5400813591768365,0.5025510204081632,1,0.24800961562538767,0.21152515617662604,0.24745548729695963
823790,2026-05-12,2026,Milwaukee Brewers,San Diego Padres,2026-05-12T17:00:00+00:00,2026-05-12T23:40:00+00:00,0.05237429045396891,0.0,162,162,0.5943023960270803,0.5400813591768365,0.5468354430379747,1,0.16459054586936794,0.21152515617662604,0.20535811568658865
823951,2026-05-12,2026,Los Angeles Dodgers,San Francisco Giants,2026-05-12T17:00:00+00:00,2026-05-13T02:10:00+00:00,0.07535114205915594,0.0,162,162,0.6168889012162765,0.5400813591768365,0.7270875763747455,0,0.3805519164438249,0.2916878745302991,0.5286563437185015
824197,2026-05-12,2026,Houston Astros,Seattle Mariners,2026-05-12T17:00:00+00:00,2026-05-13T00:10:00+00:00,-0.01769415026078136,0.0,162,162,0.5233193172933662,0.5400813591768365,0.39268292682926825,0,0.2738631078523949,0.2916878745302991,0.15419988102320045
824442,2026-05-12,2026,Cleveland Guardians,Los Angeles Angels,2026-05-12T17:00:00+00:00,2026-05-12T22:10:00+00:00,0.0865871717935236,0.0,162,162,0.6277594568695849,0.5400813591768365,0.5603015075376885,1,0.13856302195002643,0.21152515617662604,0.19333476427362942
824521,2026-05-12,2026,Cincinnati Reds,Washington Nationals,2026-05-12T17:00:00+00:00,2026-05-12T22:40:00+00:00,0.04602089661285713,0.0,162,162,0.587981346849731,0.5400813591768365,0.568922305764411,0,0.3457220642432237,0.2916878745302991,0.323672589996294
824604,2026-05-12,2026,Chicago White Sox,Kansas City Royals,2026-05-12T17:00:00+00:00,2026-05-12T23:40:00+00:00,-0.015088370955332053,0.0,162,162,0.5259944479911325,0.5400813591768365,0.4746192893401016,1,0.2246812633352312,0.21152515617662604,0.27602489113349993
824764,2026-05-12,2026,Boston Red Sox,Philadelphia Phillies,2026-05-12T17:00:00+00:00,2026-05-12T22:45:00+00:00,-0.0050664869720888905,0.0,162,162,0.5362678146207553,0.5400813591768365,0.42999999999999994,0,0.2875831689981208,0.2916878745302991,0.18489999999999995
824843,2026-05-12,2026,Baltimore Orioles,New York Yankees,2026-05-12T17:00:00+00:00,2026-05-12T22:35:00+00:00,-0.09261133745046907,0.0,162,162,0.4464437420837796,0.5400813591768365,0.4228855721393035,0,0.19931201484576835,0.2916878745302991,0.17883220712358608
824927,2026-05-12,2026,Atlanta Braves,Chicago Cubs,2026-05-12T17:00:00+00:00,2026-05-12T23:15:00+00:00,0.022794471938353156,0.0,162,162,0.5646401085421491,0.5400813591768365,0.5267175572519084,1,0.18953823509019174,0.21152515617662604,0.2239962706136006
822815,2026-05-13,2026,Toronto Blue Jays,Tampa Bay Rays,2026-05-13T17:00:00+00:00,2026-05-13T23:07:00+00:00,0.05985888293986957,0.0,162,162,0.6017088387243191,0.5400813591768365,0.575,1,0.15863584915033044,0.21152515617662604,0.18062500000000004
822900,2026-05-13,2026,Texas Rangers,Arizona Diamondbacks,2026-05-13T17:00:00+00:00,2026-05-14T00:05:00+00:00,0.06789326005427482,0.0,162,162,0.6096077495032552,0.5400813591768365,0.5025510204081632,1,0.1524061092479131,0.21152515617662604,0.24745548729695963
823386,2026-05-13,2026,Pittsburgh Pirates,Colorado Rockies,2026-05-13T17:00:00+00:00,2026-05-13T22:40:00+00:00,0.12387220584531733,0.0,162,162,0.6628676652774205,0.5400813591768365,0.6225961538461539,0,0.43939354167033834,0.2916878745302991,0.38762597078402367
823631,2026-05-13,2026,New York Mets,Detroit Tigers,2026-05-13T17:00:00+00:00,2026-05-13T23:10:00+00:00,-0.008782139181672532,0.0,162,162,0.5324620460193893,0.5400813591768365,0.5076530612244898,1,0.21859173841237567,0.21152515617662604,0.24240550812161596
823710,2026-05-13,2026,Minnesota Twins,Miami Marlins,2026-05-13T17:00:00+00:00,2026-05-13T23:40:00+00:00,-0.03405220319013014,0.0,162,162,0.5065014879111046,0.5400813591768365,0.46700507614213205,0,0.25654375725616285,0.2916878745302991,0.21809374114251856
823791,2026-05-13,2026,Milwaukee Brewers,San Diego Padres,2026-05-13T17:00:00+00:00,2026-05-13T23:40:00+00:00,0.05543462431943358,0.0,162,162,0.5973361698320346,0.5400813591768365,0.5841584158415841,0,0.35681049978960533,0.2916878745302991,0.3412410547985491
823952,2026-05-13,2026,Los Angeles Dodgers,San Francisco Giants,2026-05-13T17:00:00+00:00,2026-05-14T02:10:00+00:00,0.07872595086486317,0.0,162,162,0.6201667964455413,0.5400813591768365,0.68,1,0.14427326252244285,0.21152515617662604,0.10239999999999996
824195,2026-05-13,2026,Houston Astros,Seattle Mariners,2026-05-13T17:00:00+00:00,2026-05-14T00:10:00+00:00,-0.026328034151000712,0.0,162,162,0.5144469256979806,0.5400813591768365,0.4582278481012658,1,0.2357617879641424,0.21152515617662604,0.2935170645729851
824438,2026-05-13,2026,Cleveland Guardians,Los Angeles Angels,2026-05-13T17:00:00+00:00,2026-05-13T17:10:00+00:00,0.092867310816867,0.0,162,162,0.6337802801838841,0.5400813591768365,0.5831265508684863,1,0.13411688318219442,0.21152515617662604,0.17378347259080473
824519,2026-05-13,2026,Cincinnati Reds,Washington Nationals,2026-05-13T17:00:00+00:00,2026-05-13T22:40:00+00:00,0.04261027846255472,0.0,162,162,0.5845759399706499,0.5400813591768365,0.597051597051597,0,0.3417290295925689,0.2916878745302991,0.3564706095418626
824603,2026-05-13,2026,Chicago White Sox,Kansas City Royals,2026-05-13T17:00:00+00:00,2026-05-13T23:40:00+00:00,-0.011537823337045172,0.0,162,162,0.5296370613092422,0.5400813591768365,0.49489795918367346,1,0.22124129409380563,0.21152515617662604,0.25512807163681794
824763,2026-05-13,2026,Boston Red Sox,Philadelphia Phillies,2026-05-13T17:00:00+00:00,2026-05-13T22:45:00+00:00,-0.0015186834683181827,0.0,162,162,0.5398977315045528,0.5400813591768365,0.5505050505050506,1,0.2116940974746566,0.21152515617662604,0.20204570962146712
824841,2026-05-13,2026,Baltimore Orioles,New York Yankees,2026-05-13T17:00:00+00:00,2026-05-13T17:05:00+00:00,-0.10286865460812433,0.0,162,162,0.4360339329285508,0.5400813591768365,0.40196078431372556,1,0.3180577248080384,0.21152515617662604,0.3576509034986542
824928,2026-05-13,2026,Atlanta Braves,Chicago Cubs,2026-05-13T17:00:00+00:00,2026-05-13T23:15:00+00:00,0.023634169160881235,0.0,162,162,0.5654896239064219,0.5400813591768365,0.4444444444444444,1,0.1887992669329827,0.21152515617662604,0.308641975308642
823630,2026-05-14,2026,New York Mets,Detroit Tigers,2026-05-14T17:00:00+00:00,2026-05-14T17:10:00+00:00,-0.005271747886642697,0.0,162,162,0.5360576815761818,0.5400813591768365,0.5806451612903225,1,0.21524247482446748,0.21152515617662604,0.17585848074921961
823709,2026-05-14,2026,Minnesota Twins,Miami Marlins,2026-05-14T17:00:00+00:00,2026-05-14T17:40:00+00:00,-0.04011141559394127,0.0,162,162,0.5002662001307253,0.5400813591768365,0.49489795918367346,1,0.2497338707317843,0.21152515617662604,0.25512807163681794
823789,2026-05-14,2026,Milwaukee Brewers,San Diego Padres,2026-05-14T17:00:00+00:00,2026-05-14T17:40:00+00:00,0.050878669247034325,0.0,162,162,0.5928171163967,0.5400813591768365,0.5614035087719298,1,0.16579790069949857,0.21152515617662604,0.19236688211757466
823950,2026-05-14,2026,Los Angeles Dodgers,San Francisco Giants,2026-05-14T17:00:00+00:00,2026-05-15T02:10:00+00:00,0.08375714171930149,0.0,162,162,0.6250331434693615,0.5400813591768365,0.6168674698795181,1,0.14060014349646846,0.21152515617662604,0.14679053563652195
824196,2026-05-14,2026,Houston Astros,Seattle Mariners,2026-05-14T17:00:00+00:00,2026-05-14T18:10:00+00:00,-0.02411279858761639,0.0,162,162,0.5167244489429661,0.5400813591768365,0.4821428571428572,0,0.26700415613541195,0.2916878745302991,0.23246173469387763
824602,2026-05-14,2026,Chicago White Sox,Kansas City Royals,2026-05-14T17:00:00+00:00,2026-05-14T23:40:00+00:00,-0.005075154328281706,0.0,162,162,0.5362589417936946,0.5400813591768365,0.43859649122807015,1,0.21505576906630394,0.21152515617662604,0.3151738996614343
824762,2026-05-14,2026,Boston Red Sox,Philadelphia Phillies,2026-05-14T17:00:00+00:00,2026-05-14T22:45:00+00:00,-0.00017211523336602141,0.0,162,162,0.5412743795811765,0.5400813591768365,0.5089058524173028,0,0.2929779539909876,0.2916878745302991,0.2589851666245816
824926,2026-05-14,2026,Atlanta Braves,Chicago Cubs,2026-05-14T17:00:00+00:00,2026-05-14T23:15:00+00:00,0.027968732394730522,0.0,162,162,0.5698686473547374,0.5400813591768365,0.6201923076923077,0,0.32475027523791805,0.2916878745302991,0.3846384985207101
822739,2026-05-15,2026,Washington Nationals,Baltimore Orioles,2026-05-15T17:00:00+00:00,2026-05-15T22:45:00+00:00,-0.034949932108022275,-1.0,162,162,0.5333636253747245,0.5400813591768365,0.43969849246231163,1,0.21774950612342048,0.21152515617662604,0.31393777934900624
822983,2026-05-15,2026,Tampa Bay Rays,Miami Marlins,2026-05-15T17:00:00+00:00,2026-05-15T23:10:00+00:00,-0.0035839342692712273,1.0,162,162,0.5100207133504242,0.5400813591768365,0.530456852791878,1,0.24007970134562717,0.21152515617662604,0.2204707670901081
823061,2026-05-15,2026,St. Louis Cardinals,Kansas City Royals,2026-05-15T17:00:00+00:00,2026-05-16T00:15:00+00:00,-0.02365607268955261,0.0,162,162,0.5171939337351202,0.5400813591768365,0.5139949109414759,1,0.23310169762216748,0.21152515617662604,0.23620094659078397
823140,2026-05-15,2026,Seattle Mariners,San Diego Padres,2026-05-15T17:00:00+00:00,2026-05-16T01:40:00+00:00,-0.0178845683303841,0.0,162,162,0.5231237770138328,0.5400813591768365,0.5443037974683544,0,0.2736584860772183,0.2916878745302991,0.2962666239384714
823384,2026-05-15,2026,Pittsburgh Pirates,Philadelphia Phillies,2026-05-15T17:00:00+00:00,2026-05-15T22:40:00+00:00,-0.0004427032542151377,0.0,162,162,0.5409977970198382,0.5400813591768365,0.5505050505050506,0,0.29267861638031806,0.2916878745302991,0.30305581063156833
823629,2026-05-15,2026,New York Mets,New York Yankees,2026-05-15T17:00:00+00:00,2026-05-15T23:15:00+00:00,-0.06982762740514575,-1.0,162,162,0.49751997625840666,0.5400813591768365,0.4133663366336633,0,0.24752612677616553,0.2916878745302991,0.17087172826193503
823707,2026-05-15,2026,Minnesota Twins,Milwaukee Brewers,2026-05-15T17:00:00+00:00,2026-05-15T23:10:00+00:00,-0.12859054985586554,0.0,162,162,0.4101954052461242,0.5400813591768365,0.49487179487179483,0,0.16826027048503206,0.2916878745302991,0.24489809335963178
824037,2026-05-15,2026,Los Angeles Angels,Los Angeles Dodgers,2026-05-15T17:00:00+00:00,2026-05-16T01:38:00+00:00,-0.15384352126618744,1.0,162,162,0.35928883864619154,0.5400813591768365,0.33409090909090905,0,0.12908846957572906,0.2916878745302991,0.11161673553719005
824194,2026-05-15,2026,Houston Astros,Texas Rangers,2026-05-15T17:00:00+00:00,2026-05-16T00:10:00+00:00,-0.07606421784718143,-1.0,162,162,0.4911026977775065,0.5400813591768365,0.49744897959183665,1,0.2589764642093319,0.21152515617662604,0.25255752811328624
824280,2026-05-15,2026,Detroit Tigers,Toronto Blue Jays,2026-05-15T17:00:00+00:00,2026-05-15T22:45:00+00:00,-0.054540627845675205,-1.0,162,162,0.5132490044922464,0.5400813591768365,0.46446700507614214,1,0.23692653162778915,0.21152515617662604,0.2867955886521168
824360,2026-05-15,2026,Colorado Rockies,Arizona Diamondbacks,2026-05-15T17:00:00+00:00,2026-05-16T00:40:00+00:00,-0.09282014362525359,-1.0,162,162,0.4738817019281015,0.5400813591768365,0.47328244274809167,0,0.22456386742227402,0.2916878745302991,0.22399627061360067
824439,2026-05-15,2026,Cleveland Guardians,Cincinnati Reds,2026-05-15T17:00:00+00:00,2026-05-15T23:10:00+00:00,0.03813880116287949,1.0,162,162,0.5527625739713483,0.5400813591768365,0.5516372795969774,0,0.3055464631834303,0.2916878745302991,0.30430368824115384
824601,2026-05-15,2026,Chicago White Sox,Chicago Cubs,2026-05-15T17:00:00+00:00,2026-05-15T23:40:00+00:00,-0.033533761759680814,0.0,162,162,0.5070349283323686,0.5400813591768365,0.42750000000000005,0,0.2570844185490102,0.2916878745302991,0.18275625000000004
824925,2026-05-15,2026,Atlanta Braves,Boston Red Sox,2026-05-15T17:00:00+00:00,2026-05-15T23:15:00+00:00,0.0287390570010716,0.0,162,162,0.5706457509165271,0.5400813591768365,0.5796019900497512,1,0.18434507120603286,0.21152515617662604,0.17673448677012948
822737,2026-05-16,2026,Washington Nationals,Baltimore Orioles,2026-05-16T17:00:00+00:00,2026-05-16T20:05:00+00:00,-0.03153091908406924,0.0,162,162,0.509095553754194,0.5400813591768365,0.5063938618925831,1,0.2409871753439014,0.21152515617662604,0.24364701957731835
822981,2026-05-16,2026,Tampa Bay Rays,Miami Marlins,2026-05-16T17:00:00+00:00,2026-05-16T20:10:00+00:00,0.0013752008249266479,0.0,162,162,0.5428554809377445,0.5400813591768365,0.5566750629722922,0,0.29469207318414986,0.2916878745302991,0.3098871257352055
823060,2026-05-16,2026,St. Louis Cardinals,Kansas City Royals,2026-05-16T17:00:00+00:00,2026-05-16T18:15:00+00:00,-0.02181405486441934,0.0,162,162,0.519087092818039,0.5400813591768365,0.5089058524173028,1,0.23127722429420544,0.21152515617662604,0.24117346178997598
823139,2026-05-16,2026,Seattle Mariners,San Diego Padres,2026-05-16T17:00:00+00:00,2026-05-16T23:15:00+00:00,-0.02178906614564169,0.0,162,162,0.5191127716720587,0.5400813591768365,0.6116504854368933,0,0.26947806971304694,0.2916878745302991,0.37411631633518716
823382,2026-05-16,2026,Pittsburgh Pirates,Philadelphia Phillies,2026-05-16T17:00:00+00:00,2026-05-16T20:05:00+00:00,-0.007220027649783023,0.0,162,162,0.5340625297454287,0.5400813591768365,0.39853300733496333,0,0.2852227856780869,0.2916878745302991,0.15882855793544995
823627,2026-05-16,2026,New York Mets,New York Yankees,2026-05-16T17:00:00+00:00,2026-05-16T23:15:00+00:00,-0.07116019216786229,0.0,162,162,0.46835564769945776,0.5400813591768365,0.4707379134860051,1,0.28264571733306315,0.21152515617662604,0.2801183562211475
823706,2026-05-16,2026,Minnesota Twins,Milwaukee Brewers,2026-05-16T17:00:00+00:00,2026-05-16T23:10:00+00:00,-0.12445669004521487,0.0,162,162,0.4143186035858248,0.5400813591768365,0.46954314720812185,0,0.17165990527730782,0.2916878745302991,0.220470767090108
824038,2026-05-16,2026,Los Angeles Angels,Los Angeles Dodgers,2026-05-16T17:00:00+00:00,2026-05-17T01:38:00+00:00,-0.1645834650275475,0.0,162,162,0.37488373948044323,0.5400813591768365,0.44332493702770776,0,0.14053781812684082,0.2916878745302991,0.19653699979062106
824193,2026-05-16,2026,Houston Astros,Texas Rangers,2026-05-16T17:00:00+00:00,2026-05-16T23:10:00+00:00,-0.07897424885118703,0.0,162,162,0.46035509262309726,0.5400813591768365,0.42750000000000005,1,0.29121662605782594,0.21152515617662604,0.32775625
824278,2026-05-16,2026,Detroit Tigers,Toronto Blue Jays,2026-05-16T17:00:00+00:00,2026-05-16T17:10:00+00:00,-0.05073513765190224,0.0,162,162,0.48933473759753593,0.5400813591768365,0.5076530612244898,0,0.23944848541964933,0.2916878745302991,0.2577116305705956
824359,2026-05-16,2026,Colorado Rockies,Arizona Diamondbacks,2026-05-16T17:00:00+00:00,2026-05-16T19:10:00+00:00,-0.09577419746122623,0.0,162,162,0.4432284127902661,0.5400813591768365,0.4335839598997493,1,0.30999460032404624,0.21152515617662604,0.32082713048284883
824435,2026-05-16,2026,Cleveland Guardians,Cincinnati Reds,2026-05-16T17:00:00+00:00,2026-05-16T22:10:00+00:00,0.04196995870450548,0.0,162,162,0.5839356865599522,0.5400813591768365,0.5841584158415841,1,0.17310951291833834,0.21152515617662604,0.1729242231153809
824600,2026-05-16,2026,Chicago White Sox,Chicago Cubs,2026-05-16T17:00:00+00:00,2026-05-16T23:10:00+00:00,-0.03560618474899002,0.0,162,162,0.504902464383916,0.5400813591768365,0.5051020408163266,1,0.2451215697731196,0.21152515617662604,0.24492399000416487
824924,2026-05-16,2026,Atlanta Braves,Boston Red Sox,2026-05-16T17:00:00+00:00,2026-05-16T23:15:00+00:00,0.03093994151357049,0.0,162,162,0.5728640729810437,0.5400813591768365,0.5329949238578681,0,0.32817324611243054,0.2916878745302991,0.2840835888582546
822738,2026-05-17,2026,Washington Nationals,Baltimore Orioles,2026-05-17T17:00:00+00:00,2026-05-17T17:35:00+00:00,-0.023827571799229175,0.0,162,162,0.5170176472160027,0.5400813591768365,0.47582697201017815,0,0.2673072475327711,0.2916878745302991,0.22641130729237485
823058,2026-05-17,2026,St. Louis Cardinals,Kansas City Royals,2026-05-17T17:00:00+00:00,2026-05-17T18:15:00+00:00,-0.026417267804412947,0.0,162,162,0.5143551697773471,0.5400813591768365,0.5267175572519084,0,0.2645612406766835,0.2916878745302991,0.2774313851174174
823138,2026-05-17,2026,Seattle Mariners,San Diego Padres,2026-05-17T17:00:00+00:00,2026-05-17T23:20:00+00:00,-0.026732936875120017,0.0,162,162,0.5140305703198361,0.5400813591768365,0.5990220048899756,0,0.264227427223336,0.2916878745302991,0.3588273623424059
823381,2026-05-17,2026,Pittsburgh Pirates,Philadelphia Phillies,2026-05-17T17:00:00+00:00,2026-05-17T17:35:00+00:00,-0.008139895846334566,0.0,162,162,0.533120148381688,0.5400813591768365,0.5406091370558376,0,0.284217092610513,0.2916878745302991,0.2922582390682574
823628,2026-05-17,2026,New York Mets,New York Yankees,2026-05-17T17:00:00+00:00,2026-05-17T17:40:00+00:00,-0.06779203023542874,0.0,162,162,0.4718094652747719,0.5400813591768365,0.5292620865139949,1,0.27898524097332233,0.21152515617662604,0.22159418319315766
823708,2026-05-17,2026,Minnesota Twins,Milwaukee Brewers,2026-05-17T17:00:00+00:00,2026-05-17T18:10:00+00:00,-0.12307968656966672,0.0,162,162,0.4156947560531008,0.5400813591768365,0.4444444444444444,1,0.3414126181038454,0.21152515617662604,0.308641975308642
824034,2026-05-17,2026,Los Angeles Angels,Los Angeles Dodgers,2026-05-17T17:00:00+00:00,2026-05-17T20:07:00+00:00,-0.17593352408652807,0.0,162,162,0.364000167513899,0.5400813591768365,0.4422110552763819,0,0.13249612195014654,0.2916878745302991,0.19555061740865126
824192,2026-05-17,2026,Houston Astros,Texas Rangers,2026-05-17T17:00:00+00:00,2026-05-17T18:10:00+00:00,-0.07374462264404263,0.0,162,162,0.46570752941363663,0.5400813591768365,0.46954314720812185,0,0.21688350295255324,0.2916878745302991,0.220470767090108
824279,2026-05-17,2026,Detroit Tigers,Toronto Blue Jays,2026-05-17T17:00:00+00:00,2026-05-17T17:40:00+00:00,-0.049034393267856746,0.0,162,162,0.49108433410374724,0.5400813591768365,0.46700507614213205,0,0.24116382320212085,0.2916878745302991,0.21809374114251856
824358,2026-05-17,2026,Colorado Rockies,Arizona Diamondbacks,2026-05-17T17:00:00+00:00,2026-05-17T19:10:00+00:00,-0.0908785419118236,0.0,162,162,0.44820720268772374,0.5400813591768365,0.42999999999999994,0,0.20088969654115427,0.2916878745302991,0.18489999999999995
824436,2026-05-17,2026,Cleveland Guardians,Cincinnati Reds,2026-05-17T17:00:00+00:00,2026-05-17T17:40:00+00:00,0.0471777216097059,0.0,162,162,0.5891345111541408,0.5400813591768365,0.5901234567901236,1,0.16881044992454683,0.21152515617662604,0.1679987806736777
824599,2026-05-17,2026,Chicago White Sox,Chicago Cubs,2026-05-17T17:00:00+00:00,2026-05-17T18:10:00+00:00,-0.03334757787737558,0.0,162,162,0.5072264948411477,0.5400813591768365,0.4531645569620253,1,0.24282572738654146,0.21152515617662604,0.2990290017625381
824923,2026-05-17,2026,Atlanta Braves,Boston Red Sox,2026-05-17T17:00:00+00:00,2026-05-17T17:35:00+00:00,0.02525997636674726,0.0,162,162,0.5671333435559168,0.5400813591768365,0.5760598503740648,1,0.18737354226107994,0.21152515617662604,0.17972525046486032
822734,2026-05-18,2026,Washington Nationals,New York Mets,2026-05-18T17:00:00+00:00,2026-05-18T22:45:00+00:00,-0.05727611657101489,0.0,162,162,0.482608688661084,0.5400813591768365,0.4531645569620253,0,0.23291114637117108,0.2916878745302991,0.20535811568658865
822980,2026-05-18,2026,Tampa Bay Rays,Baltimore Orioles,2026-05-18T17:00:00+00:00,2026-05-18T22:40:00+00:00,0.021335000379351432,0.0,162,162,0.5631626714446074,0.5400813591768365,0.568922305764411,1,0.190826851619412,0.21152515617662604,0.18582797846747193
823137,2026-05-18,2026,Seattle Mariners,Chicago White Sox,2026-05-18T17:00:00+00:00,2026-05-19T01:40:00+00:00,0.006839261421357767,0.0,162,162,0.5484317326296639,0.5400813591768365,0.5935960591133005,1,0.2039139000958473,0.21152515617662604,0.16516416316823995
823301,2026-05-18,2026,San Diego Padres,Los Angeles Dodgers,2026-05-18T17:00:00+00:00,2026-05-19T01:40:00+00:00,-0.06363827133240685,0.0,162,162,0.47607254242962166,0.5400813591768365,0.43107769423558895,1,0.27449998079616056,0.21152515617662604,0.323672589996294
823465,2026-05-18,2026,Philadelphia Phillies,Cincinnati Reds,2026-05-18T17:00:00+00:00,2026-05-18T22:40:00+00:00,0.04900457548615256,0.0,162,162,0.5909535866254164,0.5400813591768365,0.5367088607594936,1,0.1673189682946107,0.21152515617662604,0.21463867969876624
823549,2026-05-18,2026,New York Yankees,Toronto Blue Jays,2026-05-18T17:00:00+00:00,2026-05-18T23:05:00+00:00,0.018843347847130376,0.0,162,162,0.5606377692565723,0.5400813591768365,0.6116504854368933,1,0.19303916980384103,0.21152515617662604,0.15081534546140066
823705,2026-05-18,2026,Minnesota Twins,Houston Astros,2026-05-18T17:00:00+00:00,2026-05-18T23:40:00+00:00,-0.008971182759440588,0.0,162,162,0.532268312733582,0.5400813591768365,0.5204081632653061,1,0.21877293127309025,0.21152515617662604,0.23000832986255726
823867,2026-05-18,2026,Miami Marlins,Atlanta Braves,2026-05-18T17:00:00+00:00,2026-05-18T22:40:00+00:00,-0.07020871917863453,0.0,162,162,0.46933102477493066,0.5400813591768365,0.5127551020408163,1,0.2816095612664252,0.21152515617662604,0.23740759058725533
824114,2026-05-18,2026,Kansas City Royals,Boston Red Sox,2026-05-18T17:00:00+00:00,2026-05-18T23:10:00+00:00,-0.0275990893725247,0.0,162,162,0.5131398540907137,0.5400813591768365,0.49744897959183665,0,0.26331250985623894,0.2916878745302991,0.24745548729695951
824277,2026-05-18,2026,Detroit Tigers,Cleveland Guardians,2026-05-18T17:00:00+00:00,2026-05-18T22:40:00+00:00,-0.040476436636326885,0.0,162,162,0.4998905498505863,0.5400813591768365,0.5831265508684863,0,0.2498905618299215,0.2916878745302991,0.34003657432777734
824357,2026-05-18,2026,Colorado Rockies,Texas Rangers,2026-05-18T17:00:00+00:00,2026-05-19T00:40:00+00:00,-0.16150376026041202,0.0,162,162,0.3778593487802411,0.5400813591768365,0.42039800995024873,1,0.3870589899001457,0.21152515617662604,0.335938466869632
824680,2026-05-18,2026,Chicago Cubs,Milwaukee Brewers,2026-05-18T17:00:00+00:00,2026-05-18T23:40:00+00:00,-0.05762872635470728,0.0,162,162,0.48224625925679515,0.5400813591768365,0.6014669926650367,0,0.2325614545671721,0.2916878745302991,0.36176254326552326
825087,2026-05-18,2026,Arizona Diamondbacks,San Francisco Giants,2026-05-18T17:00:00+00:00,2026-05-19T01:40:00+00:00,-0.011892339914694572,0.0,162,162,0.5292734875288261,0.5400813591768365,0.5639097744360902,1,0.22158344954327425,0.21152515617662604,0.19017468483238167
822736,2026-05-19,2026,Washington Nationals,New York Mets,2026-05-19T17:00:00+00:00,2026-05-19T22:45:00+00:00,-0.06569609549979455,0.0,162,162,0.47396008589941,0.5400813591768365,0.4494949494949495,1,0.2767179912269561,0.21152515617662604,0.3030558106315682
822979,2026-05-19,2026,Tampa Bay Rays,Baltimore Orioles,2026-05-19T17:00:00+00:00,2026-05-19T22:40:00+00:00,0.028007865330215265,0.0,162,162,0.569908133000061,0.5400813591768365,0.5051020408163266,1,0.18497901405949319,0.21152515617662604,0.24492399000416487
823059,2026-05-19,2026,St. Louis Cardinals,Pittsburgh Pirates,2026-05-19T17:00:00+00:00,2026-05-19T23:45:00+00:00,-0.04858089817131328,0.0,162,162,0.4915508940328661,0.5400813591768365,0.5204081632653061,1,0.25852049335877775,0.21152515617662604,0.23000832986255726
823136,2026-05-19,2026,Seattle Mariners,Chicago White Sox,2026-05-19T17:00:00+00:00,2026-05-20T01:40:00+00:00,0.014944330357004987,0.0,162,162,0.5566804631506693,0.5400813591768365,0.5796019900497512,0,0.3098931380536437,0.2916878745302991,0.3359384668696319
823302,2026-05-19,2026,San Diego Padres,Los Angeles Dodgers,2026-05-19T17:00:00+00:00,2026-05-20T01:40:00+00:00,-0.06426669976208288,0.0,162,162,0.47542733578323965,0.5400813591768365,0.40640394088669946,0,0.2260311516099493,0.2916878745302991,0.1651641631682399
823464,2026-05-19,2026,Philadelphia Phillies,Cincinnati Reds,2026-05-19T17:00:00+00:00,2026-05-19T22:40:00+00:00,0.0535961959448672,0.0,162,162,0.5955145743433081,0.5400813591768365,0.5725,0,0.35463760825529145,0.2916878745302991,0.32775625
823548,2026-05-19,2026,New York Yankees,Toronto Blue Jays,2026-05-19T17:00:00+00:00,2026-05-19T23:05:00+00:00,0.02321291720014751,0.0,162,162,0.5650634942299582,0.5400813591768365,0.5505050505050506,1,0.18916976405145364,0.21152515617662604,0.20204570962146712
823704,2026-05-19,2026,Minnesota Twins,Houston Astros,2026-05-19T17:00:00+00:00,2026-05-19T23:40:00+00:00,-0.009515174419445438,0.0,162,162,0.5317107718914181,0.5400813591768365,0.5516372795969774,0,0.2827163449453677,0.2916878745302991,0.30430368824115384
823865,2026-05-19,2026,Miami Marlins,Atlanta Braves,2026-05-19T17:00:00+00:00,2026-05-19T20:10:00+00:00,-0.058620247151293325,0.0,162,162,0.48122722752686065,0.5400813591768365,0.43609022556390975,0,0.2315796445131889,0.2916878745302991,0.19017468483238167
824112,2026-05-19,2026,Kansas City Royals,Boston Red Sox,2026-05-19T17:00:00+00:00,2026-05-19T23:40:00+00:00,-0.0280725468402378,0.0,162,162,0.5126529339202847,0.5400813591768365,0.4582278481012658,0,0.26281303065707573,0.2916878745302991,0.20997276077551674
824276,2026-05-19,2026,Detroit Tigers,Cleveland Guardians,2026-05-19T17:00:00+00:00,2026-05-19T22:40:00+00:00,-0.05209468307165638,0.0,162,162,0.4879363264800745,0.5400813591768365,0.40196078431372556,0,0.23808185869886986,0.2916878745302991,0.1615724721261054
824356,2026-05-19,2026,Colorado Rockies,Texas Rangers,2026-05-19T17:00:00+00:00,2026-05-20T00:40:00+00:00,-0.16222540590856427,0.0,162,162,0.37716125990289834,0.5400813591768365,0.5051020408163266,0,0.14225061597154162,0.2916878745302991,0.25512807163681805
824677,2026-05-19,2026,Chicago Cubs,Milwaukee Brewers,2026-05-19T17:00:00+00:00,2026-05-19T23:40:00+00:00,-0.06406112208209302,0.0,162,162,0.47563839319534373,0.5400813591768365,0.48346055979643765,0,0.2262318810814484,0.2916878745302991,0.23373411287868487
825086,2026-05-19,2026,Arizona Diamondbacks,San Francisco Giants,2026-05-19T17:00:00+00:00,2026-05-20T01:40:00+00:00,-0.0037364082500280227,0.0,162,162,0.5376291490863911,0.5400813591768365,0.5267175572519084,1,0.2137868037745747,0.21152515617662604,0.2239962706136006
822735,2026-05-20,2026,Washington Nationals,New York Mets,2026-05-20T17:00:00+00:00,2026-05-20T22:45:00+00:00,-0.06596293684955856,0.0,162,162,0.473686226930202,0.5400813591768365,0.46446700507614214,1,0.2770061877229668,0.21152515617662604,0.2867955886521168
822977,2026-05-20,2026,Tampa Bay Rays,Baltimore Orioles,2026-05-20T17:00:00+00:00,2026-05-20T17:10:00+00:00,0.02456950297559579,0.0,162,162,0.5664354411660303,0.5400813591768365,0.5089058524173028,1,0.1879782266768948,0.21152515617662604,0.24117346178997598
823057,2026-05-20,2026,St. Louis Cardinals,Pittsburgh Pirates,2026-05-20T17:00:00+00:00,2026-05-20T23:45:00+00:00,-0.04444117785933743,0.0,162,162,0.49581045502230037,0.5400813591768365,0.5139949109414759,0,0.24582800730942053,0.2916878745302991,0.26419076847373574
823134,2026-05-20,2026,Seattle Mariners,Chicago White Sox,2026-05-20T17:00:00+00:00,2026-05-20T20:10:00+00:00,0.011146322291446298,0.0,162,162,0.5528187434702057,0.5400813591768365,0.57,1,0.19997107619156573,0.21152515617662604,0.18490000000000004
823299,2026-05-20,2026,San Diego Padres,Los Angeles Dodgers,2026-05-20T17:00:00+00:00,2026-05-21T00:40:00+00:00,-0.06130504446564056,0.0,162,162,0.47846874527874467,0.5400813591768365,0.3681710213776722,0,0.22893234020861625,0.2916878745302991,0.13554990098227837
823462,2026-05-20,2026,Philadelphia Phillies,Cincinnati Reds,2026-05-20T17:00:00+00:00,2026-05-20T17:05:00+00:00,0.050638765322428614,0.0,162,162,0.592578712574264,0.5400813591768365,0.5796019900497512,0,0.35114953059617215,0.2916878745302991,0.3359384668696319
823547,2026-05-20,2026,New York Yankees,Toronto Blue Jays,2026-05-20T17:00:00+00:00,2026-05-20T23:05:00+00:00,0.024227619596440708,0.0,162,162,0.5660897816199458,0.5400813591768365,0.6092233009708737,0,0.32045764085451794,0.2916878745302991,0.3711530304458478
823703,2026-05-20,2026,Minnesota Twins,Houston Astros,2026-05-20T17:00:00+00:00,2026-05-20T17:40:00+00:00,-0.010617082936652034,0.0,162,162,0.5305811769635489,0.5400813591768365,0.5725,1,0.220354031420927,0.21152515617662604,0.18275624999999998
823866,2026-05-20,2026,Miami Marlins,Atlanta Braves,2026-05-20T17:00:00+00:00,2026-05-20T22:40:00+00:00,-0.06256623420811669,0.0,162,162,0.47717338473882775,0.5400813591768365,0.3640661938534279,0,0.22769443910310933,0.2916878745302991,0.13254419350692176
824111,2026-05-20,2026,Kansas City Royals,Boston Red Sox,2026-05-20T17:00:00+00:00,2026-05-20T23:40:00+00:00,-0.03338046511079562,0.0,162,162,0.5071926569816048,0.5400813591768365,0.5267175572519084,0,0.2572443912960598,0.2916878745302991,0.2774313851174174
824273,2026-05-20,2026,Detroit Tigers,Cleveland Guardians,2026-05-20T17:00:00+00:00,2026-05-20T22:40:00+00:00,-0.052971116220219105,0.0,162,162,0.48703493721698204,0.5400813591768365,0.47582697201017815,0,0.23720303006994964,0.2916878745302991,0.22641130729237485
824355,2026-05-20,2026,Colorado Rockies,Texas Rangers,2026-05-20T17:00:00+00:00,2026-05-20T19:10:00+00:00,-0.17035117958930202,0.0,162,162,0.36933648031352845,0.5400813591768365,0.4707379134860051,0,0.13640943569038538,0.2916878745302991,0.2215941831931576
824678,2026-05-20,2026,Chicago Cubs,Milwaukee Brewers,2026-05-20T17:00:00+00:00,2026-05-20T23:40:00+00:00,-0.06757941762081499,0.0,162,162,0.4720275789109948,0.5400813591768365,0.5204081632653061,0,0.2228100352525754,0.2916878745302991,0.27082465639316955
825084,2026-05-20,2026,Arizona Diamondbacks,San Francisco Giants,2026-05-20T17:00:00+00:00,2026-05-20T19:40:00+00:00,-0.009264433189596077,0.0,162,162,0.5319677682464045,0.5400813591768365,0.547979797979798,1,0.21905416996025137,0.21152515617662604,0.20432226303438422
822733,2026-05-21,2026,Washington Nationals,New York Mets,2026-05-21T17:00:00+00:00,2026-05-21T20:05:00+00:00,-0.06566813948430938,0.0,162,162,0.47398877803533124,0.5400813591768365,0.5,0,0.2246653617034265,0.2916878745302991,0.25
823056,2026-05-21,2026,St. Louis Cardinals,Pittsburgh Pirates,2026-05-21T17:00:00+00:00,2026-05-21T17:15:00+00:00,-0.052610803248475224,0.0,162,162,0.4874055000955041,0.5400813591768365,0.4809160305343511,0,0.23756412152334844,0.2916878745302991,0.23128022842491694
823545,2026-05-21,2026,New York Yankees,Toronto Blue Jays,2026-05-21T17:00:00+00:00,2026-05-21T23:05:00+00:00,0.02662063639426815,0.0,162,162,0.5685078613658818,0.5400813591768365,0.565,0,0.3232011884348087,0.2916878745302991,0.3192249999999999
823864,2026-05-21,2026,Miami Marlins,Atlanta Braves,2026-05-21T17:00:00+00:00,2026-05-21T22:40:00+00:00,-0.06809005397988088,0.0,162,162,0.47150374876338064,0.5400813591768365,0.43969849246231163,0,0.22231578509792116,0.2916878745302991,0.19333476427362953
824274,2026-05-21,2026,Detroit Tigers,Cleveland Guardians,2026-05-21T17:00:00+00:00,2026-05-21T17:10:00+00:00,-0.05798109435083926,0.0,162,162,0.48188409703310997,0.5400813591768365,0.5355329949238579,0,0.23221228297341576,0.2916878745302991,0.2867955886521168
825083,2026-05-21,2026,Arizona Diamondbacks,Colorado Rockies,2026-05-21T17:00:00+00:00,2026-05-22T01:40:00+00:00,0.09330570419643147,0.0,162,162,0.6341990403072161,0.5400813591768365,0.6382978723404256,1,0.13381034211216172,0.21152515617662604,0.13082842915346307
822816,2026-05-22,2026,Toronto Blue Jays,Pittsburgh Pirates,2026-05-22T17:00:00+00:00,2026-05-22T23:07:00+00:00,0.023959580599336228,0.0,162,162,0.5658187370926716,0.5400813591768365,0.597051597051597,1,0.18851336905980262,0.21152515617662604,0.1623674154386685
823223,2026-05-22,2026,San Francisco Giants,Chicago White Sox,2026-05-22T17:00:00+00:00,2026-05-23T02:15:00+00:00,-0.005394423346129162,0.0,162,162,0.5359320881399721,0.5400813591768365,0.49109414758269715,0,0.28722320309807076,0.2916878745302991,0.24117346178997592
823461,2026-05-22,2026,Philadelphia Phillies,Cleveland Guardians,2026-05-22T17:00:00+00:00,2026-05-22T22:40:00+00:00,-0.020595012761208453,1.0,162,162,0.49251618005650144,0.5400813591768365,0.6225961538461539,0,0.24257218761744814,0.2916878745302991,0.38762597078402367
823546,2026-05-22,2026,New York Yankees,Tampa Bay Rays,2026-05-22T17:00:00+00:00,2026-05-22T23:05:00+00:00,0.07822118510005355,-1.0,162,162,0.645546381231068,0.5400813591768365,0.5760598503740648,0,0.41673013032052736,0.2916878745302991,0.33184495121298996
823788,2026-05-22,2026,Milwaukee Brewers,Los Angeles Dodgers,2026-05-22T17:00:00+00:00,2026-05-22T23:40:00+00:00,-0.009523461923493848,0.0,162,162,0.5317022773548834,0.5400813591768365,0.5025510204081632,1,0.21930275703460256,0.21152515617662604,0.24745548729695963
823863,2026-05-22,2026,Miami Marlins,New York Mets,2026-05-22T17:00:00+00:00,2026-05-22T23:10:00+00:00,-0.020003884644199776,0.0,162,162,0.5209469866071337,0.5400813591768365,0.5076530612244898,1,0.22949178964078576,0.21152515617662604,0.24240550812161596
824029,2026-05-22,2026,Los Angeles Angels,Texas Rangers,2026-05-22T17:00:00+00:00,2026-05-23T01:38:00+00:00,-0.15449557118471846,-1.0,162,162,0.411333875863519,0.5400813591768365,0.39853300733496333,1,0.3465278057058669,0.21152515617662604,0.36176254326552326
824110,2026-05-22,2026,Kansas City Royals,Seattle Mariners,2026-05-22T17:00:00+00:00,2026-05-22T23:40:00+00:00,-0.01297963577319794,0.0,162,162,0.5281582212967904,0.5400813591768365,0.4783715012722647,0,0.27895110672338935,0.2916878745302991,0.22883929322948032
824679,2026-05-22,2026,Chicago Cubs,Houston Astros,2026-05-22T17:00:00+00:00,2026-05-22T18:20:00+00:00,0.03837806064907562,0.0,162,162,0.5803389657464446,0.5400813591768365,0.5664160401002506,0,0.336793315163653,0.2916878745302991,0.32082713048284867
824761,2026-05-22,2026,Boston Red Sox,Minnesota Twins,2026-05-22T17:00:00+00:00,2026-05-22T23:10:00+00:00,0.07149301635006616,0.0,162,162,0.6131285211797348,0.5400813591768365,0.5785536159600998,0,0.3759265834840485,0.2916878745302991,0.3347242865405066
824842,2026-05-22,2026,Baltimore Orioles,Detroit Tigers,2026-05-22T17:00:00+00:00,2026-05-22T23:15:00+00:00,-0.022516378564625295,1.0,162,162,0.4905394351501478,0.5400813591768365,0.5591939546599496,1,0.2595500671371305,0.21152515617662604,0.19430996960833458
824922,2026-05-22,2026,Atlanta Braves,Washington Nationals,2026-05-22T17:00:00+00:00,2026-05-22T23:15:00+00:00,0.12093334661952954,0.0,162,162,0.660158826822224,0.5400813591768365,0.6574712643678161,1,0.1154920229868471,0.21152515617662604,0.11732593473378253
825082,2026-05-22,2026,Arizona Diamondbacks,Colorado Rockies,2026-05-22T17:00:00+00:00,2026-05-23T01:40:00+00:00,0.09481422807416134,0.0,162,162,0.6356384528586169,0.5400813591768365,0.6519721577726217,0,0.4040362427524961,0.2916878745302991,0.4250676945106884
822814,2026-05-23,2026,Toronto Blue Jays,Pittsburgh Pirates,2026-05-23T17:00:00+00:00,2026-05-23T19:07:00+00:00,0.027912886143773963,0.0,162,162,0.5698122962156128,0.5400813591768365,0.41791044776119407,1,0.18506146048728367,0.21152515617662604,0.3388282468255735
823222,2026-05-23,2026,San Francisco Giants,Chicago White Sox,2026-05-23T17:00:00+00:00,2026-05-23T20:05:00+00:00,-0.007530404054057138,0.0,162,162,0.5337445839223527,0.5400813591768365,0.5089058524173028,1,0.21739411302174003,0.21152515617662604,0.24117346178997598
823458,2026-05-23,2026,Philadelphia Phillies,Cleveland Guardians,2026-05-23T17:00:00+00:00,2026-05-23T20:05:00+00:00,-0.019701468287066537,0.0,162,162,0.5212576548362251,0.5400813591768365,0.6244019138755981,1,0.22919423305291098,0.21152515617662604,0.14107392230031365
823787,2026-05-23,2026,Milwaukee Brewers,Los Angeles Dodgers,2026-05-23T17:00:00+00:00,2026-05-23T23:15:00+00:00,-0.006980034780862288,0.0,162,162,0.5343083565705771,0.5400813591768365,0.48600508905852424,0,0.28548541990115095,0.2916878745302991,0.23620094659078408
823862,2026-05-23,2026,Miami Marlins,New York Mets,2026-05-23T17:00:00+00:00,2026-05-23T20:10:00+00:00,-0.02266510211921835,0.0,162,162,0.5182124821419664,0.5400813591768365,0.5204081632653061,1,0.2321192123638051,0.21152515617662604,0.23000832986255726
824030,2026-05-23,2026,Los Angeles Angels,Texas Rangers,2026-05-23T17:00:00+00:00,2026-05-24T02:05:00+00:00,-0.1463291355644924,0.0,162,162,0.39265201618000933,0.5400813591768365,0.43969849246231163,1,0.36887157345020766,0.21152515617662604,0.31393777934900624
824109,2026-05-23,2026,Kansas City Royals,Seattle Mariners,2026-05-23T17:00:00+00:00,2026-05-23T20:10:00+00:00,-0.01046360415710118,0.0,162,162,0.5307385310801764,0.5400813591768365,0.46700507614213205,1,0.22020632621279054,0.21152515617662604,0.28408358885825447
824516,2026-05-23,2026,Cincinnati Reds,St. Louis Cardinals,2026-05-23T17:00:00+00:00,2026-05-23T23:15:00+00:00,0.02079289718802002,1.0,162,162,0.5350511426782777,0.5400813591768365,0.5025510204081632,1,0.21617743992477528,0.21152515617662604,0.24745548729695963
824518,2026-05-23,2026,Cincinnati Reds,St. Louis Cardinals,2026-05-23T17:00:00+00:00,2026-05-23T17:10:00+00:00,0.02079289718802002,1.0,162,162,0.5350511426782777,0.5400813591768365,0.5025510204081632,0,0.28627972528133067,0.2916878745302991,0.2525575281132861
824674,2026-05-23,2026,Chicago Cubs,Houston Astros,2026-05-23T17:00:00+00:00,2026-05-23T18:20:00+00:00,0.04055393068641483,0.0,162,162,0.5825188019710436,0.5400813591768365,0.5891089108910892,0,0.33932815464977983,0.2916878745302991,0.34704930889128527
824760,2026-05-23,2026,Boston Red Sox,Minnesota Twins,2026-05-23T17:00:00+00:00,2026-05-23T20:10:00+00:00,0.06463363760774965,0.0,162,162,0.6064097566991411,0.5400813591768365,0.5355329949238579,0,0.3677327930199115,0.2916878745302991,0.2867955886521168
824920,2026-05-23,2026,Atlanta Braves,Washington Nationals,2026-05-23T17:00:00+00:00,2026-05-23T20:10:00+00:00,0.12526165772568448,0.0,162,162,0.6641446656747187,0.5400813591768365,0.6039119804400979,0,0.4410881369441839,0.2916878745302991,0.36470968011908117
825080,2026-05-23,2026,Arizona Diamondbacks,Colorado Rockies,2026-05-23T17:00:00+00:00,2026-05-24T02:10:00+00:00,0.09245890476468394,0.0,162,162,0.6333899824388464,0.5400813591768365,0.6244019138755981,1,0.13440290497618937,0.21152515617662604,0.14107392230031365
823220,2026-05-24,2026,San Francisco Giants,Chicago White Sox,2026-05-24T17:00:00+00:00,2026-05-24T20:05:00+00:00,-0.0010114422103376097,0.0,162,162,0.5404163762114881,0.5400813591768365,0.5216284987277354,1,0.21121710725458046,0.21152515617662604,0.22883929322948024
823459,2026-05-24,2026,Philadelphia Phillies,Cleveland Guardians,2026-05-24T17:00:00+00:00,2026-05-24T17:35:00+00:00,-0.017875871010161526,0.0,162,162,0.5231327084452656,0.5400813591768365,0.48600508905852424,0,0.2736678306452793,0.2916878745302991,0.23620094659078408
823544,2026-05-24,2026,New York Yankees,Tampa Bay Rays,2026-05-24T17:00:00+00:00,2026-05-24T17:35:00+00:00,0.07549135005952601,0.0,162,162,0.6170252970215259,0.5400813591768365,0.5603015075376885,1,0.1466696231214505,0.21152515617662604,0.19333476427362942
823786,2026-05-24,2026,Milwaukee Brewers,Los Angeles Dodgers,2026-05-24T17:00:00+00:00,2026-05-24T18:10:00+00:00,-0.013811757486169696,0.0,162,162,0.5273045029862995,0.5400813591768365,0.4193548387096774,0,0.2780500388696283,0.2916878745302991,0.17585848074921953
823861,2026-05-24,2026,Miami Marlins,New York Mets,2026-05-24T17:00:00+00:00,2026-05-24T17:40:00+00:00,-0.02187399055939704,0.0,162,162,0.5190255014159775,0.5400813591768365,0.5417721518987342,1,0.23133646828815188,0.21152515617662604,0.20997276077551674
824028,2026-05-24,2026,Los Angeles Angels,Texas Rangers,2026-05-24T17:00:00+00:00,2026-05-24T23:20:00+00:00,-0.14599427258477438,0.0,162,162,0.39298079406876535,0.5400813591768365,0.5190839694656489,1,0.3684723163693867,0.21152515617662604,0.23128022842491688
824108,2026-05-24,2026,Kansas City Royals,Seattle Mariners,2026-05-24T17:00:00+00:00,2026-05-24T18:10:00+00:00,-0.004428242622065759,0.0,162,162,0.5369211259037019,0.5400813591768365,0.47582697201017815,1,0.21444204363429512,0.21152515617662604,0.2747573632720185
824676,2026-05-24,2026,Chicago Cubs,Houston Astros,2026-05-24T17:00:00+00:00,2026-05-24T18:20:00+00:00,0.03924105241358733,0.0,162,162,0.5812039107213496,0.5400813591768365,0.6004901960784313,0,0.33779798583779047,0.2916878745302991,0.3605884755863129
824759,2026-05-24,2026,Boston Red Sox,Minnesota Twins,2026-05-24T17:00:00+00:00,2026-05-24T17:35:00+00:00,0.061850507903356555,0.0,162,162,0.6036720002765643,0.5400813591768365,0.608272506082725,0,0.36441988391790825,0.2916878745302991,0.3699954416561587
824840,2026-05-24,2026,Baltimore Orioles,Detroit Tigers,2026-05-24T17:00:00+00:00,2026-05-24T22:05:00+00:00,-0.02009699885105265,0.0,162,162,0.5208513283695697,0.5400813591768365,0.5392405063291139,0,0.27128610626434535,0.2916878745302991,0.29078032366607914
824921,2026-05-24,2026,Atlanta Braves,Washington Nationals,2026-05-24T17:00:00+00:00,2026-05-24T20:10:00+00:00,0.12366770475803518,0.0,162,162,0.6626795135432664,0.5400813591768365,0.6004901960784313,0,0.43914413766994015,0.2916878745302991,0.3605884755863129
825081,2026-05-24,2026,Arizona Diamondbacks,Colorado Rockies,2026-05-24T17:00:00+00:00,2026-05-24T20:10:00+00:00,0.09394845475915109,0.0,162,162,0.6348126388123483,0.5400813591768365,0.6431924882629109,1,0.13336180877120038,0.21152515617662604,0.127311600432013
822812,2026-05-25,2026,Toronto Blue Jays,Miami Marlins,2026-05-25T17:00:00+00:00,2026-05-25T23:07:00+00:00,0.06296716518986772,0.0,162,162,0.6047712436425615,0.5400813591768365,0.5925925925925927,0,0.3657482571369705,0.2916878745302991,0.3511659807956105
822899,2026-05-25,2026,Texas Rangers,Houston Astros,2026-05-25T17:00:00+00:00,2026-05-25T23:05:00+00:00,0.08210152937943793,0.0,162,162,0.6234345097238566,0.5400813591768365,0.5253807106598984,0,0.38867058791462544,0.2916878745302991,0.27602489113349993
823219,2026-05-25,2026,San Francisco Giants,Arizona Diamondbacks,2026-05-25T17:00:00+00:00,2026-05-25T21:05:00+00:00,0.004951752659771602,0.0,162,162,0.5465067709882763,0.5400813591768365,0.547979797979798,0,0.29866965073603224,0.2916878745302991,0.30028185899398024
823296,2026-05-25,2026,San Diego Padres,Philadelphia Phillies,2026-05-25T17:00:00+00:00,2026-05-25T22:40:00+00:00,0.015546708825097011,0.0,162,162,0.5572923299253021,0.5400813591768365,0.4783715012722647,0,0.31057474099357174,0.2916878745302991,0.22883929322948032
823380,2026-05-25,2026,Pittsburgh Pirates,Chicago Cubs,2026-05-25T17:00:00+00:00,2026-05-25T17:35:00+00:00,0.0020911739189258816,0.0,162,162,0.5435867970118601,0.5400813591768365,0.46954314720812185,1,0.20831301186189302,0.21152515617662604,0.2813844726738643
823625,2026-05-25,2026,New York Mets,Cincinnati Reds,2026-05-25T17:00:00+00:00,2026-05-25T20:10:00+00:00,0.021503421642657006,-1.0,162,162,0.5905022681485219,0.5400813591768365,0.5796019900497512,0,0.3486929286885489,0.2916878745302991,0.3359384668696319
823784,2026-05-25,2026,Milwaukee Brewers,St. Louis Cardinals,2026-05-25T17:00:00+00:00,2026-05-25T18:10:00+00:00,0.12402586726706694,-1.0,162,162,0.6874175332652139,0.5400813591768365,0.6651480637813212,1,0.09770779851000364,0.21152515617662604,0.11212581918939814
823948,2026-05-25,2026,Los Angeles Dodgers,Colorado Rockies,2026-05-25T17:00:00+00:00,2026-05-26T01:10:00+00:00,0.21152155223957175,0.0,162,162,0.7382526668143671,0.5400813591768365,0.7386138613861386,1,0.06851166642979073,0.21152515617662604,0.06832271345946477
824107,2026-05-25,2026,Kansas City Royals,New York Yankees,2026-05-25T17:00:00+00:00,2026-05-25T19:40:00+00:00,-0.06360564234754618,0.0,162,162,0.4761060447655821,0.5400813591768365,0.4582278481012658,0,0.22667696586232647,0.2916878745302991,0.20997276077551674
824437,2026-05-25,2026,Cleveland Guardians,Washington Nationals,2026-05-25T17:00:00+00:00,2026-05-25T22:10:00+00:00,0.10705152580270322,0.0,162,162,0.6472237062645201,0.5400813591768365,0.6116504854368933,0,0.41889852595078175,0.2916878745302991,0.37411631633518716
824598,2026-05-25,2026,Chicago White Sox,Minnesota Twins,2026-05-25T17:00:00+00:00,2026-05-25T18:10:00+00:00,0.029030529541194228,0.0,162,162,0.570939697877427,0.5400813591768365,0.5076530612244898,1,0.1840927428575136,0.21152515617662604,0.24240550812161596
824838,2026-05-25,2026,Baltimore Orioles,Tampa Bay Rays,2026-05-25T17:00:00+00:00,2026-05-25T17:35:00+00:00,-0.023239207309127707,0.0,162,162,0.5176224180101429,0.5400813591768365,0.49489795918367346,1,0.23268813160638135,0.21152515617662604,0.25512807163681794
822811,2026-05-26,2026,Toronto Blue Jays,Miami Marlins,2026-05-26T17:00:00+00:00,2026-05-26T23:07:00+00:00,0.05742498395698087,0.0,162,162,0.5993052807835074,0.5400813591768365,0.5628140703517588,1,0.16055625800798382,0.21152515617662604,0.1911315370823969
822898,2026-05-26,2026,Texas Rangers,Houston Astros,2026-05-26T17:00:00+00:00,2026-05-27T00:05:00+00:00,0.07102634520679907,0.0,162,162,0.6126727474624309,0.5400813591768365,0.5491183879093199,1,0.1500224005583018,0.21152515617662604,0.20329422812149053
823216,2026-05-26,2026,San Francisco Giants,Arizona Diamondbacks,2026-05-26T17:00:00+00:00,2026-05-27T01:45:00+00:00,0.004968410783860844,0.0,162,162,0.5465237658212385,0.5400813591768365,0.5051020408163266,0,0.29868822660742794,0.2916878745302991,0.25512807163681805
823294,2026-05-26,2026,San Diego Padres,Philadelphia Phillies,2026-05-26T17:00:00+00:00,2026-05-27T01:40:00+00:00,0.013752011061655578,0.0,162,162,0.5554688576805128,0.5400813591768365,0.5076530612244898,0,0.3085456518528938,0.2916878745302991,0.2577116305705956
823379,2026-05-26,2026,Pittsburgh Pirates,Chicago Cubs,2026-05-26T17:00:00+00:00,2026-05-26T22:40:00+00:00,-0.006947425394470241,0.0,162,162,0.5343417573711178,0.5400813591768365,0.5591939546599496,1,0.21683759892821894,0.21152515617662604,0.19430996960833458
823624,2026-05-26,2026,New York Mets,Cincinnati Reds,2026-05-26T17:00:00+00:00,2026-05-26T23:10:00+00:00,0.01716212575219206,0.0,162,162,0.5589323288089993,0.5400813591768365,0.4607594936708861,0,0.3124053481878514,0.2916878745302991,0.21229931100785132
823785,2026-05-26,2026,Milwaukee Brewers,St. Louis Cardinals,2026-05-26T17:00:00+00:00,2026-05-26T23:40:00+00:00,0.12490978350361259,0.0,162,162,0.6638214953874126,0.5400813591768365,0.6244019138755981,1,0.11301598696355541,0.21152515617662604,0.14107392230031365
823949,2026-05-26,2026,Los Angeles Dodgers,Colorado Rockies,2026-05-26T17:00:00+00:00,2026-05-27T02:10:00+00:00,0.2110542473526303,0.0,162,162,0.737880778607413,0.5400813591768365,0.6741573033707866,1,0.06870648622345606,0.21152515617662604,0.10617346294659759
824106,2026-05-26,2026,Kansas City Royals,New York Yankees,2026-05-26T17:00:00+00:00,2026-05-26T23:40:00+00:00,-0.062405759183439324,0.0,162,162,0.4773381910059186,0.5400813591768365,0.35597189695550346,0,0.22785174859280286,0.2916878745302991,0.12671599142209958
824275,2026-05-26,2026,Detroit Tigers,Los Angeles Angels,2026-05-26T17:00:00+00:00,2026-05-26T22:40:00+00:00,0.062354250238805975,0.0,162,162,0.6041680172844603,0.5400813591768365,0.5516372795969774,0,0.365018993109436,0.2916878745302991,0.30430368824115384
824434,2026-05-26,2026,Cleveland Guardians,Washington Nationals,2026-05-26T17:00:00+00:00,2026-05-26T22:10:00+00:00,0.09858117469850125,0.0,162,162,0.6392221956692453,0.5400813591768365,0.5541561712846348,0,0.40860501543621097,0.2916878745302991,0.3070890621728455
824597,2026-05-26,2026,Chicago White Sox,Minnesota Twins,2026-05-26T17:00:00+00:00,2026-05-26T23:40:00+00:00,0.028565160741324147,0.0,162,162,0.570470354636836,0.5400813591768365,0.4872448979591837,0,0.3254364255194775,0.2916878745302991,0.23740759058725533
824758,2026-05-26,2026,Boston Red Sox,Atlanta Braves,2026-05-26T17:00:00+00:00,2026-05-26T22:45:00+00:00,-0.03816726307460505,0.0,162,162,0.5022669500742456,0.5400813591768365,0.5025510204081632,0,0.2522720891368847,0.2916878745302991,0.2525575281132861
824837,2026-05-26,2026,Baltimore Orioles,Tampa Bay Rays,2026-05-26T17:00:00+00:00,2026-05-26T22:35:00+00:00,-0.02608049681662966,0.0,162,162,0.5147014547746254,0.5400813591768365,0.4872448979591837,1,0.235514677997865,0.21152515617662604,0.2629177946688879
822809,2026-05-27,2026,Toronto Blue Jays,Miami Marlins,2026-05-27T17:00:00+00:00,2026-05-27T17:07:00+00:00,0.06274178182539852,0.0,162,162,0.6045494599799914,0.5400813591768365,0.5831265508684863,1,0.1563811296021164,0.21152515617662604,0.17378347259080473
822897,2026-05-27,2026,Texas Rangers,Houston Astros,2026-05-27T17:00:00+00:00,2026-05-28T00:05:00+00:00,0.07619966206142836,0.0,162,162,0.6177140682957019,0.5400813591768365,0.5675,0,0.381570670170427,0.2916878745302991,0.32205625
823217,2026-05-27,2026,San Francisco Giants,Arizona Diamondbacks,2026-05-27T17:00:00+00:00,2026-05-27T19:45:00+00:00,0.005340445025919072,0.0,162,162,0.5469032916254287,0.5400813591768365,0.4783715012722647,0,0.29910321039072874,0.2916878745302991,0.22883929322948032
823295,2026-05-27,2026,San Diego Padres,Philadelphia Phillies,2026-05-27T17:00:00+00:00,2026-05-27T20:10:00+00:00,0.01416436859673087,0.0,162,162,0.5558879606001912,0.5400813591768365,0.43609022556390975,0,0.30901142474023974,0.2916878745302991,0.19017468483238167
823376,2026-05-27,2026,Pittsburgh Pirates,Chicago Cubs,2026-05-27T17:00:00+00:00,2026-05-27T22:40:00+00:00,0.0011172796646463645,0.0,162,162,0.5425919872128511,0.5400813591768365,0.5355329949238579,0,0.2944060645875907,0.2916878745302991,0.2867955886521168
823626,2026-05-27,2026,New York Mets,Cincinnati Reds,2026-05-27T17:00:00+00:00,2026-05-27T23:10:00+00:00,0.012438491893648151,0.0,162,162,0.5541333285151022,0.5400813591768365,0.5216284987277354,1,0.19879708874102175,0.21152515617662604,0.22883929322948024
823783,2026-05-27,2026,Milwaukee Brewers,St. Louis Cardinals,2026-05-27T17:00:00+00:00,2026-05-27T17:40:00+00:00,0.12567540209704292,0.0,162,162,0.6645244625386638,0.5400813591768365,0.6125907990314771,1,0.11254383623497237,0.21152515617662604,0.1500858889950694
823947,2026-05-27,2026,Los Angeles Dodgers,Colorado Rockies,2026-05-27T17:00:00+00:00,2026-05-28T02:10:00+00:00,0.21939191441929512,0.0,162,162,0.7444646565007788,0.5400813591768365,0.7743682310469315,1,0.065298311777265,0.21152515617662604,0.050909695160890875
824104,2026-05-27,2026,Kansas City Royals,New York Yankees,2026-05-27T17:00:00+00:00,2026-05-27T23:40:00+00:00,-0.07099938746479811,0.0,162,162,0.4685204755641886,0.5400813591768365,0.4158415841584158,0,0.2195114360228934,0.2916878745302991,0.17292422311538083
824270,2026-05-27,2026,Detroit Tigers,Los Angeles Angels,2026-05-27T17:00:00+00:00,2026-05-27T22:40:00+00:00,0.06038667341134979,0.0,162,162,0.6022294077392668,0.5400813591768365,0.5076530612244898,1,0.15822144406745445,0.21152515617662604,0.24240550812161596
824432,2026-05-27,2026,Cleveland Guardians,Washington Nationals,2026-05-27T17:00:00+00:00,2026-05-27T17:10:00+00:00,0.09716312293272683,0.0,162,162,0.6378749045768299,0.5400813591768365,0.6159420289855072,1,0.13113458473524003,0.21152515617662604,0.147500525099769
824596,2026-05-27,2026,Chicago White Sox,Minnesota Twins,2026-05-27T17:00:00+00:00,2026-05-27T23:40:00+00:00,0.029329238219703346,0.0,162,162,0.5712408904915389,0.5400813591768365,0.5,1,0.18383437398648853,0.21152515617662604,0.25
824756,2026-05-27,2026,Boston Red Sox,Atlanta Braves,2026-05-27T17:00:00+00:00,2026-05-27T22:45:00+00:00,-0.04142290313928099,0.0,162,162,0.4989165243212202,0.5400813591768365,0.5165394402035622,1,0.2510846495983264,0.21152515617662604,0.23373411287868498
824836,2026-05-27,2026,Baltimore Orioles,Tampa Bay Rays,2026-05-27T17:00:00+00:00,2026-05-27T22:35:00+00:00,-0.024475034298294618,0.0,162,162,0.5163520729392089,0.5400813591768365,0.49744897959183665,1,0.23391531735020027,0.21152515617662604,0.25255752811328624
822896,2026-05-28,2026,Texas Rangers,Houston Astros,2026-05-28T17:00:00+00:00,2026-05-29T00:05:00+00:00,0.07234771850920779,0.0,162,162,0.6139627507839965,0.5400813591768365,0.5468354430379747,0,0.37695025935025184,0.2916878745302991,0.2990290017625381
823378,2026-05-28,2026,Pittsburgh Pirates,Chicago Cubs,2026-05-28T17:00:00+00:00,2026-05-28T22:40:00+00:00,-0.0034232278371156832,0.0,162,162,0.5379496081485292,0.5400813591768365,0.6039119804400979,0,0.2893897809071561,0.2916878745302991,0.36470968011908117
824272,2026-05-28,2026,Detroit Tigers,Los Angeles Angels,2026-05-28T17:00:00+00:00,2026-05-28T17:10:00+00:00,0.06508640040455632,0.0,162,162,0.6068545116878012,0.5400813591768365,0.5505050505050506,0,0.3682723983558397,0.2916878745302991,0.30305581063156833
824595,2026-05-28,2026,Chicago White Sox,Minnesota Twins,2026-05-28T17:00:00+00:00,2026-05-28T18:10:00+00:00,0.03928810026303159,0.0,162,162,0.5812510507594462,0.5400813591768365,0.6039119804400979,1,0.17535068249006794,0.21152515617662604,0.15688571923888542
824757,2026-05-28,2026,Boston Red Sox,Atlanta Braves,2026-05-28T17:00:00+00:00,2026-05-28T20:10:00+00:00,-0.0305840701893354,0.0,162,162,0.5100696162875565,0.5400813591768365,0.4408060453400503,0,0.26017101345973515,0.2916878745302991,0.1943099696083345
824834,2026-05-28,2026,Baltimore Orioles,Toronto Blue Jays,2026-05-28T17:00:00+00:00,2026-05-28T22:35:00+00:00,-0.07784040388687952,0.0,162,162,0.46151483127034243,0.5400813591768365,0.5417721518987342,0,0.21299593948249265,0.2916878745302991,0.2935170645729851
822732,2026-05-29,2026,Washington Nationals,San Diego Padres,2026-05-29T17:00:00+00:00,2026-05-29T22:45:00+00:00,-0.09425949537541362,0.0,162,162,0.4447676660158223,0.5400813591768365,0.5204081632653061,0,0.19781827673316205,0.2916878745302991,0.27082465639316955
822894,2026-05-29,2026,Texas Rangers,Kansas City Royals,2026-05-29T17:00:00+00:00,2026-05-30T00:05:00+00:00,0.057420583406564085,-1.0,162,162,0.6257189521481324,0.5400813591768365,0.5417721518987342,1,0.14008630278109196,0.21152515617662604,0.20997276077551674
822978,2026-05-29,2026,Tampa Bay Rays,Los Angeles Angels,2026-05-29T17:00:00+00:00,2026-05-29T23:10:00+00:00,0.06375605884824126,1.0,162,162,0.5786641130567701,0.5400813591768365,0.5945945945945945,1,0.1775239296262382,0.21152515617662604,0.16435354273192118
823055,2026-05-29,2026,St. Louis Cardinals,Chicago Cubs,2026-05-29T17:00:00+00:00,2026-05-29T23:15:00+00:00,-0.04930783792345894,1.0,162,162,0.4630342617635944,0.5400813591768365,0.4593908629441624,1,0.28833220403976806,0.21152515617662604,0.2922582390682574
823135,2026-05-29,2026,Seattle Mariners,Arizona Diamondbacks,2026-05-29T17:00:00+00:00,2026-05-30T02:10:00+00:00,0.014123170078740366,0.0,162,162,0.555846091718387,0.5400813591768365,0.5639097744360902,1,0.19727269424183155,0.21152515617662604,0.19017468483238167
823377,2026-05-29,2026,Pittsburgh Pirates,Minnesota Twins,2026-05-29T17:00:00+00:00,2026-05-29T22:45:00+00:00,0.04000833359808981,0.0,162,162,0.5819725096891143,0.5400813591768365,0.5541561712846348,1,0.17474698265561764,0.21152515617662604,0.1987767196035759
823623,2026-05-29,2026,New York Mets,Miami Marlins,2026-05-29T17:00:00+00:00,2026-05-29T23:10:00+00:00,0.02235681058417005,0.0,162,162,0.5641971790064897,0.5400813591768365,0.5139949109414759,1,0.18992409878590158,0.21152515617662604,0.23620094659078397
823946,2026-05-29,2026,Los Angeles Dodgers,Philadelphia Phillies,2026-05-29T17:00:00+00:00,2026-05-30T02:15:00+00:00,0.08428609228537498,0.0,162,162,0.6255433176342546,0.5400813591768365,0.5216284987277354,1,0.14021780696836073,0.21152515617662604,0.22883929322948024
824191,2026-05-29,2026,Houston Astros,Milwaukee Brewers,2026-05-29T17:00:00+00:00,2026-05-30T00:10:00+00:00,-0.10401261575841225,-1.0,162,162,0.46241057242824335,0.5400813591768365,0.47328244274809167,0,0.21382353749341568,0.2916878745302991,0.22399627061360067
824353,2026-05-29,2026,Colorado Rockies,San Francisco Giants,2026-05-29T17:00:00+00:00,2026-05-30T00:40:00+00:00,-0.10695880173675254,0.0,162,162,0.4318981255794444,0.5400813591768365,0.4158415841584158,1,0.32273973972014874,0.21152515617662604,0.34124105479854927
824433,2026-05-29,2026,Cleveland Guardians,Boston Red Sox,2026-05-29T17:00:00+00:00,2026-05-29T23:10:00+00:00,0.017855995290223525,1.0,162,162,0.5320423342175437,0.5400813591768365,0.5417721518987342,1,0.2189843769645651,0.21152515617662604,0.20997276077551674
824515,2026-05-29,2026,Cincinnati Reds,Atlanta Braves,2026-05-29T17:00:00+00:00,2026-05-29T22:40:00+00:00,-0.07883579372669552,1.0,162,162,0.43298456839092786,0.5400813591768365,0.44332493702770776,0,0.18747563646467807,0.2916878745302991,0.19653699979062106
824594,2026-05-29,2026,Chicago White Sox,Detroit Tigers,2026-05-29T17:00:00+00:00,2026-05-29T23:40:00+00:00,0.030303647912984566,0.0,162,162,0.5722230350500412,0.5400813591768365,0.48469387755102045,1,0.18299313174179824,0.21152515617662604,0.2655403998334027
824835,2026-05-29,2026,Baltimore Orioles,Toronto Blue Jays,2026-05-29T17:00:00+00:00,2026-05-29T23:05:00+00:00,-0.07912121059213689,0.0,162,162,0.4602048058594284,0.5400813591768365,0.5139949109414759,0,0.2117884633361142,0.2916878745302991,0.26419076847373574
822731,2026-05-30,2026,Washington Nationals,San Diego Padres,2026-05-30T17:00:00+00:00,2026-05-30T20:05:00+00:00,-0.09570177230104254,0.0,162,162,0.4433019872882925,0.5400813591768365,0.46446700507614214,1,0.30991267735716443,0.21152515617662604,0.2867955886521168
822893,2026-05-30,2026,Texas Rangers,Kansas City Royals,2026-05-30T17:00:00+00:00,2026-05-30T20:05:00+00:00,0.06523854485807234,0.0,162,162,0.6070039255069479,0.5400813591768365,0.5228426395939086,1,0.15444591456694853,0.21152515617662604,0.22767914658970856
822975,2026-05-30,2026,Tampa Bay Rays,Los Angeles Angels,2026-05-30T17:00:00+00:00,2026-05-30T20:10:00+00:00,0.06329191764201725,0.0,162,162,0.6050907334866614,0.5400813591768365,0.6014669926650367,0,0.36613479575142593,0.2916878745302991,0.36176254326552326
823054,2026-05-30,2026,St. Louis Cardinals,Chicago Cubs,2026-05-30T17:00:00+00:00,2026-05-30T23:15:00+00:00,-0.04788986166959153,0.0,162,162,0.49226186677448125,0.5400813591768365,0.4494949494949495,0,0.2423217454802971,0.2916878745302991,0.2020457096214672
823132,2026-05-30,2026,Seattle Mariners,Arizona Diamondbacks,2026-05-30T17:00:00+00:00,2026-05-31T02:10:00+00:00,0.015444298866911566,0.0,162,162,0.5571883190808014,0.5400813591768365,0.5771144278606966,1,0.19608218475848618,0.21152515617662604,0.17883220712358602
823375,2026-05-30,2026,Pittsburgh Pirates,Minnesota Twins,2026-05-30T17:00:00+00:00,2026-05-30T20:05:00+00:00,0.04403210547565939,0.0,162,162,0.5859965962435911,0.5400813591768365,0.5541561712846348,1,0.1713988183218921,0.21152515617662604,0.1987767196035759
823622,2026-05-30,2026,New York Mets,Miami Marlins,2026-05-30T17:00:00+00:00,2026-05-30T20:10:00+00:00,0.027928606624385732,0.0,162,162,0.5698281590030639,0.5400813591768365,0.5417721518987342,1,0.18504781278669324,0.21152515617662604,0.20997276077551674
823945,2026-05-30,2026,Los Angeles Dodgers,Philadelphia Phillies,2026-05-30T17:00:00+00:00,2026-05-31T02:10:00+00:00,0.08659039560478865,0.0,162,162,0.6277625579401429,0.5400813591768365,0.5392405063291139,0,0.39408582915155127,0.2916878745302991,0.29078032366607914
824190,2026-05-30,2026,Houston Astros,Milwaukee Brewers,2026-05-30T17:00:00+00:00,2026-05-30T20:10:00+00:00,-0.10239217421494629,0.0,162,162,0.43651632314122735,0.5400813591768365,0.4885496183206107,1,0.31751385408628174,0.21152515617662604,0.261581492919993
824352,2026-05-30,2026,Colorado Rockies,San Francisco Giants,2026-05-30T17:00:00+00:00,2026-05-31T01:10:00+00:00,-0.10655591727685643,0.0,162,162,0.4323050960051228,0.5400813591768365,0.48979591836734687,1,0.32227750402175287,0.21152515617662604,0.26030820491461903
824431,2026-05-30,2026,Cleveland Guardians,Boston Red Sox,2026-05-30T17:00:00+00:00,2026-05-30T20:10:00+00:00,0.020943715398233476,0.0,162,162,0.562766378160818,0.5400813591768365,0.5380710659898477,0,0.3167059963882448,0.2916878745302991,0.289520472055451
824513,2026-05-30,2026,Cincinnati Reds,Atlanta Braves,2026-05-30T17:00:00+00:00,2026-05-30T23:15:00+00:00,-0.08238289316799019,0.0,162,162,0.4568712388761364,0.5400813591768365,0.4545454545454545,0,0.20873132891221569,0.2916878745302991,0.2066115702479338
824593,2026-05-30,2026,Chicago White Sox,Detroit Tigers,2026-05-30T17:00:00+00:00,2026-05-30T18:10:00+00:00,0.031111364753406423,0.0,162,162,0.5730367326397882,0.5400813591768365,0.48979591836734687,1,0.18229763167490773,0.21152515617662604,0.26030820491461903
824833,2026-05-30,2026,Baltimore Orioles,Toronto Blue Jays,2026-05-30T17:00:00+00:00,2026-05-30T20:05:00+00:00,-0.07356192891868801,0.0,162,162,0.46589466352697356,0.5400813591768365,0.46700507614213205,1,0.28526851044896473,0.21152515617662604,0.28408358885825447
822729,2026-05-31,2026,Washington Nationals,San Diego Padres,2026-05-31T17:00:00+00:00,2026-05-31T17:35:00+00:00,-0.08898863803609869,0.0,162,162,0.45013203654465805,0.5400813591768365,0.49489795918367346,1,0.30235477723452525,0.21152515617662604,0.25512807163681794
822895,2026-05-31,2026,Texas Rangers,Kansas City Royals,2026-05-31T17:00:00+00:00,2026-05-31T18:35:00+00:00,0.06733690472191411,0.0,162,162,0.6090625711494984,0.5400813591768365,0.5051020408163266,1,0.15283207327624104,0.21152515617662604,0.24492399000416487
822976,2026-05-31,2026,Tampa Bay Rays,Los Angeles Angels,2026-05-31T17:00:00+00:00,2026-05-31T17:40:00+00:00,0.056024527706633465,0.0,162,162,0.5979201059103092,0.5400813591768365,0.6496519721577726,1,0.16166824123117698,0.21152515617662604,0.12274374061293815
823053,2026-05-31,2026,St. Louis Cardinals,Chicago Cubs,2026-05-31T17:00:00+00:00,2026-05-31T23:20:00+00:00,-0.05607536552928005,0.0,162,162,0.48384301367122956,0.5400813591768365,0.5216284987277354,1,0.26641803453599855,0.21152515617662604,0.22883929322948024
823133,2026-05-31,2026,Seattle Mariners,Arizona Diamondbacks,2026-05-31T17:00:00+00:00,2026-05-31T20:10:00+00:00,0.015898233036536424,0.0,162,162,0.5576493109354959,0.5400813591768365,0.5614035087719298,1,0.19567413211584161,0.21152515617662604,0.19236688211757466
823373,2026-05-31,2026,Pittsburgh Pirates,Minnesota Twins,2026-05-31T17:00:00+00:00,2026-05-31T17:35:00+00:00,0.044358102760629126,0.0,162,162,0.5863221244648422,0.5400813591768365,0.6048780487804878,1,0.17112938470728148,0.21152515617662604,0.15612135633551458
823621,2026-05-31,2026,New York Mets,Miami Marlins,2026-05-31T17:00:00+00:00,2026-05-31T17:40:00+00:00,0.0366957265527279,0.0,162,162,0.5786514088549141,0.5400813591768365,0.5771144278606966,1,0.17753463525994878,0.21152515617662604,0.17883220712358602
823944,2026-05-31,2026,Los Angeles Dodgers,Philadelphia Phillies,2026-05-31T17:00:00+00:00,2026-05-31T20:10:00+00:00,0.0874369947244199,0.0,162,162,0.6285765597077846,0.5400813591768365,0.680709534368071,1,0.1379553719985049,0.21152515617662604,0.10194640144345402
824187,2026-05-31,2026,Houston Astros,Milwaukee Brewers,2026-05-31T17:00:00+00:00,2026-05-31T18:10:00+00:00,-0.10348499710108222,0.0,162,162,0.43541012555853137,0.5400813591768365,0.35597189695550346,0,0.18958197743889604,0.2916878745302991,0.12671599142209958
824354,2026-05-31,2026,Colorado Rockies,San Francisco Giants,2026-05-31T17:00:00+00:00,2026-05-31T19:10:00+00:00,-0.10100557178280106,0.0,162,162,0.4379208040627748,0.5400813591768365,0.49234693877551017,0,0.19177463063098718,0.2916878745302991,0.24240550812161596
824430,2026-05-31,2026,Cleveland Guardians,Boston Red Sox,2026-05-31T17:00:00+00:00,2026-05-31T17:40:00+00:00,0.015047866668825627,0.0,162,162,0.5567856425973466,0.5400813591768365,0.5190839694656489,0,0.3100102518025402,0.2916878745302991,0.26944816735621474
824512,2026-05-31,2026,Cincinnati Reds,Atlanta Braves,2026-05-31T17:00:00+00:00,2026-05-31T17:40:00+00:00,-0.08470252150242236,0.0,162,162,0.4545028187141305,0.5400813591768365,0.47328244274809167,1,0.29756717479082884,0.21152515617662604,0.2774313851174173
824592,2026-05-31,2026,Chicago White Sox,Detroit Tigers,2026-05-31T17:00:00+00:00,2026-05-31T18:10:00+00:00,0.035620096538700796,0.0,162,162,0.5775714732182515,0.5400813591768365,0.5541561712846348,1,0.1784458602389984,0.21152515617662604,0.1987767196035759
822730,2026-06-01,2026,Washington Nationals,Miami Marlins,2026-06-01T17:00:00+00:00,2026-06-01T22:45:00+00:00,-0.02389636248979954,0.0,162,162,0.5169469350358284,0.5400813591768365,0.5725,0,0.267234133642937,0.2916878745302991,0.32775625
822974,2026-06-01,2026,Tampa Bay Rays,Detroit Tigers,2026-06-01T17:00:00+00:00,2026-06-01T22:40:00+00:00,0.01279068235408548,0.0,162,162,0.5544914979731169,0.5400813591768365,0.597051597051597,0,0.3074608213244711,0.2916878745302991,0.3564706095418626
823050,2026-06-01,2026,St. Louis Cardinals,Texas Rangers,2026-06-01T17:00:00+00:00,2026-06-01T23:45:00+00:00,-0.10023476356344391,0.0,162,162,0.43870198287362977,0.5400813591768365,0.46954314720812185,0,0.19245942977725455,0.2916878745302991,0.220470767090108
823131,2026-06-01,2026,Seattle Mariners,New York Mets,2026-06-01T17:00:00+00:00,2026-06-02T01:40:00+00:00,-0.0009667140103328808,0.0,162,162,0.540462105776766,0.5400813591768365,0.5367088607594936,1,0.2111750762271242,0.21152515617662604,0.21463867969876624
823702,2026-06-01,2026,Minnesota Twins,Chicago White Sox,2026-06-01T17:00:00+00:00,2026-06-01T23:40:00+00:00,-0.051276806135534814,0.0,162,162,0.4887775630595703,0.5400813591768365,0.582089552238806,1,0.2613483800313116,0.21152515617662604,0.17464914234796167
823781,2026-06-01,2026,Milwaukee Brewers,San Francisco Giants,2026-06-01T17:00:00+00:00,2026-06-01T23:40:00+00:00,0.08033340301335146,0.0,162,162,0.621724262371657,0.5400813591768365,0.568922305764411,1,0.143092533678267,0.21152515617662604,0.18582797846747193
824027,2026-06-01,2026,Los Angeles Angels,Colorado Rockies,2026-06-01T17:00:00+00:00,2026-06-02T01:38:00+00:00,0.03273924012352558,0.0,162,162,0.5746754567292963,0.5400813591768365,0.6519721577726217,0,0.3302518805670253,0.2916878745302991,0.4250676945106884
824510,2026-06-01,2026,Cincinnati Reds,Kansas City Royals,2026-06-01T17:00:00+00:00,2026-06-01T23:10:00+00:00,0.0026813953483473263,0.0,162,162,0.5441895254846567,0.5400813591768365,0.6225961538461539,0,0.2961422396472158,0.2916878745302991,0.38762597078402367
825078,2026-06-01,2026,Arizona Diamondbacks,Los Angeles Dodgers,2026-06-01T17:00:00+00:00,2026-06-02T01:40:00+00:00,-0.12016922367659477,0.0,162,162,0.41860772540531543,0.5400813591768365,0.4029484029484029,1,0.3380169769583811,0.21152515617662604,0.3564706095418626
822728,2026-06-02,2026,Washington Nationals,Miami Marlins,2026-06-02T17:00:00+00:00,2026-06-02T22:45:00+00:00,-0.02962691447374527,0.0,162,162,0.5110542041354531,0.5400813591768365,0.5165394402035622,0,0.2611763995645214,0.2916878745302991,0.26681299328580943
822971,2026-06-02,2026,Tampa Bay Rays,Detroit Tigers,2026-06-02T17:00:00+00:00,2026-06-02T22:40:00+00:00,0.012200390113853432,0.0,162,162,0.553891152699636,0.5400813591768365,0.5639097744360902,0,0.30679540903893143,0.2916878745302991,0.3179942337045622
823052,2026-06-02,2026,St. Louis Cardinals,Texas Rangers,2026-06-02T17:00:00+00:00,2026-06-02T23:45:00+00:00,-0.09869629702410182,0.0,162,162,0.44026205319350287,0.5400813591768365,0.5025510204081632,0,0.19383067548215874,0.2916878745302991,0.2525575281132861
823129,2026-06-02,2026,Seattle Mariners,New York Mets,2026-06-02T17:00:00+00:00,2026-06-03T01:40:00+00:00,0.0007654308796637421,0.0,162,162,0.5422324980898275,0.5400813591768365,0.5760598503740648,1,0.20955108580507975,0.21152515617662604,0.17972525046486032
823460,2026-06-02,2026,Philadelphia Phillies,San Diego Padres,2026-06-02T17:00:00+00:00,2026-06-02T22:40:00+00:00,-0.014436112415406654,0.0,162,162,0.5266638386221868,0.5400813591768365,0.57356608478803,1,0.22404712166788324,0.21152515617662604,0.18184588404300966
823541,2026-06-02,2026,New York Yankees,Cleveland Guardians,2026-06-02T17:00:00+00:00,2026-06-02T23:05:00+00:00,0.04480535906618721,0.0,162,162,0.5867686144766537,0.5400813591768365,0.6928104575163399,0,0.3442974069348519,0.2916878745302991,0.47998633004400015
823700,2026-06-02,2026,Minnesota Twins,Chicago White Sox,2026-06-02T17:00:00+00:00,2026-06-02T23:40:00+00:00,-0.05108009220387427,0.0,162,162,0.488979905064083,0.5400813591768365,0.46446700507614214,1,0.26114153742831353,0.21152515617662604,0.2867955886521168
823782,2026-06-02,2026,Milwaukee Brewers,San Francisco Giants,2026-06-02T17:00:00+00:00,2026-06-02T23:40:00+00:00,0.09176693680872516,0.0,162,162,0.6327282962176027,0.5400813591768365,0.6941431670281994,1,0.13488850439922495,0.21152515617662604,0.0935484022755399
824026,2026-06-02,2026,Los Angeles Angels,Colorado Rockies,2026-06-02T17:00:00+00:00,2026-06-03T01:38:00+00:00,0.02850350005096447,0.0,162,162,0.5704081578124403,0.5400813591768365,0.597051597051597,0,0.32536546649898174,0.2916878745302991,0.3564706095418626
824189,2026-06-02,2026,Houston Astros,Pittsburgh Pirates,2026-06-02T17:00:00+00:00,2026-06-03T00:10:00+00:00,-0.03328078992028005,0.0,162,162,0.5072952131419753,0.5400813591768365,0.5051020408163266,0,0.2573484332767622,0.2916878745302991,0.25512807163681805
824511,2026-06-02,2026,Cincinnati Reds,Kansas City Royals,2026-06-02T17:00:00+00:00,2026-06-02T23:10:00+00:00,-0.0037214688511700844,0.0,162,162,0.5376444364012394,0.5400813591768365,0.530456852791878,1,0.21377266719072757,0.21152515617662604,0.2204707670901081
824754,2026-06-02,2026,Boston Red Sox,Baltimore Orioles,2026-06-02T17:00:00+00:00,2026-06-02T22:45:00+00:00,0.04825871360145456,0.0,162,162,0.5902111982378623,0.5400813591768365,0.5566750629722922,0,0.3483492585253732,0.2916878745302991,0.3098871257352055
824918,2026-06-02,2026,Atlanta Braves,Toronto Blue Jays,2026-06-02T17:00:00+00:00,2026-06-02T23:15:00+00:00,0.03439810994542769,0.0,162,162,0.5763436952538827,0.5400813591768365,0.5204081632653061,1,0.179484664551135,0.21152515617662604,0.23000832986255726
825079,2026-06-02,2026,Arizona Diamondbacks,Los Angeles Dodgers,2026-06-02T17:00:00+00:00,2026-06-03T01:40:00+00:00,-0.1147305830891377,0.0,162,162,0.42406614126905157,0.5400813591768365,0.47959183673469385,0,0.1798320921708232,0.2916878745302991,0.23000832986255726
822727,2026-06-03,2026,Washington Nationals,Miami Marlins,2026-06-03T17:00:00+00:00,2026-06-03T17:05:00+00:00,-0.028599948725192337,0.0,162,162,0.512110507195188,0.5400813591768365,0.49109414758269715,0,0.26225717157971273,0.2916878745302991,0.24117346178997592
822973,2026-06-03,2026,Tampa Bay Rays,Detroit Tigers,2026-06-03T17:00:00+00:00,2026-06-03T17:10:00+00:00,0.0037638534558209757,0.0,162,162,0.5452945837842385,0.5400813591768365,0.565,0,0.29734618310442584,0.2916878745302991,0.3192249999999999
823051,2026-06-03,2026,St. Louis Cardinals,Texas Rangers,2026-06-03T17:00:00+00:00,2026-06-03T23:45:00+00:00,-0.0954099676583412,0.0,162,162,0.4435984478396245,0.5400813591768365,0.5178571428571429,1,0.30958268724647514,0.21152515617662604,0.23246173469387751
823130,2026-06-03,2026,Seattle Mariners,New York Mets,2026-06-03T17:00:00+00:00,2026-06-03T19:40:00+00:00,0.005995817065711728,0.0,162,162,0.547571727850398,0.5400813591768365,0.5725,0,0.2998347971410703,0.2916878745302991,0.32775625
823456,2026-06-03,2026,Philadelphia Phillies,San Diego Padres,2026-06-03T17:00:00+00:00,2026-06-03T22:40:00+00:00,-0.015847390628632607,0.0,162,162,0.5252153745828586,0.5400813591768365,0.6597701149425287,1,0.22542044053249527,0.21152515617662604,0.11575637468622015
823540,2026-06-03,2026,New York Yankees,Cleveland Guardians,2026-06-03T17:00:00+00:00,2026-06-03T23:05:00+00:00,0.03979240714054799,0.0,162,162,0.5817562524631592,0.5400813591768365,0.5806451612903225,0,0.338440337279979,0.2916878745302991,0.33714880332986463
823701,2026-06-03,2026,Minnesota Twins,Chicago White Sox,2026-06-03T17:00:00+00:00,2026-06-03T17:40:00+00:00,-0.048572356391624216,0.0,162,162,0.4915596820381969,0.5400813591768365,0.5785536159600998,0,0.24163092100549322,0.2916878745302991,0.3347242865405066
823780,2026-06-03,2026,Milwaukee Brewers,San Francisco Giants,2026-06-03T17:00:00+00:00,2026-06-03T23:40:00+00:00,0.09619431840753118,0.0,162,162,0.6369531943113629,0.5400813591768365,0.5831265508684863,0,0.4057093717434488,0.2916878745302991,0.34003657432777734
824024,2026-06-03,2026,Los Angeles Angels,Colorado Rockies,2026-06-03T17:00:00+00:00,2026-06-04T01:38:00+00:00,0.01852104133044391,0.0,162,162,0.5603109295022176,0.5400813591768365,0.5796019900497512,1,0.19332647871520384,0.21152515617662604,0.17673448677012948
824188,2026-06-03,2026,Houston Astros,Pittsburgh Pirates,2026-06-03T17:00:00+00:00,2026-06-04T00:10:00+00:00,-0.0411836933761347,0.0,162,162,0.49916269886240533,0.5400813591768365,0.4133663366336633,1,0.2508380022107896,0.21152515617662604,0.34413905499460845
824509,2026-06-03,2026,Cincinnati Reds,Kansas City Royals,2026-06-03T17:00:00+00:00,2026-06-03T23:10:00+00:00,-0.0027285131589714906,0.0,162,162,0.5386603564418354,0.5400813591768365,0.5901234567901236,0,0.29015497960204517,0.2916878745302991,0.3482456942539248
824755,2026-06-03,2026,Boston Red Sox,Baltimore Orioles,2026-06-03T17:00:00+00:00,2026-06-03T22:45:00+00:00,0.044353620348072886,0.0,162,162,0.5863176490125396,0.5400813591768365,0.5876543209876544,1,0.1711330875185124,0.21152515617662604,0.17002895900015239
824917,2026-06-03,2026,Atlanta Braves,Toronto Blue Jays,2026-06-03T17:00:00+00:00,2026-06-03T23:15:00+00:00,0.036448803942303765,0.0,162,162,0.5784035639799084,0.5400813591768365,0.568922305764411,1,0.17774355486484317,0.21152515617662604,0.18582797846747193
825077,2026-06-03,2026,Arizona Diamondbacks,Los Angeles Dodgers,2026-06-03T17:00:00+00:00,2026-06-04T01:40:00+00:00,-0.11631369968588862,0.0,162,162,0.422475293746585,0.5400813591768365,0.3672985781990522,0,0.17848537382626328,0.2916878745302991,0.13490824554704528
823457,2026-06-04,2026,Philadelphia Phillies,San Diego Padres,2026-06-04T17:00:00+00:00,2026-06-04T17:05:00+00:00,-0.020299827630444023,0.0,162,162,0.5206429526963613,0.5400813591768365,0.6582568807339451,1,0.22978317879966292,0.21152515617662604,0.11678835956569306
823542,2026-06-04,2026,New York Yankees,Cleveland Guardians,2026-06-04T17:00:00+00:00,2026-06-04T17:35:00+00:00,0.04090033804186677,0.0,162,162,0.5828655457182759,0.5400813591768365,0.6004901960784313,1,0.1740011529489118,0.21152515617662604,0.15960808342945024
823698,2026-06-04,2026,Minnesota Twins,Kansas City Royals,2026-06-04T17:00:00+00:00,2026-06-04T23:40:00+00:00,-0.028413445723100117,0.0,162,162,0.5123023266966694,0.5400813591768365,0.48469387755102045,0,0.262453673938821,0.2916878745302991,0.2349281549354436
823779,2026-06-04,2026,Milwaukee Brewers,San Francisco Giants,2026-06-04T17:00:00+00:00,2026-06-04T18:10:00+00:00,0.08976256538416699,0.0,162,162,0.6308088224872727,0.5400813591768365,0.6367924528301887,0,0.3979197705277795,0.2916878745302991,0.4055046279814881
824185,2026-06-04,2026,Houston Astros,Pittsburgh Pirates,2026-06-04T17:00:00+00:00,2026-06-05T00:10:00+00:00,-0.03877383605614665,0.0,162,162,0.5016427235564644,0.5400813591768365,0.5089058524173028,0,0.2516454220971474,0.2916878745302991,0.2589851666245816
824753,2026-06-04,2026,Boston Red Sox,Baltimore Orioles,2026-06-04T17:00:00+00:00,2026-06-04T17:35:00+00:00,0.04728454338757937,0.0,162,162,0.5892409457313472,0.5400813591768365,0.5253807106598984,0,0.34720489212637246,0.2916878745302991,0.27602489113349993
824919,2026-06-04,2026,Atlanta Braves,Toronto Blue Jays,2026-06-04T17:00:00+00:00,2026-06-04T23:15:00+00:00,0.033841806274539254,0.0,162,162,0.5757844417311279,0.5400813591768365,0.6928104575163399,0,0.3315277233396266,0.2916878745302991,0.47998633004400015
825076,2026-06-04,2026,Arizona Diamondbacks,Los Angeles Dodgers,2026-06-04T17:00:00+00:00,2026-06-05T01:40:00+00:00,-0.12308988423868084,0.0,162,162,0.4156845598249808,0.5400813591768365,0.44584382871536526,1,0.3414245336269265,0.21152515617662604,0.3070890621728455
822810,2026-06-05,2026,Toronto Blue Jays,Baltimore Orioles,2026-06-05T17:00:00+00:00,2026-06-05T23:07:00+00:00,0.0749563705410255,0.0,162,162,0.6165047645630889,0.5400813591768365,0.5796019900497512,0,0.38007812472898966,0.2916878745302991,0.3359384668696319
822892,2026-06-05,2026,Texas Rangers,Cleveland Guardians,2026-06-05T17:00:00+00:00,2026-06-06T00:15:00+00:00,0.01849873597043683,1.0,162,162,0.5327010185177473,0.5400813591768365,0.457070707070707,1,0.21836833809435074,0.21152515617662604,0.29477221712070206
823049,2026-06-05,2026,St. Louis Cardinals,Cincinnati Reds,2026-06-05T17:00:00+00:00,2026-06-06T00:15:00+00:00,-0.02118044184809237,0.0,162,162,0.5197381733741591,0.5400813591768365,0.5639097744360902,1,0.2306514221139893,0.21152515617662604,0.19017468483238167
823293,2026-06-05,2026,San Diego Padres,New York Mets,2026-06-05T17:00:00+00:00,2026-06-06T01:40:00+00:00,0.01917372802660544,-1.0,162,162,0.5881812876694061,0.5400813591768365,0.5380710659898477,0,0.3459572271644407,0.2916878745302991,0.289520472055451
823455,2026-06-05,2026,Philadelphia Phillies,Chicago White Sox,2026-06-05T17:00:00+00:00,2026-06-05T22:40:00+00:00,0.00548188041975306,-1.0,162,162,0.5744644651661095,0.5400813591768365,0.6192771084337348,1,0.18108049140636523,0.21152515617662604,0.1449499201625781
823538,2026-06-05,2026,New York Yankees,Boston Red Sox,2026-06-05T17:00:00+00:00,2026-06-05T23:05:00+00:00,0.061949711009273045,0.0,162,162,0.6037696989133887,0.5400813591768365,0.57,0,0.36453784932596406,0.2916878745302991,0.32489999999999997
823699,2026-06-05,2026,Minnesota Twins,Kansas City Royals,2026-06-05T17:00:00+00:00,2026-06-06T00:15:00+00:00,-0.03310330434081332,0.0,162,162,0.5074778271645909,0.5400813591768365,0.5153061224489797,1,0.2425780907345126,0.21152515617662604,0.2349281549354435
823860,2026-06-05,2026,Miami Marlins,Tampa Bay Rays,2026-06-05T17:00:00+00:00,2026-06-05T23:10:00+00:00,-0.00029699218958079143,0.0,162,162,0.5411467392813308,0.5400813591768365,0.4483627204030227,0,0.29283979343481664,0.2916878745302991,0.20102912904719913
823943,2026-06-05,2026,Los Angeles Dodgers,Los Angeles Angels,2026-06-05T17:00:00+00:00,2026-06-06T02:10:00+00:00,0.18903199534728754,-1.0,162,162,0.7418621813602194,0.5400813591768365,0.6448598130841121,1,0.06663513341210425,0.21152515617662604,0.1261245523626518
824271,2026-06-05,2026,Detroit Tigers,Seattle Mariners,2026-06-05T17:00:00+00:00,2026-06-05T22:40:00+00:00,-0.03455672044367675,0.0,162,162,0.5059823602833283,0.5400813591768365,0.4707379134860051,1,0.24405342835123123,0.21152515617662604,0.2801183562211475
824350,2026-06-05,2026,Colorado Rockies,Milwaukee Brewers,2026-06-05T17:00:00+00:00,2026-06-06T00:40:00+00:00,-0.18263376239453255,1.0,162,162,0.33248513116121653,0.5400813591768365,0.41687344913151364,0,0.11054636244329136,0.2916878745302991,0.17378347259080468
824673,2026-06-05,2026,Chicago Cubs,San Francisco Giants,2026-06-05T17:00:00+00:00,2026-06-05T18:20:00+00:00,0.019303073840138296,0.0,162,162,0.5611038702267964,0.5400813591768365,0.6201923076923077,0,0.3148375531834896,0.2916878745302991,0.3846384985207101
824914,2026-06-05,2026,Atlanta Braves,Pittsburgh Pirates,2026-06-05T17:00:00+00:00,2026-06-05T23:15:00+00:00,0.05409398054844039,0.0,162,162,0.5960080632866434,0.5400813591768365,0.565,1,0.16320948492940876,0.21152515617662604,0.18922500000000006
825073,2026-06-05,2026,Arizona Diamondbacks,Washington Nationals,2026-06-05T17:00:00+00:00,2026-06-06T01:40:00+00:00,0.044928256290635404,-1.0,162,162,0.6135999501723307,0.5400813591768365,0.5541561712846348,0,0.37650489885148675,0.2916878745302991,0.3070890621728455
822808,2026-06-06,2026,Toronto Blue Jays,Baltimore Orioles,2026-06-06T17:00:00+00:00,2026-06-06T19:07:00+00:00,0.06719501077076517,0.0,162,162,0.6089234841496785,0.5400813591768365,0.5139949109414759,1,0.1529408412496268,0.21152515617662604,0.23620094659078397
822891,2026-06-06,2026,Texas Rangers,Cleveland Guardians,2026-06-06T17:00:00+00:00,2026-06-06T23:35:00+00:00,0.019129391234222526,0.0,162,162,0.5609277918056008,0.5400813591768365,0.5228426395939086,0,0.31463998761990747,0.2916878745302991,0.27336442577752584
823048,2026-06-06,2026,St. Louis Cardinals,Cincinnati Reds,2026-06-06T17:00:00+00:00,2026-06-06T18:15:00+00:00,-0.011130765795777042,0.0,162,162,0.5300544795632354,0.5400813591768365,0.5367088607594936,1,0.22084879217858155,0.21152515617662604,0.21463867969876624
823292,2026-06-06,2026,San Diego Padres,New York Mets,2026-06-06T17:00:00+00:00,2026-06-07T02:10:00+00:00,0.016902155890502146,0.0,162,162,0.5586684888034977,0.5400813591768365,0.4607594936708861,1,0.1947735027749884,0.21152515617662604,0.29078032366607914
823454,2026-06-06,2026,Philadelphia Phillies,Chicago White Sox,2026-06-06T17:00:00+00:00,2026-06-06T20:05:00+00:00,0.006819857107527416,0.0,162,162,0.5484119505567028,0.5400813591768365,0.5541561712846348,0,0.30075566751340743,0.2916878745302991,0.3070890621728455
823697,2026-06-06,2026,Minnesota Twins,Kansas City Royals,2026-06-06T17:00:00+00:00,2026-06-06T18:10:00+00:00,-0.03302334827285347,0.0,162,162,0.5075600929129178,0.5400813591768365,0.57,0,0.25761724791776974,0.2916878745302991,0.32489999999999997
823859,2026-06-06,2026,Miami Marlins,Tampa Bay Rays,2026-06-06T17:00:00+00:00,2026-06-06T20:10:00+00:00,-0.006487913542835899,0.0,162,162,0.5348123884732702,0.5400813591768365,0.45569620253164556,1,0.2163995139179437,0.21152515617662604,0.2962666239384714
823942,2026-06-06,2026,Los Angeles Dodgers,Los Angeles Angels,2026-06-06T17:00:00+00:00,2026-06-07T02:10:00+00:00,0.19251009252975898,0.0,162,162,0.7228506717257238,0.5400813591768365,0.7566037735849056,1,0.07681175016288251,0.21152515617662604,0.059241723033107895
824269,2026-06-06,2026,Detroit Tigers,Seattle Mariners,2026-06-06T17:00:00+00:00,2026-06-06T17:10:00+00:00,-0.02884252830909312,0.0,162,162,0.5118610072508823,0.5400813591768365,0.46446700507614214,0,0.26200169074388785,0.2916878745302991,0.21572959880440104
824351,2026-06-06,2026,Colorado Rockies,Milwaukee Brewers,2026-06-06T17:00:00+00:00,2026-06-07T01:10:00+00:00,-0.1833397148658154,0.0,162,162,0.356971891087336,0.5400813591768365,0.29700854700854695,0,0.12742893102646888,0.2916878745302991,0.08821407699612825
824669,2026-06-06,2026,Chicago Cubs,San Francisco Giants,2026-06-06T17:00:00+00:00,2026-06-06T18:20:00+00:00,0.0035246176901320148,0.0,162,162,0.5450503911304534,0.5400813591768365,0.5851851851851853,1,0.20697914661055344,0.21152515617662604,0.17207133058984905
824915,2026-06-06,2026,Atlanta Braves,Pittsburgh Pirates,2026-06-06T17:00:00+00:00,2026-06-06T20:10:00+00:00,0.05591317156979636,0.0,162,162,0.5978098974346785,0.5400813591768365,0.5076530612244898,1,0.16175687860150384,0.21152515617662604,0.24240550812161596
825075,2026-06-06,2026,Arizona Diamondbacks,Washington Nationals,2026-06-06T17:00:00+00:00,2026-06-06T20:10:00+00:00,0.03357052411125255,0.0,162,162,0.5755116505617541,0.5400813591768365,0.5628140703517588,0,0.3312136599323146,0.2916878745302991,0.3167596777859145
822807,2026-06-07,2026,Toronto Blue Jays,Baltimore Orioles,2026-06-07T17:00:00+00:00,2026-06-07T17:37:00+00:00,0.0703450782987029,0.0,162,162,0.6120070349549904,0.5400813591768365,0.5541561712846348,1,0.150538540924418,0.21152515617662604,0.1987767196035759
822890,2026-06-07,2026,Texas Rangers,Cleveland Guardians,2026-06-07T17:00:00+00:00,2026-06-07T18:35:00+00:00,0.01409181484743005,0.0,162,162,0.5558142257572808,0.5400813591768365,0.5664160401002506,1,0.1973010020396039,0.21152515617662604,0.1879950502823475
823047,2026-06-07,2026,St. Louis Cardinals,Cincinnati Reds,2026-06-07T17:00:00+00:00,2026-06-07T18:15:00+00:00,-0.010443589517498908,0.0,162,162,0.5307590506393521,0.5400813591768365,0.57356608478803,1,0.22018706855688208,0.21152515617662604,0.18184588404300966
823291,2026-06-07,2026,San Diego Padres,New York Mets,2026-06-07T17:00:00+00:00,2026-06-07T20:10:00+00:00,0.01730401231218126,0.0,162,162,0.5590763135911901,0.5400813591768365,0.49744897959183665,0,0.3125663244187148,0.2916878745302991,0.24745548729695951
823453,2026-06-07,2026,Philadelphia Phillies,Chicago White Sox,2026-06-07T17:00:00+00:00,2026-06-07T17:35:00+00:00,0.0041508544657161695,0.0,162,162,0.5456895571580284,0.5400813591768365,0.6073170731707317,1,0.2063979784752684,0.21152515617662604,0.15419988102320048
823537,2026-06-07,2026,New York Yankees,Boston Red Sox,2026-06-07T17:00:00+00:00,2026-06-07T17:35:00+00:00,0.062482491778994675,0.0,162,162,0.6042942579528656,0.5400813591768365,0.57,1,0.15658303428907325,0.21152515617662604,0.18490000000000004
823696,2026-06-07,2026,Minnesota Twins,Kansas City Royals,2026-06-07T17:00:00+00:00,2026-06-07T18:10:00+00:00,-0.03403407567042399,0.0,162,162,0.506520140133568,0.5400813591768365,0.47328244274809167,0,0.2565626523609294,0.2916878745302991,0.22399627061360067
823857,2026-06-07,2026,Miami Marlins,Tampa Bay Rays,2026-06-07T17:00:00+00:00,2026-06-07T17:40:00+00:00,-0.01199971839827535,0.0,162,162,0.5291633595885208,0.5400813591768365,0.5025510204081632,1,0.22168714195396858,0.21152515617662604,0.24745548729695963
823941,2026-06-07,2026,Los Angeles Dodgers,Los Angeles Angels,2026-06-07T17:00:00+00:00,2026-06-07T20:10:00+00:00,0.19517057286311834,0.0,162,162,0.7250393671238595,0.5400813591768365,0.6582568807339451,0,0.5256820838793668,0.2916878745302991,0.4333021210335832
824268,2026-06-07,2026,Detroit Tigers,Seattle Mariners,2026-06-07T17:00:00+00:00,2026-06-07T17:40:00+00:00,-0.02978406747470791,0.0,162,162,0.510892552802801,0.5400813591768365,0.5153061224489797,1,0.23922609490376082,0.21152515617662604,0.2349281549354435
824349,2026-06-07,2026,Colorado Rockies,Milwaukee Brewers,2026-06-07T17:00:00+00:00,2026-06-07T19:10:00+00:00,-0.1840498068617234,0.0,162,162,0.35630119991281084,0.5400813591768365,0.37649880095923266,0,0.1269505450593088,0.2916878745302991,0.14175134712373988
824670,2026-06-07,2026,Chicago Cubs,San Francisco Giants,2026-06-07T17:00:00+00:00,2026-06-08T00:30:00+00:00,0.0026775833491800016,0.0,162,162,0.5441856331209357,0.5400813591768365,0.5468354430379747,0,0.29613800329523365,0.2916878745302991,0.2990290017625381
824916,2026-06-07,2026,Atlanta Braves,Pittsburgh Pirates,2026-06-07T17:00:00+00:00,2026-06-07T17:35:00+00:00,0.054621825409047475,0.0,162,162,0.596531140989361,0.5400813591768365,0.5796019900497512,1,0.1627871201913469,0.21152515617662604,0.17673448677012948
825074,2026-06-07,2026,Arizona Diamondbacks,Washington Nationals,2026-06-07T17:00:00+00:00,2026-06-07T19:15:00+00:00,0.028925732630175505,0.0,162,162,0.5708340170562068,0.5400813591768365,0.5443037974683544,1,0.18418344091611216,0.21152515617662604,0.20765902900176253
822806,2026-06-08,2026,Toronto Blue Jays,Philadelphia Phillies,2026-06-08T17:00:00+00:00,2026-06-08T23:07:00+00:00,0.02546283012716588,0.0,162,162,0.5673383293882864,0.5400813591768365,0.3883495145631068,0,0.3218727799930918,0.2916878745302991,0.15081534546140068
822972,2026-06-08,2026,Tampa Bay Rays,Boston Red Sox,2026-06-08T17:00:00+00:00,2026-06-08T22:40:00+00:00,-0.030710365140368012,0.0,162,162,0.5099396957169914,0.5400813591768365,0.4885496183206107,1,0.240159101833955,0.21152515617662604,0.261581492919993
823218,2026-06-08,2026,San Francisco Giants,Washington Nationals,2026-06-08T17:00:00+00:00,2026-06-09T01:45:00+00:00,0.05557804455149862,0.0,162,162,0.5974781647246142,0.5400813591768365,0.5725,0,0.3569801573226933,0.2916878745302991,0.32775625
823289,2026-06-08,2026,San Diego Padres,Cincinnati Reds,2026-06-08T17:00:00+00:00,2026-06-09T01:40:00+00:00,0.05454141927758743,0.0,162,162,0.5964514751715272,0.5400813591768365,0.5516372795969774,1,0.16285141189123653,0.21152515617662604,0.20102912904719902
824025,2026-06-08,2026,Los Angeles Angels,Houston Astros,2026-06-08T17:00:00+00:00,2026-06-09T01:38:00+00:00,-0.05808358680356862,0.0,162,162,0.48177875931268865,0.5400813591768365,0.457070707070707,0,0.2321107729248736,0.2916878745302991,0.20891363126211607
824427,2026-06-08,2026,Cleveland Guardians,New York Yankees,2026-06-08T17:00:00+00:00,2026-06-08T22:40:00+00:00,-0.05370331383078153,0.0,162,162,0.48628195494849746,0.5400813591768365,0.547979797979798,0,0.2364701397085325,0.2916878745302991,0.30028185899398024
824829,2026-06-08,2026,Baltimore Orioles,Seattle Mariners,2026-06-08T17:00:00+00:00,2026-06-08T22:35:00+00:00,-0.04747008020536836,0.0,162,162,0.49269377430078815,0.5400813591768365,0.46329113924050636,0,0.24274715523475596,0.2916878745302991,0.21463867969876624
822805,2026-06-09,2026,Toronto Blue Jays,Philadelphia Phillies,2026-06-09T17:00:00+00:00,2026-06-09T23:07:00+00:00,0.023657291318894047,0.0,162,162,0.5655130110018729,0.5400813591768365,0.5089058524173028,1,0.18877894360865863,0.21152515617662604,0.24117346178997598
822969,2026-06-09,2026,Tampa Bay Rays,Boston Red Sox,2026-06-09T17:00:00+00:00,2026-06-09T22:40:00+00:00,-0.029432799765278073,0.0,162,162,0.5112538719685883,0.5400813591768365,0.4783715012722647,1,0.2388727776656971,0.21152515617662604,0.27209629068495095
823214,2026-06-09,2026,San Francisco Giants,Washington Nationals,2026-06-09T17:00:00+00:00,2026-06-10T01:45:00+00:00,0.053154855944608004,0.0,162,162,0.5950768812928449,0.5400813591768365,0.5025510204081632,0,0.35411649464921857,0.2916878745302991,0.2525575281132861
823290,2026-06-09,2026,San Diego Padres,Cincinnati Reds,2026-06-09T17:00:00+00:00,2026-06-10T01:40:00+00:00,0.06012071039572886,0.0,162,162,0.6019671125742017,0.5400813591768365,0.46700507614213205,0,0.36236440462092157,0.2916878745302991,0.21809374114251856
823374,2026-06-09,2026,Pittsburgh Pirates,Los Angeles Dodgers,2026-06-09T17:00:00+00:00,2026-06-09T22:40:00+00:00,-0.09744607596246169,0.0,162,162,0.4415307014775242,0.5400813591768365,0.5153061224489797,0,0.1949493603472346,0.2916878745302991,0.26554039983340283
823620,2026-06-09,2026,New York Mets,St. Louis Cardinals,2026-06-09T17:00:00+00:00,2026-06-09T23:10:00+00:00,0.04467698023046174,0.0,162,162,0.5866404701594816,0.5400813591768365,0.5367088607594936,0,0.34414704122893763,0.2916878745302991,0.28805640121775355
823858,2026-06-09,2026,Miami Marlins,Arizona Diamondbacks,2026-06-09T17:00:00+00:00,2026-06-09T22:40:00+00:00,-0.017621057015175412,0.0,162,162,0.5233943748380402,0.5400813591768365,0.5796019900497512,1,0.22715292193602254,0.21152515617662604,0.17673448677012948
824023,2026-06-09,2026,Los Angeles Angels,Houston Astros,2026-06-09T17:00:00+00:00,2026-06-10T01:38:00+00:00,-0.060041128265328036,0.0,162,162,0.4797671967049209,0.5400813591768365,0.46446700507614214,1,0.2706421696242565,0.21152515617662604,0.2867955886521168
824105,2026-06-09,2026,Kansas City Royals,Texas Rangers,2026-06-09T17:00:00+00:00,2026-06-09T23:40:00+00:00,-0.06221044847128082,0.0,162,162,0.47753877983432097,0.5400813591768365,0.46954314720812185,1,0.2729657265770102,0.21152515617662604,0.2813844726738643
824267,2026-06-09,2026,Detroit Tigers,Minnesota Twins,2026-06-09T17:00:00+00:00,2026-06-09T22:40:00+00:00,0.03058577136655244,0.0,162,162,0.5725072921277599,0.5400813591768365,0.5417721518987342,1,0.18275001528394044,0.21152515617662604,0.20997276077551674
824347,2026-06-09,2026,Colorado Rockies,Chicago Cubs,2026-06-09T17:00:00+00:00,2026-06-10T00:40:00+00:00,-0.11481504288341243,0.0,162,162,0.42398122897044627,0.5400813591768365,0.41687344913151364,1,0.3317976245783974,0.21152515617662604,0.34003657432777745
824429,2026-06-09,2026,Cleveland Guardians,New York Yankees,2026-06-09T17:00:00+00:00,2026-06-09T22:40:00+00:00,-0.058193437512613855,0.0,162,162,0.48166586086364327,0.5400813591768365,0.47959183673469385,0,0.23200200152151457,0.2916878745302991,0.23000832986255726
824591,2026-06-09,2026,Chicago White Sox,Atlanta Braves,2026-06-09T17:00:00+00:00,2026-06-09T23:40:00+00:00,-0.05928684957548003,0.0,162,162,0.4805422166790975,0.5400813591768365,0.41687344913151364,1,0.2698363886526656,0.21152515617662604,0.34003657432777745
824830,2026-06-09,2026,Baltimore Orioles,Seattle Mariners,2026-06-09T17:00:00+00:00,2026-06-09T22:35:00+00:00,-0.04786177957914067,0.0,162,162,0.49229075970788777,0.5400813591768365,0.47328244274809167,0,0.2423501920937693,0.2916878745302991,0.22399627061360067
822804,2026-06-10,2026,Toronto Blue Jays,Philadelphia Phillies,2026-06-10T17:00:00+00:00,2026-06-10T23:07:00+00:00,0.023238392238732142,0.0,162,162,0.5650892669844759,0.5400813591768365,0.4582278481012658,0,0.3193258796610523,0.2916878745302991,0.20997276077551674
822970,2026-06-10,2026,Tampa Bay Rays,Boston Red Sox,2026-06-10T17:00:00+00:00,2026-06-10T17:10:00+00:00,-0.029425471634321354,0.0,162,162,0.5112614096686611,0.5400813591768365,0.5945945945945945,1,0.23886540967906433,0.21152515617662604,0.16435354273192118
823215,2026-06-10,2026,San Francisco Giants,Washington Nationals,2026-06-10T17:00:00+00:00,2026-06-10T19:45:00+00:00,0.049445280004206116,0.0,162,162,0.5913920441523152,0.5400813591768365,0.5025510204081632,1,0.16696046158202354,0.21152515617662604,0.24745548729695963
823287,2026-06-10,2026,San Diego Padres,Cincinnati Reds,2026-06-10T17:00:00+00:00,2026-06-10T20:10:00+00:00,0.054792507359776144,0.0,162,162,0.5967002345636858,0.5400813591768365,0.6004901960784313,1,0.16265070080098604,0.21152515617662604,0.15960808342945024
823372,2026-06-10,2026,Pittsburgh Pirates,Los Angeles Dodgers,2026-06-10T17:00:00+00:00,2026-06-10T22:40:00+00:00,-0.09888800498070283,0.0,162,162,0.44006758817660685,0.5400813591768365,0.35597189695550346,1,0.31352430581036195,0.21152515617662604,0.4147721975110926
823618,2026-06-10,2026,New York Mets,St. Louis Cardinals,2026-06-10T17:00:00+00:00,2026-06-10T23:10:00+00:00,0.040158627844013584,0.0,162,162,0.5821230155690202,0.5400813591768365,0.5505050505050506,0,0.3388672052551698,0.2916878745302991,0.30305581063156833
823856,2026-06-10,2026,Miami Marlins,Arizona Diamondbacks,2026-06-10T17:00:00+00:00,2026-06-10T22:40:00+00:00,-0.009684447799041707,0.0,162,162,0.5315372662064269,0.5400813591768365,0.48469387755102045,1,0.2194573329533481,0.21152515617662604,0.2655403998334027
824022,2026-06-10,2026,Los Angeles Angels,Houston Astros,2026-06-10T17:00:00+00:00,2026-06-11T01:38:00+00:00,-0.053887556830218175,0.0,162,162,0.486092491573374,0.5400813591768365,0.5153061224489797,1,0.2641009272172627,0.21152515617662604,0.2349281549354435
824103,2026-06-10,2026,Kansas City Royals,Texas Rangers,2026-06-10T17:00:00+00:00,2026-06-10T23:40:00+00:00,-0.05817856531695803,0.0,162,162,0.4816811455698623,0.5400813591768365,0.4707379134860051,0,0.23201672599749487,0.2916878745302991,0.2215941831931576
824266,2026-06-10,2026,Detroit Tigers,Minnesota Twins,2026-06-10T17:00:00+00:00,2026-06-10T22:40:00+00:00,0.039540547774389645,0.0,162,162,0.5815039675756005,0.5400813591768365,0.608272506082725,0,0.3381468643061651,0.2916878745302991,0.3699954416561587
824348,2026-06-10,2026,Colorado Rockies,Chicago Cubs,2026-06-10T17:00:00+00:00,2026-06-11T00:40:00+00:00,-0.11597288086157331,0.0,162,162,0.4228176422741905,0.5400813591768365,0.3941605839416058,1,0.33313947406992434,0.21152515617662604,0.36704139804997604
824428,2026-06-10,2026,Cleveland Guardians,New York Yankees,2026-06-10T17:00:00+00:00,2026-06-10T17:10:00+00:00,-0.058243982822120066,0.0,162,162,0.4816139138339257,0.5400813591768365,0.5241730279898218,0,0.23195196199843202,0.2916878745302991,0.2747573632720185
824590,2026-06-10,2026,Chicago White Sox,Atlanta Braves,2026-06-10T17:00:00+00:00,2026-06-10T23:40:00+00:00,-0.05630468103427211,0.0,162,162,0.4836072706270534,0.5400813591768365,0.4228855721393035,1,0.2666614509492413,0.21152515617662604,0.3330610628449791
824831,2026-06-10,2026,Baltimore Orioles,Seattle Mariners,2026-06-10T17:00:00+00:00,2026-06-10T22:35:00+00:00,-0.041812255629091744,0.0,162,162,0.4985158367079824,0.5400813591768365,0.5,1,0.251486366032695,0.21152515617662604,0.25
823371,2026-06-11,2026,Pittsburgh Pirates,Los Angeles Dodgers,2026-06-11T17:00:00+00:00,2026-06-11T22:40:00+00:00,-0.09575597470588504,0.0,162,162,0.44324692449392844,0.5400813591768365,0.3864734299516908,0,0.1964678360733263,0.2916878745302991,0.14936171205862447
823619,2026-06-11,2026,New York Mets,St. Louis Cardinals,2026-06-11T17:00:00+00:00,2026-06-11T17:10:00+00:00,0.03290935177445553,0.0,162,162,0.5748466080538323,0.5400813591768365,0.575,1,0.18075540668333173,0.21152515617662604,0.18062500000000004
823855,2026-06-11,2026,Miami Marlins,Arizona Diamondbacks,2026-06-11T17:00:00+00:00,2026-06-11T17:10:00+00:00,0.0003296677537231729,0.0,162,162,0.5417872115139739,0.5400813591768365,0.5380710659898477,1,0.2099589595321397,0.21152515617662604,0.21337834007575568
824101,2026-06-11,2026,Kansas City Royals,Texas Rangers,2026-06-11T17:00:00+00:00,2026-06-11T18:10:00+00:00,-0.05795918874424283,0.0,162,162,0.48190661096502124,0.5400813591768365,0.5076530612244898,0,0.23223398169179232,0.2916878745302991,0.2577116305705956
824265,2026-06-11,2026,Detroit Tigers,Minnesota Twins,2026-06-11T17:00:00+00:00,2026-06-11T17:10:00+00:00,0.036100478976096695,0.0,162,162,0.5780538708619545,0.5400813591768365,0.5417721518987342,1,0.17803853589458019,0.21152515617662604,0.20997276077551674
824346,2026-06-11,2026,Colorado Rockies,Chicago Cubs,2026-06-11T17:00:00+00:00,2026-06-11T19:10:00+00:00,-0.10994858546891251,0.0,162,162,0.42888092749560697,0.5400813591768365,0.41791044776119407,0,0.18393884996949209,0.2916878745302991,0.17464914234796172
824827,2026-06-11,2026,Baltimore Orioles,Seattle Mariners,2026-06-11T17:00:00+00:00,2026-06-11T23:05:00+00:00,-0.032789018155271576,0.0,162,162,0.5078011897189691,0.5400813591768365,0.48346055979643765,1,0.2422596688420622,0.21152515617662604,0.26681299328580954
822726,2026-06-12,2026,Washington Nationals,Seattle Mariners,2026-06-12T17:00:00+00:00,2026-06-12T22:45:00+00:00,-0.05572051358422525,1.0,162,162,0.45647770174078156,0.5400813591768365,0.4335839598997493,0,0.20837189218654592,0.2916878745302991,0.1879950502823474
822803,2026-06-12,2026,Toronto Blue Jays,New York Yankees,2026-06-12T17:00:00+00:00,2026-06-12T23:37:00+00:00,-0.047789632839409624,0.0,162,162,0.4923649898499634,0.5400813591768365,0.5076530612244898,1,0.2576933035300278,0.21152515617662604,0.24240550812161596
823211,2026-06-12,2026,San Francisco Giants,Chicago Cubs,2026-06-12T17:00:00+00:00,2026-06-13T02:15:00+00:00,0.0011221165629063945,1.0,162,162,0.5148607662627416,0.5400813591768365,0.5355329949238579,0,0.2650816086366574,0.2916878745302991,0.2867955886521168
823370,2026-06-12,2026,Pittsburgh Pirates,Miami Marlins,2026-06-12T17:00:00+00:00,2026-06-12T22:40:00+00:00,0.04235863385873867,0.0,162,162,0.5843243553698411,0.5400813591768365,0.5664160401002506,0,0.34143495227838033,0.2916878745302991,0.32082713048284867
823617,2026-06-12,2026,New York Mets,Atlanta Braves,2026-06-12T17:00:00+00:00,2026-06-12T23:15:00+00:00,-0.060226794435598974,-1.0,162,162,0.5073998209199886,0.5400813591768365,0.5343511450381679,1,0.24265493642965932,0.21152515617662604,0.2168288561272653
823695,2026-06-12,2026,Minnesota Twins,St. Louis Cardinals,2026-06-12T17:00:00+00:00,2026-06-13T00:10:00+00:00,-0.029524682592115048,0.0,162,162,0.5111593610531019,0.5400813591768365,0.5603015075376885,1,0.2389651702860116,0.21152515617662604,0.19333476427362942
823778,2026-06-12,2026,Milwaukee Brewers,Philadelphia Phillies,2026-06-12T17:00:00+00:00,2026-06-12T23:40:00+00:00,0.06109755167455111,0.0,162,162,0.6029301938605944,0.5400813591768365,0.6934782608695652,1,0.15766443094758512,0.21152515617662604,0.09395557655954631
824020,2026-06-12,2026,Los Angeles Angels,Tampa Bay Rays,2026-06-12T17:00:00+00:00,2026-06-13T01:38:00+00:00,-0.05025651819990268,0.0,162,162,0.4898270803311237,0.5400813591768365,0.39512195121951227,1,0.26027640796346563,0.21152515617662604,0.36587745389649
824102,2026-06-12,2026,Kansas City Royals,Houston Astros,2026-06-12T17:00:00+00:00,2026-06-13T00:10:00+00:00,0.006308025891449465,-1.0,162,162,0.5752955990381861,0.5400813591768365,0.4885496183206107,0,0.33096502627270535,0.2916878745302991,0.23868072956121442
824425,2026-06-12,2026,Cleveland Guardians,Detroit Tigers,2026-06-12T17:00:00+00:00,2026-06-12T23:10:00+00:00,0.028057539345241245,1.0,162,162,0.5424822447837458,0.5400813591768365,0.5367088607594936,1,0.20932249633812025,0.21152515617662604,0.21463867969876624
824507,2026-06-12,2026,Cincinnati Reds,Arizona Diamondbacks,2026-06-12T17:00:00+00:00,2026-06-12T23:15:00+00:00,-0.0018459614057159124,1.0,162,162,0.5118084410888368,0.5400813591768365,0.5139949109414759,0,0.26194788036978534,0.2916878745302991,0.26419076847373574
824588,2026-06-12,2026,Chicago White Sox,Los Angeles Dodgers,2026-06-12T17:00:00+00:00,2026-06-12T23:40:00+00:00,-0.10284499992824903,1.0,162,162,0.40889921960366526,0.5400813591768365,0.3995098039215686,1,0.34940013258515595,0.21152515617662604,0.3605884755863131
824752,2026-06-12,2026,Boston Red Sox,Texas Rangers,2026-06-12T17:00:00+00:00,2026-06-12T23:10:00+00:00,-0.03818338046947478,1.0,162,162,0.4744373940060918,0.5400813591768365,0.5417721518987342,1,0.27621605281910805,0.21152515617662604,0.20997276077551674
824826,2026-06-12,2026,Baltimore Orioles,San Diego Padres,2026-06-12T17:00:00+00:00,2026-06-12T23:05:00+00:00,-0.045277968243598365,-1.0,162,162,0.5227687333748906,0.5400813591768365,0.5417721518987342,1,0.22774968184460626,0.21152515617662604,0.20997276077551674
822725,2026-06-13,2026,Washington Nationals,Seattle Mariners,2026-06-13T17:00:00+00:00,2026-06-13T20:05:00+00:00,-0.05906632372582482,0.0,162,162,0.4807688244450692,0.5400813591768365,0.5253807106598984,1,0.26960101366815536,0.21152515617662604,0.22526346981370304
822802,2026-06-13,2026,Toronto Blue Jays,New York Yankees,2026-06-13T17:00:00+00:00,2026-06-13T19:07:00+00:00,-0.046903056559968404,0.0,162,162,0.49327719453070207,0.5400813591768365,0.49109414758269715,0,0.2433223906440801,0.2916878745302991,0.24117346178997592
823213,2026-06-13,2026,San Francisco Giants,Chicago Cubs,2026-06-13T17:00:00+00:00,2026-06-14T02:05:00+00:00,-0.006648604022645888,0.0,162,162,0.5346478166160248,0.5400813591768365,0.48600508905852424,0,0.28584828781228244,0.2916878745302991,0.23620094659078408
823369,2026-06-13,2026,Pittsburgh Pirates,Miami Marlins,2026-06-13T17:00:00+00:00,2026-06-13T20:05:00+00:00,0.04102575072669412,0.0,162,162,0.582991060005029,0.5400813591768365,0.5165394402035622,1,0.17389645603572934,0.21152515617662604,0.23373411287868498
823616,2026-06-13,2026,New York Mets,Atlanta Braves,2026-06-13T17:00:00+00:00,2026-06-13T20:10:00+00:00,-0.060061985544729746,0.0,162,162,0.4797457672548402,0.5400813591768365,0.5253807106598984,0,0.2301560011989353,0.2916878745302991,0.27602489113349993
823694,2026-06-13,2026,Minnesota Twins,St. Louis Cardinals,2026-06-13T17:00:00+00:00,2026-06-13T18:10:00+00:00,-0.02852106144153488,0.0,162,162,0.5121916436972676,0.5400813591768365,0.4872448979591837,0,0.26234027987330866,0.2916878745302991,0.23740759058725533
823776,2026-06-13,2026,Milwaukee Brewers,Philadelphia Phillies,2026-06-13T17:00:00+00:00,2026-06-13T23:10:00+00:00,0.06533776061248264,0.0,162,162,0.6071013497867874,0.5400813591768365,0.6058394160583942,0,0.3685720489129392,0.2916878745302991,0.36704139804997604
824019,2026-06-13,2026,Los Angeles Angels,Tampa Bay Rays,2026-06-13T17:00:00+00:00,2026-06-14T02:07:00+00:00,-0.04903010330559937,0.0,162,162,0.49108874758491905,0.5400813591768365,0.48600508905852424,1,0.25899066283468625,0.21152515617662604,0.26419076847373557
824100,2026-06-13,2026,Kansas City Royals,Houston Astros,2026-06-13T17:00:00+00:00,2026-06-13T23:10:00+00:00,0.0046184617365238045,0.0,162,162,0.5461667205627635,0.5400813591768365,0.5367088607594936,0,0.2982980866502838,0.2916878745302991,0.28805640121775355
824426,2026-06-13,2026,Cleveland Guardians,Detroit Tigers,2026-06-13T17:00:00+00:00,2026-06-13T20:10:00+00:00,0.026786932416088427,0.0,162,162,0.5686757791432179,0.5400813591768365,0.44332493702770776,1,0.18604058349771016,0.21152515617662604,0.3098871257352056
824508,2026-06-13,2026,Cincinnati Reds,Arizona Diamondbacks,2026-06-13T17:00:00+00:00,2026-06-13T20:10:00+00:00,-0.0014171199470922602,0.0,162,162,0.5400015852621638,0.5400813591768365,0.4228855721393035,1,0.21159854156132235,0.21152515617662604,0.3330610628449791
824587,2026-06-13,2026,Chicago White Sox,Los Angeles Dodgers,2026-06-13T17:00:00+00:00,2026-06-13T20:10:00+00:00,-0.09693487645802001,0.0,162,162,0.4420496565380904,0.5400813591768365,0.35116279069767437,0,0.1954078988454437,0.2916878745302991,0.12331530557057865
824749,2026-06-13,2026,Boston Red Sox,Texas Rangers,2026-06-13T17:00:00+00:00,2026-06-13T20:10:00+00:00,-0.0326169471463027,0.0,162,162,0.5079782272724929,0.5400813591768365,0.5178571428571429,1,0.24208542483791867,0.21152515617662604,0.23246173469387751
824828,2026-06-13,2026,Baltimore Orioles,San Diego Padres,2026-06-13T17:00:00+00:00,2026-06-13T20:05:00+00:00,-0.043018291844103385,0.0,162,162,0.4972747038377762,0.5400813591768365,0.5267175572519084,0,0.24728213107694805,0.2916878745302991,0.2774313851174174
822722,2026-06-14,2026,Washington Nationals,Seattle Mariners,2026-06-14T17:00:00+00:00,2026-06-14T17:35:00+00:00,-0.05058128901117104,0.0,162,162,0.48949299527376355,0.5400813591768365,0.4531645569620253,1,0.2606174018745536,0.21152515617662604,0.2990290017625381
822801,2026-06-14,2026,Toronto Blue Jays,New York Yankees,2026-06-14T17:00:00+00:00,2026-06-14T17:37:00+00:00,-0.05654128917179635,0.0,162,162,0.4833640381920787,0.5400813591768365,0.457070707070707,0,0.2336407934173533,0.2916878745302991,0.20891363126211607
823212,2026-06-14,2026,San Francisco Giants,Chicago Cubs,2026-06-14T17:00:00+00:00,2026-06-14T19:10:00+00:00,-0.012697986972624586,0.0,162,162,0.5284471428591562,0.5400813591768365,0.5505050505050506,1,0.22236209707769305,0.21152515617662604,0.20204570962146712
823615,2026-06-14,2026,New York Mets,Atlanta Braves,2026-06-14T17:00:00+00:00,2026-06-14T17:40:00+00:00,-0.059965709355727426,0.0,162,162,0.4798446851766914,0.5400813591768365,0.547979797979798,1,0.27056155153893535,0.21152515617662604,0.20432226303438422
823693,2026-06-14,2026,Minnesota Twins,St. Louis Cardinals,2026-06-14T17:00:00+00:00,2026-06-14T18:10:00+00:00,-0.03164948611310331,0.0,162,162,0.5089735739405954,0.5400813591768365,0.5076530612244898,1,0.24110695108867194,0.21152515617662604,0.24240550812161596
823777,2026-06-14,2026,Milwaukee Brewers,Philadelphia Phillies,2026-06-14T17:00:00+00:00,2026-06-14T18:10:00+00:00,0.06682942661487434,0.0,162,162,0.6085650504962759,0.5400813591768365,0.4607594936708861,1,0.15322131969298308,0.21152515617662604,0.29078032366607914
824021,2026-06-14,2026,Los Angeles Angels,Tampa Bay Rays,2026-06-14T17:00:00+00:00,2026-06-14T20:07:00+00:00,-0.04378057582485112,0.0,162,162,0.4964902531150432,0.5400813591768365,0.4746192893401016,0,0.24650257143823964,0.2916878745302991,0.2252634698137031
824099,2026-06-14,2026,Kansas City Royals,Houston Astros,2026-06-14T17:00:00+00:00,2026-06-14T18:10:00+00:00,0.007684361433193843,0.0,162,162,0.5492931355364462,0.5400813591768365,0.5267175572519084,1,0.20313667767456825,0.21152515617662604,0.2239962706136006
824506,2026-06-14,2026,Cincinnati Reds,Arizona Diamondbacks,2026-06-14T17:00:00+00:00,2026-06-14T17:40:00+00:00,-0.0038934485009874953,0.0,162,162,0.5374684473301792,0.5400813591768365,0.4783715012722647,0,0.2888723318755136,0.2916878745302991,0.22883929322948032
824586,2026-06-14,2026,Chicago White Sox,Los Angeles Dodgers,2026-06-14T17:00:00+00:00,2026-06-14T18:10:00+00:00,-0.10456856204969989,0.0,162,162,0.43431393369719334,0.5400813591768365,0.3608490566037736,1,0.32000072560914344,0.21152515617662604,0.40851392844428613
824751,2026-06-14,2026,Boston Red Sox,Texas Rangers,2026-06-14T17:00:00+00:00,2026-06-14T23:20:00+00:00,-0.027232120006371208,0.0,162,162,0.5135172410757627,0.5400813591768365,0.5165394402035622,0,0.263699956882063,0.2916878745302991,0.26681299328580943
824823,2026-06-14,2026,Baltimore Orioles,San Diego Padres,2026-06-14T17:00:00+00:00,2026-06-14T17:35:00+00:00,-0.046520702944986836,0.0,162,162,0.49367061507308424,0.5400813591768365,0.5639097744360902,0,0.2437106761866373,0.2916878745302991,0.3179942337045622
822724,2026-06-15,2026,Washington Nationals,Kansas City Royals,2026-06-15T17:00:00+00:00,2026-06-15T22:45:00+00:00,-0.021175353318111323,0.0,162,162,0.5197434019171187,0.5400813591768365,0.5468354430379747,1,0.23064640000214223,0.21152515617662604,0.20535811568658865
822887,2026-06-15,2026,Texas Rangers,Minnesota Twins,2026-06-15T17:00:00+00:00,2026-06-16T00:05:00+00:00,0.08944278058595645,0.0,162,162,0.6305021975635695,0.5400813591768365,0.5945945945945945,0,0.39753302113249045,0.2916878745302991,0.3535427319211102
823046,2026-06-15,2026,St. Louis Cardinals,San Diego Padres,2026-06-15T17:00:00+00:00,2026-06-15T23:45:00+00:00,-0.05356925032289783,0.0,162,162,0.48641981951811586,0.5400813591768365,0.5911330049261084,1,0.2637646017838047,0.21152515617662604,0.16717221966075368
823452,2026-06-15,2026,Philadelphia Phillies,Miami Marlins,2026-06-15T17:00:00+00:00,2026-06-15T22:40:00+00:00,0.039611701028389124,0.0,162,162,0.5815752453714166,0.5400813591768365,0.6318289786223278,1,0.17507927528599024,0.21152515617662604,0.13554990098227837
823938,2026-06-15,2026,Los Angeles Dodgers,Tampa Bay Rays,2026-06-15T17:00:00+00:00,2026-06-16T02:10:00+00:00,0.1359351232823951,0.0,162,162,0.673873391508833,0.5400813591768365,0.6048780487804878,1,0.10635856476595094,0.21152515617662604,0.15612135633551458
824181,2026-06-15,2026,Houston Astros,Detroit Tigers,2026-06-15T17:00:00+00:00,2026-06-16T00:10:00+00:00,-0.022281388530299928,-1.0,162,162,0.5463175479680048,0.5400813591768365,0.5292620865139949,0,0.2984628632177732,0.2916878745302991,0.2801183562211474
824505,2026-06-15,2026,Cincinnati Reds,New York Mets,2026-06-15T17:00:00+00:00,2026-06-15T23:10:00+00:00,-0.04685137877257067,0.0,162,162,0.4933303676155545,0.5400813591768365,0.5603015075376885,1,0.25671411638058916,0.21152515617662604,0.19333476427362942
824666,2026-06-15,2026,Chicago Cubs,Colorado Rockies,2026-06-15T17:00:00+00:00,2026-06-16T00:05:00+00:00,0.11418979070686497,0.0,162,162,0.6539035522261255,0.5400813591768365,0.6574712643678161,1,0.11978275116169423,0.21152515617662604,0.11732593473378253
825071,2026-06-15,2026,Arizona Diamondbacks,Los Angeles Angels,2026-06-15T17:00:00+00:00,2026-06-16T01:40:00+00:00,0.043931198280871664,0.0,162,162,0.585895818997975,0.5400813591768365,0.5443037974683544,1,0.17148227272335784,0.21152515617662604,0.20765902900176253
822723,2026-06-16,2026,Washington Nationals,Kansas City Royals,2026-06-16T17:00:00+00:00,2026-06-16T22:45:00+00:00,-0.014024885683277033,0.0,162,162,0.5270858174445959,0.5400813591768365,0.5664160401002506,1,0.22364782406204606,0.21152515617662604,0.1879950502823475
822888,2026-06-16,2026,Texas Rangers,Minnesota Twins,2026-06-16T17:00:00+00:00,2026-06-17T00:05:00+00:00,0.08523063734906422,0.0,162,162,0.6264536395637514,0.5400813591768365,0.5429292929292929,0,0.3924441625226706,0.2916878745302991,0.29477221712070195
823045,2026-06-16,2026,St. Louis Cardinals,San Diego Padres,2026-06-16T17:00:00+00:00,2026-06-16T23:45:00+00:00,-0.05048394663043726,0.0,162,162,0.4895931284083747,0.5400813591768365,0.5190839694656489,1,0.2605151745679498,0.21152515617662604,0.23128022842491688
823128,2026-06-16,2026,Seattle Mariners,Baltimore Orioles,2026-06-16T17:00:00+00:00,2026-06-17T01:40:00+00:00,0.024997009691330507,0.0,162,162,0.5668675787987265,0.5400813591768365,0.5866336633663367,1,0.1876036942956774,0.21152515617662604,0.17087172826193503
823451,2026-06-16,2026,Philadelphia Phillies,Miami Marlins,2026-06-16T17:00:00+00:00,2026-06-16T22:40:00+00:00,0.042404470073818756,0.0,162,162,0.5843701839332477,0.5400813591768365,0.6135265700483092,1,0.17274814400368235,0.21152515617662604,0.14936171205862442
823535,2026-06-16,2026,New York Yankees,Chicago White Sox,2026-06-16T17:00:00+00:00,2026-06-16T23:05:00+00:00,0.07961290229220663,0.0,162,162,0.6210264750699215,0.5400813591768365,0.5725,1,0.14362093259792885,0.21152515617662604,0.18275624999999998
823775,2026-06-16,2026,Milwaukee Brewers,Cleveland Guardians,2026-06-16T17:00:00+00:00,2026-06-16T23:40:00+00:00,0.06004108280591536,-1.0,162,162,0.6282418186479141,0.5400813591768365,0.5866336633663367,1,0.1382041454022104,0.21152515617662604,0.17087172826193503
823939,2026-06-16,2026,Los Angeles Dodgers,Tampa Bay Rays,2026-06-16T17:00:00+00:00,2026-06-17T02:10:00+00:00,0.1379818734539559,0.0,162,162,0.6757223062937735,0.5400813591768365,0.5831265508684863,1,0.10515602263542925,0.21152515617662604,0.17378347259080473
824182,2026-06-16,2026,Houston Astros,Detroit Tigers,2026-06-16T17:00:00+00:00,2026-06-17T00:10:00+00:00,-0.031135039956628585,0.0,162,162,0.5095028197767828,0.5400813591768365,0.6235011990407675,1,0.2405874838069272,0.21152515617662604,0.14175134712373977
824504,2026-06-16,2026,Cincinnati Reds,New York Mets,2026-06-16T17:00:00+00:00,2026-06-16T23:10:00+00:00,-0.039442547583510956,0.0,162,162,0.5009545441717365,0.5400813591768365,0.47582697201017815,1,0.24904636698283933,0.21152515617662604,0.2747573632720185
824667,2026-06-16,2026,Chicago Cubs,Colorado Rockies,2026-06-16T17:00:00+00:00,2026-06-17T00:05:00+00:00,0.11048230801368736,0.0,162,162,0.650441539591806,0.5400813591768365,0.6408450704225352,0,0.42307419642655886,0.2916878745302991,0.41068240428486413
824750,2026-06-16,2026,Boston Red Sox,Toronto Blue Jays,2026-06-16T17:00:00+00:00,2026-06-16T22:45:00+00:00,-0.013150339880545814,0.0,162,162,0.5279831000576226,0.5400813591768365,0.4783715012722647,0,0.27876615394645754,0.2916878745302991,0.22883929322948032
825070,2026-06-16,2026,Arizona Diamondbacks,Los Angeles Angels,2026-06-16T17:00:00+00:00,2026-06-17T01:40:00+00:00,0.046390901961573416,0.0,162,162,0.5883502870586583,0.5400813591768365,0.5063938618925831,0,0.3461560602820057,0.2916878745302991,0.2564347433624845
822721,2026-06-17,2026,Washington Nationals,Kansas City Royals,2026-06-17T17:00:00+00:00,2026-06-17T17:05:00+00:00,-0.01415110612531767,0.0,162,162,0.5269563008828603,0.5400813591768365,0.5417721518987342,0,0.27768294304014757,0.2916878745302991,0.2935170645729851
823044,2026-06-17,2026,St. Louis Cardinals,San Diego Padres,2026-06-17T17:00:00+00:00,2026-06-17T18:15:00+00:00,-0.04464810418095316,0.0,162,162,0.49559751881410774,0.5400813591768365,0.547979797979798,0,0.24561690065469988,0.2916878745302991,0.30028185899398024
823127,2026-06-17,2026,Seattle Mariners,Baltimore Orioles,2026-06-17T17:00:00+00:00,2026-06-18T01:40:00+00:00,0.02587727607815532,0.0,162,162,0.5677570595958298,0.5400813591768365,0.5443037974683544,0,0.3223480787209026,0.2916878745302991,0.2962666239384714
823450,2026-06-17,2026,Philadelphia Phillies,Miami Marlins,2026-06-17T17:00:00+00:00,2026-06-17T17:05:00+00:00,0.047677839351172535,0.0,162,162,0.5896327440369412,0.5400813591768365,0.5216284987277354,0,0.34766677284053304,0.2916878745302991,0.27209629068495106
823536,2026-06-17,2026,New York Yankees,Chicago White Sox,2026-06-17T17:00:00+00:00,2026-06-17T23:05:00+00:00,0.08857586903736514,0.0,162,162,0.629670432003663,0.5400813591768365,0.6201923076923077,1,0.13714398893235358,0.21152515617662604,0.14425388313609466
823774,2026-06-17,2026,Milwaukee Brewers,Cleveland Guardians,2026-06-17T17:00:00+00:00,2026-06-17T23:40:00+00:00,0.05759774068433443,0.0,162,162,0.5994760430233608,0.5400813591768365,0.5329949238578681,1,0.16041944011222475,0.21152515617662604,0.21809374114251845
823940,2026-06-17,2026,Los Angeles Dodgers,Tampa Bay Rays,2026-06-17T17:00:00+00:00,2026-06-17T19:10:00+00:00,0.13900041048566208,0.0,162,162,0.6766403587609067,0.5400813591768365,0.5935960591133005,1,0.10456145758227516,0.21152515617662604,0.16516416316823995
824178,2026-06-17,2026,Houston Astros,Detroit Tigers,2026-06-17T17:00:00+00:00,2026-06-17T18:10:00+00:00,-0.029828015046953538,0.0,162,162,0.51084734687059,0.5400813591768365,0.5076530612244898,1,0.23927031806354093,0.21152515617662604,0.24240550812161596
824668,2026-06-17,2026,Chicago Cubs,Colorado Rockies,2026-06-17T17:00:00+00:00,2026-06-18T00:05:00+00:00,0.1043048280829233,0.0,162,162,0.6446378200144192,0.5400813591768365,0.6350710900473934,1,0.12628227896410435,0.21152515617662604,0.13317310931919768
824746,2026-06-17,2026,Boston Red Sox,Toronto Blue Jays,2026-06-17T17:00:00+00:00,2026-06-17T22:45:00+00:00,-0.021577371695158387,0.0,162,162,0.519330308608357,0.5400813591768365,0.5443037974683544,0,0.26970396943925135,0.2916878745302991,0.2962666239384714
824913,2026-06-17,2026,Atlanta Braves,San Francisco Giants,2026-06-17T17:00:00+00:00,2026-06-17T23:15:00+00:00,0.06832046282548421,0.0,162,162,0.6100261842601966,0.5400813591768365,0.5841584158415841,0,0.37213194548305534,0.2916878745302991,0.3412410547985491
825072,2026-06-17,2026,Arizona Diamondbacks,Los Angeles Angels,2026-06-17T17:00:00+00:00,2026-06-17T19:40:00+00:00,0.041084059335821266,0.0,162,162,0.5830494121907277,0.5400813591768365,0.6092233009708737,1,0.17384779267449768,0.21152515617662604,0.15270642850410032
822889,2026-06-18,2026,Texas Rangers,Minnesota Twins,2026-06-18T17:00:00+00:00,2026-06-18T18:35:00+00:00,0.07461471056988672,0.0,162,162,0.6161721912135324,0.5400813591768365,0.4707379134860051,0,0.37966816922488594,0.2916878745302991,0.2215941831931576
823125,2026-06-18,2026,Seattle Mariners,Baltimore Orioles,2026-06-18T17:00:00+00:00,2026-06-18T20:10:00+00:00,0.02413486015912686,0.0,162,162,0.56599598653265,0.5400813591768365,0.5591939546599496,1,0.1883594837057677,0.21152515617662604,0.19430996960833458
823448,2026-06-18,2026,Philadelphia Phillies,New York Mets,2026-06-18T17:00:00+00:00,2026-06-18T22:40:00+00:00,0.0033010530151157402,0.0,162,162,0.544822174678958,0.5400813591768365,0.5216284987277354,0,0.296831202021909,0.2916878745302991,0.27209629068495106
823533,2026-06-18,2026,New York Yankees,Chicago White Sox,2026-06-18T17:00:00+00:00,2026-06-18T23:05:00+00:00,0.09399273583709006,0.0,162,162,0.6348548954223134,0.5400813591768365,0.5980392156862746,0,0.4030407382416765,0.2916878745302991,0.35765090349865447
823772,2026-06-18,2026,Milwaukee Brewers,Cleveland Guardians,2026-06-18T17:00:00+00:00,2026-06-18T18:10:00+00:00,0.06021356155286317,0.0,162,162,0.6020586898984381,0.5400813591768365,0.568922305764411,0,0.3624746660822237,0.2916878745302991,0.323672589996294
824098,2026-06-18,2026,Kansas City Royals,St. Louis Cardinals,2026-06-18T17:00:00+00:00,2026-06-18T23:40:00+00:00,-0.0003244999592227349,0.0,162,162,0.5411186220788448,0.5400813591768365,0.5165394402035622,1,0.2105721190028181,0.21152515617662604,0.23373411287868498
824748,2026-06-18,2026,Boston Red Sox,Toronto Blue Jays,2026-06-18T17:00:00+00:00,2026-06-18T17:35:00+00:00,-0.022531066431163538,0.0,162,162,0.518350236493004,0.5400813591768365,0.5555555555555556,0,0.2686869676723532,0.2916878745302991,0.308641975308642
822886,2026-06-19,2026,Texas Rangers,San Diego Padres,2026-06-19T17:00:00+00:00,2026-06-20T00:05:00+00:00,-0.0012370585488630237,-1.0,162,162,0.5676897167027524,0.5400813591768365,0.5945945945945945,1,0.1868921810445465,0.21152515617662604,0.16435354273192118
822966,2026-06-19,2026,Tampa Bay Rays,Washington Nationals,2026-06-19T17:00:00+00:00,2026-06-19T23:10:00+00:00,0.011116285631829148,0.0,162,162,0.5527881769036395,0.5400813591768365,0.5329949238578681,1,0.19999841471717048,0.21152515617662604,0.21809374114251845
823124,2026-06-19,2026,Seattle Mariners,Boston Red Sox,2026-06-19T17:00:00+00:00,2026-06-20T02:10:00+00:00,-0.002817746310417979,0.0,162,162,0.5385690725763836,0.5400813591768365,0.5089058524173028,0,0.290056645935786,0.2916878745302991,0.2589851666245816
823534,2026-06-19,2026,New York Yankees,Cincinnati Reds,2026-06-19T17:00:00+00:00,2026-06-19T23:05:00+00:00,0.12130759639822802,-1.0,162,162,0.6850081217417505,0.5400813591768365,0.7088607594936709,1,0.09921988336865986,0.21152515617662604,0.08476205736260214
823853,2026-06-19,2026,Miami Marlins,San Francisco Giants,2026-06-19T17:00:00+00:00,2026-06-19T23:10:00+00:00,-0.03383359289775151,0.0,162,162,0.5067264246769025,0.5400813591768365,0.5165394402035622,1,0.24331882011203151,0.21152515617662604,0.23373411287868498
823936,2026-06-19,2026,Los Angeles Dodgers,Baltimore Orioles,2026-06-19T17:00:00+00:00,2026-06-20T02:10:00+00:00,0.13192571239930428,1.0,162,162,0.6451781737976138,0.5400813591768365,0.6582568807339451,1,0.1258985283495964,0.21152515617662604,0.11678835956569306
824097,2026-06-19,2026,Kansas City Royals,St. Louis Cardinals,2026-06-19T17:00:00+00:00,2026-06-20T00:15:00+00:00,0.00977646322323833,0.0,162,162,0.5514243148134328,0.5400813591768365,0.4783715012722647,1,0.20122014534059826,0.21152515617662604,0.27209629068495095
824179,2026-06-19,2026,Houston Astros,Cleveland Guardians,2026-06-19T17:00:00+00:00,2026-06-20T00:10:00+00:00,-0.03892551315894738,1.0,162,162,0.47367570705119827,0.5400813591768365,0.5367088607594936,1,0.277017261348056,0.21152515617662604,0.21463867969876624
824264,2026-06-19,2026,Detroit Tigers,Chicago White Sox,2026-06-19T17:00:00+00:00,2026-06-19T22:40:00+00:00,0.009022162383042431,1.0,162,162,0.5229790374977873,0.5400813591768365,0.6350710900473934,1,0.2275489986665374,0.21152515617662604,0.13317310931919768
824345,2026-06-19,2026,Colorado Rockies,Pittsburgh Pirates,2026-06-19T17:00:00+00:00,2026-06-20T00:40:00+00:00,-0.10657162710147045,0.0,162,162,0.4322892251391383,0.5400813591768365,0.4422110552763819,1,0.32229552389311994,0.21152515617662604,0.31112850685588755
824663,2026-06-19,2026,Chicago Cubs,Toronto Blue Jays,2026-06-19T17:00:00+00:00,2026-06-19T18:20:00+00:00,-0.020015704872755946,1.0,162,162,0.4931122339490605,0.5400813591768365,0.5292620865139949,1,0.2569352073721119,0.21152515617662604,0.22159418319315766
824910,2026-06-19,2026,Atlanta Braves,Milwaukee Brewers,2026-06-19T17:00:00+00:00,2026-06-19T23:15:00+00:00,-0.005815538338495574,1.0,162,162,0.5077248531234907,0.5400813591768365,0.3995098039215686,1,0.2423348202322888,0.21152515617662604,0.3605884755863131
825069,2026-06-19,2026,Arizona Diamondbacks,Minnesota Twins,2026-06-19T17:00:00+00:00,2026-06-20T01:45:00+00:00,0.01895680625984525,1.0,162,162,0.5331703821292507,0.5400813591768365,0.6092233009708737,1,0.2179298921213498,0.21152515617662604,0.15270642850410032
822885,2026-06-20,2026,Texas Rangers,San Diego Padres,2026-06-20T17:00:00+00:00,2026-06-20T20:05:00+00:00,-0.002183814405534279,0.0,162,162,0.5392175167658436,0.5400813591768365,0.5417721518987342,0,0.2907555303871228,0.2916878745302991,0.2935170645729851
822967,2026-06-20,2026,Tampa Bay Rays,Washington Nationals,2026-06-20T17:00:00+00:00,2026-06-20T20:10:00+00:00,0.011155481689014757,0.0,162,162,0.5528280643785017,0.5400813591768365,0.5292620865139949,0,0.30561886876448086,0.2916878745302991,0.2801183562211474
823126,2026-06-20,2026,Seattle Mariners,Boston Red Sox,2026-06-20T17:00:00+00:00,2026-06-21T02:10:00+00:00,-0.0071920298850102204,0.0,162,162,0.534091208959091,0.5400813591768365,0.5267175572519084,0,0.2852534194873834,0.2916878745302991,0.2774313851174174
823447,2026-06-20,2026,Philadelphia Phillies,New York Mets,2026-06-20T17:00:00+00:00,2026-06-20T23:15:00+00:00,0.000640435797959471,0.0,162,162,0.5421047781539419,0.5400813591768365,0.6327014218009479,1,0.2096680341894508,0.21152515617662604,0.1349082455470452
823532,2026-06-20,2026,New York Yankees,Cincinnati Reds,2026-06-20T17:00:00+00:00,2026-06-20T17:35:00+00:00,0.12679772327916844,0.0,162,162,0.6655536253212995,0.5400813591768365,0.6519721577726217,0,0.4429616281783247,0.2916878745302991,0.4250676945106884
823854,2026-06-20,2026,Miami Marlins,San Francisco Giants,2026-06-20T17:00:00+00:00,2026-06-20T20:10:00+00:00,-0.033808943702879235,0.0,162,162,0.5067517870381038,0.5400813591768365,0.5664160401002506,1,0.24329379959010417,0.21152515617662604,0.1879950502823475
823937,2026-06-20,2026,Los Angeles Dodgers,Baltimore Orioles,2026-06-20T17:00:00+00:00,2026-06-21T02:10:00+00:00,0.13785209627991762,0.0,162,162,0.6756052350469097,0.5400813591768365,0.669683257918552,0,0.45644243362279013,0.2916878745302991,0.4484756659364058
824180,2026-06-20,2026,Houston Astros,Cleveland Guardians,2026-06-20T17:00:00+00:00,2026-06-20T23:15:00+00:00,-0.03113189894805024,0.0,162,162,0.5095060510822438,0.5400813591768365,0.57,0,0.259596416089422,0.2916878745302991,0.32489999999999997
824263,2026-06-20,2026,Detroit Tigers,Chicago White Sox,2026-06-20T17:00:00+00:00,2026-06-20T17:10:00+00:00,0.0050844152199226444,0.0,162,162,0.5466421120335022,0.5400813591768365,0.5241730279898218,1,0.20553337458144355,0.21152515617662604,0.2264113072923749
824342,2026-06-20,2026,Colorado Rockies,Pittsburgh Pirates,2026-06-20T17:00:00+00:00,2026-06-21T01:10:00+00:00,-0.1033777941126367,0.0,162,162,0.43551861231182754,0.5400813591768365,0.34642032332563516,1,0.3186392370463649,0.21152515617662604,0.42716639376176735
824665,2026-06-20,2026,Chicago Cubs,Toronto Blue Jays,2026-06-20T17:00:00+00:00,2026-06-20T18:20:00+00:00,-0.012392228176517972,0.0,162,162,0.5287607754069168,0.5400813591768365,0.5468354430379747,0,0.2795879576089239,0.2916878745302991,0.2990290017625381
824909,2026-06-20,2026,Atlanta Braves,Milwaukee Brewers,2026-06-20T17:00:00+00:00,2026-06-20T20:10:00+00:00,-0.00232693468046008,0.0,162,162,0.5390711316316358,0.5400813591768365,0.5505050505050506,1,0.21245542169534082,0.21152515617662604,0.20204570962146712
825068,2026-06-20,2026,Arizona Diamondbacks,Minnesota Twins,2026-06-20T17:00:00+00:00,2026-06-21T02:10:00+00:00,0.01994663145434178,0.0,162,162,0.5617561707651295,0.5400813591768365,0.5443037974683544,0,0.31556999539270136,0.2916878745302991,0.2962666239384714
822883,2026-06-21,2026,Texas Rangers,San Diego Padres,2026-06-21T17:00:00+00:00,2026-06-21T18:35:00+00:00,-0.000371821208333456,0.0,162,162,0.5410702518179968,0.5400813591768365,0.6039119804400979,1,0.21061651376639684,0.21152515617662604,0.15688571923888542
822968,2026-06-21,2026,Tampa Bay Rays,Washington Nationals,2026-06-21T17:00:00+00:00,2026-06-21T17:40:00+00:00,0.010512233189296394,0.0,162,162,0.5521733833689902,0.5400813591768365,0.547979797979798,1,0.20054867856317737,0.21152515617662604,0.20432226303438422
823123,2026-06-21,2026,Seattle Mariners,Boston Red Sox,2026-06-21T17:00:00+00:00,2026-06-21T20:10:00+00:00,-0.011612202352025036,0.0,162,162,0.5295607846504775,0.5400813591768365,0.530456852791878,1,0.2213130553386744,0.21152515617662604,0.2204707670901081
823449,2026-06-21,2026,Philadelphia Phillies,New York Mets,2026-06-21T17:00:00+00:00,2026-06-21T23:20:00+00:00,0.01524435843140104,0.0,162,162,0.5569852387033839,0.5400813591768365,0.6192771084337348,1,0.19626207872669774,0.21152515617662604,0.1449499201625781
823531,2026-06-21,2026,New York Yankees,Cincinnati Reds,2026-06-21T17:00:00+00:00,2026-06-21T17:35:00+00:00,0.12162953455955439,0.0,162,162,0.6608014807628777,0.5400813591768365,0.5127551020408163,0,0.4366585969784118,0.2916878745302991,0.2629177946688879
823852,2026-06-21,2026,Miami Marlins,San Francisco Giants,2026-06-21T17:00:00+00:00,2026-06-21T17:40:00+00:00,-0.03377327751582221,0.0,162,162,0.5067884850806254,0.5400813591768365,0.43859649122807015,1,0.24325759844906453,0.21152515617662604,0.3151738996614343
823934,2026-06-21,2026,Los Angeles Dodgers,Baltimore Orioles,2026-06-21T17:00:00+00:00,2026-06-21T20:10:00+00:00,0.13851527678274533,0.0,162,162,0.6762032554649904,0.5400813591768365,0.68,0,0.45725084270145105,0.2916878745302991,0.4624000000000001
824095,2026-06-21,2026,Kansas City Royals,St. Louis Cardinals,2026-06-21T17:00:00+00:00,2026-06-21T18:10:00+00:00,0.007533717580127053,0.0,162,162,0.5491396070884237,0.5400813591768365,0.46329113924050636,0,0.30155430807322836,0.2916878745302991,0.21463867969876624
824177,2026-06-21,2026,Houston Astros,Cleveland Guardians,2026-06-21T17:00:00+00:00,2026-06-21T18:10:00+00:00,-0.034314434356019774,0.0,162,162,0.506231664441043,0.5400813591768365,0.5516372795969774,1,0.2438071692006628,0.21152515617662604,0.20102912904719902
824260,2026-06-21,2026,Detroit Tigers,Chicago White Sox,2026-06-21T17:00:00+00:00,2026-06-21T17:40:00+00:00,0.005492368379766521,0.0,162,162,0.5470582585695937,0.5400813591768365,0.5216284987277354,1,0.20515622113000906,0.21152515617662604,0.22883929322948024
824343,2026-06-21,2026,Colorado Rockies,Pittsburgh Pirates,2026-06-21T17:00:00+00:00,2026-06-21T19:10:00+00:00,-0.09990433401339083,0.0,162,162,0.43903695137326,0.5400813591768365,0.42643391521197016,0,0.19275344467112626,0.2916878745302991,0.18184588404300975
824908,2026-06-21,2026,Atlanta Braves,Milwaukee Brewers,2026-06-21T17:00:00+00:00,2026-06-21T17:35:00+00:00,0.0019482537961587054,0.0,162,162,0.5434408290841999,0.5400813591768365,0.5216284987277354,0,0.29532793471572255,0.2916878745302991,0.27209629068495106
825067,2026-06-21,2026,Arizona Diamondbacks,Minnesota Twins,2026-06-21T17:00:00+00:00,2026-06-21T19:15:00+00:00,0.014421740102569747,0.0,162,162,0.5561495019506324,0.5400813591768365,0.547979797979798,0,0.3093022685199365,0.2916878745302991,0.30028185899398024
822720,2026-06-22,2026,Washington Nationals,Philadelphia Phillies,2026-06-22T17:00:00+00:00,2026-06-22T22:45:00+00:00,-0.05953445665390761,0.0,162,162,0.48028779035174934,0.5400813591768365,0.530456852791878,1,0.2701007808574673,0.21152515617662604,0.2204707670901081
822800,2026-06-22,2026,Toronto Blue Jays,Houston Astros,2026-06-22T17:00:00+00:00,2026-06-22T23:07:00+00:00,0.04153035885204309,1.0,162,162,0.5562114292449348,0.5400813591768365,0.5367088607594936,1,0.19694829553282348,0.21152515617662604,0.21463867969876624
822964,2026-06-22,2026,Tampa Bay Rays,Kansas City Royals,2026-06-22T17:00:00+00:00,2026-06-22T22:40:00+00:00,-0.006078521541445336,0.0,162,162,0.535231634745671,0.5400813591768365,0.6350710900473934,0,0.2864729028325234,0.2916878745302991,0.4033152894139844
823040,2026-06-22,2026,St. Louis Cardinals,Arizona Diamondbacks,2026-06-22T17:00:00+00:00,2026-06-22T23:45:00+00:00,-0.0013754186337713303,0.0,162,162,0.5400442259260423,0.5400813591768365,0.57,1,0.21155931410397363,0.21152515617662604,0.18490000000000004
823288,2026-06-22,2026,San Diego Padres,Atlanta Braves,2026-06-22T17:00:00+00:00,2026-06-23T02:10:00+00:00,-0.05165071778590424,0.0,162,162,0.48839296382448927,0.5400813591768365,0.5051020408163266,1,0.26174175946429035,0.21152515617662604,0.24492399000416487
823692,2026-06-22,2026,Minnesota Twins,Los Angeles Dodgers,2026-06-22T17:00:00+00:00,2026-06-22T23:40:00+00:00,-0.1372322013163923,0.0,162,162,0.401617313676403,0.5400813591768365,0.42643391521197016,0,0.1612964666446503,0.2916878745302991,0.18184588404300975
823851,2026-06-22,2026,Miami Marlins,Texas Rangers,2026-06-22T17:00:00+00:00,2026-06-22T22:40:00+00:00,-0.05481132512071729,0.0,162,162,0.4851426104130733,0.5400813591768365,0.5429292929292929,0,0.23536335243841106,0.2916878745302991,0.29477221712070195
824016,2026-06-22,2026,Los Angeles Angels,Baltimore Orioles,2026-06-22T17:00:00+00:00,2026-06-23T01:38:00+00:00,-0.04022751405571068,0.0,162,162,0.5001467209497944,0.5400813591768365,0.4044117647058823,0,0.2501467424768315,0.2916878745302991,0.16354887543252591
824261,2026-06-22,2026,Detroit Tigers,New York Yankees,2026-06-22T17:00:00+00:00,2026-06-22T22:10:00+00:00,-0.09223936426014784,0.0,162,162,0.4468221859879011,0.5400813591768365,0.4582278481012658,1,0.30600569391520427,0.21152515617662604,0.2935170645729851
824344,2026-06-22,2026,Colorado Rockies,Boston Red Sox,2026-06-22T17:00:00+00:00,2026-06-23T00:40:00+00:00,-0.10509880195868238,0.0,162,162,0.4337777482033228,0.5400813591768365,0.4607594936708861,1,0.3206076384296997,0.21152515617662604,0.29078032366607914
824502,2026-06-22,2026,Cincinnati Reds,Milwaukee Brewers,2026-06-22T17:00:00+00:00,2026-06-22T23:10:00+00:00,-0.10487480745924999,0.0,162,162,0.43400423551836054,0.5400813591768365,0.4193548387096774,0,0.18835967644787657,0.2916878745302991,0.17585848074921953
824585,2026-06-22,2026,Chicago White Sox,Cleveland Guardians,2026-06-22T17:00:00+00:00,2026-06-22T23:40:00+00:00,-0.023677821156532386,0.0,162,162,0.5171715783942253,0.5400813591768365,0.5,1,0.23312328471032367,0.21152515617662604,0.25
822718,2026-06-23,2026,Washington Nationals,Philadelphia Phillies,2026-06-23T17:00:00+00:00,2026-06-23T22:45:00+00:00,-0.06006843231758657,0.0,162,162,0.47973914364492287,0.5400813591768365,0.39268292682926825,0,0.23014964594516393,0.2916878745302991,0.15419988102320045
822799,2026-06-23,2026,Toronto Blue Jays,Houston Astros,2026-06-23T17:00:00+00:00,2026-06-23T20:07:00+00:00,0.0443142975989928,0.0,162,162,0.5862783867124683,0.5400813591768365,0.5417721518987342,0,0.3437223467261746,0.2916878745302991,0.2935170645729851
822963,2026-06-23,2026,Tampa Bay Rays,Kansas City Royals,2026-06-23T17:00:00+00:00,2026-06-23T22:40:00+00:00,-0.002541779340919703,0.0,162,162,0.538851373291438,0.5400813591768365,0.6350710900473934,0,0.2903608024980686,0.2916878745302991,0.4033152894139844
823043,2026-06-23,2026,St. Louis Cardinals,Arizona Diamondbacks,2026-06-23T17:00:00+00:00,2026-06-23T23:45:00+00:00,-0.0035783065571284856,0.0,162,162,0.5377909291351991,0.5400813591768365,0.5139949109414759,0,0.2892190834601007,0.2916878745302991,0.26419076847373574
823286,2026-06-23,2026,San Diego Padres,Atlanta Braves,2026-06-23T17:00:00+00:00,2026-06-24T01:40:00+00:00,-0.053852517750876516,0.0,162,162,0.4861285231504413,0.5400813591768365,0.4885496183206107,1,0.26406389471954655,0.21152515617662604,0.261581492919993
823365,2026-06-23,2026,Pittsburgh Pirates,Seattle Mariners,2026-06-23T17:00:00+00:00,2026-06-23T22:40:00+00:00,0.005207394170137047,0.0,162,162,0.5467675677971394,0.5400813591768365,0.4619289340101523,0,0.29895477319479946,0.2916878745302991,0.21337834007575562
823614,2026-06-23,2026,New York Mets,Chicago Cubs,2026-06-23T17:00:00+00:00,2026-06-23T23:10:00+00:00,-0.01180341738464441,-1.0,162,162,0.5569851355933192,0.5400813591768365,0.5076530612244898,0,0.3102324412719082,0.2916878745302991,0.2577116305705956
823690,2026-06-23,2026,Minnesota Twins,Los Angeles Dodgers,2026-06-23T17:00:00+00:00,2026-06-23T23:40:00+00:00,-0.13619724030360514,0.0,162,162,0.4026416031032728,0.5400813591768365,0.3864734299516908,0,0.16212026054957346,0.2916878745302991,0.14936171205862447
823849,2026-06-23,2026,Miami Marlins,Texas Rangers,2026-06-23T17:00:00+00:00,2026-06-23T22:40:00+00:00,-0.05391503964069705,0.0,162,162,0.4860642304010316,0.5400813591768365,0.5935960591133005,1,0.2641299752732839,0.21152515617662604,0.16516416316823995
824017,2026-06-23,2026,Los Angeles Angels,Baltimore Orioles,2026-06-23T17:00:00+00:00,2026-06-24T01:38:00+00:00,-0.04070709525730121,0.0,162,162,0.4996531745980321,0.5400813591768365,0.4408060453400503,1,0.2503469456898273,0.21152515617662604,0.31269787892823386
824262,2026-06-23,2026,Detroit Tigers,New York Yankees,2026-06-23T17:00:00+00:00,2026-06-23T22:40:00+00:00,-0.09361468113831267,0.0,162,162,0.44542325527989807,0.5400813591768365,0.4821428571428572,0,0.19840187634414125,0.2916878745302991,0.23246173469387763
824340,2026-06-23,2026,Colorado Rockies,Boston Red Sox,2026-06-23T17:00:00+00:00,2026-06-24T00:40:00+00:00,-0.10032720630161868,0.0,162,162,0.4386082802806198,0.5400813591768365,0.4088669950738916,0,0.19237722353072276,0.2916878745302991,0.1671722196607537
824501,2026-06-23,2026,Cincinnati Reds,Milwaukee Brewers,2026-06-23T17:00:00+00:00,2026-06-23T23:10:00+00:00,-0.10518565441363203,0.0,162,162,0.4336899366109535,0.5400813591768365,0.5025510204081632,0,0.18808696111761286,0.2916878745302991,0.2525575281132861
824584,2026-06-23,2026,Chicago White Sox,Cleveland Guardians,2026-06-23T17:00:00+00:00,2026-06-23T23:40:00+00:00,-0.021075937556084168,0.0,162,162,0.5198455522753724,0.5400813591768365,0.48600508905852424,1,0.2305482936697421,0.21152515617662604,0.26419076847373557
822719,2026-06-24,2026,Washington Nationals,Philadelphia Phillies,2026-06-24T17:00:00+00:00,2026-06-24T22:45:00+00:00,-0.06329587646288465,0.0,162,162,0.4764241125480582,0.5400813591768365,0.4593908629441624,0,0.22697993501720484,0.2916878745302991,0.21103996495658223
822798,2026-06-24,2026,Toronto Blue Jays,Houston Astros,2026-06-24T17:00:00+00:00,2026-06-24T23:07:00+00:00,0.0407767946286976,0.0,162,162,0.5827418917169194,0.5400813591768365,0.5614035087719298,0,0.3395881123618138,0.2916878745302991,0.3151738996614343
822965,2026-06-24,2026,Tampa Bay Rays,Kansas City Royals,2026-06-24T17:00:00+00:00,2026-06-24T22:40:00+00:00,-0.009066182087024643,0.0,162,162,0.5321709530284578,0.5400813591768365,0.5771144278606966,1,0.21886401719030138,0.21152515617662604,0.17883220712358602
823041,2026-06-24,2026,St. Louis Cardinals,Arizona Diamondbacks,2026-06-24T17:00:00+00:00,2026-06-24T23:45:00+00:00,-0.007444429013696685,0.0,162,162,0.5338326584669992,0.5400813591768365,0.5216284987277354,0,0.28497730724594383,0.2916878745302991,0.27209629068495106
823284,2026-06-24,2026,San Diego Padres,Atlanta Braves,2026-06-24T17:00:00+00:00,2026-06-25T00:40:00+00:00,-0.05164785671355521,0.0,162,162,0.4883959066237972,0.5400813591768365,0.47328244274809167,1,0.26173874835928634,0.21152515617662604,0.2774313851174173
823367,2026-06-24,2026,Pittsburgh Pirates,Seattle Mariners,2026-06-24T17:00:00+00:00,2026-06-24T22:40:00+00:00,0.003967239266419953,0.0,162,162,0.5455021665557628,0.5400813591768365,0.5216284987277354,1,0.2065682806055056,0.21152515617662604,0.22883929322948024
823611,2026-06-24,2026,New York Mets,Chicago Cubs,2026-06-24T17:00:00+00:00,2026-06-24T23:10:00+00:00,-0.016536609219351628,0.0,162,162,0.5245078399891098,0.5400813591768365,0.5204081632653061,0,0.2751084742100416,0.2916878745302991,0.27082465639316955
823613,2026-06-24,2026,New York Mets,Chicago Cubs,2026-06-24T17:00:00+00:00,2026-06-24T17:10:00+00:00,-0.016536609219351628,0.0,162,162,0.5245078399891098,0.5400813591768365,0.4936061381074168,0,0.2751084742100416,0.2916878745302991,0.24364701957731824
823691,2026-06-24,2026,Minnesota Twins,Los Angeles Dodgers,2026-06-24T17:00:00+00:00,2026-06-24T23:40:00+00:00,-0.14430728578110508,0.0,162,162,0.39463859514874366,0.5400813591768365,0.3864734299516908,0,0.155739620780974,0.2916878745302991,0.14936171205862447
824018,2026-06-24,2026,Los Angeles Angels,Baltimore Orioles,2026-06-24T17:00:00+00:00,2026-06-24T20:07:00+00:00,-0.035342647560081875,0.0,162,162,0.5051736481266372,0.5400813591768365,0.5355329949238579,1,0.24485311850830102,0.21152515617662604,0.21572959880440104
824259,2026-06-24,2026,Detroit Tigers,New York Yankees,2026-06-24T17:00:00+00:00,2026-06-24T22:40:00+00:00,-0.09369738878562633,0.0,162,162,0.4453391548969319,0.5400813591768365,0.5392405063291139,0,0.19832696288431348,0.2916878745302991,0.29078032366607914
824341,2026-06-24,2026,Colorado Rockies,Boston Red Sox,2026-06-24T17:00:00+00:00,2026-06-24T19:10:00+00:00,-0.10113623212964101,0.0,162,162,0.4377884161843199,0.5400813591768365,0.39077669902912626,1,0.3160818649765354,0.21152515617662604,0.3711530304458478
824500,2026-06-24,2026,Cincinnati Reds,Milwaukee Brewers,2026-06-24T17:00:00+00:00,2026-06-24T23:10:00+00:00,-0.10605502054718863,0.0,162,162,0.43281120010511115,0.5400813591768365,0.4520202020202021,0,0.18732553493642656,0.2916878745302991,0.2043222630343843
824583,2026-06-24,2026,Chicago White Sox,Cleveland Guardians,2026-06-24T17:00:00+00:00,2026-06-24T18:10:00+00:00,-0.02232393574248992,0.0,162,162,0.5185631082862333,0.5400813591768365,0.5,0,0.26890769727547975,0.2916878745302991,0.25
822717,2026-06-25,2026,Washington Nationals,Philadelphia Phillies,2026-06-25T17:00:00+00:00,2026-06-25T22:45:00+00:00,-0.05857928392819617,0.0,162,162,0.4812693242895135,0.5400813591768365,0.39268292682926825,0,0.23162016250208492,0.2916878745302991,0.15419988102320045
822797,2026-06-25,2026,Toronto Blue Jays,Texas Rangers,2026-06-25T17:00:00+00:00,2026-06-25T23:07:00+00:00,-0.004429709780914837,0.0,162,162,0.5369196242543477,0.5400813591768365,0.5796019900497512,0,0.28828268290942993,0.2916878745302991,0.3359384668696319
823612,2026-06-25,2026,New York Mets,Chicago Cubs,2026-06-25T17:00:00+00:00,2026-06-25T23:10:00+00:00,-0.026346167476750615,0.0,162,162,0.514428279896567,0.5400813591768365,0.5051020408163266,0,0.2646364551573407,0.2916878745302991,0.25512807163681805
824258,2026-06-25,2026,Detroit Tigers,Houston Astros,2026-06-25T17:00:00+00:00,2026-06-25T22:40:00+00:00,0.013694818938764286,0.0,162,162,0.5554107237573771,0.5400813591768365,0.5165394402035622,0,0.30848107206469344,0.2916878745302991,0.26681299328580943
824747,2026-06-25,2026,Boston Red Sox,New York Yankees,2026-06-25T17:00:00+00:00,2026-06-25T23:10:00+00:00,-0.09178328987613787,0.0,162,162,0.4472862781509837,0.5400813591768365,0.43609022556390975,1,0.3054924583201918,0.21152515617662604,0.3179942337045622
822796,2026-06-26,2026,Toronto Blue Jays,Texas Rangers,2026-06-26T17:00:00+00:00,2026-06-26T23:07:00+00:00,-0.003125253538660666,0.0,162,162,0.5382544785852108,0.5400813591768365,0.49489795918367346,0,0.28971788371703716,0.2916878745302991,0.24492399000416493
822962,2026-06-26,2026,Tampa Bay Rays,Arizona Diamondbacks,2026-06-26T17:00:00+00:00,2026-06-26T23:10:00+00:00,-0.003917643903054491,-1.0,162,162,0.5649796363359783,0.5400813591768365,0.5628140703517588,1,0.18924271680237773,0.21152515617662604,0.1911315370823969
823039,2026-06-26,2026,St. Louis Cardinals,Miami Marlins,2026-06-26T17:00:00+00:00,2026-06-27T00:15:00+00:00,0.005271773456159867,0.0,162,162,0.5468332413232065,0.5400813591768365,0.5076530612244898,0,0.29902659381604424,0.2916878745302991,0.2577116305705956
823206,2026-06-26,2026,San Francisco Giants,Atlanta Braves,2026-06-26T17:00:00+00:00,2026-06-27T02:15:00+00:00,-0.06849071000095075,-1.0,162,162,0.4988958056118232,0.5400813591768365,0.47582697201017815,0,0.24889702485707005,0.2916878745302991,0.22641130729237485
823285,2026-06-26,2026,San Diego Padres,Los Angeles Dodgers,2026-06-26T17:00:00+00:00,2026-06-27T01:45:00+00:00,-0.0849785740571708,0.0,162,162,0.4542210944837087,0.5400813591768365,0.43107769423558895,1,0.29787461370656093,0.21152515617662604,0.323672589996294
823363,2026-06-26,2026,Pittsburgh Pirates,Cincinnati Reds,2026-06-26T17:00:00+00:00,2026-06-26T22:40:00+00:00,0.042622978462252714,-1.0,162,162,0.6113475955465545,0.5400813591768365,0.6285714285714284,0,0.3737458825805536,0.2916878745302991,0.3951020408163264
823610,2026-06-26,2026,New York Mets,Philadelphia Phillies,2026-06-26T17:00:00+00:00,2026-06-26T23:10:00+00:00,-0.02333924669122972,0.0,162,162,0.517519592664487,0.5400813591768365,0.4054054054054054,0,0.26782652879161656,0.2916878745302991,0.16435354273192107
823688,2026-06-26,2026,Minnesota Twins,Colorado Rockies,2026-06-26T17:00:00+00:00,2026-06-27T00:10:00+00:00,0.05299087390602836,0.0,162,162,0.594914215726989,0.5400813591768365,0.6116504854368933,1,0.1640944926200804,0.21152515617662604,0.15081534546140066
823773,2026-06-26,2026,Milwaukee Brewers,Chicago Cubs,2026-06-26T17:00:00+00:00,2026-06-26T23:45:00+00:00,0.05356210244662574,1.0,162,162,0.5684006091025722,0.5400813591768365,0.6785714285714286,1,0.18627803422303071,0.21152515617662604,0.10331632653061222
824255,2026-06-26,2026,Detroit Tigers,Houston Astros,2026-06-26T17:00:00+00:00,2026-06-26T22:40:00+00:00,0.011989154781915146,0.0,162,162,0.5536762816085833,0.5400813591768365,0.5102040816326531,1,0.19920486159874065,0.21152515617662604,0.23990004164931278
824423,2026-06-26,2026,Cleveland Guardians,Seattle Mariners,2026-06-26T17:00:00+00:00,2026-06-26T23:10:00+00:00,0.018522984069390624,1.0,162,162,0.5327258658906509,0.5400813591768365,0.5,0,0.28379684818894374,0.2916878745302991,0.25
824582,2026-06-26,2026,Chicago White Sox,Kansas City Royals,2026-06-26T17:00:00+00:00,2026-06-26T23:40:00+00:00,0.010791495192719103,1.0,162,162,0.5247957345673756,0.5400813591768365,0.5491183879093199,1,0.22581909388536014,0.21152515617662604,0.20329422812149053
824743,2026-06-26,2026,Boston Red Sox,New York Yankees,2026-06-26T17:00:00+00:00,2026-06-26T23:10:00+00:00,-0.08964300136179953,0.0,162,162,0.44946540703631616,0.5400813591768365,0.48600508905852424,1,0.303088338049689,0.21152515617662604,0.26419076847373557
824824,2026-06-26,2026,Baltimore Orioles,Washington Nationals,2026-06-26T17:00:00+00:00,2026-06-26T23:05:00+00:00,0.00489406086419758,1.0,162,162,0.5187381464179214,0.5400813591768365,0.5577889447236182,1,0.2316129717132581,0.21152515617662604,0.19555061740865123
822794,2026-06-27,2026,Toronto Blue Jays,Texas Rangers,2026-06-27T17:00:00+00:00,2026-06-27T19:07:00+00:00,-0.006218532728987203,0.0,162,162,0.5350882589903743,0.5400813591768365,0.6235011990407675,0,0.28631944490934985,0.2916878745302991,0.3887537452052748
822960,2026-06-27,2026,Tampa Bay Rays,Arizona Diamondbacks,2026-06-27T17:00:00+00:00,2026-06-27T22:10:00+00:00,0.001733109017916401,0.0,162,162,0.5432210822313934,0.5400813591768365,0.5614035087719298,1,0.20864697971785945,0.21152515617662604,0.19236688211757466
823038,2026-06-27,2026,St. Louis Cardinals,Miami Marlins,2026-06-27T17:00:00+00:00,2026-06-27T23:15:00+00:00,0.005622079315944939,0.0,162,162,0.5471905608816707,0.5400813591768365,0.5591939546599496,0,0.2994175099179974,0.2916878745302991,0.31269787892823375
823207,2026-06-27,2026,San Francisco Giants,Atlanta Braves,2026-06-27T17:00:00+00:00,2026-06-28T01:05:00+00:00,-0.07024872938454274,0.0,162,162,0.4692900046109547,0.5400813591768365,0.5443037974683544,1,0.2816530992058405,0.21152515617662604,0.20765902900176253
823283,2026-06-27,2026,San Diego Padres,Los Angeles Dodgers,2026-06-27T17:00:00+00:00,2026-06-28T00:40:00+00:00,-0.07812826630778746,0.0,162,162,0.4612203549590949,0.5400813591768365,0.35597189695550346,0,0.21272421582859352,0.2916878745302991,0.12671599142209958
823364,2026-06-27,2026,Pittsburgh Pirates,Cincinnati Reds,2026-06-27T17:00:00+00:00,2026-06-27T20:05:00+00:00,0.04207487507562979,0.0,162,162,0.5840406115251743,0.5400813591768365,0.4809160305343511,0,0.3411034359106995,0.2916878745302991,0.23128022842491694
823609,2026-06-27,2026,New York Mets,Philadelphia Phillies,2026-06-27T17:00:00+00:00,2026-06-27T20:10:00+00:00,-0.023849624064813724,0.0,162,162,0.5169949790516323,0.5400813591768365,0.5417721518987342,1,0.23329385026133315,0.21152515617662604,0.20997276077551674
823689,2026-06-27,2026,Minnesota Twins,Colorado Rockies,2026-06-27T17:00:00+00:00,2026-06-27T23:10:00+00:00,0.049408880981576975,0.0,162,162,0.5913558362134507,0.5400813591768365,0.5664160401002506,0,0.3497017250237095,0.2916878745302991,0.32082713048284867
823770,2026-06-27,2026,Milwaukee Brewers,Chicago Cubs,2026-06-27T17:00:00+00:00,2026-06-27T23:10:00+00:00,0.05204047775018361,0.0,162,162,0.5939710400294448,0.5400813591768365,0.5945945945945945,0,0.3528015963936603,0.2916878745302991,0.3535427319211102
824257,2026-06-27,2026,Detroit Tigers,Houston Astros,2026-06-27T17:00:00+00:00,2026-06-27T17:10:00+00:00,0.015583646355477432,0.0,162,162,0.5573298436357524,0.5400813591768365,0.5541561712846348,0,0.3106165546070523,0.2916878745302991,0.3070890621728455
824421,2026-06-27,2026,Cleveland Guardians,Seattle Mariners,2026-06-27T17:00:00+00:00,2026-06-27T23:10:00+00:00,0.01321852030077919,0.0,162,162,0.5549265229958917,0.5400813591768365,0.4335839598997493,1,0.1980903999325265,0.21152515617662604,0.32082713048284883
824581,2026-06-27,2026,Chicago White Sox,Kansas City Royals,2026-06-27T17:00:00+00:00,2026-06-27T20:10:00+00:00,0.026415174173220923,0.0,162,162,0.568300373684184,0.5400813591768365,0.5292620865139949,1,0.1863645673612152,0.21152515617662604,0.22159418319315766
824745,2026-06-27,2026,Boston Red Sox,New York Yankees,2026-06-27T17:00:00+00:00,2026-06-27T17:10:00+00:00,-0.08328228535092869,0.0,162,162,0.45595269114207704,0.5400813591768365,0.49234693877551017,1,0.2959874742755482,0.21152515617662604,0.2577116305705956
824825,2026-06-27,2026,Baltimore Orioles,Washington Nationals,2026-06-27T17:00:00+00:00,2026-06-27T23:05:00+00:00,0.0045652622727317405,0.0,162,162,0.5461124381609064,0.5400813591768365,0.5,0,0.29823879511404977,0.2916878745302991,0.25
822795,2026-06-28,2026,Toronto Blue Jays,Texas Rangers,2026-06-28T17:00:00+00:00,2026-06-28T17:37:00+00:00,-0.00719249480417139,0.0,162,162,0.5340907327259143,0.5400813591768365,0.5443037974683544,0,0.2852529107837041,0.2916878745302991,0.2962666239384714
822959,2026-06-28,2026,Tampa Bay Rays,Arizona Diamondbacks,2026-06-28T17:00:00+00:00,2026-06-28T17:40:00+00:00,0.006495078357931894,0.0,162,162,0.5480808264192657,0.5400813591768365,0.6350710900473934,1,0.20423093944989387,0.21152515617662604,0.13317310931919768
823037,2026-06-28,2026,St. Louis Cardinals,Miami Marlins,2026-06-28T17:00:00+00:00,2026-06-28T18:15:00+00:00,0.0,0.0,162,162,0.5414502945914367,0.5400813591768365,0.5279187817258882,1,0.2102678323302802,0.21152515617662604,0.22286067664716955
823204,2026-06-28,2026,San Francisco Giants,Atlanta Braves,2026-06-28T17:00:00+00:00,2026-06-28T20:05:00+00:00,-0.06811797230515171,0.0,162,162,0.4714751108850478,0.5400813591768365,0.39853300733496333,1,0.27933855841397254,0.21152515617662604,0.36176254326552326
823281,2026-06-28,2026,San Diego Padres,Los Angeles Dodgers,2026-06-28T17:00:00+00:00,2026-06-28T20:10:00+00:00,-0.09195048043503296,0.0,162,162,0.4471161376775398,0.5400813591768365,0.4422110552763819,0,0.19991284057168074,0.2916878745302991,0.19555061740865126
823362,2026-06-28,2026,Pittsburgh Pirates,Cincinnati Reds,2026-06-28T17:00:00+00:00,2026-06-28T17:35:00+00:00,0.04118091140585406,0.0,162,162,0.5831463315005435,0.5400813591768365,0.5516372795969774,1,0.17376698094145476,0.21152515617662604,0.20102912904719902
823608,2026-06-28,2026,New York Mets,Philadelphia Phillies,2026-06-28T17:00:00+00:00,2026-06-28T17:40:00+00:00,-0.01636982778702245,0.0,162,162,0.524679062774653,0.5400813591768365,0.40196078431372556,0,0.2752881189140883,0.2916878745302991,0.1615724721261054
823686,2026-06-28,2026,Minnesota Twins,Colorado Rockies,2026-06-28T17:00:00+00:00,2026-06-28T18:10:00+00:00,0.03802566918461542,0.0,162,162,0.5799856344257196,0.5400813591768365,0.5935960591133005,1,0.17641206728876527,0.21152515617662604,0.16516416316823995
823769,2026-06-28,2026,Milwaukee Brewers,Chicago Cubs,2026-06-28T17:00:00+00:00,2026-06-28T18:10:00+00:00,0.04447194717832992,0.0,162,162,0.5864357873246372,0.5400813591768365,0.597051597051597,0,0.3439069326550671,0.2916878745302991,0.3564706095418626
824256,2026-06-28,2026,Detroit Tigers,Houston Astros,2026-06-28T17:00:00+00:00,2026-06-28T17:40:00+00:00,0.01779167632210593,0.0,162,162,0.5595711132817739,0.5400813591768365,0.49234693877551017,0,0.3131198308194038,0.2916878745302991,0.24240550812161596
824422,2026-06-28,2026,Cleveland Guardians,Seattle Mariners,2026-06-28T17:00:00+00:00,2026-06-28T17:40:00+00:00,0.011006648736068991,0.0,162,162,0.5526766024083818,0.5400813591768365,0.5329949238578681,1,0.20009822203290895,0.21152515617662604,0.21809374114251845
824580,2026-06-28,2026,Chicago White Sox,Kansas City Royals,2026-06-28T17:00:00+00:00,2026-06-28T18:10:00+00:00,0.030326450960523776,0.0,162,162,0.5722460123248231,0.5400813591768365,0.5614035087719298,0,0.3274654986216616,0.2916878745302991,0.3151738996614343
824744,2026-06-28,2026,Boston Red Sox,New York Yankees,2026-06-28T17:00:00+00:00,2026-06-28T23:20:00+00:00,-0.08373696604631525,0.0,162,162,0.4554884401140332,0.5400813591768365,0.5089058524173028,1,0.29649283884944877,0.21152515617662604,0.24117346178997598
824821,2026-06-28,2026,Baltimore Orioles,Washington Nationals,2026-06-28T17:00:00+00:00,2026-06-28T17:35:00+00:00,0.000839664965412934,0.0,162,162,0.5423083478296298,0.5400813591768365,0.647196261682243,0,0.29409834412570274,0.2916878745302991,0.4188630011354703
822792,2026-06-29,2026,Toronto Blue Jays,New York Mets,2026-06-29T17:00:00+00:00,2026-06-29T23:07:00+00:00,0.021508408322300054,0.0,162,162,0.5633382731901738,0.5400813591768365,0.5380710659898477,1,0.19067346366053928,0.21152515617662604,0.21337834007575568
823121,2026-06-29,2026,Seattle Mariners,Los Angeles Angels,2026-06-29T17:00:00+00:00,2026-06-30T01:40:00+00:00,0.06843827673296293,0.0,162,162,0.6101415516698159,0.5400813591768365,0.6480186480186481,1,0.15198960973441886,0.21152515617662604,0.12389087214262037
823444,2026-06-29,2026,Philadelphia Phillies,Pittsburgh Pirates,2026-06-29T17:00:00+00:00,2026-06-29T22:40:00+00:00,-0.00030025876487183023,0.0,162,162,0.5411434003489831,0.5400813591768365,0.5076530612244898,0,0.2928361797412598,0.2916878745302991,0.2577116305705956
823529,2026-06-29,2026,New York Yankees,Detroit Tigers,2026-06-29T17:00:00+00:00,2026-06-29T23:05:00+00:00,0.08506556569018792,0.0,162,162,0.6262946132094537,0.5400813591768365,0.5505050505050506,0,0.39224494253517916,0.2916878745302991,0.30305581063156833
823771,2026-06-29,2026,Milwaukee Brewers,Cincinnati Reds,2026-06-29T17:00:00+00:00,2026-06-29T23:40:00+00:00,0.09077772192147665,0.0,162,162,0.6317815024302394,0.5400813591768365,0.5628140703517588,1,0.13558486195253175,0.21152515617662604,0.1911315370823969
824176,2026-06-29,2026,Houston Astros,Minnesota Twins,2026-06-29T17:00:00+00:00,2026-06-30T00:10:00+00:00,0.020247883137233913,0.0,162,162,0.562061441848112,0.5400813591768365,0.5628140703517588,0,0.3159130644123786,0.2916878745302991,0.3167596777859145
824339,2026-06-29,2026,Colorado Rockies,Miami Marlins,2026-06-29T17:00:00+00:00,2026-06-30T00:40:00+00:00,-0.05331574930647426,0.0,162,162,0.4866805136025836,0.5400813591768365,0.4335839598997493,0,0.23685792232047453,0.2916878745302991,0.1879950502823474
824420,2026-06-29,2026,Cleveland Guardians,Texas Rangers,2026-06-29T17:00:00+00:00,2026-06-29T23:10:00+00:00,-0.01321675515006826,0.0,162,162,0.5279149643661516,0.5400813591768365,0.5796019900497512,0,0.2786942096017151,0.2916878745302991,0.3359384668696319
824662,2026-06-29,2026,Chicago Cubs,San Diego Padres,2026-06-29T17:00:00+00:00,2026-06-30T00:05:00+00:00,0.005779639738742182,0.0,162,162,0.5473512600898679,0.5400813591768365,0.5876543209876544,1,0.2048908817422304,0.21152515617662604,0.17002895900015239
824741,2026-06-29,2026,Boston Red Sox,Washington Nationals,2026-06-29T17:00:00+00:00,2026-06-29T23:10:00+00:00,0.03186206827213317,0.0,162,162,0.5737926405838764,0.5400813591768365,0.6092233009708737,1,0.1816527132204648,0.21152515617662604,0.15270642850410032
824822,2026-06-29,2026,Baltimore Orioles,Chicago White Sox,2026-06-29T17:00:00+00:00,2026-06-29T22:35:00+00:00,-0.03662794648532802,0.0,162,162,0.5038510303189253,0.5400813591768365,0.5541561712846348,0,0.2538658607534426,0.2916878745302991,0.3070890621728455
825065,2026-06-29,2026,Arizona Diamondbacks,San Francisco Giants,2026-06-29T17:00:00+00:00,2026-06-30T01:40:00+00:00,-0.020657110214990504,0.0,162,162,0.5202758818408196,0.5400813591768365,0.5541561712846348,1,0.23013522954360324,0.21152515617662604,0.1987767196035759
822793,2026-06-30,2026,Toronto Blue Jays,New York Mets,2026-06-30T17:00:00+00:00,2026-06-30T23:07:00+00:00,0.018547849368460045,0.0,162,162,0.5603381165933253,0.5400813591768365,0.5190839694656489,0,0.313978804907355,0.2916878745302991,0.26944816735621474
823122,2026-06-30,2026,Seattle Mariners,Los Angeles Angels,2026-06-30T17:00:00+00:00,2026-07-01T01:40:00+00:00,0.07716985942461896,0.0,162,162,0.6186567325408653,0.5400813591768365,0.6276849642004773,1,0.14542268763640914,0.21152515617662604,0.1386184858823999
823445,2026-06-30,2026,Philadelphia Phillies,Pittsburgh Pirates,2026-06-30T17:00:00+00:00,2026-06-30T22:40:00+00:00,-0.0016402170556674145,0.0,162,162,0.5397734528071153,0.5400813591768365,0.6643835616438356,1,0.21180847474108452,0.21152515617662604,0.11263839369487709
823528,2026-06-30,2026,New York Yankees,Detroit Tigers,2026-06-30T17:00:00+00:00,2026-06-30T23:05:00+00:00,0.08063492031078767,0.0,162,162,0.6220161251468038,0.5400813591768365,0.5165394402035622,0,0.3869040599426443,0.2916878745302991,0.26681299328580943
823768,2026-06-30,2026,Milwaukee Brewers,Cincinnati Reds,2026-06-30T17:00:00+00:00,2026-06-30T23:40:00+00:00,0.09167943105085202,0.0,162,162,0.6326445841718321,0.5400813591768365,0.6073170731707317,1,0.13495000153828615,0.21152515617662604,0.15419988102320048
824096,2026-06-30,2026,Kansas City Royals,Tampa Bay Rays,2026-06-30T17:00:00+00:00,2026-06-30T23:40:00+00:00,-0.018282001483261867,0.0,162,162,0.5227156302165835,0.5400813591768365,0.47715736040609136,0,0.27323163007272006,0.2916878745302991,0.22767914658970856
824175,2026-06-30,2026,Houston Astros,Minnesota Twins,2026-06-30T17:00:00+00:00,2026-07-01T00:10:00+00:00,0.021070115736215922,0.0,162,162,0.5628944051623205,0.5400813591768365,0.4885496183206107,1,0.19106130103840166,0.21152515617662604,0.261581492919993
824338,2026-06-30,2026,Colorado Rockies,Miami Marlins,2026-06-30T17:00:00+00:00,2026-07-01T00:40:00+00:00,-0.05352169827337255,0.0,162,162,0.4864687202939521,0.5400813591768365,0.4483627204030227,0,0.2366518158244354,0.2916878745302991,0.20102912904719913
824418,2026-06-30,2026,Cleveland Guardians,Texas Rangers,2026-06-30T17:00:00+00:00,2026-06-30T22:40:00+00:00,-0.016816094735850773,0.0,162,162,0.5242208989360975,0.5400813591768365,0.4707379134860051,0,0.2748075508813701,0.2916878745302991,0.2215941831931576
824661,2026-06-30,2026,Chicago Cubs,San Diego Padres,2026-06-30T17:00:00+00:00,2026-07-01T00:05:00+00:00,0.002201751235421545,0.0,162,162,0.5436997272800812,0.5400813591768365,0.5796019900497512,1,0.20820993888427228,0.21152515617662604,0.17673448677012948
824742,2026-06-30,2026,Boston Red Sox,Washington Nationals,2026-06-30T17:00:00+00:00,2026-06-30T23:10:00+00:00,0.02726516832264858,0.0,162,162,0.5691585907972488,0.5400813591768365,0.5454545454545454,0,0.32394150147831013,0.2916878745302991,0.29752066115702475
824819,2026-06-30,2026,Baltimore Orioles,Chicago White Sox,2026-06-30T17:00:00+00:00,2026-06-30T22:35:00+00:00,-0.038381259081751995,0.0,162,162,0.5020467266917069,0.5400813591768365,0.5541561712846348,0,0.25205091578185745,0.2916878745302991,0.3070890621728455
824907,2026-06-30,2026,Atlanta Braves,St. Louis Cardinals,2026-06-30T17:00:00+00:00,2026-06-30T23:15:00+00:00,0.09376324691872634,0.0,162,162,0.6346358759081393,0.5400813591768365,0.568922305764411,0,0.4027626949896912,0.2916878745302991,0.323672589996294
825066,2026-06-30,2026,Arizona Diamondbacks,San Francisco Giants,2026-06-30T17:00:00+00:00,2026-07-01T01:40:00+00:00,-0.017185219421048004,0.0,162,162,0.5238419030283611,0.5400813591768365,0.5051020408163266,1,0.22672653331165268,0.21152515617662604,0.24492399000416487
822791,2026-07-01,2026,Toronto Blue Jays,New York Mets,2026-07-01T17:00:00+00:00,2026-07-01T19:07:00+00:00,0.01639093084200066,0.0,162,162,0.5581495566990782,0.5400813591768365,0.5114503816793893,1,0.19523181424522112,0.21152515617662604,0.23868072956121442
823446,2026-07-01,2026,Philadelphia Phillies,Pittsburgh Pirates,2026-07-01T17:00:00+00:00,2026-07-01T22:40:00+00:00,0.00448252759240253,0.0,162,162,0.5460280171403883,0.5400813591768365,0.5628140703517588,1,0.20609056122148758,0.21152515617662604,0.1911315370823969
823530,2026-07-01,2026,New York Yankees,Detroit Tigers,2026-07-01T17:00:00+00:00,2026-07-01T17:35:00+00:00,0.07222305591359768,0.0,162,162,0.6138411157645381,0.5400813591768365,0.547979797979798,0,0.3768009154030531,0.2916878745302991,0.30028185899398024
823767,2026-07-01,2026,Milwaukee Brewers,Cincinnati Reds,2026-07-01T17:00:00+00:00,2026-07-02T00:10:00+00:00,0.09659670830739281,0.0,162,162,0.6373361463980795,0.5400813591768365,0.5911330049261084,1,0.13152507070939526,0.21152515617662604,0.16717221966075368
824094,2026-07-01,2026,Kansas City Royals,Tampa Bay Rays,2026-07-01T17:00:00+00:00,2026-07-01T23:40:00+00:00,-0.022474952283494554,0.0,162,162,0.5184079066347428,0.5400813591768365,0.45569620253164556,0,0.2687467576614162,0.2916878745302991,0.20765902900176253
824174,2026-07-01,2026,Houston Astros,Minnesota Twins,2026-07-01T17:00:00+00:00,2026-07-02T00:10:00+00:00,0.02023608571938884,0.0,162,162,0.5620494879077073,0.5400813591768365,0.5516372795969774,0,0.315899626857316,0.2916878745302991,0.30430368824115384
824337,2026-07-01,2026,Colorado Rockies,Miami Marlins,2026-07-01T17:00:00+00:00,2026-07-02T00:40:00+00:00,-0.06282280901549686,0.0,162,162,0.4769098952837705,0.5400813591768365,0.42039800995024873,1,0.273623257652036,0.21152515617662604,0.335938466869632
824419,2026-07-01,2026,Cleveland Guardians,Texas Rangers,2026-07-01T17:00:00+00:00,2026-07-01T17:10:00+00:00,-0.01806104829960986,0.0,162,162,0.5229425434362481,0.5400813591768365,0.530456852791878,1,0.227583816863076,0.21152515617662604,0.2204707670901081
824660,2026-07-01,2026,Chicago Cubs,San Diego Padres,2026-07-01T17:00:00+00:00,2026-07-01T18:20:00+00:00,0.003073071719480014,0.0,162,162,0.5445894303193788,0.5400813591768365,0.5267175572519084,1,0.20739878697682795,0.21152515617662604,0.2239962706136006
824740,2026-07-01,2026,Boston Red Sox,Washington Nationals,2026-07-01T17:00:00+00:00,2026-07-01T17:35:00+00:00,0.02194322799111975,0.0,162,162,0.5637785238910606,0.5400813591768365,0.57356608478803,0,0.3178462240007832,0.2916878745302991,0.32897805361906957
824905,2026-07-01,2026,Atlanta Braves,St. Louis Cardinals,2026-07-01T17:00:00+00:00,2026-07-01T23:15:00+00:00,0.09321430046031576,0.0,162,162,0.6341117467619284,0.5400813591768365,0.5505050505050506,1,0.13387421385760723,0.21152515617662604,0.20204570962146712
825064,2026-07-01,2026,Arizona Diamondbacks,San Francisco Giants,2026-07-01T17:00:00+00:00,2026-07-02T01:40:00+00:00,-0.015016293587339524,0.0,162,162,0.5260684231648676,0.5400813591768365,0.5541561712846348,0,0.27674798585117016,0.2916878745302991,0.3070890621728455
822884,2026-07-02,2026,Texas Rangers,Detroit Tigers,2026-07-02T17:00:00+00:00,2026-07-03T00:05:00+00:00,0.026392216689106185,0.0,162,162,0.5682771883933382,0.5400813591768365,0.5178571428571429,1,0.18638458606156122,0.21152515617662604,0.23246173469387751
823119,2026-07-02,2026,Seattle Mariners,Los Angeles Angels,2026-07-02T17:00:00+00:00,2026-07-03T01:40:00+00:00,0.08147298974174616,0.0,162,162,0.6228268949205292,0.5400813591768365,0.6535796766743649,1,0.1422595511952895,0.21152515617662604,0.12000704041303757
823765,2026-07-02,2026,Milwaukee Brewers,Cincinnati Reds,2026-07-02T17:00:00+00:00,2026-07-02T18:10:00+00:00,0.0980044302306296,0.0,162,162,0.6386744936993305,0.5400813591768365,0.6496519721577726,0,0.40790510890209614,0.2916878745302991,0.4220476849284833
823935,2026-07-02,2026,Los Angeles Dodgers,San Diego Padres,2026-07-02T17:00:00+00:00,2026-07-03T02:10:00+00:00,0.09648453075191155,0.0,162,162,0.6372294051766877,0.5400813591768365,0.635933806146572,1,0.13160250446845984,0.21152515617662604,0.1325441935069218
824093,2026-07-02,2026,Kansas City Royals,Tampa Bay Rays,2026-07-02T17:00:00+00:00,2026-07-02T23:40:00+00:00,-0.02654746135965491,0.0,162,162,0.5142212944532581,0.5400813591768365,0.4707379134860051,0,0.2644235396691844,0.2916878745302991,0.2215941831931576
824335,2026-07-02,2026,Colorado Rockies,Miami Marlins,2026-07-02T17:00:00+00:00,2026-07-02T19:10:00+00:00,-0.061585544933157654,0.0,162,162,0.47818061924776617,0.5400813591768365,0.42999999999999994,1,0.27229546612864475,0.21152515617662604,0.3249000000000001
824416,2026-07-02,2026,Cleveland Guardians,Chicago White Sox,2026-07-02T17:00:00+00:00,2026-07-02T22:40:00+00:00,0.004855116054808817,0.0,162,162,0.5464081789408423,0.5400813591768365,0.5089058524173028,1,0.20574554013176297,0.21152515617662604,0.24117346178997598
824906,2026-07-02,2026,Atlanta Braves,St. Louis Cardinals,2026-07-02T17:00:00+00:00,2026-07-02T23:15:00+00:00,0.09590931527185736,0.0,162,162,0.6366818533542669,0.5400813591768365,0.5139949109414759,0,0.40536378239062415,0.2916878745302991,0.26419076847373574
822714,2026-07-03,2026,Washington Nationals,Pittsburgh Pirates,2026-07-03T17:00:00+00:00,2026-07-03T22:45:00+00:00,-0.03186934610583353,1.0,162,162,0.48092224991667865,0.5400813591768365,0.5831265508684863,1,0.269441710631563,0.21152515617662604,0.17378347259080473
823120,2026-07-03,2026,Seattle Mariners,Toronto Blue Jays,2026-07-03T17:00:00+00:00,2026-07-04T02:10:00+00:00,-0.008074947359000162,-1.0,162,162,0.5607689532953989,0.5400813591768365,0.46329113924050636,0,0.31446181898001724,0.2916878745302991,0.21463867969876624
823527,2026-07-03,2026,New York Yankees,Minnesota Twins,2026-07-03T17:00:00+00:00,2026-07-03T23:05:00+00:00,0.10629122094229082,0.0,162,162,0.6465087701771537,0.5400813591768365,0.6294536817102138,1,0.12495604956166835,0.21152515617662604,0.13730457399811558
823933,2026-07-03,2026,Los Angeles Dodgers,San Diego Padres,2026-07-03T17:00:00+00:00,2026-07-04T02:10:00+00:00,0.10262873329688205,0.0,162,162,0.6430556859041286,0.5400813591768365,0.6899563318777293,1,0.12740924336537207,0.21152515617662604,0.09612707614271272
824013,2026-07-03,2026,Los Angeles Angels,Boston Red Sox,2026-07-03T17:00:00+00:00,2026-07-04T01:38:00+00:00,-0.07064221222560219,-1.0,162,162,0.4966816994391648,0.5400813591768365,0.5051020408163266,0,0.24669271055777683,0.2916878745302991,0.25512807163681805
824173,2026-07-03,2026,Houston Astros,Tampa Bay Rays,2026-07-03T17:00:00+00:00,2026-07-04T00:15:00+00:00,-0.02222020162226379,1.0,162,162,0.49084413099991187,0.5400813591768365,0.5025510204081632,0,0.24092796093705865,0.2916878745302991,0.2525575281132861
824336,2026-07-03,2026,Colorado Rockies,San Francisco Giants,2026-07-03T17:00:00+00:00,2026-07-04T00:10:00+00:00,-0.07943467170301338,-1.0,162,162,0.48763567959941617,0.5400813591768365,0.4228855721393035,1,0.26251719681955216,0.21152515617662604,0.3330610628449791
824417,2026-07-03,2026,Cleveland Guardians,Chicago White Sox,2026-07-03T17:00:00+00:00,2026-07-03T23:10:00+00:00,0.005781928451753848,0.0,162,162,0.5473535943240331,0.5400813591768365,0.5443037974683544,1,0.20488876857137203,0.21152515617662604,0.20765902900176253
824498,2026-07-03,2026,Cincinnati Reds,Baltimore Orioles,2026-07-03T17:00:00+00:00,2026-07-03T23:10:00+00:00,0.000930021615373644,-1.0,162,162,0.569877691748202,0.5400813591768365,0.4720812182741116,0,0.3247605835522588,0.2916878745302991,0.22286067664716938
824659,2026-07-03,2026,Chicago Cubs,St. Louis Cardinals,2026-07-03T17:00:00+00:00,2026-07-03T20:05:00+00:00,0.04952795702919749,1.0,162,162,0.5643221478012919,0.5400813591768365,0.5392405063291139,0,0.3184594864990631,0.2916878745302991,0.29078032366607914
824904,2026-07-03,2026,Atlanta Braves,New York Mets,2026-07-03T17:00:00+00:00,2026-07-03T23:15:00+00:00,0.072941248038776,-1.0,162,162,0.6405575325664615,0.5400813591768365,0.5076530612244898,1,0.12919888739471036,0.21152515617662604,0.24240550812161596
825062,2026-07-03,2026,Arizona Diamondbacks,Milwaukee Brewers,2026-07-03T17:00:00+00:00,2026-07-04T01:45:00+00:00,-0.08081715440603121,1.0,162,162,0.4309832464729982,0.5400813591768365,0.4325,0,0.1857465587404051,0.2916878745302991,0.18705625
822882,2026-07-04,2026,Texas Rangers,Detroit Tigers,2026-07-04T17:00:00+00:00,2026-07-04T20:05:00+00:00,0.03301001724625224,0.0,162,162,0.5749478803174534,0.5400813591768365,0.46329113924050636,0,0.33056506508153266,0.2916878745302991,0.21463867969876624
823118,2026-07-04,2026,Seattle Mariners,Toronto Blue Jays,2026-07-04T17:00:00+00:00,2026-07-04T20:10:00+00:00,-0.013851872723046443,0.0,162,162,0.5272633425374603,0.5400813591768365,0.6048780487804878,1,0.22347994730885457,0.21152515617662604,0.15612135633551458
823526,2026-07-04,2026,New York Yankees,Minnesota Twins,2026-07-04T17:00:00+00:00,2026-07-04T17:35:00+00:00,0.10923589285119745,0.0,162,162,0.6492740552804516,0.5400813591768365,0.5831265508684863,0,0.4215567988603229,0.2916878745302991,0.34003657432777734
823932,2026-07-04,2026,Los Angeles Dodgers,San Diego Padres,2026-07-04T17:00:00+00:00,2026-07-05T02:10:00+00:00,0.10733341422142206,0.0,162,162,0.6474886066836486,0.5400813591768365,0.6928104575163399,1,0.1242642824178354,0.21152515617662604,0.09436541501132044
824012,2026-07-04,2026,Los Angeles Angels,Boston Red Sox,2026-07-04T17:00:00+00:00,2026-07-05T01:38:00+00:00,-0.07096990147581822,0.0,162,162,0.46855070000742194,0.5400813591768365,0.39608801955990225,0,0.2195397584774451,0.2916878745302991,0.1568857192388855
824092,2026-07-04,2026,Kansas City Royals,Philadelphia Phillies,2026-07-04T17:00:00+00:00,2026-07-05T00:10:00+00:00,-0.05298080943532468,0.0,162,162,0.48702496845176996,0.5400813591768365,0.4158415841584158,0,0.23719331989544754,0.2916878745302991,0.17292422311538083
824171,2026-07-04,2026,Houston Astros,Tampa Bay Rays,2026-07-04T17:00:00+00:00,2026-07-04T23:10:00+00:00,-0.02491742330254465,0.0,162,162,0.5158972752695224,0.5400813591768365,0.49744897959183665,1,0.23435544809147252,0.21152515617662604,0.25255752811328624
824334,2026-07-04,2026,Colorado Rockies,San Francisco Giants,2026-07-04T17:00:00+00:00,2026-07-05T00:10:00+00:00,-0.07116527218109292,0.0,162,162,0.46835044070205867,0.5400813591768365,0.43107769423558895,0,0.21935213530581257,0.2916878745302991,0.18582797846747193
824415,2026-07-04,2026,Cleveland Guardians,Chicago White Sox,2026-07-04T17:00:00+00:00,2026-07-04T23:10:00+00:00,0.011689681533233465,0.0,162,162,0.5533716195010163,0.5400813591768365,0.5639097744360902,0,0.30622014926917757,0.2916878745302991,0.3179942337045622
824499,2026-07-04,2026,Cincinnati Reds,Baltimore Orioles,2026-07-04T17:00:00+00:00,2026-07-04T23:10:00+00:00,-0.003314347109262483,0.0,162,162,0.5380610120493792,0.5400813591768365,0.5468354430379747,0,0.28950965268760215,0.2916878745302991,0.2990290017625381
824658,2026-07-04,2026,Chicago Cubs,St. Louis Cardinals,2026-07-04T17:00:00+00:00,2026-07-05T00:08:00+00:00,0.03485152489450061,0.0,162,162,0.5767993699241308,0.5400813591768365,0.5945945945945945,0,0.33269751314487434,0.2916878745302991,0.3535427319211102
824903,2026-07-04,2026,Atlanta Braves,New York Mets,2026-07-04T17:00:00+00:00,2026-07-05T00:08:00+00:00,0.0750223417596525,0.0,162,162,0.616568968699944,0.5400813591768365,0.6058394160583942,1,0.1470193557638245,0.21152515617662604,0.15536256593318767
825063,2026-07-04,2026,Arizona Diamondbacks,Milwaukee Brewers,2026-07-04T17:00:00+00:00,2026-07-05T01:40:00+00:00,-0.08754959597334477,0.0,162,162,0.45159868054513974,0.5400813591768365,0.41687344913151364,1,0.3007440071798317,0.21152515617662604,0.34003657432777745
822879,2026-07-05,2026,Texas Rangers,Detroit Tigers,2026-07-05T17:00:00+00:00,2026-07-05T19:30:00+00:00,0.028659709060737004,0.0,162,162,0.57056572072295,0.5400813591768365,0.46446700507614214,0,0.32554524166409937,0.2916878745302991,0.21572959880440104
823117,2026-07-05,2026,Seattle Mariners,Toronto Blue Jays,2026-07-05T17:00:00+00:00,2026-07-05T21:00:00+00:00,-0.005002230204166236,0.0,162,162,0.5363335939617818,0.5400813591768365,0.5406091370558376,1,0.21498653608839782,0.21152515617662604,0.21103996495658223
823525,2026-07-05,2026,New York Yankees,Minnesota Twins,2026-07-05T17:00:00+00:00,2026-07-05T17:35:00+00:00,0.1039032321869674,0.0,162,162,0.6442590236093586,0.5400813591768365,0.5603015075376885,0,0.4150696895020841,0.2916878745302991,0.3139377793490064
823931,2026-07-05,2026,Los Angeles Dodgers,San Diego Padres,2026-07-05T17:00:00+00:00,2026-07-05T23:20:00+00:00,0.11421901918359978,0.0,162,162,0.6539307814220491,0.5400813591768365,0.6543778801843317,0,0.42762546689125175,0.2916878745302991,0.42821041007453964
824010,2026-07-05,2026,Los Angeles Angels,Boston Red Sox,2026-07-05T17:00:00+00:00,2026-07-06T01:30:00+00:00,-0.06906285555879743,0.0,162,162,0.4705059866019183,0.5400813591768365,0.41234567901234565,0,0.2213758834282445,0.2916878745302991,0.17002895900015239
824091,2026-07-05,2026,Kansas City Royals,Philadelphia Phillies,2026-07-05T17:00:00+00:00,2026-07-05T19:00:00+00:00,-0.05910006656915606,0.0,162,162,0.480734150487646,0.5400813591768365,0.4545454545454545,1,0.26963702246978666,0.21152515617662604,0.29752066115702486
824172,2026-07-05,2026,Houston Astros,Tampa Bay Rays,2026-07-05T17:00:00+00:00,2026-07-05T19:30:00+00:00,-0.023066825158234383,0.0,162,162,0.517799597267963,0.5400813591768365,0.5204081632653061,1,0.23251722839493869,0.21152515617662604,0.23000832986255726
824333,2026-07-05,2026,Colorado Rockies,San Francisco Giants,2026-07-05T17:00:00+00:00,2026-07-05T20:00:00+00:00,-0.07221333775215044,0.0,162,162,0.46727632587034107,0.5400813591768365,0.4783715012722647,1,0.283794512978203,0.21152515617662604,0.27209629068495095
824413,2026-07-05,2026,Cleveland Guardians,Chicago White Sox,2026-07-05T17:00:00+00:00,2026-07-05T18:00:00+00:00,0.010004176441781865,0.0,162,162,0.5516561689003403,0.5400813591768365,0.5491183879093199,0,0.3043245286858008,0.2916878745302991,0.3015310039401303
824497,2026-07-05,2026,Cincinnati Reds,Baltimore Orioles,2026-07-05T17:00:00+00:00,2026-07-05T17:05:00+00:00,-0.012600734324324403,0.0,162,162,0.5285469023578335,0.5400813591768365,0.4821428571428572,1,0.22226802327639417,0.21152515617662604,0.2681760204081632
824656,2026-07-05,2026,Chicago Cubs,St. Louis Cardinals,2026-07-05T17:00:00+00:00,2026-07-05T18:30:00+00:00,0.032301875232116084,0.0,162,162,0.5742353367071114,0.5400813591768365,0.57356608478803,1,0.18127554850890684,0.21152515617662604,0.18184588404300966
825061,2026-07-05,2026,Arizona Diamondbacks,Milwaukee Brewers,2026-07-05T17:00:00+00:00,2026-07-05T20:00:00+00:00,-0.0867717393300112,0.0,162,162,0.45239180894516934,0.5400813591768365,0.47582697201017815,0,0.2046583488006826,0.2916878745302991,0.22641130729237485
822712,2026-07-06,2026,Washington Nationals,Houston Astros,2026-07-06T17:00:00+00:00,2026-07-06T22:45:00+00:00,-0.003831087457145277,0.0,162,162,0.5375322632999178,0.5400813591768365,0.5165394402035622,1,0.2138764074884966,0.21152515617662604,0.23373411287868498
822958,2026-07-06,2026,Tampa Bay Rays,New York Yankees,2026-07-06T17:00:00+00:00,2026-07-06T22:40:00+00:00,-0.0702808130568478,0.0,162,162,0.469257111365955,0.5400813591768365,0.5051020408163266,0,0.22020223656752028,0.2916878745302991,0.25512807163681805
823036,2026-07-06,2026,St. Louis Cardinals,Milwaukee Brewers,2026-07-06T17:00:00+00:00,2026-07-06T23:45:00+00:00,-0.07210962264507653,0.0,162,162,0.4673826054174736,0.5400813591768365,0.5025510204081632,0,0.21844649984682585,0.2916878745302991,0.2525575281132861
823205,2026-07-06,2026,San Francisco Giants,Toronto Blue Jays,2026-07-06T17:00:00+00:00,2026-07-07T01:45:00+00:00,-0.009127480912806019,0.0,162,162,0.5321081298555951,0.5400813591768365,0.49234693877551017,1,0.21892280214722867,0.21152515617662604,0.2577116305705956
823282,2026-07-06,2026,San Diego Padres,Arizona Diamondbacks,2026-07-06T17:00:00+00:00,2026-07-07T01:40:00+00:00,0.020981615055099878,0.0,162,162,0.5628047664322015,0.5400813591768365,0.5292620865139949,0,0.31674920511880483,0.2916878745302991,0.2801183562211474
823930,2026-07-06,2026,Los Angeles Dodgers,Colorado Rockies,2026-07-06T17:00:00+00:00,2026-07-07T02:10:00+00:00,0.1818379568396037,0.0,162,162,0.7139639446919755,0.5400813591768365,0.6748878923766817,1,0.08181662493617523,0.21152515617662604,0.10569788252327612
824089,2026-07-06,2026,Kansas City Royals,Philadelphia Phillies,2026-07-06T17:00:00+00:00,2026-07-06T18:10:00+00:00,-0.05447361607808365,0.0,162,162,0.48548985365278446,0.5400813591768365,0.35116279069767437,1,0.2647206906942331,0.21152515617662604,0.42098972417522984
824900,2026-07-06,2026,Atlanta Braves,New York Mets,2026-07-06T17:00:00+00:00,2026-07-06T23:15:00+00:00,0.07798094165344094,0.0,162,162,0.6194441120837294,0.5400813591768365,0.5417721518987342,0,0.3837110079951999,0.2916878745302991,0.2935170645729851
822713,2026-07-07,2026,Washington Nationals,Houston Astros,2026-07-07T17:00:00+00:00,2026-07-07T22:45:00+00:00,-0.00045941914871366896,0.0,162,162,0.5409807099752962,0.5400813591768365,0.5267175572519084,0,0.2926601285653756,0.2916878745302991,0.2774313851174174
822881,2026-07-07,2026,Texas Rangers,Los Angeles Angels,2026-07-07T17:00:00+00:00,2026-07-08T00:05:00+00:00,0.1084784247222893,0.0,162,162,0.6485636797660058,0.5400813591768365,0.6004901960784313,1,0.1235074871796105,0.21152515617662604,0.15960808342945024
822956,2026-07-07,2026,Tampa Bay Rays,New York Yankees,2026-07-07T17:00:00+00:00,2026-07-07T22:40:00+00:00,-0.07749137455534916,0.0,162,162,0.46187191586338666,0.5400813591768365,0.5292620865139949,1,0.28958183493654205,0.21152515617662604,0.22159418319315766
823035,2026-07-07,2026,St. Louis Cardinals,Milwaukee Brewers,2026-07-07T17:00:00+00:00,2026-07-07T23:45:00+00:00,-0.07351644390840595,0.0,162,162,0.46594125554925203,0.5400813591768365,0.3456221198156682,0,0.21710125362281338,0.2916878745302991,0.1194546497058761
823062,2026-07-07,2026,St. Louis Cardinals,Milwaukee Brewers,2026-07-07T17:00:00+00:00,2026-07-07T18:15:00+00:00,-0.07351644390840595,0.0,162,162,0.46594125554925203,0.5400813591768365,0.4783715012722647,0,0.21710125362281338,0.2916878745302991,0.22883929322948032
823203,2026-07-07,2026,San Francisco Giants,Toronto Blue Jays,2026-07-07T17:00:00+00:00,2026-07-08T01:45:00+00:00,-0.002132121834330647,0.0,162,162,0.5392703868863415,0.5400813591768365,0.48346055979643765,0,0.2908125501725445,0.2916878745302991,0.23373411287868487
823280,2026-07-07,2026,San Diego Padres,Arizona Diamondbacks,2026-07-07T17:00:00+00:00,2026-07-08T01:40:00+00:00,0.01758681967534298,0.0,162,162,0.5593632734546938,0.5400813591768365,0.5216284987277354,1,0.19416072478056293,0.21152515617662604,0.22883929322948024
823361,2026-07-07,2026,Pittsburgh Pirates,Atlanta Braves,2026-07-07T17:00:00+00:00,2026-07-07T22:40:00+00:00,-0.04212463994826865,1.0,162,162,0.470393733970262,0.5400813591768365,0.5760598503740648,1,0.28048279701796164,0.21152515617662604,0.17972525046486032
823607,2026-07-07,2026,New York Mets,Kansas City Royals,2026-07-07T17:00:00+00:00,2026-07-07T23:10:00+00:00,0.026851438794020688,0.0,162,162,0.568740910353843,0.5400813591768365,0.5760598503740648,0,0.3234662231101181,0.2916878745302991,0.33184495121298996
823687,2026-07-07,2026,Minnesota Twins,Cleveland Guardians,2026-07-07T17:00:00+00:00,2026-07-07T23:40:00+00:00,-0.04836849950938016,0.0,162,162,0.49176941684158054,0.5400813591768365,0.5089058524173028,1,0.2582983256575472,0.21152515617662604,0.24117346178997598
823847,2026-07-07,2026,Miami Marlins,Seattle Mariners,2026-07-07T17:00:00+00:00,2026-07-07T22:40:00+00:00,-0.02703790228698061,0.0,162,162,0.5137169660872708,0.5400813591768365,0.5329949238578681,1,0.23647118907136855,0.21152515617662604,0.21809374114251845
823929,2026-07-07,2026,Los Angeles Dodgers,Colorado Rockies,2026-07-07T17:00:00+00:00,2026-07-08T02:10:00+00:00,0.18445988252707185,0.0,162,162,0.7161630057925135,0.5400813591768365,0.7145833333333332,0,0.5128894508657676,0.2916878745302991,0.5106293402777776
824495,2026-07-07,2026,Cincinnati Reds,Philadelphia Phillies,2026-07-07T17:00:00+00:00,2026-07-07T23:10:00+00:00,-0.05171476791030866,1.0,162,162,0.4605717040785253,0.5400813591768365,0.39077669902912626,0,0.2121262945977967,0.2916878745302991,0.15270642850410032
824579,2026-07-07,2026,Chicago White Sox,Boston Red Sox,2026-07-07T17:00:00+00:00,2026-07-07T23:40:00+00:00,0.011311510867130559,0.0,162,162,0.5529868391623278,0.5400813591768365,0.46954314720812185,0,0.30579444428674224,0.2916878745302991,0.220470767090108
824820,2026-07-07,2026,Baltimore Orioles,Chicago Cubs,2026-07-07T17:00:00+00:00,2026-07-07T22:35:00+00:00,-0.04484085615704131,0.0,162,162,0.4953991700606604,0.5400813591768365,0.49234693877551017,0,0.24542033769679114,0.2916878745302991,0.24240550812161596
822710,2026-07-08,2026,Washington Nationals,Houston Astros,2026-07-08T17:00:00+00:00,2026-07-08T22:45:00+00:00,-0.004952399879786351,0.0,162,162,0.5363846041523604,0.5400813591768365,0.5591939546599496,1,0.2149392352669635,0.21152515617662604,0.19430996960833458
822880,2026-07-08,2026,Texas Rangers,Los Angeles Angels,2026-07-08T17:00:00+00:00,2026-07-09T00:05:00+00:00,0.11220169040554084,0.0,162,162,0.6520490818587122,0.5400813591768365,0.5771144278606966,0,0.42516800515278963,0.2916878745302991,0.3330610628449791
822957,2026-07-08,2026,Tampa Bay Rays,New York Yankees,2026-07-08T17:00:00+00:00,2026-07-08T22:40:00+00:00,-0.07214191636383444,0.0,162,162,0.46734951289255744,0.5400813591768365,0.5139949109414759,1,0.28371654141579583,0.21152515617662604,0.23620094659078397
823032,2026-07-08,2026,St. Louis Cardinals,Milwaukee Brewers,2026-07-08T17:00:00+00:00,2026-07-08T23:45:00+00:00,-0.0830557179118881,0.0,162,162,0.45618405610637874,0.5400813591768365,0.42999999999999994,1,0.2957357808329102,0.21152515617662604,0.3249000000000001
823202,2026-07-08,2026,San Francisco Giants,Toronto Blue Jays,2026-07-08T17:00:00+00:00,2026-07-08T19:45:00+00:00,-0.0051855783500549535,0.0,162,162,0.53614589802046,0.5400813591768365,0.47582697201017815,0,0.2874524239641655,0.2916878745302991,0.22641130729237485
823279,2026-07-08,2026,San Diego Padres,Arizona Diamondbacks,2026-07-08T17:00:00+00:00,2026-07-09T02:10:00+00:00,0.023207664098810976,0.0,162,162,0.5650581796941191,0.5400813591768365,0.5603015075376885,1,0.1891743870509932,0.21152515617662604,0.19333476427362942
823360,2026-07-08,2026,Pittsburgh Pirates,Atlanta Braves,2026-07-08T17:00:00+00:00,2026-07-08T22:40:00+00:00,-0.039299583977446706,0.0,162,162,0.5011016701968886,0.5400813591768365,0.5190839694656489,0,0.2511028838741113,0.2916878745302991,0.26944816735621474
823605,2026-07-08,2026,New York Mets,Kansas City Royals,2026-07-08T17:00:00+00:00,2026-07-08T23:10:00+00:00,0.02139433225523313,0.0,162,162,0.5632227557187716,0.5400813591768365,0.6159420289855072,1,0.1907743611219039,0.21152515617662604,0.147500525099769
823684,2026-07-08,2026,Minnesota Twins,Cleveland Guardians,2026-07-08T17:00:00+00:00,2026-07-08T23:40:00+00:00,-0.04604807373577746,0.0,162,162,0.4941569349467477,0.5400813591768365,0.5204081632653061,1,0.2558772064624689,0.21152515617662604,0.23000832986255726
823848,2026-07-08,2026,Miami Marlins,Seattle Mariners,2026-07-08T17:00:00+00:00,2026-07-08T22:40:00+00:00,-0.024828227278034354,0.0,162,162,0.5159889753164654,0.5400813591768365,0.4607594936708861,1,0.23426667201520518,0.21152515617662604,0.29078032366607914
823928,2026-07-08,2026,Los Angeles Dodgers,Colorado Rockies,2026-07-08T17:00:00+00:00,2026-07-09T02:10:00+00:00,0.18503924607589312,0.0,162,162,0.7166475504911725,0.5400813591768365,0.6829268292682927,1,0.08028861064265266,0.21152515617662604,0.10053539559785839
824496,2026-07-08,2026,Cincinnati Reds,Philadelphia Phillies,2026-07-08T17:00:00+00:00,2026-07-08T23:10:00+00:00,-0.053188367527296165,0.0,162,162,0.4868115125726129,0.5400813591768365,0.568922305764411,1,0.26336242362800943,0.21152515617662604,0.18582797846747193
824578,2026-07-08,2026,Chicago White Sox,Boston Red Sox,2026-07-08T17:00:00+00:00,2026-07-08T23:40:00+00:00,0.006013083927308482,0.0,162,162,0.5475893366005121,0.5400813591768365,0.5076530612244898,0,0.29985408155858895,0.2916878745302991,0.2577116305705956
824815,2026-07-08,2026,Baltimore Orioles,Chicago Cubs,2026-07-08T17:00:00+00:00,2026-07-08T22:35:00+00:00,-0.04647344194064401,0.0,162,162,0.4937192445645802,0.5400813591768365,0.5367088607594936,0,0.24375869245341977,0.2916878745302991,0.28805640121775355
822877,2026-07-09,2026,Texas Rangers,Los Angeles Angels,2026-07-09T17:00:00+00:00,2026-07-10T00:05:00+00:00,0.10122409105038788,0.0,162,162,0.6417273778979575,0.5400813591768365,0.5577889447236182,1,0.12835927174787293,0.21152515617662604,0.19555061740865123
822954,2026-07-09,2026,Tampa Bay Rays,New York Yankees,2026-07-09T17:00:00+00:00,2026-07-09T17:10:00+00:00,-0.06904827196604996,0.0,162,162,0.47052094266689193,0.5400813591768365,0.5725,0,0.2213899574881406,0.2916878745302991,0.32775625
823034,2026-07-09,2026,St. Louis Cardinals,Milwaukee Brewers,2026-07-09T17:00:00+00:00,2026-07-09T23:45:00+00:00,-0.079277511085876,0.0,162,162,0.46004497699384544,0.5400813591768365,0.44332493702770776,0,0.21164138085726777,0.2916878745302991,0.19653699979062106
823201,2026-07-09,2026,San Francisco Giants,Colorado Rockies,2026-07-09T17:00:00+00:00,2026-07-10T01:45:00+00:00,0.07363307891216025,0.0,162,162,0.6152160627317569,0.5400813591768365,0.5417721518987342,1,0.14805867837965125,0.21152515617662604,0.20997276077551674
823277,2026-07-09,2026,San Diego Padres,Arizona Diamondbacks,2026-07-09T17:00:00+00:00,2026-07-10T01:40:00+00:00,0.028329930134751546,0.0,162,162,0.5702330667911673,0.5400813591768365,0.5367088607594936,0,0.3251657504620598,0.2916878745302991,0.28805640121775355
823606,2026-07-09,2026,New York Mets,Kansas City Royals,2026-07-09T17:00:00+00:00,2026-07-09T17:10:00+00:00,0.028641095955932394,0.0,162,162,0.5705469470436922,0.5400813591768365,0.5603015075376885,1,0.18442992469349329,0.21152515617662604,0.19333476427362942
823683,2026-07-09,2026,Minnesota Twins,Cleveland Guardians,2026-07-09T17:00:00+00:00,2026-07-09T17:40:00+00:00,-0.04842047918821363,0.0,162,162,0.49171593812505693,0.5400813591768365,0.4746192893401016,0,0.2417845638062048,0.2916878745302991,0.2252634698137031
823846,2026-07-09,2026,Miami Marlins,Seattle Mariners,2026-07-09T17:00:00+00:00,2026-07-09T22:40:00+00:00,-0.020901819019412904,0.0,162,162,0.5200244562295991,0.5400813591768365,0.4707379134860051,1,0.23037652261769198,0.21152515617662604,0.2801183562211475
824494,2026-07-09,2026,Cincinnati Reds,Philadelphia Phillies,2026-07-09T17:00:00+00:00,2026-07-09T23:10:00+00:00,-0.04609022128450918,0.0,162,162,0.49411356604608897,0.5400813591768365,0.4044117647058823,0,0.24414821615078272,0.2916878745302991,0.16354887543252591
824577,2026-07-09,2026,Chicago White Sox,Boston Red Sox,2026-07-09T17:00:00+00:00,2026-07-09T18:10:00+00:00,0.0033820894762729425,0.0,162,162,0.5449048994702519,0.5400813591768365,0.5114503816793893,0,0.2969213494666853,0.2916878745302991,0.261581492919993
824816,2026-07-09,2026,Baltimore Orioles,Chicago Cubs,2026-07-09T17:00:00+00:00,2026-07-09T17:35:00+00:00,-0.04967935948453561,0.0,162,162,0.49042081387119124,0.5400813591768365,0.5329949238578681,1,0.2596709469356992,0.21152515617662604,0.21809374114251845
822709,2026-07-10,2026,Washington Nationals,New York Yankees,2026-07-10T17:00:00+00:00,2026-07-10T22:45:00+00:00,-0.08841478504801636,1.0,162,162,0.4233304933007151,0.5400813591768365,0.4133663366336633,0,0.1792087065582268,0.2916878745302991,0.17087172826193503
822878,2026-07-10,2026,Texas Rangers,Houston Astros,2026-07-10T17:00:00+00:00,2026-07-11T00:05:00+00:00,0.05478492961328152,-1.0,162,162,0.6231745845037377,0.5400813591768365,0.43969849246231163,1,0.1419973937639307,0.21152515617662604,0.31393777934900624
822955,2026-07-10,2026,Tampa Bay Rays,Seattle Mariners,2026-07-10T17:00:00+00:00,2026-07-10T23:10:00+00:00,-0.010711389811169147,0.0,162,162,0.5304844858237213,0.5400813591768365,0.5216284987277354,1,0.22044481805221536,0.21152515617662604,0.22883929322948024
823033,2026-07-10,2026,St. Louis Cardinals,Atlanta Braves,2026-07-10T17:00:00+00:00,2026-07-11T00:15:00+00:00,-0.08503232387402104,0.0,162,162,0.4541662437461167,0.5400813591768365,0.39608801955990225,1,0.2979344894662237,0.21152515617662604,0.364709680119081
823200,2026-07-10,2026,San Francisco Giants,Colorado Rockies,2026-07-10T17:00:00+00:00,2026-07-11T02:15:00+00:00,0.07553578477508227,0.0,162,162,0.6170685197325433,0.5400813591768365,0.5796019900497512,0,0.38077355804491214,0.2916878745302991,0.3359384668696319
823278,2026-07-10,2026,San Diego Padres,Toronto Blue Jays,2026-07-10T17:00:00+00:00,2026-07-11T01:40:00+00:00,-0.01739009320780599,-1.0,162,162,0.5513032619786716,0.5400813591768365,0.5329949238578681,0,0.30393528666832387,0.2916878745302991,0.2840835888582546
823604,2026-07-10,2026,New York Mets,Boston Red Sox,2026-07-10T17:00:00+00:00,2026-07-10T23:15:00+00:00,-0.004837594165080117,0.0,162,162,0.5365021252997015,0.5400813591768365,0.57356608478803,0,0.28783453045109664,0.2916878745302991,0.32897805361906957
823685,2026-07-10,2026,Minnesota Twins,Los Angeles Angels,2026-07-10T17:00:00+00:00,2026-07-11T00:10:00+00:00,0.041742161018365254,0.0,162,162,0.5837078440355548,0.5400813591768365,0.571072319201995,0,0.34071484718863554,0.2916878745302991,0.3261235937587452
823845,2026-07-10,2026,Miami Marlins,Cleveland Guardians,2026-07-10T17:00:00+00:00,2026-07-10T23:10:00+00:00,-0.028645182371158262,0.0,162,162,0.5120639835684234,0.5400813591768365,0.5253807106598984,0,0.2622095232679626,0.2916878745302991,0.27602489113349993
823927,2026-07-10,2026,Los Angeles Dodgers,Arizona Diamondbacks,2026-07-10T17:00:00+00:00,2026-07-11T02:10:00+00:00,0.13701594156108915,1.0,162,162,0.6499602687020264,0.5400813591768365,0.6989247311827957,0,0.42244835089121036,0.2916878745302991,0.48849577985894327
824252,2026-07-10,2026,Detroit Tigers,Philadelphia Phillies,2026-07-10T17:00:00+00:00,2026-07-10T22:40:00+00:00,-0.0047569667863238685,0.0,162,162,0.536584657287957,0.5400813591768365,0.5204081632653061,1,0.21475377986092026,0.21152515617662604,0.23000832986255726
824493,2026-07-10,2026,Cincinnati Reds,Chicago Cubs,2026-07-10T17:00:00+00:00,2026-07-10T23:10:00+00:00,-0.06316321131812641,0.0,162,162,0.47656033905656264,0.5400813591768365,0.4885496183206107,1,0.2739890786485806,0.21152515617662604,0.261581492919993
824817,2026-07-10,2026,Baltimore Orioles,Kansas City Royals,2026-07-10T17:00:00+00:00,2026-07-10T23:05:00+00:00,0.006383454554373835,0.0,162,162,0.5479670119127578,0.5400813591768365,0.5725,1,0.20433382231908087,0.21152515617662604,0.18275624999999998
822711,2026-07-11,2026,Washington Nationals,New York Yankees,2026-07-11T17:00:00+00:00,2026-07-11T20:05:00+00:00,-0.08672905434771955,0.0,162,162,0.45243533900304483,0.5400813591768365,0.35034802784222735,0,0.2046977359788001,0.2916878745302991,0.12274374061293811
822875,2026-07-11,2026,Texas Rangers,Houston Astros,2026-07-11T17:00:00+00:00,2026-07-11T23:05:00+00:00,0.05043415441643856,0.0,162,162,0.5923753466333872,0.5400813591768365,0.5153061224489797,0,0.35090855129902565,0.2916878745302991,0.26554039983340283
822953,2026-07-11,2026,Tampa Bay Rays,Seattle Mariners,2026-07-11T17:00:00+00:00,2026-07-11T20:10:00+00:00,-0.008059596109372458,0.0,162,162,0.5332024229156724,0.5400813591768365,0.5089058524173028,1,0.21789997797179875,0.21152515617662604,0.24117346178997598
823030,2026-07-11,2026,St. Louis Cardinals,Atlanta Braves,2026-07-11T17:00:00+00:00,2026-07-11T23:15:00+00:00,-0.08192449624005255,0.0,162,162,0.45733951215260243,0.5400813591768365,0.5076530612244898,1,0.29448040507077544,0.21152515617662604,0.24240550812161596
823198,2026-07-11,2026,San Francisco Giants,Colorado Rockies,2026-07-11T17:00:00+00:00,2026-07-11T20:05:00+00:00,0.07846334436375674,0.0,162,162,0.6199121197971358,0.5400813591768365,0.5796019900497512,1,0.14446679667710685,0.21152515617662604,0.17673448677012948
823276,2026-07-11,2026,San Diego Padres,Toronto Blue Jays,2026-07-11T17:00:00+00:00,2026-07-12T00:40:00+00:00,-0.021018282265870214,0.0,162,162,0.5199047927108208,0.5400813591768365,0.5051020408163266,1,0.23049140806203994,0.21152515617662604,0.24492399000416487
823356,2026-07-11,2026,Pittsburgh Pirates,Milwaukee Brewers,2026-07-11T17:00:00+00:00,2026-07-11T20:05:00+00:00,-0.04053906490019732,0.0,162,162,0.49982609788234633,0.5400813591768365,0.518324607329843,1,0.25017393235960017,0.21152515617662604,0.23201118390394995
823603,2026-07-11,2026,New York Mets,Boston Red Sox,2026-07-11T17:00:00+00:00,2026-07-11T20:10:00+00:00,-0.00892624842405304,0.0,162,162,0.5323143626634205,0.5400813591768365,0.582089552238806,0,0.28335858069776354,0.2916878745302991,0.33882824682557366
823682,2026-07-11,2026,Minnesota Twins,Los Angeles Angels,2026-07-11T17:00:00+00:00,2026-07-11T18:10:00+00:00,0.04126151691028879,0.0,162,162,0.5832269880667578,0.5400813591768365,0.6135265700483092,1,0.17369974347590647,0.21152515617662604,0.14936171205862442
823844,2026-07-11,2026,Miami Marlins,Cleveland Guardians,2026-07-11T17:00:00+00:00,2026-07-11T20:10:00+00:00,-0.038301725203367276,0.0,162,162,0.5021285751372772,0.5400813591768365,0.5831265508684863,0,0.2521331059693922,0.2916878745302991,0.34003657432777734
823926,2026-07-11,2026,Los Angeles Dodgers,Arizona Diamondbacks,2026-07-11T17:00:00+00:00,2026-07-12T01:10:00+00:00,0.1317097838581726,0.0,162,162,0.670039353495914,0.5400813591768365,0.7139874739039667,0,0.44895273523322243,0.2916878745302991,0.5097781128917674
824249,2026-07-11,2026,Detroit Tigers,Philadelphia Phillies,2026-07-11T17:00:00+00:00,2026-07-11T22:10:00+00:00,0.009522645235858551,0.0,162,162,0.5511658549135571,0.5400813591768365,0.43609022556390975,0,0.3037837996225922,0.2916878745302991,0.19017468483238167
824492,2026-07-11,2026,Cincinnati Reds,Chicago Cubs,2026-07-11T17:00:00+00:00,2026-07-11T23:10:00+00:00,-0.061199322530993416,0.0,162,162,0.4785773450516805,0.5400813591768365,0.5139949109414759,0,0.22903627519671524,0.2916878745302991,0.26419076847373574
824813,2026-07-11,2026,Baltimore Orioles,Kansas City Royals,2026-07-11T17:00:00+00:00,2026-07-11T23:05:00+00:00,0.006321491622018061,0.0,162,162,0.5479038307439299,0.5400813591768365,0.582089552238806,1,0.20439094625601317,0.21152515617662604,0.17464914234796167
822708,2026-07-12,2026,Washington Nationals,New York Yankees,2026-07-12T17:00:00+00:00,2026-07-12T17:35:00+00:00,-0.08442235345366594,0.0,162,162,0.4547887727803859,0.5400813591768365,0.530456852791878,0,0.20683282784708945,0.2916878745302991,0.2813844726738642
822876,2026-07-12,2026,Texas Rangers,Houston Astros,2026-07-12T17:00:00+00:00,2026-07-12T18:35:00+00:00,0.041024018831375186,0.0,162,162,0.5829893267798301,0.5400813591768365,0.5664160401002506,1,0.17389790157953935,0.21152515617662604,0.1879950502823475
822951,2026-07-12,2026,Tampa Bay Rays,Seattle Mariners,2026-07-12T17:00:00+00:00,2026-07-12T17:40:00+00:00,-0.007599452852733668,0.0,162,162,0.533673847433495,0.5400813591768365,0.5760598503740648,0,0.2848077754344693,0.2916878745302991,0.33184495121298996
823029,2026-07-12,2026,St. Louis Cardinals,Atlanta Braves,2026-07-12T17:00:00+00:00,2026-07-12T18:15:00+00:00,-0.0751949655747447,0.0,162,162,0.4642222825023393,0.5400813591768365,0.5505050505050506,0,0.21550232757168175,0.2916878745302991,0.30305581063156833
823199,2026-07-12,2026,San Francisco Giants,Colorado Rockies,2026-07-12T17:00:00+00:00,2026-07-12T20:05:00+00:00,0.08179224354926573,0.0,162,162,0.6231355687705179,0.5400813591768365,0.5639097744360902,1,0.14202679952592104,0.21152515617662604,0.19017468483238167
823274,2026-07-12,2026,San Diego Padres,Toronto Blue Jays,2026-07-12T17:00:00+00:00,2026-07-12T20:10:00+00:00,-0.020134930782059968,0.0,162,162,0.5208123596381422,0.5400813591768365,0.457070707070707,1,0.22962079467556518,0.21152515617662604,0.29477221712070206
823602,2026-07-12,2026,New York Mets,Boston Red Sox,2026-07-12T17:00:00+00:00,2026-07-12T17:40:00+00:00,-0.013836975754353276,0.0,162,162,0.527278627693478,0.5400813591768365,0.4885496183206107,0,0.2780227512223174,0.2916878745302991,0.23868072956121442
823681,2026-07-12,2026,Minnesota Twins,Los Angeles Angels,2026-07-12T17:00:00+00:00,2026-07-12T18:10:00+00:00,0.040473985387920075,0.0,162,162,0.5824387674360999,0.5400813591768365,0.5505050505050506,1,0.17435738294028347,0.21152515617662604,0.20204570962146712
823842,2026-07-12,2026,Miami Marlins,Cleveland Guardians,2026-07-12T17:00:00+00:00,2026-07-12T17:40:00+00:00,-0.0411636292999461,0.0,162,162,0.49918334713986406,0.5400813591768365,0.5051020408163266,0,0.24918401406175802,0.2916878745302991,0.25512807163681805
823925,2026-07-12,2026,Los Angeles Dodgers,Arizona Diamondbacks,2026-07-12T17:00:00+00:00,2026-07-12T20:10:00+00:00,0.12349148756620637,0.0,162,162,0.6625173431346413,0.5400813591768365,0.6613272311212814,0,0.43892922995418404,0.2916878745302991,0.4373537066225408
824250,2026-07-12,2026,Detroit Tigers,Philadelphia Phillies,2026-07-12T17:00:00+00:00,2026-07-12T17:40:00+00:00,0.002772292229545781,0.0,162,162,0.5442823370535574,0.5400813591768365,0.5505050505050506,0,0.2962432624284823,0.2916878745302991,0.30305581063156833
824491,2026-07-12,2026,Cincinnati Reds,Chicago Cubs,2026-07-12T17:00:00+00:00,2026-07-12T17:40:00+00:00,-0.06079094689903264,0.0,162,162,0.4789968559319404,0.5400813591768365,0.45569620253164556,0,0.22943798799268408,0.2916878745302991,0.20765902900176253
824814,2026-07-12,2026,Baltimore Orioles,Kansas City Royals,2026-07-12T17:00:00+00:00,2026-07-12T17:35:00+00:00,0.009772777762199814,0.0,162,162,0.5514205621497607,0.5400813591768365,0.5841584158415841,1,0.20122351206203676,0.21152515617662604,0.1729242231153809
823440,2026-07-16,2026,Philadelphia Phillies,New York Mets,2026-07-16T17:00:00+00:00,2026-07-16T22:10:00+00:00,0.012279480899855644,0.0,162,162,0.5539715996102936,0.5400813591768365,0.5417721518987342,0,0.3068845331747875,0.2916878745302991,0.2935170645729851
822789,2026-07-17,2026,Toronto Blue Jays,Chicago White Sox,2026-07-17T17:00:00+00:00,2026-07-17T23:15:00+00:00,-0.004660396796837718,0.0,162,162,0.5366835058508467,0.5400813591768365,0.5454545454545454,0,0.2880291854523558,0.2916878745302991,0.29752066115702475
823115,2026-07-17,2026,Seattle Mariners,San Francisco Giants,2026-07-17T17:00:00+00:00,2026-07-18T02:10:00+00:00,-0.000547972960118881,0.0,162,162,0.5408901883597664,0.5400813591768365,0.6382978723404256,0,0.2925621958638636,0.2916878745302991,0.40742417383431423
823524,2026-07-17,2026,New York Yankees,Los Angeles Dodgers,2026-07-17T17:00:00+00:00,2026-07-17T23:05:00+00:00,-0.0426286243743802,0.0,162,162,0.4976757080194171,0.5400813591768365,0.49234693877551017,0,0.24768111035262808,0.2916878745302991,0.24240550812161596
823766,2026-07-17,2026,Milwaukee Brewers,Miami Marlins,2026-07-17T17:00:00+00:00,2026-07-17T23:40:00+00:00,0.07776185020107368,0.0,162,162,0.6192314849889935,0.5400813591768365,0.5771144278606966,1,0.1449846620236871,0.21152515617662604,0.17883220712358602
824009,2026-07-17,2026,Los Angeles Angels,Detroit Tigers,2026-07-17T17:00:00+00:00,2026-07-18T01:38:00+00:00,-0.07181367390014604,0.0,162,162,0.46768588797665367,0.5400813591768365,0.49489795918367346,0,0.21873008981251105,0.2916878745302991,0.24492399000416493
824090,2026-07-17,2026,Kansas City Royals,San Diego Padres,2026-07-17T17:00:00+00:00,2026-07-18T00:10:00+00:00,-0.03565696262478241,0.0,162,162,0.5048502128473931,0.5400813591768365,0.46954314720812185,1,0.24517331171727194,0.21152515617662604,0.2813844726738643
824170,2026-07-17,2026,Houston Astros,Baltimore Orioles,2026-07-17T17:00:00+00:00,2026-07-18T00:10:00+00:00,0.021595820219020512,0.0,162,162,0.5634267849276462,0.5400813591768365,0.5178571428571429,0,0.3174497419739041,0.2916878745302991,0.2681760204081633
824332,2026-07-17,2026,Colorado Rockies,Cincinnati Reds,2026-07-17T17:00:00+00:00,2026-07-18T00:40:00+00:00,-0.03297034274625055,0.0,162,162,0.5076146293777711,0.5400813591768365,0.5089058524173028,0,0.25767261195833197,0.2916878745302991,0.2589851666245816
824655,2026-07-17,2026,Chicago Cubs,Minnesota Twins,2026-07-17T17:00:00+00:00,2026-07-18T00:05:00+00:00,0.05211154080576219,0.0,162,162,0.5940415872740535,0.5400813591768365,0.568922305764411,0,0.352885407411077,0.2916878745302991,0.323672589996294
824737,2026-07-17,2026,Boston Red Sox,Tampa Bay Rays,2026-07-17T17:00:00+00:00,2026-07-17T23:10:00+00:00,0.011831275442979294,0.0,162,162,0.5535156717650069,0.5400813591768365,0.530456852791878,1,0.19934825535945302,0.21152515617662604,0.2204707670901081
824766,2026-07-17,2026,Boston Red Sox,Tampa Bay Rays,2026-07-17T17:00:00+00:00,2026-07-17T17:35:00+00:00,0.011831275442979294,0.0,162,162,0.5535156717650069,0.5400813591768365,0.5089058524173028,1,0.19934825535945302,0.21152515617662604,0.24117346178997598
824901,2026-07-17,2026,Atlanta Braves,Texas Rangers,2026-07-17T17:00:00+00:00,2026-07-17T23:15:00+00:00,0.03237693888386972,0.0,162,162,0.5743108815965007,0.5400813591768365,0.6535796766743649,1,0.18121122552714847,0.21152515617662604,0.12000704041303757
825060,2026-07-17,2026,Arizona Diamondbacks,St. Louis Cardinals,2026-07-17T17:00:00+00:00,2026-07-18T01:40:00+00:00,-0.007461458351736616,0.0,162,162,0.5338152134410894,0.5400813591768365,0.49489795918367346,0,0.2849586821011558,0.2916878745302991,0.24492399000416493
822790,2026-07-18,2026,Toronto Blue Jays,Chicago White Sox,2026-07-18T17:00:00+00:00,2026-07-18T19:07:00+00:00,-0.011134253928091309,0.0,162,162,0.5300509028262974,0.5400813591768365,0.5076530612244898,1,0.22085215393437815,0.21152515617662604,0.24240550812161596
823116,2026-07-18,2026,Seattle Mariners,San Francisco Giants,2026-07-18T17:00:00+00:00,2026-07-19T00:08:00+00:00,-0.004839142148842623,0.0,162,162,0.5365005407293191,0.5400813591768365,0.5831265508684863,1,0.2148317487442136,0.21152515617662604,0.17378347259080473
823441,2026-07-18,2026,Philadelphia Phillies,New York Mets,2026-07-18T17:00:00+00:00,2026-07-18T19:05:00+00:00,0.012277671128226864,0.0,162,162,0.5539697588391315,0.5400813591768365,0.608272506082725,1,0.19894297603002253,0.21152515617662604,0.15345042949070872
823763,2026-07-18,2026,Milwaukee Brewers,Miami Marlins,2026-07-18T17:00:00+00:00,2026-07-18T20:10:00+00:00,0.07656139381500976,0.0,162,162,0.6180656385171488,0.5400813591768365,0.5675,1,0.14587385648131326,0.21152515617662604,0.18705625
824008,2026-07-18,2026,Los Angeles Angels,Detroit Tigers,2026-07-18T17:00:00+00:00,2026-07-19T02:07:00+00:00,-0.07213300848106097,0.0,162,162,0.4673586410889316,0.5400813591768365,0.3591549295774648,0,0.2184240994004928,0.2916878745302991,0.1289922634397937
824088,2026-07-18,2026,Kansas City Royals,San Diego Padres,2026-07-18T17:00:00+00:00,2026-07-18T20:10:00+00:00,-0.03220428032438866,0.0,162,162,0.5084027968005802,0.5400813591768365,0.49744897959183665,1,0.24166781019349165,0.21152515617662604,0.25255752811328624
824169,2026-07-18,2026,Houston Astros,Baltimore Orioles,2026-07-18T17:00:00+00:00,2026-07-18T20:10:00+00:00,0.024273212530766086,0.0,162,162,0.566135881860072,0.5400813591768365,0.5025510204081632,0,0.3205098367294814,0.2916878745302991,0.2525575281132861
824331,2026-07-18,2026,Colorado Rockies,Cincinnati Reds,2026-07-18T17:00:00+00:00,2026-07-18T19:10:00+00:00,-0.03909795591840909,0.0,162,162,0.501309168374204,0.5400813591768365,0.49489795918367346,1,0.24869254554762799,0.21152515617662604,0.25512807163681794
824412,2026-07-18,2026,Cleveland Guardians,Pittsburgh Pirates,2026-07-18T17:00:00+00:00,2026-07-18T23:10:00+00:00,-0.000202564782667225,0.0,162,162,0.541243256726763,0.5400813591768365,0.5429292929292929,1,0.2104577494986667,0.21152515617662604,0.20891363126211612
824414,2026-07-18,2026,Cleveland Guardians,Pittsburgh Pirates,2026-07-18T17:00:00+00:00,2026-07-18T17:10:00+00:00,-0.000202564782667225,0.0,162,162,0.541243256726763,0.5400813591768365,0.5025510204081632,0,0.29294426295219267,0.2916878745302991,0.2525575281132861
824657,2026-07-18,2026,Chicago Cubs,Minnesota Twins,2026-07-18T17:00:00+00:00,2026-07-18T18:20:00+00:00,0.048463320652085806,0.0,162,162,0.5904148935069885,0.5400813591768365,0.5725,1,0.16775995946089156,0.21152515617662604,0.18275624999999998
824738,2026-07-18,2026,Boston Red Sox,Tampa Bay Rays,2026-07-18T17:00:00+00:00,2026-07-18T20:10:00+00:00,0.010023591561759637,0.0,162,162,0.5516759360386746,0.5400813591768365,0.49489795918367346,1,0.2009944663267986,0.21152515617662604,0.25512807163681794
824899,2026-07-18,2026,Atlanta Braves,Texas Rangers,2026-07-18T17:00:00+00:00,2026-07-18T20:10:00+00:00,0.04800567589328153,0.0,162,162,0.5899592453230007,0.5400813591768365,0.5114503816793893,0,0.3480519111420845,0.2916878745302991,0.261581492919993
825059,2026-07-18,2026,Arizona Diamondbacks,St. Louis Cardinals,2026-07-18T17:00:00+00:00,2026-07-18T20:10:00+00:00,-0.01047161209846681,0.0,162,162,0.5307303210892538,0.5400813591768365,0.5292620865139949,1,0.22021403154499486,0.21152515617662604,0.22159418319315766
823113,2026-07-19,2026,Seattle Mariners,San Francisco Giants,2026-07-19T17:00:00+00:00,2026-07-19T20:10:00+00:00,-8.261647800356098e-05,0.0,162,162,0.5413658554815803,0.5400813591768365,0.6456876456876457,1,0.21034527851814266,0.21152515617662604,0.12553724441836328
823439,2026-07-19,2026,Philadelphia Phillies,New York Mets,2026-07-19T17:00:00+00:00,2026-07-19T17:35:00+00:00,0.020716088632485696,0.0,162,162,0.5625358009555189,0.5400813591768365,0.46446700507614214,0,0.3164465273566672,0.2916878745302991,0.21572959880440104
823521,2026-07-19,2026,New York Yankees,Los Angeles Dodgers,2026-07-19T17:00:00+00:00,2026-07-19T23:20:00+00:00,-0.042424498805840205,0.0,162,162,0.49788577350013696,0.5400813591768365,0.4934383202099738,1,0.2521186964535558,0.21152515617662604,0.25660473543169304
823764,2026-07-19,2026,Milwaukee Brewers,Miami Marlins,2026-07-19T17:00:00+00:00,2026-07-19T18:10:00+00:00,0.08087346880777296,0.0,162,162,0.6222469727509462,0.5400813591768365,0.5417721518987342,1,0.1426973495958244,0.21152515617662604,0.20997276077551674
824007,2026-07-19,2026,Los Angeles Angels,Detroit Tigers,2026-07-19T17:00:00+00:00,2026-07-19T20:07:00+00:00,-0.07577226536899567,0.0,162,162,0.4636312644540011,0.5400813591768365,0.41481481481481486,1,0.28769142047121377,0.21152515617662604,0.3424417009602194
824086,2026-07-19,2026,Kansas City Royals,San Diego Padres,2026-07-19T17:00:00+00:00,2026-07-19T18:10:00+00:00,-0.029662870060218338,0.0,162,162,0.5110172195626397,0.5400813591768365,0.5139949109414759,0,0.2611385986895311,0.2916878745302991,0.26419076847373574
824168,2026-07-19,2026,Houston Astros,Baltimore Orioles,2026-07-19T17:00:00+00:00,2026-07-19T18:10:00+00:00,0.020743197994688656,0.0,162,162,0.5625632631217549,0.5400813591768365,0.5343511450381679,0,0.3164774250141968,0.2916878745302991,0.2855311462036012
824330,2026-07-19,2026,Colorado Rockies,Cincinnati Reds,2026-07-19T17:00:00+00:00,2026-07-19T19:10:00+00:00,-0.02968659785484995,0.0,162,162,0.5109928126537111,0.5400813591768365,0.39608801955990225,0,0.2611136545837507,0.2916878745302991,0.1568857192388855
824411,2026-07-19,2026,Cleveland Guardians,Pittsburgh Pirates,2026-07-19T17:00:00+00:00,2026-07-19T17:40:00+00:00,-0.00011822134260153216,0.0,162,162,0.5413294643923896,0.5400813591768365,0.5114503816793893,0,0.2930375890193514,0.2916878745302991,0.261581492919993
824653,2026-07-19,2026,Chicago Cubs,Minnesota Twins,2026-07-19T17:00:00+00:00,2026-07-19T18:20:00+00:00,0.048145781363169826,0.0,162,162,0.5900987559919117,0.5400813591768365,0.608272506082725,1,0.1680190298393783,0.21152515617662604,0.15345042949070872
824739,2026-07-19,2026,Boston Red Sox,Tampa Bay Rays,2026-07-19T17:00:00+00:00,2026-07-19T17:35:00+00:00,0.012291052792710921,0.0,162,162,0.5539833696828195,0.5400813591768365,0.5329949238578681,1,0.19893083451949248,0.21152515617662604,0.21809374114251845
824897,2026-07-19,2026,Atlanta Braves,Texas Rangers,2026-07-19T17:00:00+00:00,2026-07-19T17:35:00+00:00,0.046119463197967225,0.0,162,162,0.5880796393690599,0.5400813591768365,0.47959183673469385,1,0.16967838350232373,0.21152515617662604,0.27082465639316955
825057,2026-07-19,2026,Arizona Diamondbacks,St. Louis Cardinals,2026-07-19T17:00:00+00:00,2026-07-19T20:10:00+00:00,-0.01096200026180566,0.0,162,162,0.5302275283403134,0.5400813591768365,0.5417721518987342,1,0.22068617512925107,0.21152515617662604,0.20997276077551674
822788,2026-07-20,2026,Toronto Blue Jays,Tampa Bay Rays,2026-07-20T17:00:00+00:00,2026-07-20T23:07:00+00:00,0.010838630153156448,0.0,162,162,0.5525056041623293,0.5400813591768365,0.5945945945945945,0,0.3052624426307805,0.2916878745302991,0.3535427319211102
822874,2026-07-20,2026,Texas Rangers,Chicago White Sox,2026-07-20T17:00:00+00:00,2026-07-21T00:05:00+00:00,0.005411361890438671,0.0,162,162,0.5469756303519553,0.5400813591768365,0.6073170731707317,0,0.2991823401989188,0.2916878745302991,0.36883402736466386
823112,2026-07-20,2026,Seattle Mariners,Cincinnati Reds,2026-07-20T17:00:00+00:00,2026-07-21T01:40:00+00:00,0.041800312860108435,0.0,162,162,0.5837660107274962,0.5400813591768365,0.5664160401002506,1,0.17325073382570277,0.21152515617662604,0.1879950502823475
823436,2026-07-20,2026,Philadelphia Phillies,Los Angeles Dodgers,2026-07-20T17:00:00+00:00,2026-07-20T23:10:00+00:00,-0.0954818165648279,0.0,162,162,0.443525448807136,0.5400813591768365,0.565,1,0.30966392612529936,0.21152515617662604,0.18922500000000006
823522,2026-07-20,2026,New York Yankees,Pittsburgh Pirates,2026-07-20T17:00:00+00:00,2026-07-20T23:05:00+00:00,0.025254072969935315,0.0,162,162,0.5671273777676101,0.5400813591768365,0.5114503816793893,1,0.1873787070783453,0.21152515617662604,0.23868072956121442
823762,2026-07-20,2026,Milwaukee Brewers,New York Mets,2026-07-20T17:00:00+00:00,2026-07-20T23:40:00+00:00,0.07439311379149671,0.0,162,162,0.6159564297859674,0.5400813591768365,0.6527777777777778,1,0.14748946382274056,0.21152515617662604,0.12056327160493827
824006,2026-07-20,2026,Los Angeles Angels,St. Louis Cardinals,2026-07-20T17:00:00+00:00,2026-07-21T02:10:00+00:00,-0.05608597835557727,0.0,162,162,0.48383210321597525,0.5400813591768365,0.5051020408163266,1,0.26642929767044365,0.21152515617662604,0.24492399000416487
824087,2026-07-20,2026,Kansas City Royals,San Francisco Giants,2026-07-20T17:00:00+00:00,2026-07-20T23:40:00+00:00,-0.05363553532605586,0.0,162,162,0.4863516548969074,0.5400813591768365,0.5204081632653061,1,0.2638346224271458,0.21152515617662604,0.23000832986255726
824167,2026-07-20,2026,Houston Astros,Miami Marlins,2026-07-20T17:00:00+00:00,2026-07-21T00:10:00+00:00,0.0006154976278998081,0.0,162,162,0.5420792956767388,0.5400813591768365,0.5267175572519084,1,0.20969137144791156,0.21152515617662604,0.2239962706136006
824328,2026-07-20,2026,Colorado Rockies,Washington Nationals,2026-07-20T17:00:00+00:00,2026-07-21T00:40:00+00:00,-0.055515582503731065,0.0,162,162,0.4844185169808779,0.5400813591768365,0.46329113924050636,0,0.2346612995939531,0.2916878745302991,0.21463867969876624
824410,2026-07-20,2026,Cleveland Guardians,Minnesota Twins,2026-07-20T17:00:00+00:00,2026-07-20T22:40:00+00:00,0.051376302452816824,0.0,162,162,0.5933114984761351,0.5400813591768365,0.45569620253164556,1,0.16539553727172668,0.21152515617662604,0.2962666239384714
824654,2026-07-20,2026,Chicago Cubs,Detroit Tigers,2026-07-20T17:00:00+00:00,2026-07-21T00:05:00+00:00,0.02587122198070213,0.0,162,162,0.5677509436105522,0.5400813591768365,0.5114503816793893,0,0.32234113397067243,0.2916878745302991,0.261581492919993
824736,2026-07-20,2026,Boston Red Sox,Baltimore Orioles,2026-07-20T17:00:00+00:00,2026-07-20T23:10:00+00:00,0.03973653356082579,0.0,162,162,0.5817002881707865,0.5400813591768365,0.5925925925925927,1,0.1749746489164031,0.21152515617662604,0.16598079561042517
824898,2026-07-20,2026,Atlanta Braves,San Diego Padres,2026-07-20T17:00:00+00:00,2026-07-20T23:15:00+00:00,0.0723213514616623,0.0,162,162,0.6139370252766811,0.5400813591768365,0.5417721518987342,1,0.14904462045221792,0.21152515617662604,0.20997276077551674
822787,2026-07-21,2026,Toronto Blue Jays,Tampa Bay Rays,2026-07-21T17:00:00+00:00,2026-07-21T23:07:00+00:00,0.007688027204359793,0.0,162,162,0.5492968713845562,0.5400813591768365,0.5051020408163266,0,0.30172705291286167,0.2916878745302991,0.25512807163681805
822871,2026-07-21,2026,Texas Rangers,Chicago White Sox,2026-07-21T17:00:00+00:00,2026-07-22T00:05:00+00:00,-0.0016609231000651592,0.0,162,162,0.5397522785764866,0.5400813591768365,0.5392405063291139,1,0.21182796507553603,0.21152515617662604,0.21229931100785132
823114,2026-07-21,2026,Seattle Mariners,Cincinnati Reds,2026-07-21T17:00:00+00:00,2026-07-22T01:40:00+00:00,0.04035507762341456,0.0,162,162,0.5823197189123636,0.5400813591768365,0.5241730279898218,0,0.3390962550341741,0.2916878745302991,0.2747573632720185
823437,2026-07-21,2026,Philadelphia Phillies,Los Angeles Dodgers,2026-07-21T17:00:00+00:00,2026-07-21T22:40:00+00:00,-0.08789548623968968,0.0,162,162,0.45124607808962724,0.5400813591768365,0.530456852791878,0,0.20362302299126997,0.2916878745302991,0.2813844726738642
823760,2026-07-21,2026,Milwaukee Brewers,New York Mets,2026-07-21T17:00:00+00:00,2026-07-21T23:40:00+00:00,0.07964044091789768,0.0,162,162,0.6210531547814194,0.5400813591768365,0.5541561712846348,0,0.3857070210639537,0.2916878745302991,0.3070890621728455
824005,2026-07-21,2026,Los Angeles Angels,St. Louis Cardinals,2026-07-21T17:00:00+00:00,2026-07-22T01:38:00+00:00,-0.052872429253783326,0.0,162,162,0.4871364301544985,0.5400813591768365,0.5204081632653061,1,0.26302904127467164,0.21152515617662604,0.23000832986255726
824085,2026-07-21,2026,Kansas City Royals,San Francisco Giants,2026-07-21T17:00:00+00:00,2026-07-21T23:40:00+00:00,-0.04856241924813143,0.0,162,162,0.4915699056367009,0.5400813591768365,0.49234693877551017,1,0.2585011608542732,0.21152515617662604,0.2577116305705956
824165,2026-07-21,2026,Houston Astros,Miami Marlins,2026-07-21T17:00:00+00:00,2026-07-22T00:10:00+00:00,0.0014626557003369345,0.0,162,162,0.5429448198999175,0.5400813591768365,0.5292620865139949,1,0.20889943765631885,0.21152515617662604,0.22159418319315766
824329,2026-07-21,2026,Colorado Rockies,Washington Nationals,2026-07-21T17:00:00+00:00,2026-07-22T00:40:00+00:00,-0.05449462148565143,0.0,162,162,0.4854682548087967,0.5400813591768365,0.49744897959183665,1,0.26474291680950535,0.21152515617662604,0.25255752811328624
824409,2026-07-21,2026,Cleveland Guardians,Minnesota Twins,2026-07-21T17:00:00+00:00,2026-07-21T22:40:00+00:00,0.05937369391238484,0.0,162,162,0.6012300852305673,0.5400813591768365,0.5760598503740648,1,0.1590174449252206,0.21152515617662604,0.17972525046486032
824652,2026-07-21,2026,Chicago Cubs,Detroit Tigers,2026-07-21T17:00:00+00:00,2026-07-22T00:05:00+00:00,0.024787420984273667,0.0,162,162,0.5666557324136093,0.5400813591768365,0.5241730279898218,1,0.18778725424998535,0.21152515617662604,0.2264113072923749
824895,2026-07-21,2026,Atlanta Braves,San Diego Padres,2026-07-21T17:00:00+00:00,2026-07-21T23:15:00+00:00,0.07627957433046356,0.0,162,162,0.6177917463410197,0.5400813591768365,0.57356608478803,0,0.3816666418470869,0.2916878745302991,0.32897805361906957
822784,2026-07-22,2026,Toronto Blue Jays,Tampa Bay Rays,2026-07-22T17:00:00+00:00,2026-07-22T23:07:00+00:00,-0.00177274786712045,0.0,162,162,0.5396379228514678,0.5400813591768365,0.5,0,0.29120908777944676,0.2916878745302991,0.25
822873,2026-07-22,2026,Texas Rangers,Chicago White Sox,2026-07-22T17:00:00+00:00,2026-07-23T00:05:00+00:00,0.007810154246584822,0.0,162,162,0.5494213298963521,0.5400813591768365,0.49744897959183665,0,0.3018637977450761,0.2916878745302991,0.24745548729695951
823110,2026-07-22,2026,Seattle Mariners,Cincinnati Reds,2026-07-22T17:00:00+00:00,2026-07-22T19:40:00+00:00,0.03606108481225767,0.0,162,162,0.5780143170319813,0.5400813591768365,0.5901234567901236,0,0.33410055069394773,0.2916878745302991,0.3482456942539248
823438,2026-07-22,2026,Philadelphia Phillies,Los Angeles Dodgers,2026-07-22T17:00:00+00:00,2026-07-22T22:40:00+00:00,-0.0924195721010852,0.0,162,162,0.44663883559167217,0.5400813591768365,0.46954314720812185,0,0.19948624945868476,0.2916878745302991,0.220470767090108
823518,2026-07-22,2026,New York Yankees,Pittsburgh Pirates,2026-07-22T17:00:00+00:00,2026-07-22T17:05:00+00:00,0.027931860992124524,0.0,162,162,0.5698314428124751,0.5400813591768365,0.6327014218009479,0,0.3247078732177471,0.2916878745302991,0.400311089148941
823519,2026-07-22,2026,New York Yankees,Pittsburgh Pirates,2026-07-22T17:00:00+00:00,2026-07-22T23:05:00+00:00,0.027931860992124524,0.0,162,162,0.5698314428124751,0.5400813591768365,0.6014669926650367,1,0.18504498759279686,0.21152515617662604,0.15882855793544995
823761,2026-07-22,2026,Milwaukee Brewers,New York Mets,2026-07-22T17:00:00+00:00,2026-07-22T18:10:00+00:00,0.08006935526846626,0.0,162,162,0.6214685969317447,0.5400813591768365,0.5901234567901236,1,0.14328602310882194,0.21152515617662604,0.1679987806736777
824004,2026-07-22,2026,Los Angeles Angels,St. Louis Cardinals,2026-07-22T17:00:00+00:00,2026-07-22T20:07:00+00:00,-0.05240639334728847,0.0,162,162,0.48761573107379097,0.5400813591768365,0.5468354430379747,0,0.23776910119062764,0.2916878745302991,0.2990290017625381
824083,2026-07-22,2026,Kansas City Royals,San Francisco Giants,2026-07-22T17:00:00+00:00,2026-07-22T18:10:00+00:00,-0.04437926102426937,0.0,162,162,0.4958741704444613,0.5400813591768365,0.4520202020202021,1,0.25414285202506,0.21152515617662604,0.30028185899398013
824166,2026-07-22,2026,Houston Astros,Miami Marlins,2026-07-22T17:00:00+00:00,2026-07-23T00:10:00+00:00,0.005511589958174412,0.0,162,162,0.5470778645783774,0.5400813591768365,0.5127551020408163,1,0.20513846075488268,0.21152515617662604,0.23740759058725533
824327,2026-07-22,2026,Colorado Rockies,Washington Nationals,2026-07-22T17:00:00+00:00,2026-07-22T19:10:00+00:00,-0.05272642409437017,0.0,162,162,0.48728658862851243,0.5400813591768365,0.4335839598997493,0,0.2374482194572131,0.2916878745302991,0.1879950502823474
824408,2026-07-22,2026,Cleveland Guardians,Minnesota Twins,2026-07-22T17:00:00+00:00,2026-07-22T22:40:00+00:00,0.06261371890582151,0.0,162,162,0.604423423236205,0.5400813591768365,0.5367088607594936,0,0.3653276745565726,0.2916878745302991,0.28805640121775355
824650,2026-07-22,2026,Chicago Cubs,Detroit Tigers,2026-07-22T17:00:00+00:00,2026-07-23T00:10:00+00:00,0.027923700074291125,0.0,162,162,0.5698232080526903,0.5400813591768365,0.5329949238578681,0,0.32469848843545956,0.2916878745302991,0.2840835888582546
824732,2026-07-22,2026,Boston Red Sox,Baltimore Orioles,2026-07-22T17:00:00+00:00,2026-07-22T23:10:00+00:00,0.03709254485563357,0.0,162,162,0.5790496262299161,0.5400813591768365,0.5980392156862746,0,0.3352984696370055,0.2916878745302991,0.35765090349865447
824735,2026-07-22,2026,Boston Red Sox,Baltimore Orioles,2026-07-22T17:00:00+00:00,2026-07-22T17:35:00+00:00,0.03709254485563357,0.0,162,162,0.5790496262299161,0.5400813591768365,0.5566750629722922,1,0.17719921717717335,0.21152515617662604,0.1965369997906211
824896,2026-07-22,2026,Atlanta Braves,San Diego Padres,2026-07-22T17:00:00+00:00,2026-07-22T23:15:00+00:00,0.07451497797251194,0.0,162,162,0.6160750905479888,0.5400813591768365,0.5165394402035622,1,0.14739833609773498,0.21152515617662604,0.23373411287868498
822785,2026-07-23,2026,Toronto Blue Jays,Tampa Bay Rays,2026-07-23T17:00:00+00:00,2026-07-23T19:07:00+00:00,-0.0017254290057954202,0.0,162,162,0.5396863132024512,0.5400813591768365,0.4885496183206107,1,0.21188869025315185,0.21152515617662604,0.261581492919993
823042,2026-07-23,2026,St. Louis Cardinals,Arizona Diamondbacks,2026-07-23T17:00:00+00:00,2026-07-23T21:15:00+00:00,0.0020126181958700085,0.0,162,162,0.5435065669946675,0.5400813591768365,0.5241730279898218,0,0.29539938836632895,0.2916878745302991,0.2747573632720185
824247,2026-07-23,2026,Detroit Tigers,Kansas City Royals,2026-07-23T17:00:00+00:00,2026-07-23T22:40:00+00:00,0.0505932302564463,0.0,162,162,0.5925334573098329,0.5400813591768365,0.6666666666666666,1,0.1660289834118778,0.21152515617662604,0.11111111111111113
824406,2026-07-23,2026,Cleveland Guardians,Minnesota Twins,2026-07-23T17:00:00+00:00,2026-07-23T17:10:00+00:00,0.06112656423681034,0.0,162,162,0.6029587855937394,0.5400813591768365,0.5796019900497512,0,0.363559297124677,0.2916878745302991,0.3359384668696319
822707,2026-07-24,2026,Washington Nationals,Arizona Diamondbacks,2026-07-24T17:00:00+00:00,2026-07-24T22:45:00+00:00,-6.786952292525683e-05,1.0,162,162,0.513637123443024,0.5400813591768365,0.4582278481012658,0,0.2638230945788243,0.2916878745302991,0.20997276077551674
822872,2026-07-24,2026,Texas Rangers,Seattle Mariners,2026-07-24T17:00:00+00:00,2026-07-25T00:05:00+00:00,0.01983468825053858,0.0,162,162,0.5616427220494452,0.5400813591768365,0.4821428571428572,1,0.19215710313221995,0.21152515617662604,0.2681760204081632
822952,2026-07-24,2026,Tampa Bay Rays,Cleveland Guardians,2026-07-24T17:00:00+00:00,2026-07-24T23:10:00+00:00,-0.03542397935148922,0.0,162,162,0.5050899568037641,0.5400813591768365,0.5392405063291139,1,0.24493595085650008,0.21152515617662604,0.21229931100785132
823031,2026-07-24,2026,St. Louis Cardinals,Cincinnati Reds,2026-07-24T17:00:00+00:00,2026-07-25T00:15:00+00:00,0.01990364475123535,-1.0,162,162,0.5889089016792218,0.5400813591768365,0.5796019900497512,0,0.34681369447702737,0.2916878745302991,0.3359384668696319
823196,2026-07-24,2026,San Francisco Giants,Los Angeles Angels,2026-07-24T17:00:00+00:00,2026-07-25T02:15:00+00:00,0.06683270359178745,0.0,162,162,0.6085682638992473,0.5400813591768365,0.5925925925925927,1,0.15321880402684926,0.21152515617662604,0.16598079561042517
823352,2026-07-24,2026,Pittsburgh Pirates,Chicago Cubs,2026-07-24T17:00:00+00:00,2026-07-24T22:40:00+00:00,-0.0013773444329048257,0.0,162,162,0.5400422567598747,0.5400813591768365,0.5025510204081632,0,0.2916456390862984,0.2916878745302991,0.2525575281132861
823434,2026-07-24,2026,Philadelphia Phillies,New York Yankees,2026-07-24T17:00:00+00:00,2026-07-24T22:45:00+00:00,-0.05687567895004053,0.0,162,162,0.48302030000074925,0.5400813591768365,0.5541561712846348,0,0.2333086102128138,0.2916878745302991,0.3070890621728455
823601,2026-07-24,2026,New York Mets,Los Angeles Dodgers,2026-07-24T17:00:00+00:00,2026-07-24T23:10:00+00:00,-0.11124552280813615,0.0,162,162,0.4275737266152185,0.5400813591768365,0.4494949494949495,0,0.18281929169162559,0.2916878745302991,0.2020457096214672
823759,2026-07-24,2026,Milwaukee Brewers,Colorado Rockies,2026-07-24T17:00:00+00:00,2026-07-24T20:10:00+00:00,0.13805331093705014,0.0,162,162,0.6757867402607408,0.5400813591768365,0.7184265010351967,0,0.456687718312238,0.2916878745302991,0.5161366373896754
823843,2026-07-24,2026,Miami Marlins,San Diego Padres,2026-07-24T17:00:00+00:00,2026-07-24T23:10:00+00:00,-0.01621523865503638,1.0,162,162,0.49702296764538234,0.5400813591768365,0.5516372795969774,0,0.24703183036702278,0.2916878745302991,0.30430368824115384
824248,2026-07-24,2026,Detroit Tigers,Kansas City Royals,2026-07-24T17:00:00+00:00,2026-07-24T22:40:00+00:00,0.053855928553897425,0.0,162,162,0.5957720897389823,0.5400813591768365,0.7023554603854391,1,0.16340020343398937,0.21152515617662604,0.08859227196236394
824573,2026-07-24,2026,Chicago White Sox,Houston Astros,2026-07-24T17:00:00+00:00,2026-07-24T23:40:00+00:00,0.02091597896998504,0.0,162,162,0.5627382836691802,0.5400813591768365,0.5505050505050506,0,0.31667437590693476,0.2916878745302991,0.30305581063156833
824733,2026-07-24,2026,Boston Red Sox,Toronto Blue Jays,2026-07-24T17:00:00+00:00,2026-07-24T23:15:00+00:00,0.013101217999280823,1.0,162,162,0.5271662930911347,0.5400813591768365,0.5417721518987342,1,0.22357171438917872,0.21152515617662604,0.20997276077551674
824812,2026-07-24,2026,Baltimore Orioles,Atlanta Braves,2026-07-24T17:00:00+00:00,2026-07-24T23:05:00+00:00,-0.10473602905837393,1.0,162,162,0.4070190726132115,0.5400813591768365,0.5204081632653061,0,0.16566452547091876,0.2916878745302991,0.27082465639316955
822704,2026-07-25,2026,Washington Nationals,Arizona Diamondbacks,2026-07-25T17:00:00+00:00,2026-07-25T20:05:00+00:00,0.0003856067648222994,0.0,162,162,0.5418443768022323,0.5400813591768365,0.5628140703517588,1,0.2099065750677349,0.21152515617662604,0.1911315370823969
822869,2026-07-25,2026,Texas Rangers,Seattle Mariners,2026-07-25T17:00:00+00:00,2026-07-25T23:15:00+00:00,0.01986531331554331,0.0,162,162,0.5616737596285298,0.5400813591768365,0.49109414758269715,1,0.19212989299818783,0.21152515617662604,0.2589851666245817
822948,2026-07-25,2026,Tampa Bay Rays,Cleveland Guardians,2026-07-25T17:00:00+00:00,2026-07-25T22:10:00+00:00,-0.024371205925588946,0.0,162,162,0.5164588097198449,0.5400813591768365,0.5204081632653061,1,0.23381208269754913,0.21152515617662604,0.23000832986255726
823027,2026-07-25,2026,St. Louis Cardinals,Cincinnati Reds,2026-07-25T17:00:00+00:00,2026-07-25T23:15:00+00:00,0.019580140224178255,0.0,162,162,0.5613847266613702,0.5400813591768365,0.5025510204081632,1,0.19238335800592096,0.21152515617662604,0.24745548729695963
823197,2026-07-25,2026,San Francisco Giants,Los Angeles Angels,2026-07-25T17:00:00+00:00,2026-07-25T20:05:00+00:00,0.06249658043621886,0.0,162,162,0.6043081259465214,0.5400813591768365,0.5367088607594936,1,0.15657205919195397,0.21152515617662604,0.21463867969876624
823355,2026-07-25,2026,Pittsburgh Pirates,Chicago Cubs,2026-07-25T17:00:00+00:00,2026-07-25T22:40:00+00:00,-0.002266852739695957,0.0,162,162,0.5391325849836385,0.5400813591768365,0.5216284987277354,0,0.29066394419114017,0.2916878745302991,0.27209629068495106
823435,2026-07-25,2026,Philadelphia Phillies,New York Yankees,2026-07-25T17:00:00+00:00,2026-07-25T22:05:00+00:00,-0.057410329854319264,0.0,162,162,0.4824707355741243,0.5400813591768365,0.46329113924050636,0,0.23277801068543655,0.2916878745302991,0.21463867969876624
823600,2026-07-25,2026,New York Mets,Los Angeles Dodgers,2026-07-25T17:00:00+00:00,2026-07-25T23:15:00+00:00,-0.11917291515030676,0.0,162,162,0.4196062081624001,0.5400813591768365,0.41234567901234565,0,0.17606936992842742,0.2916878745302991,0.17002895900015239
823758,2026-07-25,2026,Milwaukee Brewers,Colorado Rockies,2026-07-25T17:00:00+00:00,2026-07-25T23:10:00+00:00,0.13384906088916498,0.0,162,162,0.6719833822677151,0.5400813591768365,0.6756152125279643,1,0.1075949015085279,0.21152515617662604,0.10522549034327777
823841,2026-07-25,2026,Miami Marlins,San Diego Padres,2026-07-25T17:00:00+00:00,2026-07-25T20:10:00+00:00,-0.019805079699682426,0.0,162,162,0.5211512180744711,0.5400813591768365,0.5541561712846348,0,0.2715985921005049,0.2916878745302991,0.3070890621728455
824244,2026-07-25,2026,Detroit Tigers,Kansas City Royals,2026-07-25T17:00:00+00:00,2026-07-25T17:10:00+00:00,0.05470617318449056,0.0,162,162,0.5966147066886274,0.5400813591768365,0.5955882352941176,0,0.35594910823715686,0.2916878745302991,0.3547253460207612
824571,2026-07-25,2026,Chicago White Sox,Houston Astros,2026-07-25T17:00:00+00:00,2026-07-25T23:10:00+00:00,0.023870864590534835,0.0,162,162,0.5657290176285887,0.5400813591768365,0.5329949238578681,0,0.3200493213870081,0.2916878745302991,0.2840835888582546
824734,2026-07-25,2026,Boston Red Sox,Toronto Blue Jays,2026-07-25T17:00:00+00:00,2026-07-25T20:10:00+00:00,0.019856517701031695,0.0,162,162,0.561664845588075,0.5400813591768365,0.5076530612244898,0,0.31546739876947605,0.2916878745302991,0.2577116305705956
824811,2026-07-25,2026,Baltimore Orioles,Atlanta Braves,2026-07-25T17:00:00+00:00,2026-07-25T23:05:00+00:00,-0.10121766465816207,0.0,162,162,0.43770591147219573,0.5400813591768365,0.5051020408163266,1,0.3161746419933142,0.21152515617662604,0.24492399000416487
822706,2026-07-26,2026,Washington Nationals,Arizona Diamondbacks,2026-07-26T17:00:00+00:00,2026-07-26T17:35:00+00:00,0.005292072743418752,0.0,162,162,0.5468539483564326,0.5400813591768365,0.48600508905852424,1,0.20534134412015462,0.21152515617662604,0.26419076847373557
822870,2026-07-26,2026,Texas Rangers,Seattle Mariners,2026-07-26T17:00:00+00:00,2026-07-26T18:35:00+00:00,0.01825915753658386,0.0,162,162,0.5600453237830555,0.5400813591768365,0.5089058524173028,0,0.31365076469126746,0.2916878745302991,0.2589851666245816
823028,2026-07-26,2026,St. Louis Cardinals,Cincinnati Reds,2026-07-26T17:00:00+00:00,2026-07-26T18:15:00+00:00,0.02654030031068061,0.0,162,162,0.5684267361824089,0.5400813591768365,0.5516372795969774,0,0.3231089544069859,0.2916878745302991,0.30430368824115384
823194,2026-07-26,2026,San Francisco Giants,Los Angeles Angels,2026-07-26T17:00:00+00:00,2026-07-26T20:05:00+00:00,0.07433717807676854,0.0,162,162,0.6159019598185429,0.5400813591768365,0.49109414758269715,0,0.37933522410832204,0.2916878745302991,0.24117346178997592
823354,2026-07-26,2026,Pittsburgh Pirates,Chicago Cubs,2026-07-26T17:00:00+00:00,2026-07-26T17:35:00+00:00,-0.013716940885108664,0.0,162,162,0.5274017885798084,0.5400813591768365,0.5454545454545454,1,0.22334906943756416,0.21152515617662604,0.20661157024793392
823433,2026-07-26,2026,Philadelphia Phillies,New York Yankees,2026-07-26T17:00:00+00:00,2026-07-26T23:20:00+00:00,-0.05794909163952733,0.0,162,162,0.4819169884941273,0.5400813591768365,0.6391509433962265,1,0.2684100068109943,0.21152515617662604,0.13021204165183337
823599,2026-07-26,2026,New York Mets,Los Angeles Dodgers,2026-07-26T17:00:00+00:00,2026-07-26T17:40:00+00:00,-0.1183392231151752,0.0,162,162,0.42044222604455034,0.5400813591768365,0.4228855721393035,1,0.335887213352196,0.21152515617662604,0.3330610628449791
823755,2026-07-26,2026,Milwaukee Brewers,Colorado Rockies,2026-07-26T17:00:00+00:00,2026-07-26T18:10:00+00:00,0.1331024900190938,0.0,162,162,0.6713056151076116,0.5400813591768365,0.7528517110266159,1,0.1080399986597856,0.21152515617662604,0.061082276742471395
823840,2026-07-26,2026,Miami Marlins,San Diego Padres,2026-07-26T17:00:00+00:00,2026-07-26T17:40:00+00:00,-0.025586200714208418,0.0,162,162,0.5152096894222035,0.5400813591768365,0.5292620865139949,0,0.26544102407452336,0.2916878745302991,0.2801183562211474
824246,2026-07-26,2026,Detroit Tigers,Kansas City Royals,2026-07-26T17:00:00+00:00,2026-07-26T17:40:00+00:00,0.05263776716396101,0.0,162,162,0.5945638730516533,0.5400813591768365,0.6285714285714284,0,0.35350619913818243,0.2916878745302991,0.3951020408163264
824572,2026-07-26,2026,Chicago White Sox,Houston Astros,2026-07-26T17:00:00+00:00,2026-07-26T18:10:00+00:00,0.024351425493920054,0.0,162,162,0.5662149624212814,0.5400813591768365,0.5114503816793893,1,0.18816945882717026,0.21152515617662604,0.23868072956121442
824730,2026-07-26,2026,Boston Red Sox,Toronto Blue Jays,2026-07-26T17:00:00+00:00,2026-07-26T17:35:00+00:00,0.018083529086728667,0.0,162,162,0.5598671800065527,0.5400813591768365,0.568922305764411,1,0.19371689923538432,0.21152515617662604,0.18582797846747193
824810,2026-07-26,2026,Baltimore Orioles,Atlanta Braves,2026-07-26T17:00:00+00:00,2026-07-26T17:35:00+00:00,-0.09368457428232818,0.0,162,162,0.4453521849821937,0.5400813591768365,0.49234693877551017,0,0.19833856866841407,0.2916878745302991,0.24240550812161596
822705,2026-07-27,2026,Washington Nationals,Toronto Blue Jays,2026-07-27T17:00:00+00:00,2026-07-27T22:45:00+00:00,0.0030600582636587936,0.0,162,162,0.544576144393296,0.5400813591768365,0.5292620865139949,0,0.29656317704226803,0.2916878745302991,0.2801183562211474
822868,2026-07-27,2026,Texas Rangers,Seattle Mariners,2026-07-27T17:00:00+00:00,2026-07-27T18:35:00+00:00,0.015557130685340703,0.0,162,162,0.5573029144199635,0.5400813591768365,0.4607594936708861,1,0.19598070958105818,0.21152515617662604,0.29078032366607914
823025,2026-07-27,2026,St. Louis Cardinals,Chicago Cubs,2026-07-27T17:00:00+00:00,2026-07-27T23:45:00+00:00,-0.04024564839562139,0.0,162,162,0.5001280585466744,0.5400813591768365,0.4707379134860051,0,0.2501280749456658,0.2916878745302991,0.2215941831931576
823195,2026-07-27,2026,San Francisco Giants,Milwaukee Brewers,2026-07-27T17:00:00+00:00,2026-07-28T01:45:00+00:00,-0.06644805329338399,0.0,162,162,0.47318839315012357,0.5400813591768365,0.4422110552763819,1,0.27753046911174883,0.21152515617662604,0.31112850685588755
823353,2026-07-27,2026,Pittsburgh Pirates,Arizona Diamondbacks,2026-07-27T17:00:00+00:00,2026-07-27T22:40:00+00:00,0.03848752436433189,0.0,162,162,0.5804487046639167,0.5400813591768365,0.5204081632653061,1,0.17602328941818537,0.21152515617662604,0.23000832986255726
823597,2026-07-27,2026,New York Mets,Atlanta Braves,2026-07-27T17:00:00+00:00,2026-07-27T23:10:00+00:00,-0.09629670282652009,0.0,162,162,0.44269768961242545,0.5400813591768365,0.5,1,0.3105858651633284,0.21152515617662604,0.25
823839,2026-07-27,2026,Miami Marlins,Philadelphia Phillies,2026-07-27T17:00:00+00:00,2026-07-27T22:40:00+00:00,-0.025156793640565722,0.0,162,162,0.5156511797535106,0.5400813591768365,0.3681710213776722,1,0.2345937796741661,0.21152515617662604,0.39920785822693394
824001,2026-07-27,2026,Los Angeles Angels,Houston Astros,2026-07-27T17:00:00+00:00,2026-07-28T01:38:00+00:00,-0.05638390128250531,0.0,162,162,0.48352583158578677,0.5400813591768365,0.49234693877551017,0,0.23379722981072662,0.2916878745302991,0.24240550812161596
824245,2026-07-27,2026,Detroit Tigers,Baltimore Orioles,2026-07-27T17:00:00+00:00,2026-07-27T22:40:00+00:00,0.02952550708723617,0.0,162,162,0.5714387627372743,0.5400813591768365,0.5216284987277354,0,0.3265422595587069,0.2916878745302991,0.27209629068495106
824570,2026-07-27,2026,Chicago White Sox,New York Yankees,2026-07-27T17:00:00+00:00,2026-07-27T23:40:00+00:00,-0.03560139131867457,0.0,162,162,0.5049073969222568,0.5400813591768365,0.4239401496259351,0,0.2549314794668094,0.2916878745302991,0.17972525046486026
822703,2026-07-28,2026,Washington Nationals,Toronto Blue Jays,2026-07-28T17:00:00+00:00,2026-07-28T22:45:00+00:00,0.005408722723328152,0.0,162,162,0.5469729383058552,0.5400813591768365,0.5603015075376885,1,0.20523351862723044,0.21152515617662604,0.19333476427362942
822949,2026-07-28,2026,Tampa Bay Rays,Texas Rangers,2026-07-28T17:00:00+00:00,2026-07-28T22:40:00+00:00,-0.011120094189375707,1.0,162,162,0.5022664299475526,0.5400813591768365,0.6092233009708737,0,0.2522715666522597,0.2916878745302991,0.3711530304458478
823026,2026-07-28,2026,St. Louis Cardinals,Chicago Cubs,2026-07-28T17:00:00+00:00,2026-07-28T23:45:00+00:00,-0.04277115100748846,0.0,162,162,0.49752903444239494,0.5400813591768365,0.4872448979591837,0,0.2475351401131818,0.2916878745302991,0.23740759058725533
823193,2026-07-28,2026,San Francisco Giants,Milwaukee Brewers,2026-07-28T17:00:00+00:00,2026-07-29T01:45:00+00:00,-0.0670635285689935,0.0,162,162,0.47255686002456004,0.5400813591768365,0.42144638403990026,0,0.22330998595627163,0.2916878745302991,0.1776170546203071
823275,2026-07-28,2026,San Diego Padres,Colorado Rockies,2026-07-28T17:00:00+00:00,2026-07-29T01:40:00+00:00,0.08016065073210499,0.0,162,162,0.6215570018261716,0.5400813591768365,0.6574712643678161,1,0.14321910286679632,0.21152515617662604,0.11732593473378253
823350,2026-07-28,2026,Pittsburgh Pirates,Arizona Diamondbacks,2026-07-28T17:00:00+00:00,2026-07-28T22:40:00+00:00,0.04025009683991371,0.0,162,162,0.5822146058810381,0.5400813591768365,0.5114503816793893,0,0.33897384730121255,0.2916878745302991,0.261581492919993
823676,2026-07-28,2026,Minnesota Twins,Kansas City Royals,2026-07-28T17:00:00+00:00,2026-07-28T23:40:00+00:00,0.020234235304308346,0.0,162,162,0.5620476129356582,0.5400813591768365,0.6192771084337348,1,0.19180229333535506,0.21152515617662604,0.1449499201625781
823838,2026-07-28,2026,Miami Marlins,Philadelphia Phillies,2026-07-28T17:00:00+00:00,2026-07-28T22:40:00+00:00,-0.02153041954810736,0.0,162,162,0.5193785555822433,0.5400813591768365,0.5089058524173028,1,0.23099697283421078,0.21152515617662604,0.24117346178997598
823923,2026-07-28,2026,Los Angeles Dodgers,Seattle Mariners,2026-07-28T17:00:00+00:00,2026-07-29T02:10:00+00:00,0.10252974640364326,1.0,162,162,0.6170162718934411,0.5400813591768365,0.6294536817102138,0,0.3807090797812808,0.2916878745302991,0.3962119374185431
824003,2026-07-28,2026,Los Angeles Angels,Houston Astros,2026-07-28T17:00:00+00:00,2026-07-29T01:38:00+00:00,-0.05893573128358082,0.0,162,162,0.48090302225246306,0.5400813591768365,0.49744897959183665,0,0.23126771681155298,0.2916878745302991,0.24745548729695951
824243,2026-07-28,2026,Detroit Tigers,Baltimore Orioles,2026-07-28T17:00:00+00:00,2026-07-28T22:40:00+00:00,0.027235552892800552,0.0,162,162,0.5691286958168327,0.5400813591768365,0.575,1,0.1856500807685035,0.21152515617662604,0.18062500000000004
824489,2026-07-28,2026,Cincinnati Reds,Cleveland Guardians,2026-07-28T17:00:00+00:00,2026-07-28T23:10:00+00:00,-0.056084920508586156,0.0,162,162,0.4838331907288206,0.5400813591768365,0.5945945945945945,1,0.2664281749931901,0.21152515617662604,0.16435354273192118
824490,2026-07-28,2026,Cincinnati Reds,Cleveland Guardians,2026-07-28T17:00:00+00:00,2026-07-28T17:40:00+00:00,-0.056084920508586156,0.0,162,162,0.4838331907288206,0.5400813591768365,0.4582278481012658,0,0.23409455645083127,0.2916878745302991,0.20997276077551674
824569,2026-07-28,2026,Chicago White Sox,New York Yankees,2026-07-28T17:00:00+00:00,2026-07-28T23:40:00+00:00,-0.04269538130383155,0.0,162,162,0.49760700868415775,0.5400813591768365,0.47328244274809167,0,0.24761273509159545,0.2916878745302991,0.22399627061360067
822702,2026-07-29,2026,Washington Nationals,Toronto Blue Jays,2026-07-29T17:00:00+00:00,2026-07-29T17:05:00+00:00,0.006530473848653462,0.0,162,162,0.5481169155241068,0.5400813591768365,0.47715736040609136,0,0.30043215308366084,0.2916878745302991,0.22767914658970856
822947,2026-07-29,2026,Tampa Bay Rays,Texas Rangers,2026-07-29T17:00:00+00:00,2026-07-29T22:40:00+00:00,-0.013907087307260035,0.0,162,162,0.5272066887182185,0.5400813591768365,0.57356608478803,1,0.22353351519279152,0.21152515617662604,0.18184588404300966
823022,2026-07-29,2026,St. Louis Cardinals,Chicago Cubs,2026-07-29T17:00:00+00:00,2026-07-29T23:45:00+00:00,-0.05022729380211677,0.0,162,162,0.48985714331846375,0.5400813591768365,0.49489795918367346,1,0.2602457342231984,0.21152515617662604,0.25512807163681794
823192,2026-07-29,2026,San Francisco Giants,Milwaukee Brewers,2026-07-29T17:00:00+00:00,2026-07-29T19:45:00+00:00,-0.07487521130201791,0.0,162,162,0.46454967838637745,0.5400813591768365,0.48979591836734687,1,0.28670704691613186,0.21152515617662604,0.26030820491461903
823273,2026-07-29,2026,San Diego Padres,Colorado Rockies,2026-07-29T17:00:00+00:00,2026-07-29T20:10:00+00:00,0.08058782746662391,0.0,162,162,0.6219705460256887,0.5400813591768365,0.6014669926650367,1,0.14290626807211596,0.21152515617662604,0.15882855793544995
823596,2026-07-29,2026,New York Mets,Atlanta Braves,2026-07-29T17:00:00+00:00,2026-07-29T17:10:00+00:00,-0.08518966528494032,0.0,162,162,0.45400568601828833,0.5400813591768365,0.49234693877551017,1,0.2981097909003599,0.21152515617662604,0.2577116305705956
823598,2026-07-29,2026,New York Mets,Atlanta Braves,2026-07-29T17:00:00+00:00,2026-07-29T23:10:00+00:00,-0.08518966528494032,0.0,162,162,0.45400568601828833,0.5400813591768365,0.4193548387096774,0,0.2061211629369366,0.2916878745302991,0.17585848074921953
823677,2026-07-29,2026,Minnesota Twins,Kansas City Royals,2026-07-29T17:00:00+00:00,2026-07-29T23:40:00+00:00,0.02108712105440319,0.0,162,162,0.5629116286851932,0.5400813591768365,0.6448598130841121,0,0.3168695017090168,0.2916878745302991,0.415844178530876
823924,2026-07-29,2026,Los Angeles Dodgers,Seattle Mariners,2026-07-29T17:00:00+00:00,2026-07-30T02:10:00+00:00,0.10424514295322346,0.0,162,162,0.644581534790443,0.5400813591768365,0.6058394160583942,1,0.1263222854119171,0.21152515617662604,0.15536256593318767
824002,2026-07-29,2026,Los Angeles Angels,Houston Astros,2026-07-29T17:00:00+00:00,2026-07-30T01:38:00+00:00,-0.058871939589874744,0.0,162,162,0.48096857609502724,0.5400813591768365,0.4545454545454545,0,0.23133077119087803,0.2916878745302991,0.2066115702479338
824242,2026-07-29,2026,Detroit Tigers,Baltimore Orioles,2026-07-29T17:00:00+00:00,2026-07-29T17:10:00+00:00,0.040056873939408655,0.0,162,162,0.5820211200519629,0.5400813591768365,0.6327014218009479,0,0.33874858418654147,0.2916878745302991,0.400311089148941
824487,2026-07-29,2026,Cincinnati Reds,Cleveland Guardians,2026-07-29T17:00:00+00:00,2026-07-29T23:10:00+00:00,-0.051742674966336055,0.0,162,162,0.4882983803030961,0.5400813591768365,0.4483627204030227,0,0.23843530820662706,0.2916878745302991,0.20102912904719913
824567,2026-07-29,2026,Chicago White Sox,New York Yankees,2026-07-29T17:00:00+00:00,2026-07-29T23:40:00+00:00,-0.04154585007195166,0.0,162,162,0.49878999788996664,0.5400813591768365,0.42750000000000005,1,0.2512114662151397,0.21152515617662604,0.32775625
823023,2026-07-30,2026,St. Louis Cardinals,Chicago Cubs,2026-07-30T17:00:00+00:00,2026-07-30T18:15:00+00:00,-0.05080356909134265,0.0,162,162,0.48926434571666055,0.5400813591768365,0.5114503816793893,0,0.23937959998955194,0.2916878745302991,0.261581492919993
823271,2026-07-30,2026,San Diego Padres,San Francisco Giants,2026-07-30T17:00:00+00:00,2026-07-31T01:40:00+00:00,0.01051903314062863,0.0,162,162,0.5521803051264808,0.5400813591768365,0.5831265508684863,0,0.3049030893695734,0.2916878745302991,0.34003657432777734
823595,2026-07-30,2026,New York Mets,Miami Marlins,2026-07-30T17:00:00+00:00,2026-07-30T23:10:00+00:00,-0.004102254277938366,0.0,162,162,0.5372547610461338,0.5400813591768365,0.5380710659898477,1,0.21413315617447073,0.21152515617662604,0.21337834007575568
823674,2026-07-30,2026,Minnesota Twins,Kansas City Royals,2026-07-30T17:00:00+00:00,2026-07-30T17:40:00+00:00,0.019306502164187778,0.0,162,162,0.5611073456871987,0.5400813591768365,0.5516372795969774,1,0.19262676200973614,0.21152515617662604,0.20102912904719902
823921,2026-07-30,2026,Los Angeles Dodgers,Seattle Mariners,2026-07-30T17:00:00+00:00,2026-07-31T02:10:00+00:00,0.10860989394464438,0.0,162,162,0.6486870226993452,0.5400813591768365,0.5935960591133005,1,0.12342080801985039,0.21152515617662604,0.16516416316823995
824488,2026-07-30,2026,Cincinnati Reds,Pittsburgh Pirates,2026-07-30T17:00:00+00:00,2026-07-30T23:10:00+00:00,-0.05080964317650788,0.0,162,162,0.4892580976400767,0.5400813591768365,0.48469387755102045,1,0.2608572908262335,0.21152515617662604,0.2655403998334027
824568,2026-07-30,2026,Chicago White Sox,New York Yankees,2026-07-30T17:00:00+00:00,2026-07-30T18:10:00+00:00,-0.03958272322346168,0.0,162,162,0.5008102871243336,0.5400813591768365,0.5139949109414759,1,0.24919036944089024,0.21152515617662604,0.23620094659078397
824894,2026-07-30,2026,Atlanta Braves,Washington Nationals,2026-07-30T17:00:00+00:00,2026-07-30T23:15:00+00:00,0.07354108897414896,0.0,162,162,0.6151264169811128,0.5400813591768365,0.5841584158415841,1,0.14812767490579626,0.21152515617662604,0.1729242231153809
822782,2026-07-31,2026,Toronto Blue Jays,St. Louis Cardinals,2026-07-31T17:00:00+00:00,2026-07-31T23:07:00+00:00,0.016889372731132613,1.0,162,162,0.5310515243485315,0.5400813591768365,0.6350710900473934,1,0.2199126728158359,0.21152515617662604,0.13317310931919768
822945,2026-07-31,2026,Tampa Bay Rays,Chicago White Sox,2026-07-31T17:00:00+00:00,2026-07-31T23:10:00+00:00,-0.02452063292009876,0.0,162,162,0.5163051965509874,0.5400813591768365,0.5664160401002506,0,0.2665710559855537,0.2916878745302991,0.32082713048284867
823111,2026-07-31,2026,Seattle Mariners,Minnesota Twins,2026-07-31T17:00:00+00:00,2026-08-01T02:10:00+00:00,0.006493194164488736,0.0,162,162,0.5480789052887721,0.5400813591768365,0.6004901960784313,0,0.30039048642253885,0.2916878745302991,0.3605884755863129
823272,2026-07-31,2026,San Diego Padres,San Francisco Giants,2026-07-31T17:00:00+00:00,2026-08-01T01:45:00+00:00,0.00968349980392913,0.0,162,162,0.5513296544624419,0.5400813591768365,0.5760598503740648,1,0.2013050789647918,0.21152515617662604,0.17972525046486032
823593,2026-07-31,2026,New York Mets,Miami Marlins,2026-07-31T17:00:00+00:00,2026-07-31T23:10:00+00:00,-0.004890451047312505,0.0,162,162,0.536448018727314,0.5400813591768365,0.5367088607594936,0,0.28777647679646057,0.2916878745302991,0.28805640121775355
823922,2026-07-31,2026,Los Angeles Dodgers,Boston Red Sox,2026-07-31T17:00:00+00:00,2026-08-01T02:10:00+00:00,0.08097585183781864,0.0,162,162,0.6223460336308405,0.5400813591768365,0.5443037974683544,0,0.38731458557603926,0.2916878745302991,0.2962666239384714
823999,2026-07-31,2026,Los Angeles Angels,Milwaukee Brewers,2026-07-31T17:00:00+00:00,2026-08-01T01:38:00+00:00,-0.12481472936949589,0.0,162,162,0.4139610035842925,0.5400813591768365,0.3995098039215686,0,0.17136371248851462,0.2916878745302991,0.15960808342945018
824164,2026-07-31,2026,Houston Astros,Texas Rangers,2026-07-31T17:00:00+00:00,2026-08-01T00:15:00+00:00,-0.018190284416810143,1.0,162,162,0.49499054179651364,0.5400813591768365,0.5392405063291139,1,0.2550345528749788,0.21152515617662604,0.21229931100785132
824325,2026-07-31,2026,Colorado Rockies,Kansas City Royals,2026-07-31T17:00:00+00:00,2026-08-01T00:40:00+00:00,-0.02994379039581324,1.0,162,162,0.4829012809985394,0.5400813591768365,0.49234693877551017,1,0.26739108519295157,0.21152515617662604,0.2577116305705956
824407,2026-07-31,2026,Cleveland Guardians,Arizona Diamondbacks,2026-07-31T17:00:00+00:00,2026-07-31T23:10:00+00:00,0.03608944321675178,0.0,162,162,0.5780427904751728,0.5400813591768365,0.5639097744360902,0,0.33413346762032453,0.2916878745302991,0.3179942337045622
824486,2026-07-31,2026,Cincinnati Reds,Pittsburgh Pirates,2026-07-31T17:00:00+00:00,2026-07-31T22:10:00+00:00,-0.05046930847306935,0.0,162,162,0.48960818630630043,0.5400813591768365,0.46446700507614214,1,0.26049980348554413,0.21152515617662604,0.2867955886521168
824651,2026-07-31,2026,Chicago Cubs,New York Yankees,2026-07-31T17:00:00+00:00,2026-07-31T18:20:00+00:00,-0.02364005365986055,0.0,162,162,0.5172103997192625,0.5400813591768365,0.5925925925925927,0,0.2675065975777593,0.2916878745302991,0.3511659807956105
824809,2026-07-31,2026,Baltimore Orioles,Philadelphia Phillies,2026-07-31T17:00:00+00:00,2026-07-31T23:05:00+00:00,-0.028790077074245857,0.0,162,162,0.5119149553304503,0.5400813591768365,0.5178571428571429,1,0.23822701083007633,0.21152515617662604,0.23246173469387751
824892,2026-07-31,2026,Atlanta Braves,Washington Nationals,2026-07-31T17:00:00+00:00,2026-07-31T23:15:00+00:00,0.07373979649517526,0.0,162,162,0.6153200510204645,0.5400813591768365,0.5216284987277354,1,0.14797866314689803,0.21152515617662604,0.22883929322948024
822781,2026-08-01,2026,Toronto Blue Jays,St. Louis Cardinals,2026-08-01T17:00:00+00:00,2026-08-01T19:07:00+00:00,0.017840964925869562,0.0,162,162,0.5596211165264163,0.5400813591768365,0.5980392156862746,1,0.19393356100944018,0.21152515617662604,0.16157247212610526
822944,2026-08-01,2026,Tampa Bay Rays,Chicago White Sox,2026-08-01T17:00:00+00:00,2026-08-01T20:10:00+00:00,-0.03087009114586453,0.0,162,162,0.5097753824473259,0.5400813591768365,0.6048780487804878,1,0.2403201756546656,0.21152515617662604,0.15612135633551458
823109,2026-08-01,2026,Seattle Mariners,Minnesota Twins,2026-08-01T17:00:00+00:00,2026-08-01T20:10:00+00:00,0.0001762578750056365,0.0,162,162,0.5416304329915853,0.5400813591768365,0.6048780487804878,1,0.21010265995948157,0.21152515617662604,0.15612135633551458
823269,2026-08-01,2026,San Diego Padres,San Francisco Giants,2026-08-01T17:00:00+00:00,2026-08-02T00:40:00+00:00,0.012297718092847465,0.0,162,162,0.5539901491050858,0.5400813591768365,0.5760598503740648,1,0.1989247870953036,0.21152515617662604,0.17972525046486032
823594,2026-08-01,2026,New York Mets,Miami Marlins,2026-08-01T17:00:00+00:00,2026-08-01T20:10:00+00:00,-0.007184964430649754,0.0,162,162,0.5340984463467898,0.5400813591768365,0.5468354430379747,0,0.28526115039005473,0.2916878745302991,0.2990290017625381
823920,2026-08-01,2026,Los Angeles Dodgers,Boston Red Sox,2026-08-01T17:00:00+00:00,2026-08-02T01:10:00+00:00,0.07505346101580479,0.0,162,162,0.6165992529958658,0.5400813591768365,0.6039119804400979,0,0.38019463879505977,0.2916878745302991,0.36470968011908117
824000,2026-08-01,2026,Los Angeles Angels,Milwaukee Brewers,2026-08-01T17:00:00+00:00,2026-08-02T01:38:00+00:00,-0.1285041944430821,0.0,162,162,0.4102814111383927,0.5400813591768365,0.4707379134860051,0,0.16833083632571086,0.2916878745302991,0.2215941831931576
824162,2026-08-01,2026,Houston Astros,Texas Rangers,2026-08-01T17:00:00+00:00,2026-08-01T23:10:00+00:00,-0.00842523381113569,0.0,162,162,0.5328277786078656,0.5400813591768365,0.46329113924050636,1,0.21824988444046148,0.21152515617662604,0.28805640121775355
824326,2026-08-01,2026,Colorado Rockies,Kansas City Royals,2026-08-01T17:00:00+00:00,2026-08-02T00:10:00+00:00,-0.025456965923687846,0.0,162,162,0.5153425633308791,0.5400813591768365,0.5241730279898218,1,0.2348928309186829,0.21152515617662604,0.2264113072923749
824405,2026-08-01,2026,Cleveland Guardians,Arizona Diamondbacks,2026-08-01T17:00:00+00:00,2026-08-01T23:15:00+00:00,0.033312539199218116,0.0,162,162,0.5752521879241738,0.5400813591768365,0.6183574879227054,0,0.33091507971154893,0.2916878745302991,0.3823659828700787
824485,2026-08-01,2026,Cincinnati Reds,Pittsburgh Pirates,2026-08-01T17:00:00+00:00,2026-08-01T22:40:00+00:00,-0.0511053617161813,0.0,162,162,0.48895391237626806,0.5400813591768365,0.46700507614213205,0,0.23907592842805922,0.2916878745302991,0.21809374114251856
824649,2026-08-01,2026,Chicago Cubs,New York Yankees,2026-08-01T17:00:00+00:00,2026-08-01T23:15:00+00:00,-0.02816126887759829,0.0,162,162,0.5125616863834471,0.5400813591768365,0.5204081632653061,1,0.23759610958134897,0.21152515617662604,0.23000832986255726
824808,2026-08-01,2026,Baltimore Orioles,Philadelphia Phillies,2026-08-01T17:00:00+00:00,2026-08-01T23:05:00+00:00,-0.021406709842895943,0.0,162,162,0.5195056751694331,0.5400813591768365,0.42750000000000005,0,0.26988614653324855,0.2916878745302991,0.18275625000000004
824890,2026-08-01,2026,Atlanta Braves,Washington Nationals,2026-08-01T17:00:00+00:00,2026-08-01T23:15:00+00:00,0.0783300222112388,0.0,162,162,0.6197827982549402,0.5400813591768365,0.6058394160583942,1,0.1445651205028435,0.21152515617662604,0.15536256593318767
822783,2026-08-02,2026,Toronto Blue Jays,St. Louis Cardinals,2026-08-02T17:00:00+00:00,2026-08-02T17:37:00+00:00,0.01652442240822355,0.0,162,162,0.5582850730372921,0.5400813591768365,0.5505050505050506,0,0.3116822227762546,0.2916878745302991,0.30305581063156833
822943,2026-08-02,2026,Tampa Bay Rays,Chicago White Sox,2026-08-02T17:00:00+00:00,2026-08-02T17:40:00+00:00,-0.029793459843289627,0.0,162,162,0.5108828915155228,0.5400813591768365,0.57,0,0.26100132884326144,0.2916878745302991,0.32489999999999997
823107,2026-08-02,2026,Seattle Mariners,Minnesota Twins,2026-08-02T17:00:00+00:00,2026-08-02T20:10:00+00:00,0.0009517807719269245,0.0,162,162,0.5424229000409369,0.5400813591768365,0.5577889447236182,1,0.20937680240694648,0.21152515617662604,0.19555061740865123
823270,2026-08-02,2026,San Diego Padres,San Francisco Giants,2026-08-02T17:00:00+00:00,2026-08-02T20:10:00+00:00,0.012274407296449463,0.0,162,162,0.5539664390975185,0.5400813591768365,0.5831265508684863,1,0.19894593745134764,0.21152515617662604,0.17378347259080473
823592,2026-08-02,2026,New York Mets,Miami Marlins,2026-08-02T17:00:00+00:00,2026-08-02T17:40:00+00:00,-0.01229435584510219,0.0,162,162,0.5288611633134316,0.5400813591768365,0.4783715012722647,0,0.27969413006123617,0.2916878745302991,0.22883929322948032
823919,2026-08-02,2026,Los Angeles Dodgers,Boston Red Sox,2026-08-02T17:00:00+00:00,2026-08-02T23:20:00+00:00,0.07524989307374585,0.0,162,162,0.6167903937018187,0.5400813591768365,0.6201923076923077,0,0.38043038976284443,0.2916878745302991,0.3846384985207101
823996,2026-08-02,2026,Los Angeles Angels,Milwaukee Brewers,2026-08-02T17:00:00+00:00,2026-08-02T19:15:00+00:00,-0.12718871252513503,0.0,162,162,0.41159224413986123,0.5400813591768365,0.3295711060948081,1,0.34622368715636476,0.21152515617662604,0.44947490178293903
824163,2026-08-02,2026,Houston Astros,Texas Rangers,2026-08-02T17:00:00+00:00,2026-08-02T18:10:00+00:00,-0.007536908819725796,0.0,162,162,0.5337379202251037,0.5400813591768365,0.5516372795969774,1,0.21740032703601178,0.21152515617662604,0.20102912904719902
824323,2026-08-02,2026,Colorado Rockies,Kansas City Royals,2026-08-02T17:00:00+00:00,2026-08-02T19:10:00+00:00,-0.021832783609926354,0.0,162,162,0.5190678467583153,0.5400813591768365,0.5367088607594936,1,0.2312957360216833,0.21152515617662604,0.21463867969876624
824404,2026-08-02,2026,Cleveland Guardians,Arizona Diamondbacks,2026-08-02T17:00:00+00:00,2026-08-02T17:40:00+00:00,0.03221318746623536,0.0,162,162,0.5741460758922993,0.5400813591768365,0.6092233009708737,1,0.18135156467792735,0.21152515617662604,0.15270642850410032
824483,2026-08-02,2026,Cincinnati Reds,Pittsburgh Pirates,2026-08-02T17:00:00+00:00,2026-08-02T17:40:00+00:00,-0.05454992484952398,0.0,162,162,0.4854113892960723,0.5400813591768365,0.5603015075376885,1,0.26480143826619845,0.21152515617662604,0.19333476427362942
824648,2026-08-02,2026,Chicago Cubs,New York Yankees,2026-08-02T17:00:00+00:00,2026-08-02T18:20:00+00:00,-0.029985603519749437,0.0,162,162,0.5106852446807784,0.5400813591768365,0.4809160305343511,0,0.2607994191346665,0.2916878745302991,0.23128022842491694
824807,2026-08-02,2026,Baltimore Orioles,Philadelphia Phillies,2026-08-02T17:00:00+00:00,2026-08-02T17:35:00+00:00,-0.026721936906022536,0.0,162,162,0.5140418816824783,0.5400813591768365,0.42750000000000005,0,0.26423905612366305,0.2916878745302991,0.18275625000000004
824891,2026-08-02,2026,Atlanta Braves,Washington Nationals,2026-08-02T17:00:00+00:00,2026-08-02T17:35:00+00:00,0.08184303193080023,0.0,162,162,0.6231846648396769,0.5400813591768365,0.547979797979798,1,0.1419897968119866,0.21152515617662604,0.20432226303438422
822867,2026-08-03,2026,Texas Rangers,San Francisco Giants,2026-08-03T17:00:00+00:00,2026-08-04T00:05:00+00:00,0.014987025297265144,0.0,162,162,0.5567238362814787,0.5400813591768365,0.5292620865139949,0,0.3099414298839667,0.2916878745302991,0.2801183562211474
823431,2026-08-03,2026,Philadelphia Phillies,Washington Nationals,2026-08-03T17:00:00+00:00,2026-08-03T22:40:00+00:00,0.012861806519859076,0.0,162,162,0.5545638227296199,0.5400813591768365,0.597051597051597,1,0.19841338802124947,0.21152515617662604,0.1623674154386685
823520,2026-08-03,2026,New York Yankees,St. Louis Cardinals,2026-08-03T17:00:00+00:00,2026-08-03T23:05:00+00:00,0.07747883000024519,0.0,162,162,0.6189567476948494,0.5400813591768365,0.6643835616438356,0,0.3831074555169855,0.2916878745302991,0.4414055169825483
823757,2026-08-03,2026,Milwaukee Brewers,Pittsburgh Pirates,2026-08-03T17:00:00+00:00,2026-08-03T23:40:00+00:00,0.04107976009312386,0.0,162,162,0.5830451098144396,0.5400813591768365,0.5760598503740648,0,0.3399416000785319,0.2916878745302991,0.33184495121298996
824160,2026-08-03,2026,Houston Astros,Toronto Blue Jays,2026-08-03T17:00:00+00:00,2026-08-04T00:10:00+00:00,-0.0013674898912670042,0.0,162,162,0.5400523332025781,0.5400813591768365,0.5468354430379747,0,0.2916565225975484,0.2916878745302991,0.2990290017625381
824324,2026-08-03,2026,Colorado Rockies,Tampa Bay Rays,2026-08-03T17:00:00+00:00,2026-08-04T00:40:00+00:00,-0.05310142385538491,0.0,162,162,0.4869009261779985,0.5400813591768365,0.3941605839416058,0,0.23707251191299275,0.2916878745302991,0.15536256593318767
824647,2026-08-03,2026,Chicago Cubs,Los Angeles Dodgers,2026-08-03T17:00:00+00:00,2026-08-04T00:05:00+00:00,-0.05628443572878905,0.0,162,162,0.4836280831009543,0.5400813591768365,0.4681933842239186,1,0.26663995656199496,0.21152515617662604,0.28281827658320874
825095,2026-08-03,2026,Arizona Diamondbacks,San Diego Padres,2026-08-03T17:00:00+00:00,2026-08-04T01:40:00+00:00,-0.031012049889839577,0.0,162,162,0.5096293449335464,0.5400813591768365,0.5204081632653061,1,0.24046337935030282,0.21152515617662604,0.23000832986255726
822865,2026-08-04,2026,Texas Rangers,San Francisco Giants,2026-08-04T23:51:01.822983+00:00,2026-08-05T00:06:00Z,0.011444232558825929,0.0,162,162,0.5531218878191768,0.5400813591768365,0.6391509433962265,1,0.19970004714629638,0.21152515617662604,0.13021204165183337
823108,2026-08-04,2026,Seattle Mariners,Detroit Tigers,2026-08-05T00:51:01.967770+00:00,2026-08-05T01:41:00Z,-0.04058553762313766,0.0,162,162,0.4997782719000919,0.5400813591768365,0.5392405063291139,0,0.24977832106344217,0.2916878745302991,0.29078032366607914
823432,2026-08-04,2026,Philadelphia Phillies,Washington Nationals,2026-08-04T21:51:01.434186+00:00,2026-08-04T22:40:00Z,0.010332948932271824,0.0,162,162,0.5519908803436636,0.5400813591768365,0.7406679764243614,1,0.20071217129524555,0.21152515617662604,0.06725309845183555
823517,2026-08-04,2026,New York Yankees,St. Louis Cardinals,2026-08-04T22:51:01.774956+00:00,2026-08-04T23:06:00Z,0.07135364058713867,0.0,162,162,0.6129924207470274,0.5400813591768365,0.6519721577726217,1,0.14977486639924584,0.21152515617662604,0.1211233789654449
823756,2026-08-04,2026,Milwaukee Brewers,Pittsburgh Pirates,2026-08-04T22:51:01.774956+00:00,2026-08-04T23:40:00Z,0.03682428618077671,0.0,162,162,0.5787804329792191,0.5400813591768365,0.57356608478803,1,0.17742592364117413,0.21152515617662604,0.18184588404300966
824084,2026-08-04,2026,Kansas City Royals,Minnesota Twins,2026-08-04T21:51:01.434186+00:00,2026-08-04T23:41:00Z,-0.024274083340556307,0.0,162,162,0.5165586515132239,0.5400813591768365,0.4228855721393035,1,0.2337155374267125,0.21152515617662604,0.3330610628449791
824161,2026-08-04,2026,Houston Astros,Toronto Blue Jays,2026-08-04T23:51:01.822983+00:00,2026-08-05T00:10:00Z,-0.005432381256093799,0.0,162,162,0.535893226433437,0.5400813591768365,0.5664160401002506,1,0.21539509727036502,0.21152515617662604,0.1879950502823475
824321,2026-08-04,2026,Colorado Rockies,Tampa Bay Rays,2026-08-04T23:51:01.822983+00:00,2026-08-05T00:41:00Z,-0.05575771756625769,0.0,162,162,0.48416957692245965,0.5400813591768365,0.3864734299516908,0,0.23442017921727357,0.2916878745302991,0.14936171205862447
824403,2026-08-04,2026,Cleveland Guardians,New York Mets,2026-08-04T21:51:01.434186+00:00,2026-08-04T22:40:00Z,0.03759008877114922,0.0,162,162,0.5795487789971958,0.5400813591768365,0.5491183879093199,0,0.33587678723714054,0.2916878745302991,0.3015310039401303
824484,2026-08-04,2026,Cincinnati Reds,Athletics,2026-08-04T20:51:01.900523+00:00,2026-08-04T22:40:00Z,0.02648000215959967,0.0,162,162,0.5683658433413479,0.5400813591768365,0.547979797979798,1,0.18630804519442584,0.21152515617662604,0.20432226303438422
824645,2026-08-04,2026,Chicago Cubs,Los Angeles Dodgers,2026-08-04T22:51:01.774956+00:00,2026-08-05T00:06:00Z,-0.0510475224778596,0.0,162,162,0.4890134069746459,0.5400813591768365,0.3672985781990522,1,0.26110729825165885,0.21152515617662604,0.40031108914894087
824731,2026-08-04,2026,Boston Red Sox,Chicago White Sox,2026-08-04T22:51:01.774956+00:00,2026-08-04T23:11:00Z,-0.004366784364664866,0.0,162,162,0.5369840283423065,0.5400813591768365,0.5771144278606966,1,0.214383790010118,0.21152515617662604,0.17883220712358602
824805,2026-08-04,2026,Baltimore Orioles,Los Angeles Angels,2026-08-04T21:51:01.434186+00:00,2026-08-04T22:36:00Z,0.03364684554884756,0.0,162,162,0.5755884011952728,0.5400813591768365,0.57356608478803,1,0.18012520519998473,0.21152515617662604,0.18184588404300966
824888,2026-08-04,2026,Atlanta Braves,Miami Marlins,2026-08-04T22:51:01.774956+00:00,2026-08-04T23:16:00Z,0.081882235822268,0.0,162,162,0.623222560694576,0.5400813591768365,0.5831265508684863,1,0.14196123876955244,0.21152515617662604,0.17378347259080473
825054,2026-08-04,2026,Arizona Diamondbacks,San Diego Padres,2026-08-05T00:51:01.967770+00:00,2026-08-05T01:41:00Z,-0.02679335660685278,0.0,162,162,0.5139684399351013,0.5400813591768365,0.5329949238578681,0,0.2641635572493219,0.2916878745302991,0.2840835888582546
823429,2026-08-05,2026,Philadelphia Phillies,Washington Nationals,2026-08-05T22:51:02.123868+00:00,2026-08-05T23:05:00Z,0.011450972807481252,0.0,162,162,0.5531287460333738,0.5400813591768365,0.6480186480186481,0,0.3059514096884525,0.2916878745302991,0.41992816817991646
823516,2026-08-05,2026,New York Yankees,St. Louis Cardinals,2026-08-05T23:51:01.872553+00:00,2026-08-06T00:05:00Z,0.06745861213127807,0.0,162,162,0.6091818568215981,0.5400813591768365,0.5876543209876544,0,0.37110253468061005,0.2916878745302991,0.3453376009754611
824082,2026-08-05,2026,Kansas City Royals,Minnesota Twins,2026-08-05T22:51:02.123868+00:00,2026-08-05T23:41:00Z,-0.022377219406045368,0.0,162,162,0.5185083483837808,0.5400813591768365,0.5267175572519084,1,0.2318342105761146,0.21152515617662604,0.2239962706136006
824158,2026-08-05,2026,Houston Astros,Toronto Blue Jays,2026-08-05T17:51:02.495471+00:00,2026-08-05T18:10:00Z,-0.0035502262942607166,0.0,162,162,0.5378196618754608,0.5400813591768365,0.6689342403628117,0,0.289249988699835,0.2916878745302991,0.4474730179297719
824322,2026-08-05,2026,Colorado Rockies,Tampa Bay Rays,2026-08-05T18:51:02.331738+00:00,2026-08-05T19:11:00Z,-0.055860396668605095,0.0,162,162,0.48406401447786934,0.5400813591768365,0.4054054054054054,0,0.2343179701124309,0.2916878745302991,0.16435354273192107
824402,2026-08-05,2026,Cleveland Guardians,New York Mets,2026-08-05T18:51:02.331738+00:00,2026-08-05T22:40:00Z,0.03253457917043928,0.0,162,162,0.5744695212273757,0.5400813591768365,0.5076530612244898,0,0.33001523081921025,0.2916878745302991,0.2577116305705956
824646,2026-08-05,2026,Chicago Cubs,Los Angeles Dodgers,2026-08-05T17:51:02.495471+00:00,2026-08-05T18:21:00Z,-0.045587367312970306,0.0,162,162,0.49463099731603094,0.5400813591768365,0.5228426395939086,1,0.2553978288737895,0.21152515617662604,0.22767914658970856
824728,2026-08-05,2026,Boston Red Sox,Chicago White Sox,2026-08-05T22:51:02.123868+00:00,2026-08-05T23:11:00Z,0.0009852607145592884,0.0,162,162,0.5424571066718453,0.5400813591768365,0.57356608478803,1,0.20934549923509913,0.21152515617662604,0.18184588404300966
824806,2026-08-05,2026,Baltimore Orioles,Los Angeles Angels,2026-08-05T21:51:02.634017+00:00,2026-08-05T22:36:00Z,0.034911757602844595,0.0,162,162,0.5768598930069012,0.5400813591768365,0.5628140703517588,1,0.17904755014613108,0.21152515617662604,0.1911315370823969
824889,2026-08-05,2026,Atlanta Braves,Miami Marlins,2026-08-05T22:51:02.123868+00:00,2026-08-05T23:16:00Z,0.08598950997223265,0.0,162,162,0.6271843684796496,0.5400813591768365,0.5417721518987342,1,0.13899149510591766,0.21152515617662604,0.20997276077551674
