game_pk,official_date,season,home_team,away_team,corte,y,dif_carga_relevo,pitches_relevo_local,pitches_relevo_visita,juegos_ventana_local,juegos_ventana_visita,p_v12,p_v15,p_mercado,brier_v12,brier_v15,brier_mercado,delta_brier_v15_v12
778545,2025-03-27,2025,San Diego Padres,Atlanta Braves,2025-03-27T17:00:00+00:00,1,-2.2,0,220,0,2,0.3148329916050638,0.3094503024896985,0.457070707070707,0.4694538293928665,0.4768588847315689,0.29477221712070206,0.007405055338702393
778546,2025-03-27,2025,Los Angeles Dodgers,Detroit Tigers,2025-03-27T17:00:00+00:00,1,-0.46,122,168,2,2,0.5738464818912152,0.5694302436647195,0.5911330049261084,0.18160682099649433,0.1853903150706228,0.16717221966075368,0.0037834940741284795
778551,2025-03-27,2025,St. Louis Cardinals,Minnesota Twins,2025-03-27T17:00:00+00:00,1,-0.99,68,167,1,2,0.44354295467951854,0.4383726560051684,0.49234693877551017,0.30964444328680035,0.3154252735226889,0.2577116305705956,0.0057808302358885455
778552,2025-03-27,2025,Arizona Diamondbacks,Chicago Cubs,2025-03-27T17:00:00+00:00,0,-1.05,143,248,2,2,0.5473557268351948,0.5365915344900272,0.5355329949238579,0.2995982916992844,0.28793047488636203,0.2867955886521168,-0.011667816812922394
778553,2025-03-27,2025,Texas Rangers,Boston Red Sox,2025-03-27T17:00:00+00:00,0,-0.03,163,166,2,2,0.5122039869332317,0.5110308145798208,0.47328244274809167,0.26235292423029816,0.2611524934501152,0.22399627061360067,-0.0012004307801829484
778554,2025-03-27,2025,Chicago White Sox,Los Angeles Angels,2025-03-27T17:00:00+00:00,1,-0.56,85,141,1,2,0.4187775776751326,0.4174828555986537,0.40640394088669946,0.33781950421318657,0.3393262235214989,0.35235628139484093,0.0015067193083123098
778555,2025-03-27,2025,Washington Nationals,Philadelphia Phillies,2025-03-27T17:00:00+00:00,0,-0.68,0,68,0,1,0.37438622017231904,0.37133787028211535,0.4158415841584158,0.14016504185491616,0.13789181390565713,0.17292422311538083,-0.0022732279492590213
778556,2025-03-27,2025,Toronto Blue Jays,Baltimore Orioles,2025-03-27T17:00:00+00:00,0,0.0,0,0,0,0,0.5810943490028426,0.5748393850045703,0.5204081632653061,0.33767064244303746,0.3304403185524326,0.27082465639316955,-0.007230323890604851
778557,2025-03-27,2025,New York Yankees,Milwaukee Brewers,2025-03-27T17:00:00+00:00,1,-0.16,58,74,1,1,0.6010923797353335,0.5936940936793252,0.5675,0.1591272895052194,0.16508448951106494,0.18705625,0.005957200005845542
778558,2025-03-27,2025,Kansas City Royals,Cleveland Guardians,2025-03-27T17:00:00+00:00,0,-0.05,126,131,2,2,0.5561482157077269,0.5554739711822346,0.6004901960784313,0.3093008378348883,0.308551332660962,0.3605884755863129,-0.0007495051739263014
778559,2025-03-27,2025,Houston Astros,New York Mets,2025-03-27T17:00:00+00:00,1,1.9,190,0,2,0,0.6788920046144751,0.6855234720779498,0.5355329949238579,0.1031103447005103,0.098895486613908,0.21572959880440104,-0.004214858086602297
778561,2025-03-27,2025,Cincinnati Reds,San Francisco Giants,2025-03-27T17:00:00+00:00,0,0.07,119,112,1,2,0.48452340377367786,0.4839187831513229,0.49744897959183665,0.23476292880443048,0.2341773886866571,0.24745548729695951,-0.0005855401177733699
778562,2025-03-27,2025,Miami Marlins,Pittsburgh Pirates,2025-03-27T17:00:00+00:00,1,-0.21,60,81,1,1,0.549216771512222,0.5402665927084355,0.43107769423558895,0.20320551908586423,0.21135480577991156,0.323672589996294,0.008149286694047325
778518,2025-03-28,2025,Houston Astros,New York Mets,2025-03-28T17:00:00+00:00,0,1.35,183,48,2,1,0.5471525844818048,0.5602014252111105,0.5355329949238579,0.2993759507051186,0.3138256368085594,0.2867955886521168,0.014449686103440829
778542,2025-03-28,2025,San Diego Padres,Atlanta Braves,2025-03-28T17:00:00+00:00,1,-0.43,119,162,1,2,0.5237864166861624,0.5187955662896216,0.5664160401002506,0.2267793769326053,0.23155770702252593,0.1879950502823475,0.004778330089920624
778543,2025-03-28,2025,Arizona Diamondbacks,Chicago Cubs,2025-03-28T17:00:00+00:00,1,0.41,178,137,2,2,0.5498305592885995,0.5536156631159486,0.57,0.20265252535041514,0.19925897621541433,0.18490000000000004,-0.003393549135000812
778544,2025-03-28,2025,Los Angeles Dodgers,Detroit Tigers,2025-03-28T17:00:00+00:00,1,0.3,135,105,2,2,0.5710127359433521,0.5740087999665675,0.6651480637813212,0.18403007272280814,0.1814685025059239,0.11212581918939814,-0.002561570216884246
778548,2025-03-28,2025,Miami Marlins,Pittsburgh Pirates,2025-03-28T17:00:00+00:00,0,0.58,145,87,2,1,0.4787305493348356,0.48313786973586625,0.42750000000000005,0.22918293886643348,0.23342220117291088,0.18275625000000004,0.004239262306477393
778549,2025-03-28,2025,Toronto Blue Jays,Baltimore Orioles,2025-03-28T17:00:00+00:00,1,0.52,103,51,1,1,0.5011409011919737,0.5053042578941224,0.5454545454545454,0.2488604004635561,0.244723877257685,0.20661157024793392,-0.004136523205871101
778550,2025-03-28,2025,Texas Rangers,Boston Red Sox,2025-03-28T17:00:00+00:00,1,-0.19,151,170,2,2,0.5118261038930461,0.5090445322488919,0.49109414758269715,0.23831375284024306,0.24103727131470934,0.2589851666245817,0.00272351847446628
778560,2025-03-28,2025,Tampa Bay Rays,Colorado Rockies,2025-03-28T17:00:00+00:00,1,-0.44,0,44,0,1,0.5205960647581446,0.5220703504633997,0.6496519721577726,0.22982813312537712,0.2284167499061776,0.12274374061293815,-0.001411383219199508
778520,2025-03-29,2025,San Diego Padres,Atlanta Braves,2025-03-29T17:00:00+00:00,1,1.1,191,81,2,2,0.5228854267799096,0.533167885288131,0.4193548387096774,0.22763831597898904,0.21793222332635565,0.33714880332986474,-0.009706092652633391
778528,2025-03-29,2025,St. Louis Cardinals,Minnesota Twins,2025-03-29T17:00:00+00:00,1,0.06,70,64,1,1,0.5153209961763674,0.5150979415764362,0.5025510204081632,0.23491373674746888,0.2351300062634093,0.24745548729695963,0.00021626951594042043
778529,2025-03-29,2025,Kansas City Royals,Cleveland Guardians,2025-03-29T17:00:00+00:00,1,-0.06,69,75,1,1,0.5540779453368161,0.5532716034424505,0.5228426395939086,0.1988464788350356,0.19956626029087918,0.22767914658970856,0.0007197814558435878
778530,2025-03-29,2025,Houston Astros,New York Mets,2025-03-29T17:00:00+00:00,1,-0.12,105,117,2,2,0.5458930111192517,0.5443593194126606,0.5241730279898218,0.20621315735034007,0.20760842980609387,0.2264113072923749,0.0013952724557537988
778531,2025-03-29,2025,Texas Rangers,Boston Red Sox,2025-03-29T17:00:00+00:00,1,0.56,128,72,2,2,0.5108708999897645,0.5155841916691155,0.5165394402035622,0.23924727647682292,0.2346586753608642,0.23373411287868498,-0.0045886011159587126
778532,2025-03-29,2025,Arizona Diamondbacks,Chicago Cubs,2025-03-29T17:00:00+00:00,0,-0.19,129,148,2,2,0.5503668362346421,0.5482110380331553,0.5253807106598984,0.30290365442692935,0.30053534222138967,0.27602489113349993,-0.00236831220553968
778533,2025-03-29,2025,Los Angeles Dodgers,Detroit Tigers,2025-03-29T17:00:00+00:00,1,0.48,154,106,2,2,0.5765747586103759,0.5814039832968165,0.6621004566210046,0.17928893504586146,0.17522262519977186,0.1141761014157336,-0.004066309846089605
778534,2025-03-29,2025,Chicago White Sox,Los Angeles Angels,2025-03-29T17:00:00+00:00,0,0.25,68,43,1,1,0.49577138945223087,0.4971456602118965,0.4054054054054054,0.24578927059939557,0.24715380746752244,0.16435354273192107,0.0013645368681268755
778535,2025-03-29,2025,Washington Nationals,Philadelphia Phillies,2025-03-29T17:00:00+00:00,0,0.26,100,74,1,1,0.44176418493639863,0.4423809264294829,0.4054054054054054,0.19515559509252062,0.19570088406860756,0.16435354273192107,0.0005452889760869384
778536,2025-03-29,2025,Toronto Blue Jays,Baltimore Orioles,2025-03-29T17:00:00+00:00,0,0.13,151,138,2,2,0.5081839356578182,0.5085501505519543,0.5429292929292929,0.25825091246066945,0.25862325562641536,0.29477221712070195,0.0003723431657459142
778537,2025-03-29,2025,Tampa Bay Rays,Colorado Rockies,2025-03-29T17:00:00+00:00,0,0.08,48,40,1,1,0.5891443260653954,0.5902548934573381,0.6276849642004773,0.3470910369350489,0.3484008392503335,0.3939884142833544,0.0013098023152846028
778538,2025-03-29,2025,New York Yankees,Milwaukee Brewers,2025-03-29T17:00:00+00:00,1,0.23,86,63,1,1,0.5318921908850696,0.5336246707567864,0.597051597051597,0.21912492095438016,0.21750594772671586,0.1623674154386685,-0.0016189732276642999
778539,2025-03-29,2025,Miami Marlins,Pittsburgh Pirates,2025-03-29T17:00:00+00:00,1,-0.03,126,129,2,2,0.47743892709648883,0.4757245186871159,0.47582697201017815,0.2730700749140687,0.2748647803058562,0.2747573632720185,0.0017947053917874989
778540,2025-03-29,2025,Cincinnati Reds,San Francisco Giants,2025-03-29T17:00:00+00:00,1,0.17,74,57,1,1,0.4850754304435279,0.485480419919163,0.5204081632653061,0.2651473123329181,0.2647303982865608,0.23000832986255726,-0.00041691404635729734
778510,2025-03-30,2025,Kansas City Royals,Cleveland Guardians,2025-03-30T17:00:00+00:00,0,-0.06,120,126,2,2,0.5577773934644717,0.5570302628193432,0.5178571428571429,0.31111562066002013,0.31028271369658655,0.2681760204081633,-0.0008329069634335773
778514,2025-03-30,2025,San Diego Padres,Atlanta Braves,2025-03-30T17:00:00+00:00,1,1.22,233,111,3,3,0.5196724941458628,0.5311095784249326,0.530456852791878,0.2307145128800562,0.21985822744484446,0.2204707670901081,-0.010856285435211749
778515,2025-03-30,2025,Arizona Diamondbacks,Chicago Cubs,2025-03-30T17:00:00+00:00,1,-0.32,163,195,3,3,0.553962773637696,0.5505776412077802,0.5417721518987342,0.19894920730097723,0.20198045658236274,0.20997276077551674,0.003031249281385512
778516,2025-03-30,2025,Texas Rangers,Boston Red Sox,2025-03-30T17:00:00+00:00,1,1.14,234,120,3,3,0.5131678753987282,0.5237168247560751,0.6116504854368933,0.2370055175437882,0.22684566302043532,0.15081534546140066,-0.010159854523352885
778517,2025-03-30,2025,St. Louis Cardinals,Minnesota Twins,2025-03-30T17:00:00+00:00,1,-0.45,102,147,2,2,0.5234766872800949,0.518280610682203,0.5051020408163266,0.22707446756555247,0.23205357004471128,0.24492399000416487,0.004979102479158809
778519,2025-03-30,2025,Miami Marlins,Pittsburgh Pirates,2025-03-30T17:00:00+00:00,1,0.17,239,222,3,3,0.47916474495316097,0.47947692552423177,0.5241730279898218,0.2712693628997059,0.2709442710617062,0.2264113072923749,-0.00032509183799966923
778522,2025-03-30,2025,Cincinnati Reds,San Francisco Giants,2025-03-30T17:00:00+00:00,0,0.01,110,109,2,2,0.4855635755419215,0.4843745720046865,0.4707379134860051,0.23577198589305529,0.2346187260047232,0.2215941831931576,-0.0011532598883320921
778523,2025-03-30,2025,New York Yankees,Milwaukee Brewers,2025-03-30T17:00:00+00:00,1,-0.29,157,186,2,2,0.5400721126637513,0.5367505180389328,0.575,0.21153366154958506,0.21460008253719712,0.18062500000000004,0.003066420987612062
778524,2025-03-30,2025,Tampa Bay Rays,Colorado Rockies,2025-03-30T17:00:00+00:00,1,-0.26,90,116,2,2,0.5899415781778026,0.5877663881058518,0.6267942583732058,0.1681479093073112,0.1699365507752952,0.13928252558320547,0.0017886414679840201
778525,2025-03-30,2025,Toronto Blue Jays,Baltimore Orioles,2025-03-30T17:00:00+00:00,1,0.51,265,214,3,3,0.5074164207664094,0.5115764818105363,0.5468354430379747,0.24263858253057508,0.2385575331205734,0.20535811568658865,-0.004081049410001675
778526,2025-03-30,2025,Washington Nationals,Philadelphia Phillies,2025-03-30T17:00:00+00:00,1,0.53,208,155,2,2,0.4420598823848737,0.445352594266439,0.4335839598997493,0.31129717484438096,0.3076337446869695,0.32082713048284883,-0.0036634301574114403
778527,2025-03-30,2025,Chicago White Sox,Los Angeles Angels,2025-03-30T17:00:00+00:00,0,0.41,122,81,2,2,0.4957368833379765,0.4987136502291723,0.46446700507614214,0.24575505750165053,0.2487153049249052,0.21572959880440104,0.0029602474232546805
778496,2025-03-31,2025,Seattle Mariners,Detroit Tigers,2025-03-31T17:00:00+00:00,0,0.63,173,110,3,2,0.6145800638413094,0.6150028576164284,0.5241730279898218,0.3777086548711879,0.3782285148763729,0.2747573632720185,0.0005198600051850022
778499,2025-03-31,2025,San Diego Padres,Cleveland Guardians,2025-03-31T17:00:00+00:00,1,0.12,139,127,3,2,0.5525420999706528,0.5534946617076822,0.5417721518987342,0.20021857229867324,0.19936701712353713,0.20997276077551674,-0.0008515551751361039
778500,2025-03-31,2025,Los Angeles Dodgers,Atlanta Braves,2025-03-31T17:00:00+00:00,1,0.44,169,125,2,3,0.483463744318549,0.4931705585561331,0.6659090909090909,0.2668097034334133,0.25687608271430207,0.11161673553719009,-0.009933620719111247
778502,2025-03-31,2025,Philadelphia Phillies,Colorado Rockies,2025-03-31T17:00:00+00:00,1,-0.66,118,184,2,3,0.6349618260807274,0.6298372943193885,0.7244897959183673,0.13325286841831713,0.137020428676791,0.07590587255310292,0.0037675602584738843
778503,2025-03-31,2025,St. Louis Cardinals,Los Angeles Angels,2025-03-31T17:00:00+00:00,0,-0.03,83,86,2,2,0.6040110177854783,0.6042856633201055,0.5876543209876544,0.3648293096062494,0.36516116289421985,0.3453376009754611,0.00033185328797047386
778504,2025-03-31,2025,Milwaukee Brewers,Kansas City Royals,2025-03-31T17:00:00+00:00,0,0.67,226,159,2,2,0.5444417371888689,0.5507301250576637,0.5267175572519084,0.2964168051932334,0.3033036706460299,0.2774313851174174,0.006886865452796542
778505,2025-03-31,2025,Houston Astros,San Francisco Giants,2025-03-31T17:00:00+00:00,0,-0.06,91,97,2,2,0.4823394719868028,0.48702026140210114,0.5355329949238579,0.23265136623650776,0.23718873501617094,0.2867955886521168,0.004537368779663181
778506,2025-03-31,2025,Chicago White Sox,Minnesota Twins,2025-03-31T17:00:00+00:00,1,-0.61,101,162,2,2,0.42450409377674325,0.4163495808048508,0.3705463182897863,0.3311955380797275,0.3406478118266735,0.39621193741854294,0.00945227374694596
778507,2025-03-31,2025,Toronto Blue Jays,Washington Nationals,2025-03-31T17:00:00+00:00,1,0.65,205,140,3,2,0.5717190988721597,0.5781496764980912,0.6073170731707317,0.18342453027087496,0.17795769543866508,0.15419988102320048,-0.005466834832209888
778508,2025-03-31,2025,Tampa Bay Rays,Pittsburgh Pirates,2025-03-31T17:00:00+00:00,1,-0.46,139,185,3,3,0.5514587505129347,0.5466407430376026,0.6480186480186481,0.20118925249141775,0.2055346158734971,0.12389087214262037,0.004345363382079359
778509,2025-03-31,2025,Miami Marlins,New York Mets,2025-03-31T17:00:00+00:00,0,1.03,205,102,3,2,0.47655895536614146,0.4788156308514919,0.35597189695550346,0.227108437939668,0.2292644083477122,0.12671599142209958,0.002155970408044189
778511,2025-03-31,2025,Cincinnati Reds,Texas Rangers,2025-03-31T17:00:00+00:00,1,-1.46,93,239,2,3,0.5540751392539923,0.5393632125748268,0.48600508905852424,0.19884898143134633,0.21218624992938423,0.26419076847373557,0.013337268498037902
778512,2025-03-31,2025,Baltimore Orioles,Boston Red Sox,2025-03-31T17:00:00+00:00,1,1.29,218,89,3,3,0.5560376393699759,0.5685802443887977,0.5725,0.1971025776561836,0.1861230055316295,0.18275624999999998,-0.01097957212455411
778485,2025-04-01,2025,San Diego Padres,Cleveland Guardians,2025-04-01T17:00:00+00:00,1,-0.41,130,171,3,3,0.5547695078905005,0.5505058208097703,0.6073170731707317,0.1982301911040671,0.20204501712589834,0.15419988102320048,0.0038148260218312524
778486,2025-04-01,2025,Seattle Mariners,Detroit Tigers,2025-04-01T17:00:00+00:00,0,1.08,239,131,3,2,0.5429880341122045,0.5533217828250211,0.6125907990314771,0.2948360051890366,0.3061649953486598,0.37526748705802354,0.011328990159623242
778487,2025-04-01,2025,Los Angeles Dodgers,Atlanta Braves,2025-04-01T17:00:00+00:00,1,-0.23,157,180,2,3,0.5573767470270157,0.5549411473416919,0.5417721518987342,0.19591534407238648,0.19807738232952962,0.20997276077551674,0.002162038257143145
778488,2025-04-01,2025,Milwaukee Brewers,Kansas City Royals,2025-04-01T17:00:00+00:00,1,1.37,345,208,3,3,0.533796833421284,0.5469018898496659,0.530456852791878,0.21734539252802199,0.20529789742180427,0.2204707670901081,-0.01204749510621772
778489,2025-04-01,2025,Houston Astros,San Francisco Giants,2025-04-01T17:00:00+00:00,0,-0.3,120,150,2,3,0.5520637589012735,0.5488446609675068,0.46954314720812185,0.3047743938922034,0.30123046187253755,0.220470767090108,-0.003543932019665852
778490,2025-04-01,2025,Chicago White Sox,Minnesota Twins,2025-04-01T17:00:00+00:00,0,-0.71,154,225,3,3,0.4318006436427992,0.42274472696259513,0.40196078431372556,0.18645179585033567,0.17871310417467912,0.1615724721261054,-0.0077386916756565505
778491,2025-04-01,2025,Toronto Blue Jays,Washington Nationals,2025-04-01T17:00:00+00:00,1,0.2,214,194,3,3,0.5796879929823604,0.5818281175120481,0.5945945945945945,0.17666218324319632,0.17486772330351744,0.16435354273192118,-0.0017944599396788885
778492,2025-04-01,2025,New York Yankees,Arizona Diamondbacks,2025-04-01T17:00:00+00:00,0,0.19,128,109,2,2,0.5412585184232824,0.5427345953034372,0.4885496183206107,0.2929607837657668,0.2945608409391857,0.23868072956121442,0.001600057173418934
778493,2025-04-01,2025,Tampa Bay Rays,Pittsburgh Pirates,2025-04-01T17:00:00+00:00,1,-0.71,147,218,3,3,0.5575462824390065,0.5503578630594981,0.608272506082725,0.1957652921835434,0.2021780513124211,0.15345042949070872,0.006412759128877676
778495,2025-04-01,2025,St. Louis Cardinals,Los Angeles Angels,2025-04-01T17:00:00+00:00,0,-0.35,150,185,3,3,0.5991295390358189,0.5962452948992417,0.5771144278606966,0.35895620454527283,0.3555084516894837,0.3330610628449791,-0.0034477528557891324
778497,2025-04-01,2025,Miami Marlins,New York Mets,2025-04-01T17:00:00+00:00,1,1.57,244,87,3,2,0.4051333220228091,0.4178831035888492,0.40987654320987654,0.353866364567619,0.3388600810873504,0.3482456942539247,-0.015006283480268612
778498,2025-04-01,2025,Cincinnati Reds,Texas Rangers,2025-04-01T17:00:00+00:00,0,-1.23,135,258,3,3,0.5687976761663089,0.5566878199126134,0.43107769423558895,0.32353079641219323,0.3099013288390583,0.18582797846747193,-0.013629467573134935
778469,2025-04-02,2025,Seattle Mariners,Detroit Tigers,2025-04-02T17:00:00+00:00,1,1.12,244,132,3,2,0.5412948410367384,0.552005321030303,0.4545454545454545,0.2104104228595111,0.2006992323851619,0.29752066115702486,-0.00971119047434918
778472,2025-04-02,2025,Los Angeles Dodgers,Atlanta Braves,2025-04-02T17:00:00+00:00,1,-0.67,132,199,2,3,0.5599577104783273,0.5532111469154523,0.680709534368071,0.1936372165674756,0.19962027924060557,0.10194640144345402,0.00598306267312998
778473,2025-04-02,2025,St. Louis Cardinals,Los Angeles Angels,2025-04-02T17:00:00+00:00,1,-0.21,207,228,3,3,0.596132292953891,0.5945472938061105,0.57,0.1631091247946817,0.1643918969599485,0.18490000000000004,0.0012827721652667878
778474,2025-04-02,2025,Chicago White Sox,Minnesota Twins,2025-04-02T17:00:00+00:00,0,-0.46,179,225,3,3,0.42699323107182413,0.4203284981452436,0.36904761904761907,0.1823232193811562,0.17667604635303605,0.13619614512471656,-0.00564717302812015
778475,2025-04-02,2025,Houston Astros,San Francisco Giants,2025-04-02T17:00:00+00:00,0,0.04,132,128,2,3,0.5522988256382457,0.5524551028250322,0.6125907990314771,0.3050339928013854,0.30520664063741687,0.37526748705802354,0.00017264783603149203
778476,2025-04-02,2025,San Diego Padres,Cleveland Guardians,2025-04-02T17:00:00+00:00,1,-0.25,151,176,3,3,0.5639440393637422,0.5614215358541774,0.6285714285714284,0.19014480080640966,0.19235106921250858,0.1379591836734695,0.0022062684060989157
778477,2025-04-02,2025,Milwaukee Brewers,Kansas City Royals,2025-04-02T17:00:00+00:00,1,0.93,283,190,3,3,0.532551590450536,0.5412673389658987,0.5267175572519084,0.2185080155903234,0.21043565429942765,0.2239962706136006,-0.008072361290895752
778478,2025-04-02,2025,Toronto Blue Jays,Washington Nationals,2025-04-02T17:00:00+00:00,1,0.0,142,142,3,3,0.5788448977933944,0.5790204952950978,0.49489795918367346,0.17737162011465638,0.17722374338158478,0.25512807163681794,-0.00014787673307159466
778479,2025-04-02,2025,Tampa Bay Rays,Pittsburgh Pirates,2025-04-02T17:00:00+00:00,0,-0.51,149,200,3,3,0.5645869420517826,0.5595088738669979,0.49489795918367346,0.31875841513538294,0.31305017993591616,0.24492399000416493,-0.005708235199466782
778481,2025-04-02,2025,Miami Marlins,New York Mets,2025-04-02T17:00:00+00:00,0,1.1,186,76,3,2,0.4026075255238554,0.4107270113893695,0.34252873563218394,0.1620928196084419,0.16869667788484327,0.11732593473378256,0.006603858276401364
778482,2025-04-02,2025,Philadelphia Phillies,Colorado Rockies,2025-04-02T17:00:00+00:00,1,-0.29,98,127,2,2,0.6363335449400975,0.6346835905729886,0.7528517110266159,0.13225329053583607,0.1334560789966438,0.061082276742471395,0.0012027884608077355
778483,2025-04-02,2025,Baltimore Orioles,Boston Red Sox,2025-04-02T17:00:00+00:00,0,0.55,128,73,2,2,0.557242250397004,0.5625116244675727,0.4707379134860051,0.3105189256275173,0.3164193276611476,0.2215941831931576,0.005900402033630292
778484,2025-04-02,2025,New York Yankees,Arizona Diamondbacks,2025-04-02T17:00:00+00:00,0,-0.14,120,134,2,2,0.5402951548701961,0.5384716031463853,0.57,0.2919188543762092,0.2899516673950383,0.32489999999999997,-0.0019671869811708764
778462,2025-04-03,2025,Minnesota Twins,Houston Astros,2025-04-03T17:00:00+00:00,0,-0.21,169,190,3,3,0.46919205078177667,0.46555654264836904,0.5555555555555556,0.2201411805168093,0.21674289440270267,0.308641975308642,-0.003398286114106641
778466,2025-04-03,2025,New York Yankees,Arizona Diamondbacks,2025-04-03T17:00:00+00:00,1,0.11,106,95,2,2,0.5377443317047257,0.5383703707333262,0.5216284987277354,0.21368030287111067,0.21310191461688674,0.22883929322948024,-0.0005783882542239327
778467,2025-04-03,2025,Philadelphia Phillies,Colorado Rockies,2025-04-03T17:00:00+00:00,1,0.2,104,84,2,2,0.6392333798178234,0.6421594998691227,0.6605504587155964,0.13015255423767091,0.12804982353391642,0.11522599107819205,-0.0021027307037544962
778468,2025-04-03,2025,Milwaukee Brewers,Cincinnati Reds,2025-04-03T17:00:00+00:00,1,1.02,224,122,3,3,0.5693890445299833,0.5794100774956912,0.5216284987277354,0.18542579497080072,0.1768958829121805,0.22883929322948024,-0.00852991205862022
778470,2025-04-03,2025,Baltimore Orioles,Boston Red Sox,2025-04-03T17:00:00+00:00,0,0.65,140,75,2,2,0.5551519490778678,0.5613809857331032,0.5505050505050506,0.30819368656495555,0.3151486111426707,0.30305581063156833,0.006954924577715127
778444,2025-04-04,2025,San Francisco Giants,Seattle Mariners,2025-04-04T17:00:00+00:00,1,-0.12,86,98,2,2,0.5589656268880016,0.5576444342047245,0.5771144278606966,0.19451131826629345,0.19567844659005829,0.17883220712358602,0.0011671283237648378
778447,2025-04-04,2025,Los Angeles Angels,Cleveland Guardians,2025-04-04T17:00:00+00:00,0,0.35,148,113,2,2,0.45995480622837626,0.4617580461668121,0.4885496183206107,0.21155842377258316,0.21322049319979178,0.23868072956121442,0.0016620694272086178
778453,2025-04-04,2025,Milwaukee Brewers,Cincinnati Reds,2025-04-04T17:00:00+00:00,1,0.65,161,96,3,3,0.5703779700831014,0.5767928626709552,0.5367088607594936,0.1845750885899165,0.179104281086245,0.21463867969876624,-0.005470807503671515
778454,2025-04-04,2025,Texas Rangers,Tampa Bay Rays,2025-04-04T17:00:00+00:00,1,-0.53,50,103,2,2,0.49032108410980035,0.4837996191076853,0.5406091370558376,0.2597725973030092,0.2664628332333708,0.21103996495658223,0.006690235930361554
778455,2025-04-04,2025,Kansas City Royals,Baltimore Orioles,2025-04-04T17:00:00+00:00,1,0.14,144,130,2,2,0.48840987496534977,0.4951920906673659,0.5025510204081632,0.261724456032969,0.2548310253247849,0.24745548729695963,-0.006893430708184101
778457,2025-04-04,2025,Washington Nationals,Arizona Diamondbacks,2025-04-04T17:00:00+00:00,0,-0.72,103,175,2,3,0.3677743518653661,0.3642743993502726,0.42999999999999994,0.1352579738899901,0.13269583802200188,0.18489999999999995,-0.00256213586798823
778458,2025-04-04,2025,Detroit Tigers,Chicago White Sox,2025-04-04T17:00:00+00:00,1,-0.56,73,129,2,2,0.6546666830459609,0.6508838455620726,0.6792873051224944,0.11925509979847884,0.12188208928952679,0.10285663265559203,0.0026269894910479485
778459,2025-04-04,2025,Philadelphia Phillies,Los Angeles Dodgers,2025-04-04T17:00:00+00:00,1,-0.27,108,135,2,2,0.5813644151664293,0.5724685309775328,0.4582278481012658,0.17525575288894574,0.1827831570045088,0.2935170645729851,0.007527404115563074
778460,2025-04-04,2025,Chicago Cubs,San Diego Padres,2025-04-04T17:00:00+00:00,1,-0.26,71,97,2,2,0.5365573678807115,0.5334764785386696,0.6039119804400979,0.21477907326565418,0.21764419607668037,0.15688571923888542,0.0028651228110261884
778461,2025-04-04,2025,Pittsburgh Pirates,New York Yankees,2025-04-04T17:00:00+00:00,0,-0.53,122,175,2,3,0.3797690465069816,0.3782001298422543,0.39608801955990225,0.14422452868482197,0.14303533821269804,0.1568857192388855,-0.00118919047212393
778463,2025-04-04,2025,Boston Red Sox,St. Louis Cardinals,2025-04-04T17:00:00+00:00,1,-0.23,103,126,2,2,0.5983980179443109,0.5902629881570557,0.5216284987277354,0.16128415199105803,0.1678844188739851,0.22883929322948024,0.006600266882927058
778464,2025-04-04,2025,Atlanta Braves,Miami Marlins,2025-04-04T17:00:00+00:00,1,-0.33,124,157,2,2,0.6413953489320466,0.6394649873838086,0.6843267108167771,0.1285972957675686,0.12998549532215728,0.09964962550375467,0.0013881995545886872
778465,2025-04-04,2025,New York Mets,Toronto Blue Jays,2025-04-04T17:00:00+00:00,1,0.29,112,83,2,2,0.5854661157923023,0.5885615755930163,0.5541561712846348,0.17183834115632088,0.16928157707850128,0.1987767196035759,-0.002556764077819601
778436,2025-04-05,2025,San Francisco Giants,Seattle Mariners,2025-04-05T17:00:00+00:00,1,-0.01,203,204,2,2,0.5556390497100128,0.5553525686656917,0.547979797979798,0.1974566541426205,0.1977113381921984,0.20432226303438422,0.00025468404957790236
778437,2025-04-05,2025,Los Angeles Angels,Cleveland Guardians,2025-04-05T17:00:00+00:00,1,-0.28,148,176,2,2,0.4556806452649263,0.45115521339411063,0.42643391521197016,0.2962835599392071,0.3012305997844643,0.32897805361906945,0.0049470398452572395
778438,2025-04-05,2025,Texas Rangers,Tampa Bay Rays,2025-04-05T17:00:00+00:00,1,0.39,111,72,2,2,0.4923745690821706,0.4950979889324255,0.6135265700483092,0.257683578114512,0.25492604078008113,0.14936171205862442,-0.0027575373344308485
778439,2025-04-05,2025,Milwaukee Brewers,Cincinnati Reds,2025-04-05T17:00:00+00:00,0,0.66,154,88,3,3,0.5732110279652588,0.5797565660920128,0.5216284987277354,0.3285708825809887,0.33611767592680236,0.27209629068495106,0.007546793345813652
778440,2025-04-05,2025,Minnesota Twins,Houston Astros,2025-04-05T17:00:00+00:00,1,-0.08,86,94,2,2,0.46962163232104914,0.4672891282007382,0.5392405063291139,0.2813012129017884,0.28378087293312954,0.21229931100785132,0.0024796600313411465
778441,2025-04-05,2025,Kansas City Royals,Baltimore Orioles,2025-04-05T17:00:00+00:00,0,-0.48,158,206,2,3,0.5652286455802364,0.5604585000786892,0.5114503816793893,0.31948342178446854,0.31411373031045414,0.261581492919993,-0.005369691474014393
778445,2025-04-05,2025,Detroit Tigers,Chicago White Sox,2025-04-05T17:00:00+00:00,1,-0.45,94,139,2,2,0.6576910617491307,0.6549682380625683,0.6711711711711711,0.11717540920643743,0.11904691674564853,0.10812839866893927,0.0018715075392111008
778446,2025-04-05,2025,New York Mets,Toronto Blue Jays,2025-04-05T17:00:00+00:00,1,0.61,147,86,2,2,0.5842683874687511,0.5904525421767621,0.5355329949238579,0.17283277365783248,0.1677291202094768,0.21572959880440104,-0.005103653448355672
778448,2025-04-05,2025,Philadelphia Phillies,Los Angeles Dodgers,2025-04-05T17:00:00+00:00,0,0.57,149,92,3,2,0.5109642374860633,0.515779035004448,0.5089058524173028,0.26108445198971414,0.2660280129501196,0.2589851666245816,0.004943560960405435
778449,2025-04-05,2025,Pittsburgh Pirates,New York Yankees,2025-04-05T17:00:00+00:00,0,-0.28,144,172,2,3,0.44717026843889807,0.44252792872257735,0.41234567901234565,0.19996124897571615,0.19583096769949448,0.17002895900015239,-0.00413028127622167
778450,2025-04-05,2025,Chicago Cubs,San Diego Padres,2025-04-05T17:00:00+00:00,1,-0.02,90,92,2,2,0.5387418748264267,0.5380886531267435,0.5204081632653061,0.21275905803863984,0.2133620923702659,0.23000832986255726,0.0006030343316260622
778451,2025-04-05,2025,Atlanta Braves,Miami Marlins,2025-04-05T17:00:00+00:00,0,-0.59,95,154,2,2,0.648773931978802,0.6445931136069155,0.6995708154506437,0.42090761481523514,0.4155002821094579,0.48939932583027856,-0.005407332705777257
778452,2025-04-05,2025,Washington Nationals,Arizona Diamondbacks,2025-04-05T17:00:00+00:00,1,-0.54,110,164,2,3,0.4315711010138475,0.4241760686753232,0.4494949494949495,0.3231114132026096,0.3315731998862061,0.3030558106315682,0.008461786683596484
778419,2025-04-06,2025,Minnesota Twins,Houston Astros,2025-04-06T17:00:00+00:00,0,0.31,138,107,2,2,0.4699581534946147,0.47152370478834865,0.5076530612244898,0.22086066603606785,0.22233460417732978,0.2577116305705956,0.0014739381412619268
778420,2025-04-06,2025,Texas Rangers,Tampa Bay Rays,2025-04-06T17:00:00+00:00,1,0.46,105,59,2,2,0.49459259988059456,0.4980523142312188,0.49744897959183665,0.2554366400954568,0.25195147924863515,0.25255752811328624,-0.0034851608468216555
778421,2025-04-06,2025,Milwaukee Brewers,Cincinnati Reds,2025-04-06T17:00:00+00:00,1,0.45,177,132,3,3,0.5671653662137658,0.5715805984501174,0.5760598503740648,0.18734582020486348,0.1835431836243595,0.17972525046486032,-0.0038026365805039763
778422,2025-04-06,2025,Kansas City Royals,Baltimore Orioles,2025-04-06T17:00:00+00:00,1,-0.61,127,188,2,3,0.5577657655449995,0.5515729443267614,0.5025510204081632,0.19557111812400038,0.20108682425976981,0.24745548729695963,0.005515706135769433
778425,2025-04-06,2025,Los Angeles Angels,Cleveland Guardians,2025-04-06T17:00:00+00:00,1,-0.53,137,190,2,2,0.4618387513934903,0.4549143486126892,0.49234693877551017,0.28961752950171754,0.2971183673483289,0.2577116305705956,0.0075008378466113745
778427,2025-04-06,2025,San Francisco Giants,Seattle Mariners,2025-04-06T17:00:00+00:00,1,-0.12,191,203,2,2,0.5638140924210597,0.562571894289807,0.5089058524173028,0.1902581459704638,0.19134334766520775,0.24117346178997598,0.001085201694743937
778428,2025-04-06,2025,Pittsburgh Pirates,New York Yankees,2025-04-06T17:00:00+00:00,1,-0.33,167,200,2,3,0.44135272473671944,0.4361395037862932,0.40097799511002447,0.3120867781590875,0.3179386591903677,0.3588273623424058,0.005851881031280204
778429,2025-04-06,2025,Washington Nationals,Arizona Diamondbacks,2025-04-06T17:00:00+00:00,1,-0.63,108,171,2,3,0.4322583995627192,0.4239899783237172,0.3840579710144928,0.322330524867085,0.33178754507151176,0.3793845830707834,0.009457020204426736
778430,2025-04-06,2025,Chicago Cubs,San Diego Padres,2025-04-06T17:00:00+00:00,0,-0.79,89,168,2,2,0.5424102470051491,0.5341451004659808,0.5541561712846348,0.29420887605618684,0.2853109883518128,0.3070890621728455,-0.008897887704374052
778432,2025-04-06,2025,Boston Red Sox,St. Louis Cardinals,2025-04-06T17:00:00+00:00,1,0.61,168,107,2,1,0.5342650830132709,0.5398189086429651,0.5228426395939086,0.21690901290063544,0.2117666368425517,0.22767914658970856,-0.005142376058083736
778433,2025-04-06,2025,Detroit Tigers,Chicago White Sox,2025-04-06T17:00:00+00:00,1,-0.4,102,142,2,2,0.6624659313696476,0.6602858215648818,0.6267942583732058,0.11392924748615944,0.11540572302984732,0.13928252558320547,0.0014764755436878774
778434,2025-04-06,2025,Philadelphia Phillies,Los Angeles Dodgers,2025-04-06T17:00:00+00:00,1,0.57,141,84,3,2,0.5052599212131277,0.5099877668348515,0.46446700507614214,0.24476774555804062,0.24011198865149588,0.2867955886521168,-0.004655756906544739
778435,2025-04-06,2025,New York Mets,Toronto Blue Jays,2025-04-06T17:00:00+00:00,1,0.4,138,98,2,2,0.5868913592760813,0.5910718446575085,0.5725,0.17065874904076375,0.16722223623181284,0.18275624999999998,-0.003436512808950909
778443,2025-04-06,2025,Boston Red Sox,St. Louis Cardinals,2025-04-06T17:00:00+00:00,1,0.61,168,107,2,1,0.5342650830132709,0.5398189086429651,0.5329949238578681,0.21690901290063544,0.2117666368425517,0.21809374114251845,-0.005142376058083736
778405,2025-04-07,2025,Seattle Mariners,Houston Astros,2025-04-07T17:00:00+00:00,1,0.45,251,206,3,2,0.499455767401307,0.5028915734868927,0.5935960591133005,0.2505445287878146,0.24711678771033738,0.16516416316823995,-0.0034277410774772032
778410,2025-04-07,2025,San Francisco Giants,Cincinnati Reds,2025-04-07T17:00:00+00:00,0,0.5,251,201,3,3,0.5844353165956574,0.5895549990930653,0.5841584158415841,0.3415646392842663,0.3475750969556242,0.3412410547985491,0.006010457671357938
778411,2025-04-07,2025,Chicago Cubs,Texas Rangers,2025-04-07T17:00:00+00:00,1,0.08,185,177,3,3,0.60787810062977,0.6092621888926523,0.5355329949238579,0.1537595839657168,0.15267603702896135,0.21572959880440104,-0.0010835469367554418
778412,2025-04-07,2025,Kansas City Royals,Minnesota Twins,2025-04-07T17:00:00+00:00,1,-0.09,159,168,3,2,0.5748488249304756,0.5740805576763334,0.5190839694656489,0.18075352166299738,0.18140737134930318,0.23128022842491688,0.0006538496863058019
778413,2025-04-07,2025,Arizona Diamondbacks,Baltimore Orioles,2025-04-07T17:00:00+00:00,0,-0.15,139,154,3,3,0.566773956542693,0.5652845820787115,0.5267175572519084,0.32123271781505847,0.3195466587359035,0.2774313851174174,-0.0016860590791549779
778415,2025-04-07,2025,Pittsburgh Pirates,St. Louis Cardinals,2025-04-07T17:00:00+00:00,1,-0.68,245,313,3,3,0.5075126159922574,0.49975346373146246,0.46954314720812185,0.24254382340678973,0.25024659704866925,0.2813844726738643,0.007702773641879518
778416,2025-04-07,2025,New York Mets,Miami Marlins,2025-04-07T17:00:00+00:00,1,0.81,193,112,3,2,0.7251074461548515,0.7284585837589224,0.7070063694267517,0.07556591615950789,0.07373474073421019,0.08584526755649313,-0.0018311754252977042
778418,2025-04-07,2025,Washington Nationals,Los Angeles Dodgers,2025-04-07T17:00:00+00:00,1,-0.01,186,187,3,3,0.416104723546741,0.4136868580357352,0.38740920096852305,0.34093369386442773,0.34376310044000824,0.3752674870580234,0.0028294065755805065
778424,2025-04-07,2025,Detroit Tigers,New York Yankees,2025-04-07T17:00:00+00:00,1,-0.89,143,232,3,3,0.4974855083890666,0.4874674301505873,0.4158415841584158,0.25252081427899487,0.26268963515644317,0.34124105479854927,0.010168820877448304
778426,2025-04-07,2025,Boston Red Sox,Toronto Blue Jays,2025-04-07T17:00:00+00:00,0,1.29,259,130,3,3,0.533520165798962,0.5458273994189566,0.5555555555555556,0.2846437673141519,0.2979275499564612,0.308641975308642,0.013283782642309283
778394,2025-04-08,2025,Colorado Rockies,Milwaukee Brewers,2025-04-08T17:00:00+00:00,0,0.0,127,127,2,2,0.421189606491775,0.4189405306899803,0.4054054054054054,0.17740068461669628,0.1755111682548023,0.16435354273192107,-0.001889516361893967
778396,2025-04-08,2025,Arizona Diamondbacks,Baltimore Orioles,2025-04-08T17:00:00+00:00,1,0.28,144,116,3,3,0.5627469065973295,0.5654304048097633,0.5,0.19119026769020447,0.18885073306380623,0.25,-0.002339534626398243
778397,2025-04-08,2025,San Francisco Giants,Cincinnati Reds,2025-04-08T17:00:00+00:00,0,-0.22,143,165,3,3,0.5815786210526809,0.5796498820895116,0.547979797979798,0.3382336924655378,0.33599398580638473,0.30028185899398024,-0.0022397066591530734
778398,2025-04-08,2025,Seattle Mariners,Houston Astros,2025-04-08T17:00:00+00:00,0,-1.02,135,237,3,3,0.5017969688536206,0.4905424078050995,0.5216284987277354,0.2518001979506815,0.24063185385522454,0.27209629068495106,-0.011168344095456945
778400,2025-04-08,2025,Kansas City Royals,Minnesota Twins,2025-04-08T17:00:00+00:00,1,-0.26,173,199,3,3,0.5753793942401845,0.5729535190158923,0.5216284987277354,0.18030265883583269,0.18236869692090985,0.22883929322948024,0.00206603808507716
778401,2025-04-08,2025,Chicago Cubs,Texas Rangers,2025-04-08T17:00:00+00:00,1,-0.07,160,167,3,3,0.6131875412535098,0.6132227107512298,0.5876543209876544,0.14962387824150516,0.14959667147862685,0.17002895900015239,-2.7206762878317914e-05
778402,2025-04-08,2025,Cleveland Guardians,Chicago White Sox,2025-04-08T17:00:00+00:00,1,-0.04,115,119,2,2,0.640545432447139,0.6412776866677249,0.6382978723404256,0.1292075861346143,0.12868169808245897,0.13082842915346307,-0.0005258880521553377
778403,2025-04-08,2025,Detroit Tigers,New York Yankees,2025-04-08T17:00:00+00:00,1,-0.81,121,202,3,3,0.4971410351245902,0.4879188153223906,0.6039119804400979,0.25286713855556864,0.26222713970082395,0.15688571923888542,0.009360001145255314
778404,2025-04-08,2025,Boston Red Sox,Toronto Blue Jays,2025-04-08T17:00:00+00:00,0,1.18,236,118,3,3,0.5317896353028956,0.5429827684979766,0.6480186480186481,0.2828002162155867,0.2948302868857272,0.41992816817991646,0.012030070670140502
778406,2025-04-08,2025,Atlanta Braves,Philadelphia Phillies,2025-04-08T17:00:00+00:00,1,-0.23,67,90,1,2,0.46136554936901664,0.46400338480370296,0.5076530612244898,0.29012707140654126,0.2872923715018873,0.24240550812161596,-0.002834699904653959
778407,2025-04-08,2025,New York Mets,Miami Marlins,2025-04-08T17:00:00+00:00,1,0.55,185,130,3,2,0.6633973955413526,0.6697102303996898,0.7184265010351967,0.11330131332834466,0.109091331902626,0.0792836353192821,-0.004209981425718656
778408,2025-04-08,2025,Pittsburgh Pirates,St. Louis Cardinals,2025-04-08T17:00:00+00:00,0,-0.38,208,246,3,3,0.5064896281362866,0.5017200049459586,0.5603015075376885,0.2565317434096339,0.25172296336297273,0.3139377793490064,-0.004808780046661187
778409,2025-04-08,2025,Washington Nationals,Los Angeles Dodgers,2025-04-08T17:00:00+00:00,1,-0.16,183,199,3,3,0.4173862227078849,0.41352755638173316,0.37980769230769235,0.33943881349058636,0.34394992712358124,0.3846384985207101,0.00451111363299489
778417,2025-04-08,2025,Tampa Bay Rays,Los Angeles Angels,2025-04-08T17:00:00+00:00,0,0.21,119,98,2,2,0.601892186991303,0.6044361382437576,0.6092233009708737,0.3622742047611736,0.3653430452150269,0.3711530304458478,0.0030688404538533054
778376,2025-04-09,2025,San Francisco Giants,Cincinnati Reds,2025-04-09T17:00:00+00:00,1,0.21,138,117,3,3,0.5863316418227514,0.5886625738090935,0.57356608478803,0.1711215105570604,0.16919847818535946,0.18184588404300966,-0.001923032371700939
778379,2025-04-09,2025,Colorado Rockies,Milwaukee Brewers,2025-04-09T17:00:00+00:00,0,-0.09,106,115,2,2,0.4143773741704982,0.41115904456560404,0.44332493702770776,0.17170860822443706,0.16905175992810037,0.19653699979062106,-0.0026568482963366946
778380,2025-04-09,2025,Arizona Diamondbacks,Baltimore Orioles,2025-04-09T17:00:00+00:00,1,0.33,135,102,3,3,0.5656217394943133,0.5688375524020278,0.5355329949238579,0.18868447319994625,0.18590105621867412,0.21572959880440104,-0.00278341698127213
778383,2025-04-09,2025,Seattle Mariners,Houston Astros,2025-04-09T17:00:00+00:00,1,-0.8,184,264,3,3,0.4995300278316147,0.4904442322016735,0.43609022556390975,0.25047019304222434,0.259647080496542,0.3179942337045622,0.009176887454317662
778385,2025-04-09,2025,Chicago Cubs,Texas Rangers,2025-04-09T17:00:00+00:00,0,-0.34,171,205,3,3,0.6149227993803916,0.6124197685084963,0.6125907990314771,0.37813004919781734,0.37505797286000025,0.37526748705802354,-0.0030720763378170868
778386,2025-04-09,2025,Boston Red Sox,Toronto Blue Jays,2025-04-09T17:00:00+00:00,0,1.7,292,122,4,3,0.5251857681890378,0.5414744084481536,0.5367088607594936,0.2758200911083098,0.29319453500427795,0.28805640121775355,0.01737444389596815
778387,2025-04-09,2025,Detroit Tigers,New York Yankees,2025-04-09T17:00:00+00:00,0,-0.53,127,180,3,3,0.5026429400277069,0.4963099672134046,0.42039800995024873,0.252649925159697,0.24632358355537073,0.17673448677012943,-0.006326341604326241
778388,2025-04-09,2025,Kansas City Royals,Minnesota Twins,2025-04-09T17:00:00+00:00,0,-0.41,139,180,3,3,0.5733673143559085,0.5694336868809896,0.49489795918367346,0.3287500771717072,0.3242547237548769,0.24492399000416493,-0.004495353416830272
778390,2025-04-09,2025,New York Mets,Miami Marlins,2025-04-09T17:00:00+00:00,0,0.07,161,154,3,2,0.6712579371907874,0.6733994851707379,0.6543778801843317,0.4505872182416311,0.45346686662821484,0.42821041007453964,0.002879648386583722
778391,2025-04-09,2025,Cleveland Guardians,Chicago White Sox,2025-04-09T17:00:00+00:00,1,-0.28,97,125,2,2,0.6410842311654288,0.6396102862091084,0.6267942583732058,0.12882052911811137,0.12988074580628076,0.13928252558320547,0.0010602166881693853
778392,2025-04-09,2025,Washington Nationals,Los Angeles Dodgers,2025-04-09T17:00:00+00:00,0,0.69,261,192,3,3,0.42238319723114653,0.42690242682747565,0.37320574162679426,0.17840756530320565,0.1822456820311882,0.13928252558320553,0.0038381167279825656
778393,2025-04-09,2025,Atlanta Braves,Philadelphia Phillies,2025-04-09T17:00:00+00:00,0,-0.41,68,109,1,2,0.5326202966743684,0.5279765710704266,0.5566750629722922,0.2836843804294922,0.27875925959928527,0.3098871257352055,-0.004925120830206908
778399,2025-04-09,2025,Tampa Bay Rays,Los Angeles Angels,2025-04-09T17:00:00+00:00,1,-0.25,109,134,2,2,0.5999172647196948,0.5980110254962565,0.568922305764411,0.1600661950693708,0.16159513562257133,0.18582797846747193,0.0015289405532005196
778371,2025-04-10,2025,Colorado Rockies,Milwaukee Brewers,2025-04-10T17:00:00+00:00,1,0.09,147,138,2,2,0.40009814277227845,0.39842168911167847,0.4593908629441624,0.35988223830526955,0.361896464131246,0.2922582390682574,0.0020142258259764345
778373,2025-04-10,2025,Kansas City Royals,Minnesota Twins,2025-04-10T17:00:00+00:00,1,0.48,160,112,3,3,0.5685852790331226,0.5733132276528115,0.5153061224489797,0.18611866146692868,0.1820616016960615,0.2349281549354435,-0.004057059770867177
778377,2025-04-10,2025,Boston Red Sox,Toronto Blue Jays,2025-04-10T17:00:00+00:00,1,0.4,159,119,3,3,0.5251727004754574,0.5285007720993267,0.5076530612244898,0.2254609643737697,0.2223115219109311,0.24240550812161596,-0.003149442462838603
778378,2025-04-10,2025,Cleveland Guardians,Chicago White Sox,2025-04-10T17:00:00+00:00,1,0.09,138,129,2,2,0.6364178540043552,0.6382927652929041,0.6829268292682927,0.13219197688679835,0.13083212363945415,0.10053539559785839,-0.0013598532473441949
778382,2025-04-10,2025,Tampa Bay Rays,Los Angeles Angels,2025-04-10T17:00:00+00:00,0,-0.24,90,114,2,2,0.600639018942614,0.5988415089015269,0.5228426395939086,0.3607672310763458,0.3586111527834575,0.27336442577752584,-0.002156078292888275
778384,2025-04-10,2025,Atlanta Braves,Philadelphia Phillies,2025-04-10T17:00:00+00:00,1,0.37,162,125,2,2,0.5300414627595266,0.5331425798138467,0.5329949238578681,0.22086102672520544,0.21795585078287047,0.21809374114251845,-0.00290517594233497
778356,2025-04-11,2025,Los Angeles Dodgers,Chicago Cubs,2025-04-11T17:00:00+00:00,1,0.44,143,99,2,2,0.551718221949499,0.5558266160108366,0.6318289786223278,0.2009565525321186,0.1972899950443848,0.13554990098227837,-0.0036665574877338125
778360,2025-04-11,2025,Seattle Mariners,Texas Rangers,2025-04-11T17:00:00+00:00,1,0.57,166,109,2,2,0.5884204026547046,0.5942637677875108,0.46446700507614214,0.16939776495091546,0.164621890129987,0.2867955886521168,-0.004775874820928477
778361,2025-04-11,2025,San Diego Padres,Colorado Rockies,2025-04-11T17:00:00+00:00,1,-0.95,103,198,2,3,0.5784795092287521,0.5758273730941882,0.6605504587155964,0.17767952414003366,0.17992241741617704,0.11522599107819205,0.0022428932761433817
778363,2025-04-11,2025,Minnesota Twins,Detroit Tigers,2025-04-11T17:00:00+00:00,0,0.08,127,119,3,2,0.5786319006672659,0.5731130847816837,0.5241730279898218,0.3348148764698127,0.3284586079479773,0.2747573632720185,-0.006356268521835351
778365,2025-04-11,2025,St. Louis Cardinals,Philadelphia Phillies,2025-04-11T17:00:00+00:00,1,-0.26,167,193,2,3,0.43117579627916464,0.4330151112086237,0.49234693877551017,0.32356097473864237,0.32147186411776935,0.2577116305705956,-0.002089110620873025
778366,2025-04-11,2025,Chicago White Sox,Boston Red Sox,2025-04-11T17:00:00+00:00,1,-0.12,154,166,3,3,0.41606651278945717,0.4125792872910034,0.4054054054054054,0.3409783174858652,0.34506309371954547,0.35354273192111035,0.004084776233680254
778367,2025-04-11,2025,Tampa Bay Rays,Atlanta Braves,2025-04-11T17:00:00+00:00,1,-0.95,156,251,3,3,0.48762645696240303,0.4768642907034235,0.5591939546599496,0.26252664760490024,0.27367097034123217,0.19430996960833458,0.011144322736331924
778368,2025-04-11,2025,Houston Astros,Los Angeles Angels,2025-04-11T17:00:00+00:00,1,0.56,181,125,2,3,0.5833271974108034,0.5954174773553399,0.57,0.1736162244175356,0.1636870176295169,0.18490000000000004,-0.009929206788018702
778369,2025-04-11,2025,Miami Marlins,Washington Nationals,2025-04-11T17:00:00+00:00,0,-0.62,114,176,2,2,0.5029460567381895,0.4957161502291152,0.5,0.2529547359884941,0.2457345015979747,0.25,-0.007220234390519414
778370,2025-04-11,2025,New York Yankees,San Francisco Giants,2025-04-11T17:00:00+00:00,0,0.01,96,95,2,2,0.5230466945746418,0.5224448158751837,0.5417721518987342,0.27357784470545865,0.2729485856348545,0.2935170645729851,-0.0006292590706041268
778374,2025-04-11,2025,Cincinnati Reds,Pittsburgh Pirates,2025-04-11T17:00:00+00:00,1,-0.45,70,115,2,2,0.5628229275877464,0.5583057708010148,0.5866336633663367,0.1911237926429488,0.19509379210768563,0.17087172826193503,0.003969999464736834
778375,2025-04-11,2025,Cleveland Guardians,Kansas City Royals,2025-04-11T17:00:00+00:00,1,0.33,191,158,3,3,0.4985270273899478,0.5007460255387686,0.5417721518987342,0.25147514225836215,0.24925453101533593,0.20997276077551674,-0.0022206112430262215
778341,2025-04-12,2025,Seattle Mariners,Texas Rangers,2025-04-12T17:00:00+00:00,1,0.68,138,70,2,2,0.588004582635608,0.5949061400806971,0.5725,0.1697402239292596,0.1641010353443198,0.18275624999999998,-0.005639188584939808
778345,2025-04-12,2025,Los Angeles Dodgers,Chicago Cubs,2025-04-12T17:00:00+00:00,0,0.49,137,88,2,2,0.5552679490212696,0.5599190217349034,0.6192771084337348,0.3083224952102873,0.3135093109005712,0.38350413703004776,0.005186815690283897
778347,2025-04-12,2025,St. Louis Cardinals,Philadelphia Phillies,2025-04-12T17:00:00+00:00,0,-0.45,129,174,2,3,0.4998293362004546,0.49425402314005484,0.37980769230769235,0.2498293653265871,0.24428703939012986,0.1442538831360947,-0.005542325936457232
778348,2025-04-12,2025,Minnesota Twins,Detroit Tigers,2025-04-12T17:00:00+00:00,0,0.05,173,168,3,2,0.5076775287622236,0.507234483810025,0.5796019900497512,0.2577364732101184,0.2572868215660225,0.3359384668696319,-0.0004496516440958831
778349,2025-04-12,2025,Chicago White Sox,Boston Red Sox,2025-04-12T17:00:00+00:00,1,-0.22,156,178,3,3,0.42169405575446905,0.41730664708433135,0.40640394088669946,0.3344377651497151,0.3395315435321039,0.35235628139484093,0.0050937783823887806
778350,2025-04-12,2025,Arizona Diamondbacks,Milwaukee Brewers,2025-04-12T17:00:00+00:00,1,-1.1,87,197,2,3,0.5360211640984359,0.5245433135149971,0.6125907990314771,0.21527636016457052,0.22605906072329837,0.1500858889950694,0.010782700558727848
778351,2025-04-12,2025,Houston Astros,Los Angeles Angels,2025-04-12T17:00:00+00:00,0,0.29,148,119,2,3,0.6534846929578451,0.6573902764629306,0.5866336633663367,0.427042243930209,0.4321619755880083,0.34413905499460845,0.005119731657799276
778352,2025-04-12,2025,San Diego Padres,Colorado Rockies,2025-04-12T17:00:00+00:00,1,-1.29,76,205,2,3,0.6491623669098475,0.6385402698275019,0.6125907990314771,0.12308704479230045,0.13065313653637514,0.1500858889950694,0.007566091744074688
778353,2025-04-12,2025,Tampa Bay Rays,Atlanta Braves,2025-04-12T17:00:00+00:00,0,-0.58,159,217,3,3,0.4912454821860388,0.4842373978510427,0.5614035087719298,0.24132212376819376,0.23448585747754902,0.3151738996614343,-0.006836266290644738
778354,2025-04-12,2025,Miami Marlins,Washington Nationals,2025-04-12T17:00:00+00:00,1,0.12,109,97,2,2,0.5009777579153817,0.5011310904685343,0.582089552238806,0.2490231980951594,0.24887018889711368,0.17464914234796167,-0.0001530091980457282
778355,2025-04-12,2025,New York Yankees,San Francisco Giants,2025-04-12T17:00:00+00:00,1,0.8,164,84,2,2,0.5191218731687312,0.5263572291851051,0.5566750629722922,0.2312437728647499,0.22433747434521106,0.1965369997906211,-0.006906298519538834
778357,2025-04-12,2025,Cincinnati Reds,Pittsburgh Pirates,2025-04-12T17:00:00+00:00,1,-0.1,97,107,2,2,0.561879154229258,0.5608028526469876,0.5329949238578681,0.19194987549887024,0.19289413424302368,0.21809374114251845,0.0009442587441534367
778359,2025-04-12,2025,Cleveland Guardians,Kansas City Royals,2025-04-12T17:00:00+00:00,1,0.35,192,157,3,3,0.5077876685113686,0.5103511502063693,0.5505050505050506,0.2422729792694744,0.2397559961042255,0.20204570962146712,-0.0025169831652488983
778362,2025-04-12,2025,Baltimore Orioles,Toronto Blue Jays,2025-04-12T17:00:00+00:00,1,-0.38,71,109,1,2,0.46274920322024066,0.46391442351936335,0.5367088607594936,0.2886384186404862,0.2873877453105766,0.21463867969876624,-0.001250673329909635
778329,2025-04-13,2025,Houston Astros,Los Angeles Angels,2025-04-13T17:00:00+00:00,1,-0.02,137,139,2,3,0.6505017364195841,0.6515614075427546,0.6039119804400979,0.12214903624572587,0.12140945271358634,0.15688571923888542,-0.0007395835321395289
778330,2025-04-13,2025,San Diego Padres,Colorado Rockies,2025-04-13T17:00:00+00:00,1,-0.6,71,131,2,3,0.6505729576343505,0.646338553743279,0.6879120879120879,0.1220992579364054,0.12507641856839558,0.09739886487139235,0.002977160631990175
778331,2025-04-13,2025,Los Angeles Dodgers,Chicago Cubs,2025-04-13T17:00:00+00:00,0,0.63,144,81,2,2,0.5392826667556883,0.5451047147203195,0.6921397379912664,0.2908257946631267,0.29713915001032093,0.47905741690661885,0.006313355347194238
778332,2025-04-13,2025,Arizona Diamondbacks,Milwaukee Brewers,2025-04-13T17:00:00+00:00,1,-1.1,88,198,2,3,0.5397409221479839,0.5283324744173541,0.5204081632653061,0.21183841874518824,0.22247025468925594,0.23000832986255726,0.010631835944067691
778334,2025-04-13,2025,Seattle Mariners,Texas Rangers,2025-04-13T17:00:00+00:00,1,-0.22,92,114,2,2,0.5990042104874302,0.5973714346100485,0.5380710659898477,0.16079762320680915,0.16210976166797045,0.21337834007575568,0.001312138461161294
778335,2025-04-13,2025,Minnesota Twins,Detroit Tigers,2025-04-13T17:00:00+00:00,1,0.72,213,141,3,2,0.5027832383218084,0.5089753941523766,0.5114503816793893,0.2472245080937476,0.24110516354781394,0.23868072956121442,-0.006119344545933658
778336,2025-04-13,2025,St. Louis Cardinals,Philadelphia Phillies,2025-04-13T17:00:00+00:00,1,-0.28,99,127,2,3,0.4975003190066264,0.4935918907091547,0.39077669902912626,0.25250592939844224,0.2564491731555287,0.3711530304458478,0.003943243757086434
778337,2025-04-13,2025,Miami Marlins,Washington Nationals,2025-04-13T17:00:00+00:00,1,0.23,132,109,2,2,0.5019084361807725,0.5031784101627982,0.42643391521197016,0.24809520594788356,0.24683169212836478,0.32897805361906945,-0.00126351381951878
778338,2025-04-13,2025,Chicago White Sox,Boston Red Sox,2025-04-13T17:00:00+00:00,0,-0.39,152,191,3,3,0.41975967802625236,0.4136942980754618,0.32366071428571425,0.17619818729670306,0.17114297226014905,0.10475625797193874,-0.005055215036554012
778339,2025-04-13,2025,New York Yankees,San Francisco Giants,2025-04-13T17:00:00+00:00,0,1.23,215,92,2,2,0.5234823521937831,0.5350690549808051,0.530456852791878,0.27403377305833604,0.2862988935980519,0.2813844726738642,0.012265120539715846
778340,2025-04-13,2025,Tampa Bay Rays,Atlanta Braves,2025-04-13T17:00:00+00:00,1,-0.27,190,217,3,3,0.4873298485641576,0.48336549381516936,0.3864734299516908,0.26283068417324956,0.2669112129808438,0.3764148521552429,0.004080528807594241
778342,2025-04-13,2025,Cleveland Guardians,Kansas City Royals,2025-04-13T17:00:00+00:00,0,0.04,163,159,3,3,0.5128979851488501,0.5124366849842213,0.43969849246231163,0.2630643431697501,0.2625913561176181,0.19333476427362953,-0.0004729870521320012
778343,2025-04-13,2025,Cincinnati Reds,Pittsburgh Pirates,2025-04-13T17:00:00+00:00,1,0.35,116,81,2,2,0.5629150204082359,0.5662900522335108,0.6235011990407675,0.1910432793847328,0.18810431879161077,0.14175134712373977,-0.002938960593122042
778344,2025-04-13,2025,Baltimore Orioles,Toronto Blue Jays,2025-04-13T17:00:00+00:00,0,-0.54,55,109,1,2,0.5336693093329363,0.5277449339459176,0.5603015075376885,0.28480293172389326,0.2785147153055809,0.3139377793490064,-0.006288216418312342
778315,2025-04-14,2025,San Diego Padres,Chicago Cubs,2025-04-14T17:00:00+00:00,1,-0.94,71,165,3,3,0.5213005549572924,0.5111628810598601,0.5831265508684863,0.2291531586841962,0.23896172885369651,0.17378347259080473,0.009808570169500319
778320,2025-04-14,2025,Philadelphia Phillies,San Francisco Giants,2025-04-14T17:00:00+00:00,0,-0.51,93,144,3,3,0.5026331835329576,0.4965004312584168,0.5139949109414759,0.25264011718847584,0.24651267823979386,0.2641907684737357,-0.006127438948681979
778321,2025-04-14,2025,Pittsburgh Pirates,Washington Nationals,2025-04-14T17:00:00+00:00,1,-0.44,133,177,3,3,0.5494828638065763,0.5448289435290218,0.6582568807339451,0.2029656900039239,0.20718069064890643,0.11678835956569306,0.004215000644982536
778322,2025-04-14,2025,Toronto Blue Jays,Atlanta Braves,2025-04-14T17:00:00+00:00,0,-0.98,101,199,2,3,0.5039963796426529,0.49317638154050564,0.48469387755102045,0.25401235069290107,0.2432229433093864,0.2349281549354436,-0.010789407383514665
778323,2025-04-14,2025,Milwaukee Brewers,Detroit Tigers,2025-04-14T17:00:00+00:00,0,-0.03,167,170,3,3,0.5530994862109676,0.5525747531084902,0.41791044776119407,0.30591904164683636,0.305338857772909,0.17464914234796172,-0.0005801838739273868
778324,2025-04-14,2025,Minnesota Twins,New York Mets,2025-04-14T17:00:00+00:00,0,0.97,223,126,3,3,0.46276200042046367,0.47079664157873125,0.5253807106598984,0.21414866903314922,0.22164947772181234,0.27602489113349993,0.007500808688663124
778325,2025-04-14,2025,St. Louis Cardinals,Houston Astros,2025-04-14T17:00:00+00:00,1,-0.59,125,184,3,3,0.47685403107003704,0.4695371660774161,0.5089058524173028,0.27368170480766973,0.2813908181731788,0.24117346178997598,0.007709113365509057
778326,2025-04-14,2025,Los Angeles Dodgers,Colorado Rockies,2025-04-14T17:00:00+00:00,1,0.54,194,140,3,3,0.6659558638082627,0.6721957021426417,0.7504798464491362,0.11158548492408396,0.10745565769375569,0.06226030702804663,-0.004129827230328273
778327,2025-04-14,2025,New York Yankees,Kansas City Royals,2025-04-14T17:00:00+00:00,1,1.53,279,126,3,3,0.5582450398946884,0.5731624794996378,0.5639097744360902,0.19514744477764542,0.1821902689068971,0.19017468483238167,-0.012957175870748322
778328,2025-04-14,2025,Tampa Bay Rays,Boston Red Sox,2025-04-14T17:00:00+00:00,1,0.14,178,164,3,3,0.5290709511137538,0.5298620998357891,0.5380710659898477,0.22177416908490447,0.2210296451708135,0.21337834007575568,-0.0007445239140909665
778302,2025-04-15,2025,Los Angeles Dodgers,Colorado Rockies,2025-04-15T17:00:00+00:00,1,0.39,216,177,3,3,0.668850425941614,0.6737874091625935,0.7298387096774194,0.10966004039905045,0.10641465442085318,0.0729871227887617,-0.0032453859781972627
778305,2025-04-15,2025,San Diego Padres,Chicago Cubs,2025-04-15T17:00:00+00:00,0,-1.03,106,209,3,3,0.5251188363695838,0.5141456685647068,0.40740740740740744,0.27574979231014574,0.26434576850384933,0.16598079561042528,-0.011404023806296404
778306,2025-04-15,2025,Texas Rangers,Los Angeles Angels,2025-04-15T17:00:00+00:00,1,0.03,117,114,2,2,0.5697559751178344,0.5700846169291562,0.5292620865139949,0.18510992094680556,0.18482723660095032,0.22159418319315766,-0.0002826843458552386
778307,2025-04-15,2025,Minnesota Twins,New York Mets,2025-04-15T17:00:00+00:00,1,0.8,196,116,3,3,0.4588873103428932,0.4651570136078177,0.5,0.2928029429079484,0.2860570200929081,0.25,-0.006745922815040273
778308,2025-04-15,2025,St. Louis Cardinals,Houston Astros,2025-04-15T17:00:00+00:00,0,-0.4,141,181,3,3,0.4819641762182215,0.4766190811048029,0.4607594936708861,0.23228946715770887,0.22716574847318668,0.21229931100785132,-0.005123718684522188
778310,2025-04-15,2025,Milwaukee Brewers,Detroit Tigers,2025-04-15T17:00:00+00:00,1,0.79,200,121,3,3,0.539731234543808,0.547148684067524,0.4936061381074168,0.21184733645456708,0.20507431434177514,0.2564347433624846,-0.006773022112791932
778311,2025-04-15,2025,Toronto Blue Jays,Atlanta Braves,2025-04-15T17:00:00+00:00,1,-0.49,142,191,3,3,0.5004823693473012,0.4945164769960304,0.49234693877551017,0.24951786333288606,0.25551359202850465,0.2577116305705956,0.005995728695618596
778312,2025-04-15,2025,New York Yankees,Kansas City Royals,2025-04-15T17:00:00+00:00,1,1.16,224,108,3,3,0.5583769233916174,0.5696640499916489,0.6659090909090909,0.1950309417930534,0.18518902986959007,0.11161673553719009,-0.009841911923463315
778313,2025-04-15,2025,Philadelphia Phillies,San Francisco Giants,2025-04-15T17:00:00+00:00,1,-0.44,138,182,3,3,0.49090601347169444,0.4852942074990849,0.5980392156862746,0.2591766871192825,0.26492205283399506,0.16157247212610526,0.005745365714712569
778314,2025-04-15,2025,Pittsburgh Pirates,Washington Nationals,2025-04-15T17:00:00+00:00,0,-0.65,139,204,3,3,0.5524329124102066,0.5457450164833839,0.5516372795969774,0.30518212271402306,0.297837623016449,0.30430368824115384,-0.007344499697574058
778316,2025-04-15,2025,Cincinnati Reds,Seattle Mariners,2025-04-15T17:00:00+00:00,1,-0.06,79,85,2,2,0.5075937951263073,0.5060475213681584,0.5025510204081632,0.24246387059811303,0.24398905114653988,0.24745548729695963,0.0015251805484268466
778317,2025-04-15,2025,Baltimore Orioles,Cleveland Guardians,2025-04-15T17:00:00+00:00,0,0.48,150,102,2,2,0.5447548695885083,0.5491628649190964,0.5771144278606966,0.29675786794039266,0.3015798522061497,0.3330610628449791,0.004821984265757029
778318,2025-04-15,2025,Miami Marlins,Arizona Diamondbacks,2025-04-15T17:00:00+00:00,0,0.23,118,95,2,2,0.408293327188981,0.4080889054700518,0.41234567901234565,0.1667034410270483,0.16653655476774484,0.17002895900015239,-0.0001668862593034448
778319,2025-04-15,2025,Tampa Bay Rays,Boston Red Sox,2025-04-15T17:00:00+00:00,0,-0.25,182,207,3,3,0.5469013043164477,0.5440919048785675,0.547979797979798,0.2991010366630317,0.29603600095438815,0.30028185899398024,-0.003065035708643582
778287,2025-04-16,2025,Los Angeles Dodgers,Colorado Rockies,2025-04-16T17:00:00+00:00,1,-0.33,201,234,3,3,0.670709935485047,0.6693062872234132,0.734,0.10843194658826193,0.10935833166996367,0.07075600000000001,0.0009263850817017444
778288,2025-04-16,2025,San Diego Padres,Chicago Cubs,2025-04-16T17:00:00+00:00,1,-0.96,137,233,3,3,0.5247443237678369,0.5144654262743605,0.5139949109414759,0.22586795779089067,0.23574382228293841,0.23620094659078397,0.009875864492047748
778289,2025-04-16,2025,Texas Rangers,Los Angeles Angels,2025-04-16T17:00:00+00:00,1,-0.3,89,119,2,2,0.5758270610985478,0.5730166887793139,0.4483627204030227,0.17992268209629514,0.1823147480609813,0.30430368824115367,0.002392065964686163
778290,2025-04-16,2025,St. Louis Cardinals,Houston Astros,2025-04-16T17:00:00+00:00,1,-0.48,105,153,3,3,0.4764799437976645,0.47025588846581096,0.49744897959183665,0.27407324924609644,0.28062882370514725,0.25255752811328624,0.006555574459050806
778293,2025-04-16,2025,Pittsburgh Pirates,Washington Nationals,2025-04-16T17:00:00+00:00,1,-0.19,154,173,3,3,0.5479245695111986,0.5457284531170831,0.49234693877551017,0.2043721948516351,0.2063626383073982,0.2577116305705956,0.0019904434557631023
778295,2025-04-16,2025,Milwaukee Brewers,Detroit Tigers,2025-04-16T17:00:00+00:00,1,0.21,167,146,3,3,0.5449331399739414,0.5466633883366493,0.5796019900497512,0.20708584709397637,0.20551408347440764,0.17673448677012948,-0.0015717636195687334
778296,2025-04-16,2025,Philadelphia Phillies,San Francisco Giants,2025-04-16T17:00:00+00:00,0,0.1,172,162,3,3,0.49287728433149625,0.49270348535340175,0.568922305764411,0.2429280174099906,0.24275672447938978,0.323672589996294,-0.0001712929306008082
778297,2025-04-16,2025,Toronto Blue Jays,Atlanta Braves,2025-04-16T17:00:00+00:00,1,0.17,174,157,3,3,0.5001304543900204,0.500771484568464,0.46700507614213205,0.24986956262832752,0.24922911061997538,0.28408358885825447,-0.0006404520083521381
778298,2025-04-16,2025,Tampa Bay Rays,Boston Red Sox,2025-04-16T17:00:00+00:00,0,-0.66,153,219,3,3,0.5444011014364801,0.5374678209301782,0.5577889447236182,0.29637255924525274,0.2888716585354341,0.31112850685588755,-0.007500900709818625
778299,2025-04-16,2025,Minnesota Twins,New York Mets,2025-04-16T17:00:00+00:00,1,0.31,174,143,3,3,0.4635412797961745,0.4650038293922462,0.5216284987277354,0.2877879584827264,0.28622090256496074,0.22883929322948024,-0.0015670559177656807
778300,2025-04-16,2025,New York Yankees,Kansas City Royals,2025-04-16T17:00:00+00:00,1,0.41,153,112,3,3,0.5575776956780679,0.5614704426305807,0.57356608478803,0.1957374953615283,0.19230817268661884,0.18184588404300966,-0.0034293226749094463
778301,2025-04-16,2025,Baltimore Orioles,Cleveland Guardians,2025-04-16T17:00:00+00:00,1,0.53,156,103,2,2,0.5418895075568928,0.546753968011678,0.5216284987277354,0.20986522328646617,0.20543196551315904,0.22883929322948024,-0.0044332577733071366
778303,2025-04-16,2025,Miami Marlins,Arizona Diamondbacks,2025-04-16T17:00:00+00:00,0,0.1,126,116,2,2,0.40492562206364996,0.4034145873256053,0.43107769423558895,0.1639647594036339,0.16274332926708843,0.18582797846747193,-0.001221430136545465
778304,2025-04-16,2025,Cincinnati Reds,Seattle Mariners,2025-04-16T17:00:00+00:00,0,-0.29,94,123,2,2,0.510407659399375,0.5066018609362495,0.4619289340101523,0.26051597877354843,0.25664544550407103,0.21337834007575562,-0.003870533269477394
778278,2025-04-17,2025,New York Mets,St. Louis Cardinals,2025-04-17T17:00:00+00:00,1,1.26,262,136,3,3,0.5996878252852571,0.6122380373423857,0.547979797979798,0.16024983722484684,0.15035933968408507,0.20432226303438422,-0.009890497540761767
778279,2025-04-17,2025,Philadelphia Phillies,San Francisco Giants,2025-04-17T17:00:00+00:00,1,0.36,214,178,3,3,0.4857174915271168,0.488034929750459,0.6159420289855072,0.26448649852116124,0.26210823315561754,0.147500525099769,-0.002378265365543697
778281,2025-04-17,2025,Texas Rangers,Los Angeles Angels,2025-04-17T17:00:00+00:00,1,0.17,90,73,2,2,0.5785634249298969,0.580394775861914,0.5841584158415841,0.17760878680681866,0.17606854412397338,0.1729242231153809,-0.0015402426828452775
778282,2025-04-17,2025,Tampa Bay Rays,New York Yankees,2025-04-17T17:00:00+00:00,0,0.09,140,131,3,3,0.49001020944207263,0.4896914292813825,0.49744897959183665,0.24011000535746388,0.2397976959116432,0.24745548729695951,-0.0003123094458206688
778286,2025-04-17,2025,Detroit Tigers,Kansas City Royals,2025-04-17T17:00:00+00:00,1,0.36,154,118,3,3,0.5439021020567699,0.547106825420876,0.5771144278606966,0.20802529250823312,0.2051122275803569,0.17883220712358602,-0.0029130649278762133
778292,2025-04-17,2025,Baltimore Orioles,Cleveland Guardians,2025-04-17T17:00:00+00:00,1,0.33,122,89,2,2,0.5528730022457861,0.5559092883414136,0.5051020408163266,0.19992255212069684,0.19721656018142972,0.24492399000416487,-0.0027059919392671272
778260,2025-04-18,2025,Los Angeles Angels,San Francisco Giants,2025-04-18T17:00:00+00:00,1,-0.15,122,137,3,3,0.3976232692245215,0.39361363231733076,0.4133663366336633,0.3628577257797533,0.3677044269113814,0.34413905499460845,0.004846701131628106
778263,2025-04-18,2025,Texas Rangers,Los Angeles Dodgers,2025-04-18T17:00:00+00:00,0,-0.64,111,175,3,2,0.5199080094636128,0.506126278461227,0.43609022556390975,0.27030433830441614,0.25616380974901154,0.19017468483238167,-0.014140528555404597
778268,2025-04-18,2025,Chicago Cubs,Arizona Diamondbacks,2025-04-18T17:00:00+00:00,1,-0.58,127,185,2,3,0.45530438761161895,0.4543625188614093,0.49489795918367346,0.29669331015515343,0.2977202608232659,0.25512807163681794,0.0010269506681124807
778269,2025-04-18,2025,Houston Astros,San Diego Padres,2025-04-18T17:00:00+00:00,1,-0.12,94,106,2,2,0.5388066837117894,0.5371582560329677,0.5806451612903225,0.21269927498891744,0.21422247995844385,0.17585848074921961,0.0015232049695264038
778270,2025-04-18,2025,New York Mets,St. Louis Cardinals,2025-04-18T17:00:00+00:00,1,1.3,260,130,3,3,0.6062212614778628,0.6191757111468709,0.6116504854368933,0.15506169491208568,0.14502713898049152,0.15081534546140066,-0.010034555931594163
778271,2025-04-18,2025,Pittsburgh Pirates,Cleveland Guardians,2025-04-18T17:00:00+00:00,0,-0.25,96,121,3,3,0.5160613908648456,0.5127465521392857,0.4545454545454545,0.26631935914135896,0.2629090267307252,0.2066115702479338,-0.003410332410633765
778272,2025-04-18,2025,Tampa Bay Rays,New York Yankees,2025-04-18T17:00:00+00:00,0,-0.31,143,174,3,3,0.4875302697207898,0.48316863443047314,0.4783715012722647,0.23768576389402604,0.23345192929740818,0.22883929322948032,-0.004233834596617858
778273,2025-04-18,2025,Toronto Blue Jays,Seattle Mariners,2025-04-18T17:00:00+00:00,1,-1.11,131,242,2,3,0.4378368440350657,0.4314123416942559,0.5114503816793893,0.316027413924455,0.3232919251776096,0.23868072956121442,0.007264511253154582
778274,2025-04-18,2025,Philadelphia Phillies,Miami Marlins,2025-04-18T17:00:00+00:00,1,-0.79,161,240,3,3,0.6189489835756259,0.6122462004171585,0.6574712643678161,0.14519987711804863,0.1503530090909304,0.11732593473378253,0.00515313197288178
778275,2025-04-18,2025,Boston Red Sox,Chicago White Sox,2025-04-18T17:00:00+00:00,1,-0.85,123,208,2,3,0.5659781566369991,0.564095804002286,0.6496519721577726,0.18837496051621727,0.1900124680884135,0.12274374061293815,0.0016375075721962173
778276,2025-04-18,2025,Baltimore Orioles,Cincinnati Reds,2025-04-18T17:00:00+00:00,0,-0.81,163,244,3,3,0.5388265035988633,0.5302967567094113,0.6092233009708737,0.2903340009805758,0.2812146501765206,0.3711530304458478,-0.009119350804055237
778277,2025-04-18,2025,Detroit Tigers,Kansas City Royals,2025-04-18T17:00:00+00:00,1,0.16,173,157,3,3,0.5468748806228848,0.5481379528014388,0.42999999999999994,0.2053223738105249,0.2041793096984747,0.3249000000000001,-0.0011430641120502016
778284,2025-04-18,2025,Atlanta Braves,Minnesota Twins,2025-04-18T17:00:00+00:00,1,0.0,119,119,2,2,0.5575610235484862,0.557403738206065,0.57356608478803,0.19575224788346315,0.1958914509539654,0.18184588404300966,0.00013920307050224734
778243,2025-04-19,2025,Los Angeles Angels,San Francisco Giants,2025-04-19T17:00:00+00:00,0,0.1,126,116,3,3,0.3992318848742142,0.3976391108697863,0.44584382871536526,0.1593860979002178,0.15811686249331422,0.19877671960357596,-0.0012692354069035738
778247,2025-04-19,2025,Colorado Rockies,Washington Nationals,2025-04-19T17:00:00+00:00,0,0.58,126,68,1,2,0.42253861377666524,0.43247669665141186,0.4494949494949495,0.17853888013230587,0.1870360931465173,0.2020457096214672,0.008497213014211441
778251,2025-04-19,2025,Texas Rangers,Los Angeles Dodgers,2025-04-19T17:00:00+00:00,1,-0.1,107,117,3,2,0.44994103404195473,0.44711899278296946,0.5253807106598984,0.302564866030834,0.3056774081413181,0.22526346981370304,0.0031125421104841178
778252,2025-04-19,2025,Philadelphia Phillies,Miami Marlins,2025-04-19T17:00:00+00:00,1,-1.51,133,284,3,3,0.6236019862967492,0.6101621345683407,0.6666666666666666,0.14167546471975256,0.15197356132431253,0.11111111111111113,0.010298096604559964
778254,2025-04-19,2025,Pittsburgh Pirates,Cleveland Guardians,2025-04-19T17:00:00+00:00,0,0.13,151,138,3,3,0.5136115817080276,0.5140625407708963,0.6058394160583942,0.2637968568646219,0.2642602958238294,0.36704139804997604,0.0004634389592075294
778255,2025-04-19,2025,Tampa Bay Rays,New York Yankees,2025-04-19T17:00:00+00:00,1,-0.53,140,193,3,3,0.48717603605227777,0.4806077797787039,0.530456852791878,0.2629884179990547,0.26976827842640744,0.2204707670901081,0.006779860427352735
778256,2025-04-19,2025,New York Mets,St. Louis Cardinals,2025-04-19T17:00:00+00:00,1,1.07,261,154,3,3,0.608418000683455,0.6192082199199839,0.635933806146572,0.15333646218874267,0.14500237977650737,0.1325441935069218,-0.008334082412235294
778257,2025-04-19,2025,Chicago Cubs,Arizona Diamondbacks,2025-04-19T17:00:00+00:00,1,-0.54,152,206,2,3,0.5264188674464153,0.5203714479681782,0.530456852791878,0.22427908911073596,0.23004354792414194,0.2204707670901081,0.0057644588134059815
778258,2025-04-19,2025,Toronto Blue Jays,Seattle Mariners,2025-04-19T17:00:00+00:00,0,-0.59,118,177,2,3,0.5044133690701794,0.49750699957247463,0.47715736040609136,0.254432846896729,0.24751321462360626,0.22767914658970856,-0.0069196322731227555
778259,2025-04-19,2025,Houston Astros,San Diego Padres,2025-04-19T17:00:00+00:00,1,0.32,105,73,2,2,0.542387652100047,0.545172978326858,0.49489795918367346,0.2094090609505076,0.2068676196440608,0.25512807163681794,-0.00254144130644679
778262,2025-04-19,2025,Baltimore Orioles,Cincinnati Reds,2025-04-19T17:00:00+00:00,1,-0.14,195,209,3,3,0.5326013086195889,0.5306531399840527,0.5267175572519084,0.2184615367041208,0.2202864750068292,0.2239962706136006,0.001824938302708412
778264,2025-04-19,2025,Boston Red Sox,Chicago White Sox,2025-04-19T17:00:00+00:00,1,-1.23,96,219,2,3,0.6425876295034578,0.6323339154080863,0.745136186770428,0.12774360258395753,0.13517834975914828,0.06495556329391815,0.007434747175190742
778265,2025-04-19,2025,Detroit Tigers,Kansas City Royals,2025-04-19T17:00:00+00:00,1,0.2,184,164,3,3,0.5453464972163193,0.546983639710536,0.5516372795969774,0.20670980759347032,0.20522382268991346,0.20102912904719902,-0.001485984903556864
778267,2025-04-19,2025,Atlanta Braves,Minnesota Twins,2025-04-19T17:00:00+00:00,1,-0.41,109,150,2,2,0.562379151602386,0.5582494144561418,0.6666666666666666,0.1915120069522474,0.19514357982834155,0.11111111111111113,0.0036315728760941413
778232,2025-04-20,2025,Los Angeles Angels,San Francisco Giants,2025-04-20T17:00:00+00:00,1,0.7,149,79,3,3,0.39791812313251,0.40207366351984414,0.5076530612244898,0.36250258645227945,0.3575159038565806,0.24240550812161596,-0.004986682595698844
778234,2025-04-20,2025,Texas Rangers,Los Angeles Dodgers,2025-04-20T17:00:00+00:00,0,0.33,98,65,3,2,0.4503264256362964,0.4517744726038246,0.4158415841584158,0.20279388962636277,0.20410017409646386,0.17292422311538083,0.0013062844701010878
778235,2025-04-20,2025,Colorado Rockies,Washington Nationals,2025-04-20T17:00:00+00:00,0,-0.36,77,113,1,2,0.4924601328850195,0.48767287734819004,0.47959183673469385,0.24251698248113107,0.2378248353010628,0.23000832986255726,-0.0046921471800682735
778236,2025-04-20,2025,Chicago Cubs,Arizona Diamondbacks,2025-04-20T17:00:00+00:00,0,-0.6,146,206,2,3,0.5330172310264981,0.5264822662623306,0.5614035087719298,0.28410736857115526,0.2771835766887196,0.3151738996614343,-0.006923791882435637
778237,2025-04-20,2025,Houston Astros,San Diego Padres,2025-04-20T17:00:00+00:00,0,0.24,106,82,2,2,0.5424904444711802,0.5444822012316646,0.5089058524173028,0.2942958823425387,0.29646086745807887,0.2589851666245816,0.0021649851155401967
778240,2025-04-20,2025,Tampa Bay Rays,New York Yankees,2025-04-20T17:00:00+00:00,0,0.0,218,218,3,3,0.4903541582363907,0.4891394182682063,0.39172749391727496,0.24044720049971932,0.23925737050375925,0.1534504294907087,-0.0011898299959600678
778241,2025-04-20,2025,Toronto Blue Jays,Seattle Mariners,2025-04-20T17:00:00+00:00,0,-0.36,166,202,2,3,0.4949257276571789,0.49017622966062063,0.49234693877551017,0.244951475896988,0.2402727361243015,0.24240550812161596,-0.004678739772686513
778242,2025-04-20,2025,Pittsburgh Pirates,Cleveland Guardians,2025-04-20T17:00:00+00:00,0,0.25,175,150,3,3,0.5125950248908031,0.5142315290387118,0.5228426395939086,0.26275365954280305,0.26443406545749154,0.27336442577752584,0.0016804059146884875
778244,2025-04-20,2025,New York Mets,St. Louis Cardinals,2025-04-20T17:00:00+00:00,1,0.51,164,113,3,3,0.6114899149059415,0.6170061729488485,0.568922305764411,0.15094008621979257,0.14668427155928734,0.18582797846747193,-0.0042558146605052305
778245,2025-04-20,2025,Boston Red Sox,Chicago White Sox,2025-04-20T17:00:00+00:00,0,-1.4,105,245,2,3,0.6418406481686315,0.6299792080128636,0.7094736842105264,0.41195941764152905,0.3968738025285148,0.5033529085872577,-0.015085615113014261
778246,2025-04-20,2025,Detroit Tigers,Kansas City Royals,2025-04-20T17:00:00+00:00,0,0.37,181,144,3,3,0.5492980948261853,0.5526794309342973,0.6704288939051919,0.30172839697967685,0.30545455337785865,0.44947490178293903,0.0037261563981818013
778248,2025-04-20,2025,Philadelphia Phillies,Miami Marlins,2025-04-20T17:00:00+00:00,0,-1.64,156,320,3,3,0.6228536301295753,0.6081510707919267,0.7334669338677354,0.38794664456558975,0.369847724905367,0.5379737430773369,-0.018098919660222756
778249,2025-04-20,2025,Atlanta Braves,Minnesota Twins,2025-04-20T17:00:00+00:00,1,-0.82,128,210,2,2,0.5667901646382233,0.5586915226813225,0.5204081632653061,0.1876707614541777,0.1947531721533297,0.23000832986255726,0.007082410699152025
778250,2025-04-20,2025,Baltimore Orioles,Cincinnati Reds,2025-04-20T17:00:00+00:00,0,-0.19,236,255,3,3,0.5366690657437514,0.5342881333573196,0.6408450704225352,0.28801368612627093,0.28546380944644895,0.41068240428486413,-0.002549876679821983
778266,2025-04-20,2025,Colorado Rockies,Washington Nationals,2025-04-20T17:00:00+00:00,1,-0.36,77,113,1,2,0.4924601328850195,0.48767287734819004,0.47959183673469385,0.257596716711092,0.2624790806046828,0.27082465639316955,0.004882363893590758
778225,2025-04-21,2025,New York Mets,Philadelphia Phillies,2025-04-21T17:00:00+00:00,1,-0.12,165,177,3,3,0.5928695118069682,0.5921007125060596,0.5331632653061223,0.1657552344162964,0.16638182873806429,0.2179365368596419,0.0006265943217678982
778226,2025-04-21,2025,San Francisco Giants,Milwaukee Brewers,2025-04-21T17:00:00+00:00,1,-0.48,106,154,3,3,0.5387248819488797,0.5334862059271688,0.5518987341772151,0.212774734533075,0.21763512006022798,0.20079474443198211,0.004860385527152983
778227,2025-04-21,2025,Cleveland Guardians,New York Yankees,2025-04-21T17:00:00+00:00,1,0.6,199,139,3,3,0.48429757170499466,0.48899558143951133,0.460559796437659,0.2659489945493651,0.26112551578834314,0.29099573321937994,-0.00482347876102196
778228,2025-04-21,2025,Detroit Tigers,San Diego Padres,2025-04-21T17:00:00+00:00,1,0.61,200,139,3,3,0.5195948154704242,0.5249383966701001,0.5692695214105793,0.2307891413228958,0.22568352695837515,0.1855287451858714,-0.005105614364520644
778230,2025-04-21,2025,Miami Marlins,Cincinnati Reds,2025-04-21T17:00:00+00:00,1,0.56,296,240,3,3,0.4388989530005738,0.44243384013119424,0.4731457800511509,0.3148343849438523,0.31088002263084663,0.27757536907791025,-0.003954362313005666
778231,2025-04-21,2025,Houston Astros,Toronto Blue Jays,2025-04-21T17:00:00+00:00,1,-1.35,149,284,3,3,0.5875242005994954,0.5746663192768758,0.5532994923857868,0.1701362850910853,0.18090873995748052,0.19954134350279576,0.01077245486639522
778233,2025-04-21,2025,Atlanta Braves,St. Louis Cardinals,2025-04-21T17:00:00+00:00,1,0.45,174,129,3,3,0.5752444063112938,0.5797640903124256,0.640661938534279,0.18041731436984526,0.1765982197909432,0.12912384241794228,-0.0038190945789020603
778210,2025-04-22,2025,San Francisco Giants,Milwaukee Brewers,2025-04-22T17:00:00+00:00,0,0.02,139,137,3,3,0.5419608371407159,0.5417566535950442,0.5541561712846348,0.29372154899426556,0.2935002717145007,0.3070890621728455,-0.00022127727976484213
778211,2025-04-22,2025,Los Angeles Angels,Pittsburgh Pirates,2025-04-22T17:00:00+00:00,0,0.19,128,109,2,2,0.48590311767856725,0.4865213361532961,0.64,0.23610183976975158,0.23670301053238857,0.4096,0.0006011707626369933
778212,2025-04-22,2025,Arizona Diamondbacks,Tampa Bay Rays,2025-04-22T17:00:00+00:00,1,-0.32,134,166,2,2,0.5932364038915372,0.5905368491178888,0.6004901960784313,0.16545662311908865,0.16766007193030652,0.15960808342945024,0.0022034488112178674
778215,2025-04-22,2025,Kansas City Royals,Colorado Rockies,2025-04-22T17:00:00+00:00,1,-1.55,81,236,2,3,0.6347962752239623,0.6213130720119944,0.6748878923766817,0.13337376059029188,0.14340378942899296,0.10569788252327612,0.010030028838701077
778216,2025-04-22,2025,Minnesota Twins,Chicago White Sox,2025-04-22T17:00:00+00:00,1,-0.29,161,190,2,3,0.5764938014775456,0.5802628091761974,0.6885964912280702,0.17935750018694058,0.17617930936065726,0.09697214527546935,-0.003178190826283317
778217,2025-04-22,2025,Houston Astros,Toronto Blue Jays,2025-04-22T17:00:00+00:00,1,-1.48,126,274,3,3,0.5919852363855058,0.5779668398207239,0.4783715012722647,0.16647604732739157,0.1781119882909065,0.27209629068495095,0.011635940963514918
778218,2025-04-22,2025,Cleveland Guardians,New York Yankees,2025-04-22T17:00:00+00:00,1,0.12,164,152,3,3,0.48630990327788665,0.4862336794058227,0.49489795918367346,0.26387751547037425,0.26395583217687907,0.25512807163681794,7.831670650482181e-05
778219,2025-04-22,2025,Miami Marlins,Cincinnati Reds,2025-04-22T17:00:00+00:00,1,0.08,246,238,3,3,0.4420852647323002,0.4409280977957136,0.4809160305343511,0.31126885182882763,0.31256139183431914,0.26944816735621463,0.0012925400054915048
778220,2025-04-22,2025,Chicago Cubs,Los Angeles Dodgers,2025-04-22T17:00:00+00:00,1,0.29,137,108,2,2,0.5301992840958176,0.5325046825713879,0.4783715012722647,0.22071271266408227,0.21855187181767874,0.27209629068495095,-0.002160840846403528
778221,2025-04-22,2025,Detroit Tigers,San Diego Padres,2025-04-22T17:00:00+00:00,0,-0.21,164,185,3,3,0.5197593416901856,0.5169043048586635,0.530456852791878,0.2701497732742151,0.26719006038141807,0.2813844726738642,-0.0029597128927970062
778222,2025-04-22,2025,Washington Nationals,Baltimore Orioles,2025-04-22T17:00:00+00:00,1,-0.91,177,268,3,2,0.48220676610589014,0.4717690014719928,0.44332493702770776,0.2681098330665203,0.2790279878058955,0.3098871257352056,0.010918154739375185
778223,2025-04-22,2025,New York Mets,Philadelphia Phillies,2025-04-22T17:00:00+00:00,1,-0.05,167,172,3,3,0.5884705059932588,0.5883098080885623,0.4483627204030227,0.16935652443744445,0.16948881411607644,0.30430368824115367,0.0001322896786319916
778224,2025-04-22,2025,Boston Red Sox,Seattle Mariners,2025-04-22T17:00:00+00:00,1,0.14,150,136,3,2,0.5581769544659346,0.5528691836397336,0.5367088607594936,0.1952076035649968,0.19992596693899828,0.21463867969876624,0.004718363374001472
778229,2025-04-22,2025,Atlanta Braves,St. Louis Cardinals,2025-04-22T17:00:00+00:00,0,0.56,160,104,3,3,0.5731768983268636,0.5787452877240152,0.5675,0.3285317567756037,0.33494610806275316,0.32205625,0.006414351287149456
778198,2025-04-23,2025,San Francisco Giants,Milwaukee Brewers,2025-04-23T17:00:00+00:00,1,0.18,169,151,3,3,0.537287663122947,0.5386038789583637,0.5639097744360902,0.21410270669822343,0.2128863805122683,0.19017468483238167,-0.00121632618595513
778199,2025-04-23,2025,Arizona Diamondbacks,Tampa Bay Rays,2025-04-23T17:00:00+00:00,0,0.53,130,77,2,2,0.5960339053463461,0.6015763875420969,0.5980392156862746,0.3552564163224171,0.3618941500481991,0.35765090349865447,0.006637733725781969
778200,2025-04-23,2025,Houston Astros,Toronto Blue Jays,2025-04-23T17:00:00+00:00,1,-0.97,103,200,3,3,0.5947702617183945,0.5857916514542693,0.5063938618925831,0.16421114078777846,0.17156855600498155,0.24364701957731835,0.007357415217203095
778201,2025-04-23,2025,Minnesota Twins,Chicago White Sox,2025-04-23T17:00:00+00:00,1,-0.74,77,151,2,3,0.643254851016665,0.6375698012540499,0.6969696969696969,0.12726710132314187,0.13135564896302887,0.09182736455463732,0.004088547639887002
778202,2025-04-23,2025,Los Angeles Angels,Pittsburgh Pirates,2025-04-23T17:00:00+00:00,0,0.62,192,130,2,2,0.4843052085693835,0.4892036299078934,0.547979797979798,0.2345515350474341,0.23932019151505912,0.30028185899398024,0.004768656467625032
778203,2025-04-23,2025,New York Mets,Philadelphia Phillies,2025-04-23T17:00:00+00:00,1,0.02,182,180,3,3,0.5939137946838496,0.5945152369669645,0.4821428571428572,0.16490600614807063,0.16441789305195695,0.2681760204081632,-0.0004881130961136848
778204,2025-04-23,2025,Washington Nationals,Baltimore Orioles,2025-04-23T17:00:00+00:00,1,-0.79,127,206,3,2,0.49121870201260215,0.4821085819712863,0.4520202020202021,0.2588584091817413,0.26821152086779193,0.30028185899398013,0.00935311168605063
778205,2025-04-23,2025,Chicago Cubs,Los Angeles Dodgers,2025-04-23T17:00:00+00:00,1,-0.09,147,156,2,2,0.5319776158871261,0.5305184972646646,0.5089058524173028,0.21904495203069846,0.22041288141062873,0.24117346178997598,0.0013679293799302716
778206,2025-04-23,2025,Cleveland Guardians,New York Yankees,2025-04-23T17:00:00+00:00,0,0.34,160,126,3,3,0.47978733828861947,0.4818100824946481,0.4029484029484029,0.23019588998207818,0.2321409555934996,0.16236741543866848,0.0019450656114214093
778207,2025-04-23,2025,Boston Red Sox,Seattle Mariners,2025-04-23T17:00:00+00:00,0,0.3,156,126,3,2,0.4897627359613267,0.4915433505978708,0.5664160401002506,0.2398675375363242,0.24161486551698133,0.32082713048284867,0.0017473279806571318
778208,2025-04-23,2025,Miami Marlins,Cincinnati Reds,2025-04-23T17:00:00+00:00,0,0.28,201,173,3,3,0.4454556908226647,0.4463293727685327,0.49234693877551017,0.19843077248629742,0.1992099089959518,0.24240550812161596,0.0007791365096543879
778209,2025-04-23,2025,Detroit Tigers,San Diego Padres,2025-04-23T17:00:00+00:00,1,0.04,172,168,3,3,0.5204689276062895,0.520126520658942,0.5980392156862746,0.22995004939106203,0.23027855617489276,0.16157247212610526,0.00032850678383072873
778188,2025-04-24,2025,Arizona Diamondbacks,Tampa Bay Rays,2025-04-24T17:00:00+00:00,0,-0.01,120,121,2,2,0.5945091520876808,0.594829894801744,0.5505050505050506,0.35344113191601323,0.3538226037498538,0.30305581063156833,0.00038147183384057426
778189,2025-04-24,2025,Minnesota Twins,Chicago White Sox,2025-04-24T17:00:00+00:00,0,-0.83,121,204,2,3,0.645984046564434,0.6395300265242067,0.6689342403628117,0.4172953884157608,0.40899865482605247,0.4474730179297719,-0.008296733589708338
778190,2025-04-24,2025,Kansas City Royals,Colorado Rockies,2025-04-24T17:00:00+00:00,1,0.28,74,46,1,1,0.6351261749658279,0.6387426762439197,0.7139874739039667,0.13313290819506762,0.13050685396740544,0.08180316508383415,-0.0026260542276621834
778191,2025-04-24,2025,Los Angeles Angels,Pittsburgh Pirates,2025-04-24T17:00:00+00:00,1,0.52,168,116,2,2,0.4786879715026939,0.4824941582191483,0.5866336633663367,0.271766231055976,0.2678122962773079,0.17087172826193503,-0.003953934778668122
778193,2025-04-24,2025,Washington Nationals,Baltimore Orioles,2025-04-24T17:00:00+00:00,0,0.36,98,62,2,2,0.4936488190178762,0.49609178272624144,0.5216284987277354,0.24368915651774392,0.24610705688850035,0.27209629068495106,0.002417900370756426
778194,2025-04-24,2025,San Francisco Giants,Milwaukee Brewers,2025-04-24T17:00:00+00:00,1,-0.11,161,172,3,3,0.5372717383441833,0.5356981950303792,0.57,0.21411744413501396,0.2155761660980478,0.18490000000000004,0.0014587219630338433
778195,2025-04-24,2025,Kansas City Royals,Colorado Rockies,2025-04-24T17:00:00+00:00,1,0.28,74,46,1,1,0.6351261749658279,0.6387426762439197,0.6367924528301887,0.13313290819506762,0.13050685396740544,0.1319197223211107,-0.0026260542276621834
778196,2025-04-24,2025,Boston Red Sox,Seattle Mariners,2025-04-24T17:00:00+00:00,0,0.76,206,130,3,2,0.4910612090918757,0.49747066382926713,0.6183574879227054,0.24114111107477484,0.24747706137073172,0.3823659828700787,0.006335950295956877
778171,2025-04-25,2025,San Francisco Giants,Texas Rangers,2025-04-25T17:00:00+00:00,0,-0.44,178,222,3,3,0.6090907992181689,0.605525494723929,0.5089058524173028,0.3709916016922277,0.366661124760659,0.2589851666245816,-0.004330476931568739
778172,2025-04-25,2025,San Diego Padres,Tampa Bay Rays,2025-04-25T17:00:00+00:00,0,-0.86,96,182,2,3,0.5029989979292695,0.49999237190724544,0.57,0.2530079919178493,0.24999237196543322,0.32489999999999997,-0.00301561995241606
778175,2025-04-25,2025,Seattle Mariners,Miami Marlins,2025-04-25T17:00:00+00:00,0,0.46,177,131,3,2,0.7070994360746619,0.7074023581644217,0.7201646090534979,0.49998961249710483,0.5004180963365847,0.5186370641331775,0.00042848383947990953
778176,2025-04-25,2025,Los Angeles Dodgers,Pittsburgh Pirates,2025-04-25T17:00:00+00:00,0,0.11,181,170,2,3,0.5380744450173012,0.5452858907683948,0.6613272311212814,0.28952410838067666,0.2973367026710818,0.4373537066225408,0.00781259429040515
778177,2025-04-25,2025,Arizona Diamondbacks,Atlanta Braves,2025-04-25T17:00:00+00:00,0,0.34,217,183,3,2,0.6247439496717715,0.6225935803115621,0.4545454545454545,0.39030500265148493,0.3876227662451695,0.2066115702479338,-0.0026822364063154303
778181,2025-04-25,2025,Colorado Rockies,Cincinnati Reds,2025-04-25T17:00:00+00:00,0,0.9,170,80,3,2,0.49381049467020505,0.49503929324848006,0.47582697201017815,0.2438488046464326,0.24506390185995464,0.22641130729237485,0.0012150972135220317
778182,2025-04-25,2025,Chicago Cubs,Philadelphia Phillies,2025-04-25T17:00:00+00:00,1,-0.52,108,160,2,2,0.5728555296814593,0.5678312021398788,0.597051597051597,0.18245239852370673,0.1867698698438623,0.1623674154386685,0.004317471320155558
778183,2025-04-25,2025,Washington Nationals,New York Mets,2025-04-25T17:00:00+00:00,1,-0.11,135,146,3,2,0.47722982474122533,0.4681072754336063,0.3705463182897863,0.27328865614009,0.28290987044666155,0.39621193741854294,0.009621214306571535
778184,2025-04-25,2025,St. Louis Cardinals,Milwaukee Brewers,2025-04-25T17:00:00+00:00,1,-0.94,106,200,2,3,0.41434864687357,0.4093017148330629,0.547979797979798,0.34298750741881845,0.34892446409916017,0.20432226303438422,0.005936956680341721
778185,2025-04-25,2025,New York Yankees,Toronto Blue Jays,2025-04-25T17:00:00+00:00,0,-0.39,63,102,2,2,0.5837316098067273,0.5801808282034544,0.547979797979798,0.3407425922875534,0.33660979341484626,0.30028185899398024,-0.004132798872707122
778186,2025-04-25,2025,Minnesota Twins,Los Angeles Angels,2025-04-25T17:00:00+00:00,1,-0.66,162,228,3,3,0.6111445200168558,0.6055140090649809,0.6621004566210046,0.15120858431292145,0.155619197043984,0.1141761014157336,0.004410612731062552
778187,2025-04-25,2025,Kansas City Royals,Houston Astros,2025-04-25T17:00:00+00:00,1,1.1,184,74,3,2,0.5624737169235157,0.566714263831993,0.48346055979643765,0.1914292483827239,0.1877365291666518,0.26681299328580954,-0.0036927192160721156
778154,2025-04-26,2025,Seattle Mariners,Miami Marlins,2025-04-26T17:00:00+00:00,1,0.7,191,121,3,2,0.6408708494334558,0.6483983676370547,0.6748878923766817,0.12897374678664755,0.12362370788028773,0.10569788252327612,-0.005350038906359822
778159,2025-04-26,2025,San Francisco Giants,Texas Rangers,2025-04-26T17:00:00+00:00,1,-0.49,155,204,3,3,0.6080397809430105,0.6039754107931982,0.5664160401002506,0.15363281332320322,0.15683547525641614,0.1879950502823475,0.003202661933212919
778160,2025-04-26,2025,San Diego Padres,Tampa Bay Rays,2025-04-26T17:00:00+00:00,0,-0.56,127,183,2,3,0.5708202518409793,0.5653642919282493,0.5603015075376885,0.325835759911799,0.31963678258753075,0.3139377793490064,-0.006198977324268273
778161,2025-04-26,2025,Colorado Rockies,Cincinnati Reds,2025-04-26T17:00:00+00:00,0,0.69,199,130,3,2,0.4241657392435353,0.4287178759553237,0.34642032332563516,0.17991657434801478,0.1837990171636443,0.1200070404130376,0.003882442815629522
778162,2025-04-26,2025,Arizona Diamondbacks,Atlanta Braves,2025-04-26T17:00:00+00:00,0,1.41,260,119,3,2,0.5499387854282896,0.5636063014303451,0.5253807106598984,0.3024326677183423,0.317652063011993,0.27602489113349993,0.015219395293650684
778163,2025-04-26,2025,Los Angeles Dodgers,Pittsburgh Pirates,2025-04-26T17:00:00+00:00,1,0.3,164,134,2,3,0.6087538679007621,0.6122457231067998,0.7121848739495799,0.1530735358826143,0.15035337924896855,0.08283754678341923,-0.0027201566336457483
778164,2025-04-26,2025,St. Louis Cardinals,Milwaukee Brewers,2025-04-26T17:00:00+00:00,1,-1.16,91,207,2,3,0.4827527872283886,0.4698261106216991,0.5785536159600998,0.2675446791200007,0.28108435297851486,0.17761705462030705,0.013539673858514178
778166,2025-04-26,2025,Minnesota Twins,Los Angeles Angels,2025-04-26T17:00:00+00:00,1,-0.23,170,193,3,3,0.6164774308403366,0.6150468203254404,0.5505050505050506,0.14708956105482882,0.14818895054155373,0.20204570962146712,0.0010993894867249165
778167,2025-04-26,2025,Kansas City Royals,Houston Astros,2025-04-26T17:00:00+00:00,1,0.44,123,79,3,2,0.49220257634745673,0.4954241919220643,0.4422110552763819,0.25785822346816056,0.25459674609750177,0.31112850685588755,-0.003261477370658794
778168,2025-04-26,2025,Detroit Tigers,Baltimore Orioles,2025-04-26T17:00:00+00:00,1,-0.33,22,55,1,2,0.5020203256374148,0.5043084097969147,0.5603015075376885,0.24798375607826637,0.24571015259806345,0.19333476427362942,-0.002273603480202918
778169,2025-04-26,2025,Cleveland Guardians,Boston Red Sox,2025-04-26T17:00:00+00:00,0,-0.89,90,179,1,2,0.450127508246769,0.4460348286329988,0.4885496183206107,0.2026147736804451,0.19894706835366863,0.23868072956121442,-0.0036677053267764603
778173,2025-04-26,2025,Washington Nationals,New York Mets,2025-04-26T17:00:00+00:00,0,0.08,139,131,3,2,0.40600296900636845,0.40431443549529505,0.37740384615384615,0.1648384108419862,0.1634701627498791,0.14243366309171596,-0.0013682480921070883
778174,2025-04-26,2025,Chicago Cubs,Philadelphia Phillies,2025-04-26T17:00:00+00:00,0,-0.34,112,146,2,2,0.5803558195394566,0.5772331848324624,0.48469387755102045,0.33681287727331427,0.33319814967182776,0.2349281549354436,-0.0036147276014865115
778179,2025-04-26,2025,Cleveland Guardians,Boston Red Sox,2025-04-26T17:00:00+00:00,1,-0.89,90,179,1,2,0.450127508246769,0.4460348286329988,0.5,0.30235975718690705,0.30687741108767097,0.25,0.004517653900763918
778136,2025-04-27,2025,Seattle Mariners,Miami Marlins,2025-04-27T17:00:00+00:00,1,0.09,186,177,3,2,0.6515063669523772,0.6535791124659084,0.5675,0.12144781227473118,0.12000743131990775,0.18705625,-0.0014403809548234336
778144,2025-04-27,2025,Minnesota Twins,Los Angeles Angels,2025-04-27T17:00:00+00:00,1,-0.78,152,230,3,3,0.6215104719597249,0.6149599107187993,0.6225961538461539,0.14325432283615022,0.14825587035367502,0.14243366309171596,0.005001547517524796
778145,2025-04-27,2025,Los Angeles Dodgers,Pittsburgh Pirates,2025-04-27T17:00:00+00:00,1,-0.15,146,161,2,3,0.6060144852921242,0.6051714444762929,0.7495183044315993,0.1552245857996298,0.15588958825693705,0.06274107981482098,0.0006650024573072455
778146,2025-04-27,2025,San Diego Padres,Tampa Bay Rays,2025-04-27T17:00:00+00:00,0,0.0,137,137,2,3,0.5649314979490584,0.5648899304542895,0.5025510204081632,0.31914759737496695,0.319100633528652,0.2525575281132861,-4.696384631497352e-05
778147,2025-04-27,2025,Arizona Diamondbacks,Atlanta Braves,2025-04-27T17:00:00+00:00,1,1.23,250,127,3,2,0.5463193086199579,0.558174162594465,0.46954314720812185,0.20582616973107298,0.19521007059910228,0.2813844726738643,-0.010616099131970702
778148,2025-04-27,2025,Colorado Rockies,Cincinnati Reds,2025-04-27T17:00:00+00:00,0,1.52,285,133,4,2,0.4248025688239834,0.4375348324066498,0.4133663366336633,0.18045722247945514,0.19143672956911514,0.17087172826193503,0.010979507089660001
778150,2025-04-27,2025,St. Louis Cardinals,Milwaukee Brewers,2025-04-27T17:00:00+00:00,0,-1.03,102,205,2,3,0.4843162748628312,0.4727087260819169,0.5025510204081632,0.23456225409700945,0.22345353971398874,0.2525575281132861,-0.011108714383020718
778151,2025-04-27,2025,San Francisco Giants,Texas Rangers,2025-04-27T17:00:00+00:00,1,-0.26,138,164,3,3,0.6058015157437074,0.6039009472368556,0.5516372795969774,0.15539244498995852,0.15689445959986023,0.20102912904719902,0.0015020146099017084
778152,2025-04-27,2025,Kansas City Royals,Houston Astros,2025-04-27T17:00:00+00:00,0,1.22,155,33,4,2,0.49648391670861025,0.5075873619205938,0.43500000000000005,0.24649627955032224,0.2576449299815079,0.18922500000000006,0.011148650431185653
778153,2025-04-27,2025,Washington Nationals,New York Mets,2025-04-27T17:00:00+00:00,1,0.11,143,132,3,2,0.40559729333665295,0.40419246580073737,0.42750000000000005,0.353314577688713,0.35498661780860546,0.32775625,0.0016720401198924706
778155,2025-04-27,2025,Detroit Tigers,Baltimore Orioles,2025-04-27T17:00:00+00:00,1,-0.6,162,222,2,3,0.5775711204378036,0.5718499917960927,0.6785714285714286,0.17844615828817267,0.18331242952500584,0.10331632653061222,0.0048662712368331695
778156,2025-04-27,2025,New York Yankees,Toronto Blue Jays,2025-04-27T17:00:00+00:00,1,-0.1,54,64,1,1,0.5834274981770252,0.5826999760655159,0.6391509433962265,0.17353264927505233,0.17413930997572097,0.13021204165183337,0.0006066607006686431
778157,2025-04-27,2025,Cleveland Guardians,Boston Red Sox,2025-04-27T17:00:00+00:00,0,-0.25,128,153,2,3,0.5204175119528419,0.5171727779185286,0.47582697201017815,0.27083438674718635,0.26746768221996764,0.22641130729237485,-0.0033667045272187113
778158,2025-04-27,2025,Chicago Cubs,Philadelphia Phillies,2025-04-27T17:00:00+00:00,0,-0.23,146,169,2,2,0.5783864346751538,0.5763057682360552,0.5253807106598984,0.334530867816236,0.33212833850214973,0.27602489113349993,-0.0024025293140862436
778170,2025-04-27,2025,New York Yankees,Toronto Blue Jays,2025-04-27T17:00:00+00:00,1,-0.1,54,64,1,1,0.5834274981770252,0.5826999760655159,0.5945945945945945,0.17353264927505233,0.17413930997572097,0.16435354273192118,0.0006066607006686431
778132,2025-04-28,2025,Los Angeles Dodgers,Miami Marlins,2025-04-28T17:00:00+00:00,1,0.16,275,259,3,3,0.6605253808642808,0.6633388871835639,0.703862660944206,0.1152430170373416,0.1133407048828011,0.08769732358304629,-0.0019023121545405086
778137,2025-04-28,2025,Colorado Rockies,Atlanta Braves,2025-04-28T17:00:00+00:00,0,0.54,230,176,3,3,0.4045071334775015,0.4072397058092927,0.39024390243902446,0.16362602103418522,0.16584417798763926,0.15229030339083885,0.002218156953454037
778138,2025-04-28,2025,Washington Nationals,New York Mets,2025-04-28T17:00:00+00:00,0,-0.17,177,194,3,3,0.4100423054085726,0.40599324955173033,0.3911980440097799,0.16813469222477714,0.16483051868157358,0.15303590963707772,-0.003304173543203559
778139,2025-04-28,2025,Cleveland Guardians,Minnesota Twins,2025-04-28T17:00:00+00:00,0,0.88,226,138,3,3,0.5044180714366164,0.5122374877212824,0.544529262086514,0.2544375907918355,0.26238724382701095,0.2965121172684834,0.007949653035175475
778140,2025-04-28,2025,Baltimore Orioles,New York Yankees,2025-04-28T17:00:00+00:00,1,0.79,230,151,3,3,0.47586501519806085,0.48232646219539793,0.4517766497461929,0.27471748229332904,0.2679858917431327,0.30054884176350843,-0.0067315905501963424
778141,2025-04-28,2025,Cincinnati Reds,St. Louis Cardinals,2025-04-28T17:00:00+00:00,1,0.25,171,146,3,3,0.5596776285762497,0.5620213774770405,0.526854219948849,0.1938837907762351,0.19182527378710904,0.2238669291802122,-0.002058516989126069
778142,2025-04-28,2025,Houston Astros,Detroit Tigers,2025-04-28T17:00:00+00:00,1,-1.21,82,203,3,3,0.5519906889468754,0.539724565593194,0.5140664961636828,0.20071234279029534,0.21185347551837394,0.23613137015064006,0.011141132728078595
778120,2025-04-29,2025,Colorado Rockies,Atlanta Braves,2025-04-29T17:00:00+00:00,0,0.74,227,153,3,3,0.40214511830420924,0.40676827932409576,0.3568075117370892,0.16172069617590645,0.1654604330642856,0.12731160043201303,0.0037397368883791415
778121,2025-04-29,2025,Seattle Mariners,Los Angeles Angels,2025-04-29T17:00:00+00:00,1,-0.45,104,149,2,2,0.657011191289246,0.6542751167611381,0.6440281030444964,0.11764132290082219,0.11952569489052467,0.12671599142209966,0.0018843719897024824
778123,2025-04-29,2025,Los Angeles Dodgers,Miami Marlins,2025-04-29T17:00:00+00:00,1,-0.41,257,298,3,3,0.661203772751186,0.6589098075636379,0.6408450704225352,0.11478288359803,0.1163425193762745,0.12899226343979367,0.0015596357782445003
778124,2025-04-29,2025,Houston Astros,Detroit Tigers,2025-04-29T17:00:00+00:00,1,-1.34,110,244,3,4,0.5485125826164227,0.5348806229504979,0.5241730279898218,0.20384088805569256,0.2163360349069169,0.2264113072923749,0.012495146851224354
778125,2025-04-29,2025,Chicago White Sox,Milwaukee Brewers,2025-04-29T17:00:00+00:00,0,0.78,197,119,2,2,0.3838996618098262,0.3885457812834635,0.3114035087719298,0.14737895033769893,0.15096782415317705,0.09697214527546935,0.003588873815478122
778126,2025-04-29,2025,San Diego Padres,San Francisco Giants,2025-04-29T17:00:00+00:00,1,0.59,146,87,2,2,0.5219309783962207,0.527108942291097,0.46700507614213205,0.2285499894171948,0.22362595246104508,0.28408358885825447,-0.004924036956149708
778127,2025-04-29,2025,Toronto Blue Jays,Boston Red Sox,2025-04-29T17:00:00+00:00,0,0.24,151,127,2,3,0.5127120644772252,0.5142502696532671,0.4483627204030227,0.2628736610604983,0.264453339838458,0.20102912904719913,0.00157967877795967
778128,2025-04-29,2025,Tampa Bay Rays,Kansas City Royals,2025-04-29T17:00:00+00:00,0,0.08,97,89,2,2,0.5233336037690555,0.5234360939022165,0.5831265508684863,0.27387806083390676,0.27398534439961,0.34003657432777734,0.00010728356570322006
778129,2025-04-29,2025,Cleveland Guardians,Minnesota Twins,2025-04-29T17:00:00+00:00,1,2.58,356,98,4,3,0.4998583805276204,0.5246214177775881,0.5516372795969774,0.25014163952845453,0.22598479643579045,0.20102912904719902,-0.024156843092664082
778130,2025-04-29,2025,New York Mets,Arizona Diamondbacks,2025-04-29T17:00:00+00:00,1,0.95,223,128,3,2,0.6268548146708024,0.630455925855267,0.5664160401002506,0.13923732933436123,0.13656282273548792,0.1879950502823475,-0.0026745065988733052
778131,2025-04-29,2025,Philadelphia Phillies,Washington Nationals,2025-04-29T17:00:00+00:00,1,-1.32,109,241,2,3,0.5284930582306451,0.5212950732479795,0.6309523809523809,0.22231879613668987,0.22915840689665729,0.13619614512471656,0.006839610759967418
778133,2025-04-29,2025,Baltimore Orioles,New York Yankees,2025-04-29T17:00:00+00:00,0,1.33,297,164,4,3,0.4767347724953606,0.4886167730959889,0.42039800995024873,0.22727604330620324,0.2387463509507371,0.17673448677012943,0.011470307644533856
778135,2025-04-29,2025,Pittsburgh Pirates,Chicago Cubs,2025-04-29T17:00:00+00:00,0,0.09,143,134,2,2,0.4420708417704135,0.44101225200025174,0.43859649122807015,0.19542662914360198,0.19449180641433353,0.1923668821175746,-0.000934822729268453
778102,2025-04-30,2025,Colorado Rockies,Atlanta Braves,2025-04-30T17:00:00+00:00,1,0.53,198,145,3,3,0.3996406892130848,0.40219005919959205,0.2951167728237792,0.3604313020485398,0.35737672531978726,0.4968603639543638,-0.003054576728752534
778104,2025-04-30,2025,Seattle Mariners,Los Angeles Angels,2025-04-30T17:00:00+00:00,1,0.23,118,95,2,2,0.6578528709485197,0.661264077962304,0.57356608478803,0.11706465791817029,0.11474202487872805,0.18184588404300966,-0.0023226330394422456
778105,2025-04-30,2025,San Diego Padres,San Francisco Giants,2025-04-30T17:00:00+00:00,1,-0.02,117,119,2,2,0.5232763309871512,0.522378107047532,0.5796019900497512,0.2272654565970722,0.22812267262749883,0.17673448677012948,0.0008572160304266274
778109,2025-04-30,2025,Los Angeles Dodgers,Miami Marlins,2025-04-30T17:00:00+00:00,1,0.22,291,269,3,3,0.6706430134001296,0.6740990613847941,0.7386138613861386,0.10847602462214724,0.10621142179027218,0.06832271345946477,-0.0022646028318750594
778110,2025-04-30,2025,Houston Astros,Detroit Tigers,2025-04-30T17:00:00+00:00,0,0.3,182,152,3,3,0.5503283566750031,0.5530309926001404,0.5329949238578681,0.30286130016060947,0.3058432787762966,0.2840835888582546,0.0029819786156871086
778111,2025-04-30,2025,Chicago White Sox,Milwaukee Brewers,2025-04-30T17:00:00+00:00,0,1.55,256,101,2,2,0.38437115838914765,0.3963861417898631,0.4044117647058823,0.14774118740141523,0.15712197340305345,0.16354887543252591,0.00938078600163822
778112,2025-04-30,2025,Pittsburgh Pirates,Chicago Cubs,2025-04-30T17:00:00+00:00,1,0.32,150,118,2,2,0.43413208268603776,0.4352181854481143,0.4029484029484029,0.3202064998452412,0.31897849804852063,0.3564706095418626,-0.001228001796720557
778113,2025-04-30,2025,Tampa Bay Rays,Kansas City Royals,2025-04-30T17:00:00+00:00,0,-0.2,88,108,2,2,0.5155571236496493,0.5127348462544223,0.6125907990314771,0.2657991477458998,0.26289702256354613,0.37526748705802354,-0.0029021251823536653
778114,2025-04-30,2025,Toronto Blue Jays,Boston Red Sox,2025-04-30T17:00:00+00:00,1,1.85,253,68,3,2,0.5068050983082939,0.5243639096200476,0.4885496183206107,0.24324121105469165,0.2262296904719262,0.261581492919993,-0.01701152058276545
778115,2025-04-30,2025,Baltimore Orioles,New York Yankees,2025-04-30T17:00:00+00:00,1,0.3,230,200,3,4,0.46754228480158905,0.468969290764512,0.5190839694656489,0.28351121847431204,0.28199361415114543,0.23128022842491688,-0.0015176043231666103
778116,2025-04-30,2025,Cleveland Guardians,Minnesota Twins,2025-04-30T17:00:00+00:00,1,1.7,263,93,3,3,0.4997573427215631,0.5157166816146285,0.4494949494949495,0.25024271616099164,0.23453033246634714,0.3030558106315682,-0.015712383694644505
778117,2025-04-30,2025,New York Mets,Arizona Diamondbacks,2025-04-30T17:00:00+00:00,0,0.88,213,125,3,2,0.5623450309373293,0.570923133048099,0.5025510204081632,0.3162319338199059,0.3259532238494574,0.2525575281132861,0.009721290029551521
778118,2025-04-30,2025,Philadelphia Phillies,Washington Nationals,2025-04-30T17:00:00+00:00,1,-1.34,92,226,2,3,0.5985016378248309,0.5860146302480006,0.6666666666666666,0.16120093482934325,0.17138388636869967,0.11111111111111113,0.010182951539356416
778119,2025-04-30,2025,Cincinnati Reds,St. Louis Cardinals,2025-04-30T17:00:00+00:00,0,-0.02,73,75,2,2,0.5606405385390479,0.5603341925140155,0.4973821989528796,0.3143178134533537,0.31397440730033377,0.2473890518352019,-0.0003434061530199206
778094,2025-05-01,2025,Chicago White Sox,Milwaukee Brewers,2025-05-01T17:00:00+00:00,1,0.8,214,134,2,2,0.38445363156958284,0.38930147648002866,0.4088669950738916,0.3788973316878749,0.372952686629473,0.3494382295129704,-0.005944645058401921
778095,2025-05-01,2025,Toronto Blue Jays,Boston Red Sox,2025-05-01T17:00:00+00:00,1,1.6,242,82,2,2,0.5110673856663663,0.5261848551332159,0.49234693877551017,0.23905510135912175,0.2245007915051316,0.2577116305705956,-0.014554309853990144
778097,2025-05-01,2025,Tampa Bay Rays,Kansas City Royals,2025-05-01T17:00:00+00:00,0,-0.04,98,102,2,2,0.5111369918266137,0.5098468543665191,0.6039119804400979,0.2612610244135597,0.25994381490743457,0.36470968011908117,-0.0013172095061251277
778098,2025-05-01,2025,San Francisco Giants,Colorado Rockies,2025-05-01T17:00:00+00:00,0,-0.63,110,173,2,3,0.6690257377650992,0.6649186043738401,0.6995708154506437,0.4475954377921353,0.4421167504424553,0.48939932583027856,-0.005478687349679989
778099,2025-05-01,2025,Philadelphia Phillies,Washington Nationals,2025-05-01T17:00:00+00:00,0,-0.76,107,183,2,3,0.602016571687886,0.5952318722305692,0.6048780487804878,0.36242395258683563,0.3543009817191086,0.3658774538964902,-0.008122970867727008
778101,2025-05-01,2025,Los Angeles Angels,Detroit Tigers,2025-05-01T17:00:00+00:00,0,-1.09,89,198,2,3,0.4076354283184523,0.39471412132970085,0.4545454545454545,0.16616664242036805,0.1557992375770778,0.2066115702479338,-0.01036740484329024
778103,2025-05-01,2025,New York Mets,Arizona Diamondbacks,2025-05-01T17:00:00+00:00,0,1.19,263,144,3,2,0.560665613334223,0.5722689912165972,0.5925925925925927,0.31434592997544053,0.32749179830806185,0.3511659807956105,0.013145868332621324
778108,2025-05-01,2025,Cleveland Guardians,Minnesota Twins,2025-05-01T17:00:00+00:00,1,1.11,214,103,3,3,0.5034286002872681,0.5135360132709534,0.47959183673469385,0.24658315501266176,0.236647210384318,0.27082465639316955,-0.009935944628343768
778079,2025-05-02,2025,Chicago White Sox,Houston Astros,2025-05-02T17:00:00+00:00,1,0.97,243,146,3,2,0.4425939602333501,0.4437041677954715,0.31567328918322296,0.31070149316834,0.3094650529281289,0.4683030471373087,-0.0012364402402110786
778080,2025-05-02,2025,Milwaukee Brewers,Chicago Cubs,2025-05-02T17:00:00+00:00,0,0.18,183,165,3,3,0.5142079527456701,0.5151687265273833,0.4783715012722647,0.2644098186668933,0.26539881679184585,0.22883929322948032,0.000988998124952567
778081,2025-05-02,2025,Toronto Blue Jays,Cleveland Guardians,2025-05-02T17:00:00+00:00,1,0.75,260,185,3,3,0.5419927478720344,0.5490425827528296,0.5901234567901236,0.2097706430018098,0.20336259217023855,0.1679987806736777,-0.006408050831571255
778082,2025-05-02,2025,San Francisco Giants,Colorado Rockies,2025-05-02T17:00:00+00:00,1,0.2,151,131,3,3,0.668289524511464,0.6715447047562154,0.7094736842105264,0.11003183954883068,0.1078828809736817,0.08440554016620495,-0.0021489585751489765
778083,2025-05-02,2025,Texas Rangers,Seattle Mariners,2025-05-02T17:00:00+00:00,0,0.7,167,97,3,2,0.5255723125400397,0.5252955954472538,0.4872448979591837,0.27622625570868514,0.27593546259628493,0.23740759058725533,-0.00029079311240021166
778084,2025-05-02,2025,St. Louis Cardinals,New York Mets,2025-05-02T17:00:00+00:00,0,-0.56,214,270,3,3,0.45728079604773253,0.449998858156812,0.48346055979643765,0.20910572643404796,0.2024989723424346,0.23373411287868487,-0.006606754091613348
778085,2025-05-02,2025,Los Angeles Angels,Detroit Tigers,2025-05-02T17:00:00+00:00,0,-0.11,180,191,3,3,0.40390478267562935,0.40035688285224125,0.3681710213776722,0.16313907346824738,0.16028563364716322,0.13554990098227837,-0.0028534398210841583
778086,2025-05-02,2025,Philadelphia Phillies,Arizona Diamondbacks,2025-05-02T17:00:00+00:00,1,-0.47,152,199,3,3,0.4905953126175046,0.4846785166213013,0.5796019900497512,0.2594931355272578,0.26555623123162253,0.17673448677012948,0.0060630957043647515
778087,2025-05-02,2025,Cincinnati Reds,Washington Nationals,2025-05-02T17:00:00+00:00,1,0.56,191,135,3,3,0.5960176289472647,0.6018480703881012,0.6235011990407675,0.16320175612138987,0.15852495905367844,0.14175134712373977,-0.00467679706771143
778088,2025-05-02,2025,New York Yankees,Tampa Bay Rays,2025-05-02T17:00:00+00:00,1,-0.59,105,164,2,3,0.5038830146611613,0.5035953801826254,0.6921397379912664,0.24613206314169753,0.2464175465760322,0.09477794092408612,0.0002854834343346824
778089,2025-05-02,2025,Boston Red Sox,Minnesota Twins,2025-05-02T17:00:00+00:00,1,-0.52,111,163,3,3,0.520608163197064,0.5146641147145555,0.5,0.2298165331932928,0.23555092154580612,0.25,0.005734388352513331
778090,2025-05-02,2025,Pittsburgh Pirates,San Diego Padres,2025-05-02T17:00:00+00:00,0,0.94,205,111,3,2,0.5190175865313041,0.5210387095755231,0.4158415841584158,0.2693792551287798,0.2714813368761263,0.17292422311538083,0.002102081747346496
778092,2025-05-02,2025,Atlanta Braves,Los Angeles Dodgers,2025-05-02T17:00:00+00:00,0,-1.08,63,171,2,2,0.5130893297472263,0.5014122494804701,0.38164251207729477,0.2632606603004579,0.25141424392906525,0.14565100702466807,-0.011846416371392665
778093,2025-05-02,2025,Baltimore Orioles,Kansas City Royals,2025-05-02T17:00:00+00:00,1,0.59,198,139,2,3,0.40700787319896353,0.41669834551520374,0.57,0.3516396624480166,0.3402408201247006,0.18490000000000004,-0.011398842323316005
778064,2025-05-03,2025,Toronto Blue Jays,Cleveland Guardians,2025-05-03T17:00:00+00:00,0,0.26,218,192,3,3,0.5493486063862331,0.5516405591706957,0.5876543209876544,0.3017838913384964,0.30430730652215776,0.3453376009754611,0.002523415183661337
778065,2025-05-03,2025,Pittsburgh Pirates,San Diego Padres,2025-05-03T17:00:00+00:00,0,0.68,211,143,3,2,0.44936088393943735,0.4542683424737117,0.5392405063291139,0.2019252040148325,0.20635972697381338,0.29078032366607914,0.004434522958980891
778066,2025-05-03,2025,Chicago White Sox,Houston Astros,2025-05-03T17:00:00+00:00,0,0.09,138,129,3,2,0.37993223680237154,0.37797499096203985,0.3251121076233184,0.14434850456165332,0.1428650937927541,0.10569788252327615,-0.0014834107688992126
778067,2025-05-03,2025,Los Angeles Angels,Detroit Tigers,2025-05-03T17:00:00+00:00,1,0.41,206,165,3,3,0.39559114558286373,0.396916644022582,0.3608490566037736,0.36531006329783494,0.3637095342569851,0.40851392844428613,-0.0016005290408498407
778069,2025-05-03,2025,San Francisco Giants,Colorado Rockies,2025-05-03T17:00:00+00:00,1,0.18,118,100,3,3,0.6729988660496332,0.6761277816848831,0.71900826446281,0.10692974160482573,0.10489321379635476,0.07895635544020214,-0.002036527808470967
778070,2025-05-03,2025,Texas Rangers,Seattle Mariners,2025-05-03T17:00:00+00:00,0,1.13,194,81,3,2,0.4481192872989264,0.45747734229042214,0.4520202020202021,0.20081089564929774,0.20928551870910805,0.2043222630343843,0.00847462305981031
778071,2025-05-03,2025,Milwaukee Brewers,Chicago Cubs,2025-05-03T17:00:00+00:00,0,1.25,285,160,3,3,0.5024168776164181,0.5139108219761194,0.49489795918367346,0.25242271891383083,0.26410433294417063,0.24492399000416493,0.011681614030339793
778072,2025-05-03,2025,Baltimore Orioles,Kansas City Royals,2025-05-03T17:00:00+00:00,0,0.0,109,109,2,3,0.47868249000743146,0.477287097304881,0.5076530612244898,0.2291369262397147,0.22780297325371895,0.2577116305705956,-0.0013339529859957566
778073,2025-05-03,2025,Boston Red Sox,Minnesota Twins,2025-05-03T17:00:00+00:00,0,-0.49,114,163,3,3,0.5252663240566614,0.5196997693628389,0.5241730279898218,0.27590471118799764,0.27008785027578797,0.2747573632720185,-0.005816860912209676
778074,2025-05-03,2025,New York Yankees,Tampa Bay Rays,2025-05-03T17:00:00+00:00,0,-0.94,88,182,2,3,0.5794626247927624,0.5704422491642294,0.6613272311212814,0.3357769335317178,0.32540435963154474,0.4373537066225408,-0.010372573900173043
778076,2025-05-03,2025,Atlanta Braves,Los Angeles Dodgers,2025-05-03T17:00:00+00:00,0,-0.57,55,112,2,2,0.5179586017647247,0.5114703064562968,0.5279187817258882,0.2682811131420687,0.2616018743864981,0.27869824009894606,-0.006679238755570582
778077,2025-05-03,2025,Cincinnati Reds,Washington Nationals,2025-05-03T17:00:00+00:00,0,0.92,242,150,4,3,0.5952824705178497,0.604559286590439,0.635933806146572,0.35436121970583456,0.3654919310027406,0.40441180580006586,0.011130711296906015
778078,2025-05-03,2025,Philadelphia Phillies,Arizona Diamondbacks,2025-05-03T17:00:00+00:00,1,-0.5,126,176,3,3,0.48961182355147176,0.48337999542230015,0.5267175572519084,0.2604960906584541,0.2668962291298626,0.2239962706136006,0.006400138471408523
778048,2025-05-04,2025,San Francisco Giants,Colorado Rockies,2025-05-04T17:00:00+00:00,1,0.18,124,106,3,3,0.6751009717133492,0.6782520689624765,0.7607476635514019,0.10555937858160995,0.10352173112692699,0.05724168049611319,-0.0020376474546829615
778050,2025-05-04,2025,Los Angeles Angels,Detroit Tigers,2025-05-04T17:00:00+00:00,0,0.73,178,105,3,3,0.39972768927136654,0.40420739871489886,0.3840579710144928,0.15978222557022617,0.16338362117586522,0.147500525099769,0.003601395605639046
778051,2025-05-04,2025,Pittsburgh Pirates,San Diego Padres,2025-05-04T17:00:00+00:00,0,0.53,177,124,3,2,0.45237814197521664,0.4558469743910684,0.5051020408163266,0.20464598333694928,0.20779646406149138,0.25512807163681805,0.003150480724542104
778052,2025-05-04,2025,Texas Rangers,Seattle Mariners,2025-05-04T17:00:00+00:00,1,1.08,193,85,3,2,0.44847397154140045,0.45734150560626685,0.6192771084337348,0.304180960067316,0.2944782415376733,0.1449499201625781,-0.009702718529642662
778053,2025-05-04,2025,St. Louis Cardinals,New York Mets,2025-05-04T17:00:00+00:00,1,0.6,179,119,2,2,0.4526503491993597,0.4568198225604289,0.47328244274809167,0.2995916402315829,0.29504470516328385,0.2774313851174173,-0.004546935068299063
778054,2025-05-04,2025,Milwaukee Brewers,Chicago Cubs,2025-05-04T17:00:00+00:00,1,1.07,255,148,3,3,0.49918104149647885,0.5088235476704215,0.4885496183206107,0.2508196291965517,0.2412543073230707,0.261581492919993,-0.009565321873480997
778055,2025-05-04,2025,Chicago White Sox,Houston Astros,2025-05-04T17:00:00+00:00,1,0.44,146,102,3,2,0.3797676926182581,0.38111109144281696,0.39608801955990225,0.3846881151200796,0.38302348113510126,0.364709680119081,-0.0016646339849783476
778056,2025-05-04,2025,Toronto Blue Jays,Cleveland Guardians,2025-05-04T17:00:00+00:00,0,-0.61,147,208,3,3,0.5499135440192063,0.5435773302525625,0.49109414758269715,0.3024049058957636,0.2954763139645034,0.24117346178997592,-0.006928591931260164
778057,2025-05-04,2025,New York Yankees,Tampa Bay Rays,2025-05-04T17:00:00+00:00,0,-0.34,118,152,2,3,0.5767366416580821,0.5735500442484841,0.6029411764705883,0.332625153831043,0.3289596532574381,0.36353806228373714,-0.0036655005736049295
778058,2025-05-04,2025,Cincinnati Reds,Washington Nationals,2025-05-04T17:00:00+00:00,0,0.16,196,180,3,3,0.5889310330840746,0.5908137572216692,0.5038363171355499,0.34683976172947534,0.34906089572238547,0.2538510344647144,0.0022211339929101293
778059,2025-05-04,2025,Philadelphia Phillies,Arizona Diamondbacks,2025-05-04T17:00:00+00:00,0,-0.24,128,152,3,3,0.4913558043687149,0.48775322269916044,0.5841584158415841,0.24143052648682684,0.2379032062534168,0.3412410547985491,-0.0035273202334100417
778060,2025-05-04,2025,Atlanta Braves,Los Angeles Dodgers,2025-05-04T17:00:00+00:00,1,0.13,138,125,2,2,0.5116638012221467,0.5120843651050464,0.4582278481012658,0.23847224303680303,0.23806166677494567,0.2935170645729851,-0.00041057626185736495
778062,2025-05-04,2025,Baltimore Orioles,Kansas City Royals,2025-05-04T17:00:00+00:00,0,-0.34,80,114,2,3,0.4777052389026181,0.47289709277328457,0.5577889447236182,0.22820229527500746,0.22363166035342452,0.31112850685588755,-0.004570634921582939
778063,2025-05-04,2025,Boston Red Sox,Minnesota Twins,2025-05-04T17:00:00+00:00,0,-0.64,110,174,3,3,0.5251027084980936,0.5180326737067484,0.6391509433962265,0.2757328544720339,0.2683578510277625,0.4085139284442863,-0.0073750034442713885
778068,2025-05-04,2025,St. Louis Cardinals,New York Mets,2025-05-04T17:00:00+00:00,1,0.6,179,119,2,2,0.4526503491993597,0.4568198225604289,0.42999999999999994,0.2995916402315829,0.29504470516328385,0.3249000000000001,-0.004546935068299063
778036,2025-05-05,2025,St. Louis Cardinals,Pittsburgh Pirates,2025-05-05T17:00:00+00:00,1,0.66,235,169,3,3,0.5753600945264024,0.5819301843334037,0.5505050505050506,0.18031904932062595,0.1747823707715018,0.20204570962146712,-0.005536678549124152
778039,2025-05-05,2025,Arizona Diamondbacks,New York Mets,2025-05-05T17:00:00+00:00,0,0.25,179,154,3,3,0.5222394265422544,0.5240244091157316,0.5190839694656489,0.27273401863518276,0.27460158134909163,0.26944816735621474,0.0018675627139088657
778042,2025-05-05,2025,Milwaukee Brewers,Houston Astros,2025-05-05T17:00:00+00:00,1,0.91,256,165,3,3,0.5178003369032976,0.5261159516458881,0.5076530612244898,0.23251651509057328,0.22456609128448227,0.24240550812161596,-0.007950423806091012
778043,2025-05-05,2025,Kansas City Royals,Chicago White Sox,2025-05-05T17:00:00+00:00,1,-0.19,129,148,3,3,0.6591002547619361,0.6587511415652466,0.6666666666666666,0.11621263630337686,0.11645078338302235,0.11111111111111113,0.00023814707964549264
778044,2025-05-05,2025,Chicago Cubs,San Francisco Giants,2025-05-05T17:00:00+00:00,1,0.16,139,123,3,3,0.546419062712349,0.5476752235477769,0.6092233009708737,0.20573566667074403,0.20459770339255362,0.15270642850410032,-0.001137963278190407
778045,2025-05-05,2025,New York Yankees,San Diego Padres,2025-05-05T17:00:00+00:00,0,0.13,196,183,3,3,0.5383948942961646,0.5392301422860718,0.5831265508684863,0.28986906220417824,0.29076914634985723,0.34003657432777734,0.0009000841456789921
778047,2025-05-05,2025,Miami Marlins,Los Angeles Dodgers,2025-05-05T17:00:00+00:00,0,0.2,182,162,3,3,0.380696902591949,0.37978792264953243,0.34642032332563516,0.1449301316431039,0.14423886619044723,0.1200070404130376,-0.0006912654526566586
778049,2025-05-05,2025,Atlanta Braves,Cincinnati Reds,2025-05-05T17:00:00+00:00,1,0.12,209,197,3,3,0.5673675344024186,0.5685442139630105,0.57,0.18717085028904246,0.18615409530479649,0.18490000000000004,-0.001016754984245971
778025,2025-05-06,2025,Los Angeles Angels,Toronto Blue Jays,2025-05-06T17:00:00+00:00,1,-0.59,109,168,2,2,0.4509395299816554,0.443280476331763,0.4821428571428572,0.30146739973676545,0.3099366280333887,0.2681760204081632,0.008469228296623221
778026,2025-05-06,2025,Washington Nationals,Cleveland Guardians,2025-05-06T17:00:00+00:00,1,-0.3,103,133,2,2,0.5133067900455717,0.5094470974984359,0.4746192893401016,0.23687028061574525,0.2406421501527091,0.27602489113349993,0.0037718695369638455
778027,2025-05-06,2025,Chicago Cubs,San Francisco Giants,2025-05-06T17:00:00+00:00,0,-0.29,126,155,3,3,0.5534181005199728,0.5503212030058886,0.5876543209876544,0.3062715939831347,0.30285342647784846,0.3453376009754611,-0.0034181675052862293
778028,2025-05-06,2025,Minnesota Twins,Baltimore Orioles,2025-05-06T17:00:00+00:00,1,-0.53,94,147,2,2,0.5752311689264614,0.5701528675917905,0.6125907990314771,0.18042855985158035,0.1847685572395608,0.1500858889950694,0.004339997387980438
778030,2025-05-06,2025,St. Louis Cardinals,Pittsburgh Pirates,2025-05-06T17:00:00+00:00,1,0.67,222,155,3,3,0.5737323743531939,0.5803815013598441,0.4872448979591837,0.1817040886745656,0.1760796844010185,0.2629177946688879,-0.005624404273547101
778031,2025-05-06,2025,Milwaukee Brewers,Houston Astros,2025-05-06T17:00:00+00:00,1,0.24,173,149,3,3,0.5243286631237545,0.5260456837004732,0.530456852791878,0.22626322072563465,0.22463269393895188,0.2204707670901081,-0.0016305267866827677
778032,2025-05-06,2025,Arizona Diamondbacks,New York Mets,2025-05-06T17:00:00+00:00,1,0.33,221,188,3,3,0.515802320783748,0.5182888768480135,0.5089058524173028,0.2344473925584045,0.2320456061683483,0.24117346178997598,-0.0024017863900561987
778033,2025-05-06,2025,Kansas City Royals,Chicago White Sox,2025-05-06T17:00:00+00:00,1,-0.01,154,155,3,3,0.6648942068278008,0.6662443444343602,0.6666666666666666,0.11229589261756877,0.11139283762204999,0.11111111111111113,-0.0009030549955187789
778034,2025-05-06,2025,Atlanta Braves,Cincinnati Reds,2025-05-06T17:00:00+00:00,1,0.08,187,179,3,3,0.5722162139648946,0.5730731853548886,0.6628701594533031,0.1829989675945288,0.1822665050630213,0.1136565293870413,-0.000732462531507494
778035,2025-05-06,2025,Miami Marlins,Los Angeles Dodgers,2025-05-06T17:00:00+00:00,1,-0.65,175,240,3,3,0.3807690789704316,0.37187001937081005,0.29637526652452023,0.3834469335591275,0.3945472725652266,0.49508776555843986,0.01110033900609908
778037,2025-05-06,2025,Boston Red Sox,Texas Rangers,2025-05-06T17:00:00+00:00,0,0.1,114,104,2,2,0.572683348812765,0.5737434241355458,0.4783715012722647,0.327966218007403,0.3291815167387808,0.22883929322948032,0.001215298731377823
778040,2025-05-06,2025,Tampa Bay Rays,Philadelphia Phillies,2025-05-06T17:00:00+00:00,0,-0.53,100,153,2,2,0.5279197929555955,0.521997645244353,0.4619289340101523,0.27869930779427887,0.2724815416406494,0.21337834007575562,-0.006217766153629456
778041,2025-05-06,2025,New York Yankees,San Diego Padres,2025-05-06T17:00:00+00:00,1,0.68,226,158,3,3,0.5452875114900327,0.5516861658578158,0.5102040816326531,0.2067634472069271,0.20098529388326583,0.23990004164931278,-0.0057781533236612725
778046,2025-05-06,2025,Washington Nationals,Cleveland Guardians,2025-05-06T17:00:00+00:00,0,-0.3,103,133,2,2,0.5133067900455717,0.5094470974984359,0.49234693877551017,0.2634838607068886,0.2595363451495808,0.24240550812161596,-0.0039475155573078236
778009,2025-05-07,2025,Los Angeles Angels,Toronto Blue Jays,2025-05-07T17:00:00+00:00,1,-0.44,129,173,2,2,0.45770314917931104,0.45161742326774845,0.4582278481012658,0.29408587441003653,0.30072345046350374,0.2935170645729851,0.006637576053467209
778011,2025-05-07,2025,Minnesota Twins,Baltimore Orioles,2025-05-07T17:00:00+00:00,1,-0.49,99,148,2,2,0.5859091992640324,0.5814228131238374,0.5541561712846348,0.17147119125415483,0.17520686137316197,0.1987767196035759,0.003735670119007134
778012,2025-05-07,2025,Kansas City Royals,Chicago White Sox,2025-05-07T17:00:00+00:00,1,-0.03,134,137,3,3,0.6667126316103129,0.6679097017719752,0.6666666666666666,0.111080469928123,0.11028396617717846,0.11111111111111113,-0.0007965037509445327
778013,2025-05-07,2025,Colorado Rockies,Detroit Tigers,2025-05-07T17:00:00+00:00,0,0.2,74,54,1,1,0.3891722418254703,0.38838879096098183,0.39077669902912626,0.1514550338074623,0.15084585294413325,0.15270642850410032,-0.0006091808633290619
778014,2025-05-07,2025,Arizona Diamondbacks,New York Mets,2025-05-07T17:00:00+00:00,0,-0.19,208,227,3,4,0.5187759431448847,0.5161052849329623,0.4619289340101523,0.2691284791858647,0.26636466513573415,0.21337834007575562,-0.002763814050130542
778015,2025-05-07,2025,Milwaukee Brewers,Houston Astros,2025-05-07T17:00:00+00:00,0,-0.24,148,172,3,3,0.52314521384155,0.5200446446570444,0.45088161209068006,0.2736809147653211,0.27044643243647154,0.20329422812149048,-0.0032344823288495417
778016,2025-05-07,2025,St. Louis Cardinals,Pittsburgh Pirates,2025-05-07T17:00:00+00:00,1,0.9,246,156,4,3,0.5755469230130569,0.5844570065774565,0.6225961538461539,0.18016041456368387,0.17267597938256804,0.14243366309171596,-0.007484435181115828
778017,2025-05-07,2025,Miami Marlins,Los Angeles Dodgers,2025-05-07T17:00:00+00:00,0,-0.28,214,242,3,3,0.38486002379623824,0.37947236356736946,0.31567328918322296,0.14811723791644107,0.14399927471140583,0.09964962550375471,-0.004117963205035241
778018,2025-05-07,2025,Boston Red Sox,Texas Rangers,2025-05-07T17:00:00+00:00,1,0.8,165,85,2,2,0.5637877841026327,0.5715966591232521,0.5468354430379747,0.19028109729809134,0.18352942247435908,0.20535811568658865,-0.006751674823732262
778019,2025-05-07,2025,New York Yankees,San Diego Padres,2025-05-07T17:00:00+00:00,1,0.11,174,163,3,3,0.5567465484017217,0.557664177865463,0.6276849642004773,0.19647362235378726,0.19566097954343678,0.1386184858823999,-0.0008126428103504835
778020,2025-05-07,2025,Chicago Cubs,San Francisco Giants,2025-05-07T17:00:00+00:00,0,0.04,194,190,3,3,0.5475345753074321,0.5476165229941217,0.5935960591133005,0.29979411115709004,0.29988385625617137,0.35235628139484093,8.974509908132866e-05
778021,2025-05-07,2025,Tampa Bay Rays,Philadelphia Phillies,2025-05-07T17:00:00+00:00,0,0.1,163,153,2,2,0.5227818062068631,0.5230756308024243,0.43609022556390975,0.2733008169009102,0.27360811553935405,0.19017468483238167,0.00030729863844386474
778023,2025-05-07,2025,Atlanta Braves,Cincinnati Reds,2025-05-07T17:00:00+00:00,0,-0.22,146,168,3,3,0.5738915472716327,0.5718327127782232,0.5216284987277354,0.32935150802982865,0.32699265140330197,0.27209629068495106,-0.002358856626526684
777999,2025-05-08,2025,Arizona Diamondbacks,Los Angeles Dodgers,2025-05-08T17:00:00+00:00,1,-0.6,187,247,3,3,0.525288261720805,0.5186215850746391,0.4239401496259351,0.22535123446005492,0.23172517835605294,0.33184495121298996,0.006373943895998019
778000,2025-05-08,2025,Los Angeles Angels,Toronto Blue Jays,2025-05-08T17:00:00+00:00,0,-0.28,92,120,2,2,0.4640501331265315,0.4596427295657121,0.4531645569620253,0.2153425260547516,0.21127143884261837,0.20535811568658865,-0.004071087212133229
778003,2025-05-08,2025,Atlanta Braves,Cincinnati Reds,2025-05-08T17:00:00+00:00,1,-0.83,126,209,3,3,0.5757178635767531,0.5677004673932792,0.6456876456876457,0.18001533128787467,0.1868828858919893,0.12553724441836328,0.006867554604114617
778004,2025-05-08,2025,Colorado Rockies,Detroit Tigers,2025-05-08T17:00:00+00:00,0,0.11,104,93,1,1,0.39082511561291317,0.38920853868972577,0.39608801955990225,0.15274427099384694,0.15148328658899177,0.1568857192388855,-0.00126098440485517
778005,2025-05-08,2025,Tampa Bay Rays,Philadelphia Phillies,2025-05-08T17:00:00+00:00,0,0.87,182,95,2,2,0.5115119963472127,0.5193369902776122,0.41687344913151364,0.2616445224071109,0.2697109094706086,0.17378347259080468,0.008066387063497715
778006,2025-05-08,2025,Boston Red Sox,Texas Rangers,2025-05-08T17:00:00+00:00,1,0.77,161,84,2,2,0.5650829111798383,0.572612129314741,0.5866336633663367,0.1891528741478044,0.18266039200887965,0.17087172826193503,-0.0064924821389247545
778007,2025-05-08,2025,Minnesota Twins,Baltimore Orioles,2025-05-08T17:00:00+00:00,1,0.23,128,105,2,2,0.5888744707739124,0.5914344515796469,0.6048780487804878,0.1690242007814306,0.1669258073560239,0.15612135633551458,-0.002098393425406714
778008,2025-05-08,2025,Kansas City Royals,Chicago White Sox,2025-05-08T17:00:00+00:00,1,-0.11,120,131,3,3,0.6659264394663135,0.6664002559124018,0.6921397379912664,0.11160514384765471,0.111288789255311,0.09477794092408612,-0.00031635459234372054
778029,2025-05-08,2025,Colorado Rockies,Detroit Tigers,2025-05-08T17:00:00+00:00,0,0.11,104,93,1,1,0.39082511561291317,0.38920853868972577,0.375,0.15274427099384694,0.15148328658899177,0.140625,-0.00126098440485517
777984,2025-05-09,2025,Seattle Mariners,Toronto Blue Jays,2025-05-09T17:00:00+00:00,0,-0.58,100,158,2,3,0.5248805089382506,0.5250216421876199,0.5577889447236182,0.2754995486632769,0.27564772476538524,0.31112850685588755,0.00014817610210832166
777986,2025-05-09,2025,Los Angeles Angels,Baltimore Orioles,2025-05-09T17:00:00+00:00,0,0.29,175,146,3,3,0.4859102238974599,0.487529796280484,0.4325,0.23610874568807963,0.23768530226129023,0.18705625,0.0015765565732105968
777988,2025-05-09,2025,Arizona Diamondbacks,Los Angeles Dodgers,2025-05-09T17:00:00+00:00,0,0.04,154,150,3,3,0.5250787161988723,0.5248087142297313,0.5216284987277354,0.27570765820505583,0.2754241865314638,0.27209629068495106,-0.0002834716735920506
777989,2025-05-09,2025,Houston Astros,Cincinnati Reds,2025-05-09T17:00:00+00:00,1,-1.75,95,270,2,3,0.5151185329802708,0.5033891195092322,0.6448598130841121,0.23511003705920477,0.2466223666218157,0.1261245523626518,0.011512329562610918
777990,2025-05-09,2025,Kansas City Royals,Boston Red Sox,2025-05-09T17:00:00+00:00,1,-1.15,101,216,3,3,0.5754621883671135,0.5642890820807208,0.47582697201017815,0.18023235350604022,0.18984400399406084,0.2747573632720185,0.009611650488020623
777991,2025-05-09,2025,Chicago White Sox,Miami Marlins,2025-05-09T17:00:00+00:00,1,-0.27,162,189,3,2,0.5888202603569008,0.580085436022537,0.4239401496259351,0.16906877829296682,0.17632824104038283,0.33184495121298996,0.007259462747416012
777992,2025-05-09,2025,Minnesota Twins,San Francisco Giants,2025-05-09T17:00:00+00:00,1,0.4,170,130,3,2,0.5605082874108659,0.5578144433214611,0.4936061381074168,0.19315296543453006,0.19552806653510932,0.2564347433624846,0.0023751011005792577
777993,2025-05-09,2025,Colorado Rockies,San Diego Padres,2025-05-09T17:00:00+00:00,0,1.55,239,84,3,2,0.4730447907106893,0.4804446221376763,0.39853300733496333,0.22377137401851982,0.23082703494101456,0.15882855793544995,0.007055660922494739
777995,2025-05-09,2025,Washington Nationals,St. Louis Cardinals,2025-05-09T17:00:00+00:00,0,1.77,223,46,3,2,0.4804027949805869,0.496755588346707,0.5114503816793893,0.23078684542515981,0.24676611455368305,0.261581492919993,0.015979269128523238
777996,2025-05-09,2025,Detroit Tigers,Texas Rangers,2025-05-09T17:00:00+00:00,1,0.24,157,133,3,3,0.6248135847662303,0.6279363686253766,0.7070063694267517,0.14076484617596668,0.13843134579167163,0.08584526755649313,-0.0023335003842950564
777997,2025-05-09,2025,Cleveland Guardians,Philadelphia Phillies,2025-05-09T17:00:00+00:00,1,0.35,208,173,3,3,0.41853110074574795,0.4261262086991256,0.46954314720812185,0.3381060807999515,0.3293311283420396,0.2813844726738643,-0.008774952457911933
777998,2025-05-09,2025,Pittsburgh Pirates,Atlanta Braves,2025-05-09T17:00:00+00:00,1,-1.29,59,188,2,3,0.36739909390984826,0.35862367226763153,0.42999999999999994,0.400183906386081,0.4113635937754586,0.3249000000000001,0.011179687389377635
778001,2025-05-09,2025,New York Mets,Chicago Cubs,2025-05-09T17:00:00+00:00,1,-1.04,84,188,2,2,0.5365864810188795,0.5257186937014563,0.5760598503740648,0.21475208957446532,0.22494275750425302,0.17972525046486032,0.010190667929787706
778002,2025-05-09,2025,Tampa Bay Rays,Milwaukee Brewers,2025-05-09T17:00:00+00:00,1,1.39,252,113,3,2,0.5608340716634281,0.5679067910654649,0.4746192893401016,0.19286671261172297,0.18670454120734378,0.27602489113349993,-0.006162171404379191
777970,2025-05-10,2025,Seattle Mariners,Toronto Blue Jays,2025-05-10T17:00:00+00:00,0,-0.61,92,153,2,3,0.5900169386175846,0.5844404414485808,0.5516372795969774,0.34811998785566667,0.34157062960061196,0.30430368824115384,-0.006549358255054705
777973,2025-05-10,2025,Los Angeles Angels,Baltimore Orioles,2025-05-10T17:00:00+00:00,1,0.63,206,143,3,3,0.4868590965495153,0.4918988743501968,0.4422110552763819,0.26331358679397965,0.25816675388659704,0.31112850685588755,-0.005146832907382604
777974,2025-05-10,2025,Minnesota Twins,San Francisco Giants,2025-05-10T17:00:00+00:00,1,0.57,133,76,3,2,0.49337383859278944,0.49791640936949405,0.5204081632653061,0.25667006742220494,0.2520879319804214,0.23000832986255726,-0.004582135441783541
777975,2025-05-10,2025,Arizona Diamondbacks,Los Angeles Dodgers,2025-05-10T17:00:00+00:00,1,0.47,221,174,3,3,0.521684763279081,0.5256601435631236,0.47582697201017815,0.2287854656793888,0.22499829940455648,0.2747573632720185,-0.0037871662748323043
777976,2025-05-10,2025,Colorado Rockies,San Diego Padres,2025-05-10T17:00:00+00:00,0,2.22,328,106,4,2,0.39571029047530815,0.41452643799648975,0.3243847874720358,0.15658663398805275,0.17183216779805766,0.10522549034327784,0.015245533810004902
777977,2025-05-10,2025,Kansas City Royals,Boston Red Sox,2025-05-10T17:00:00+00:00,0,-0.71,131,202,3,3,0.576284098919722,0.5694577715991237,0.5139949109414759,0.3321033626677159,0.32428215363463975,0.2641907684737357,-0.007821209033076149
777978,2025-05-10,2025,Chicago White Sox,Miami Marlins,2025-05-10T17:00:00+00:00,0,0.56,183,127,3,2,0.5230256709481869,0.5279199809196075,0.5025510204081632,0.27355585247080105,0.2786995062541587,0.2525575281132861,0.005143653783357627
777979,2025-05-10,2025,Houston Astros,Cincinnati Reds,2025-05-10T17:00:00+00:00,0,-1.55,72,227,2,3,0.5854091280429737,0.5705370468517743,0.5417721518987342,0.3427038471960348,0.32551252183034374,0.2935170645729851,-0.017191325365691068
777980,2025-05-10,2025,Washington Nationals,St. Louis Cardinals,2025-05-10T17:00:00+00:00,0,1.57,179,22,2,2,0.47092559947644325,0.48510744746481493,0.4885496183206107,0.22177092024224745,0.2353292355858282,0.23868072956121442,0.013558315343580735
777981,2025-05-10,2025,Tampa Bay Rays,Milwaukee Brewers,2025-05-10T17:00:00+00:00,1,0.69,207,138,3,2,0.4925243664085632,0.49825576577336905,0.530456852791878,0.2575315186890302,0.2517472765796683,0.2204707670901081,-0.005784242109361903
777982,2025-05-10,2025,New York Mets,Chicago Cubs,2025-05-10T17:00:00+00:00,0,-0.41,104,145,2,2,0.5369518766769206,0.5323812348464683,0.5841584158415841,0.28831731786686693,0.2834297792166504,0.3412410547985491,-0.004887538650216516
777983,2025-05-10,2025,Cleveland Guardians,Philadelphia Phillies,2025-05-10T17:00:00+00:00,0,-0.3,142,172,2,3,0.49264762099538933,0.48846404113558634,0.4520202020202021,0.24270167847241678,0.23859711948250778,0.2043222630343843,-0.004104558989908996
777985,2025-05-10,2025,Pittsburgh Pirates,Atlanta Braves,2025-05-10T17:00:00+00:00,0,-0.68,91,159,2,3,0.43739859268961184,0.42869551675233664,0.4133663366336633,0.19131752888685297,0.18377984608355294,0.17087172826193503,-0.007537682803300028
777987,2025-05-10,2025,Detroit Tigers,Texas Rangers,2025-05-10T17:00:00+00:00,0,0.59,178,119,4,3,0.6257471761672291,0.6321491157910559,0.5051020408163266,0.39155952848126124,0.3996125045954138,0.25512807163681805,0.008052976114152566
777954,2025-05-11,2025,Arizona Diamondbacks,Los Angeles Dodgers,2025-05-11T17:00:00+00:00,0,0.14,176,162,3,3,0.5274152177471013,0.5281807540375045,0.5051020408163266,0.2781668119112223,0.2789749089356269,0.25512807163681805,0.0008080970244045971
777955,2025-05-11,2025,Colorado Rockies,San Diego Padres,2025-05-11T17:00:00+00:00,1,2.66,333,67,4,2,0.37963542353341617,0.40216916068095543,0.27070707070707073,0.3848522077345639,0.3574017124409133,0.5318681767166616,-0.027450495293650623
777956,2025-05-11,2025,Minnesota Twins,San Francisco Giants,2025-05-11T17:00:00+00:00,1,0.47,97,50,3,2,0.48978627310333483,0.49327012460559755,0.5925925925925927,0.26031804711378476,0.2567751666172267,0.16598079561042517,-0.003542880496558043
777958,2025-05-11,2025,Seattle Mariners,Toronto Blue Jays,2025-05-11T17:00:00+00:00,0,-0.04,134,138,2,3,0.5869756779246922,0.5868885650656157,0.6309523809523809,0.344540446475152,0.3444381878047774,0.3981009070294784,-0.00010225867037455538
777961,2025-05-11,2025,Los Angeles Angels,Baltimore Orioles,2025-05-11T17:00:00+00:00,0,0.54,209,155,3,3,0.487908117649352,0.4920632250635931,0.42999999999999994,0.2380543312681339,0.2421262174599843,0.18489999999999995,0.0040718861918503935
777962,2025-05-11,2025,Washington Nationals,St. Louis Cardinals,2025-05-11T17:00:00+00:00,0,1.15,154,39,2,2,0.4726087219244757,0.48261693307270853,0.5603015075376885,0.22335900403908643,0.23291910408850722,0.3139377793490064,0.009560100049420789
777963,2025-05-11,2025,Houston Astros,Cincinnati Reds,2025-05-11T17:00:00+00:00,1,-0.54,210,264,2,3,0.5819092453547922,0.5768588600513553,0.5760598503740648,0.17479987911979938,0.1790484243170385,0.17972525046486032,0.004248545197239106
777964,2025-05-11,2025,Tampa Bay Rays,Milwaukee Brewers,2025-05-11T17:00:00+00:00,0,0.3,162,132,3,2,0.497288954211608,0.499187979320258,0.5614035087719298,0.24729630398087477,0.24918863869784233,0.3151738996614343,0.0018923347169675642
777965,2025-05-11,2025,Kansas City Royals,Boston Red Sox,2025-05-11T17:00:00+00:00,0,0.1,183,173,3,3,0.5717202044199633,0.5727658179367658,0.5443037974683544,0.3268639921420046,0.32806068219677237,0.2962666239384714,0.0011966900547677461
777966,2025-05-11,2025,Chicago White Sox,Miami Marlins,2025-05-11T17:00:00+00:00,1,1.38,228,90,3,2,0.5212028334346132,0.5342560257652492,0.43969849246231163,0.2292467267110428,0.2169174495359802,0.31393777934900624,-0.012329277175062603
777967,2025-05-11,2025,Pittsburgh Pirates,Atlanta Braves,2025-05-11T17:00:00+00:00,1,-0.51,133,184,2,3,0.43686033650288003,0.42982033586534124,0.33031674208144796,0.3171262806036495,0.32510484939271234,0.448475665936406,0.007978568789062834
777969,2025-05-11,2025,Detroit Tigers,Texas Rangers,2025-05-11T17:00:00+00:00,0,0.65,192,127,4,3,0.6216122766636214,0.628540082996938,0.5241730279898218,0.38640182249893057,0.3950626359337977,0.2747573632720185,0.008660813434867132
777971,2025-05-11,2025,Cleveland Guardians,Philadelphia Phillies,2025-05-11T17:00:00+00:00,0,-0.63,105,168,2,3,0.48552509143628725,0.4779324410550287,0.383132530120482,0.2357346144142151,0.22841941821281847,0.14679053563652203,-0.007315196201396618
777939,2025-05-12,2025,San Francisco Giants,Arizona Diamondbacks,2025-05-12T17:00:00+00:00,0,-0.34,135,169,3,3,0.5415395471959802,0.5377444081630081,0.4782608695652174,0.29326508117722727,0.2891690485105838,0.2287334593572779,-0.00409603266664349
777941,2025-05-12,2025,Seattle Mariners,New York Yankees,2025-05-12T17:00:00+00:00,0,0.61,194,133,3,3,0.5007550604514145,0.5058140391235353,0.43576826196473545,0.2507556305676998,0.25584784217446527,0.1898939781357663,0.005092211606765484
777947,2025-05-12,2025,San Diego Padres,Los Angeles Angels,2025-05-12T17:00:00+00:00,0,-0.83,119,202,3,3,0.66002332493904,0.6539075490068572,0.648711943793911,0.43563078946358563,0.4275950826481554,0.42082718602087427,-0.008035706815430255
777948,2025-05-12,2025,Houston Astros,Kansas City Royals,2025-05-12T17:00:00+00:00,0,0.37,231,194,3,3,0.5457364637106464,0.5490668798166504,0.5306122448979592,0.2978282878234017,0.301474438511592,0.2815493544356518,0.003646150688190297
777949,2025-05-12,2025,Texas Rangers,Colorado Rockies,2025-05-12T17:00:00+00:00,1,-1.09,116,225,3,3,0.611114328841665,0.6013592975990039,0.6851441241685144,0.15123206523226862,0.15891440961075956,0.09913422254561186,0.007682344378490941
777950,2025-05-12,2025,New York Mets,Pittsburgh Pirates,2025-05-12T17:00:00+00:00,1,-0.2,161,181,3,3,0.6449839943310979,0.6443132550483873,0.5950617283950618,0.12603636428110193,0.12651306053427355,0.16397500381039473,0.00047669625317162123
777951,2025-05-12,2025,Detroit Tigers,Boston Red Sox,2025-05-12T17:00:00+00:00,1,0.68,219,151,3,3,0.5861546344892511,0.5930369104435402,0.4731457800511509,0.17126798655472536,0.1656189562613391,0.27757536907791025,-0.005649030293386259
777952,2025-05-12,2025,Chicago Cubs,Miami Marlins,2025-05-12T17:00:00+00:00,1,1.4,255,115,3,3,0.6822611163605267,0.695930334192277,0.6956521739130435,0.10095799817645877,0.09245836166442034,0.09262759924385634,-0.00849963651203843
777953,2025-05-12,2025,Philadelphia Phillies,St. Louis Cardinals,2025-05-12T17:00:00+00:00,0,0.31,117,86,3,3,0.5489699354045593,0.5517519623474043,0.6088019559902201,0.301367989978086,0.3044302279542115,0.3706398216175179,0.0030622379761254814
777959,2025-05-12,2025,Atlanta Braves,Washington Nationals,2025-05-12T17:00:00+00:00,1,-0.54,148,202,3,3,0.6368907820222275,0.6329259970767617,0.625,0.1318483041804295,0.13474332362208957,0.140625,0.0028950194416600683
777960,2025-05-12,2025,Cleveland Guardians,Milwaukee Brewers,2025-05-12T17:00:00+00:00,1,-0.14,159,173,3,3,0.4730698734208414,0.47019034740362553,0.47193877551020413,0.2776553582967281,0.280698267984291,0.2788486568096626,0.003042909687562878
777926,2025-05-13,2025,Seattle Mariners,New York Yankees,2025-05-13T17:00:00+00:00,1,0.63,220,157,3,3,0.49201650364766464,0.49713870538290994,0.4335839598997493,0.25804723256634304,0.2528694816239758,0.32082713048284883,-0.005177750942367221
777930,2025-05-13,2025,San Francisco Giants,Arizona Diamondbacks,2025-05-13T17:00:00+00:00,1,0.26,121,95,3,3,0.5438629533272347,0.5460738861331772,0.49234693877551017,0.2080610053473525,0.20604891685023577,0.2577116305705956,-0.002012088497116732
777931,2025-05-13,2025,Houston Astros,Kansas City Royals,2025-05-13T17:00:00+00:00,1,0.92,268,176,3,3,0.5474641846449264,0.5562666491933482,0.5603015075376885,0.20478866417908126,0.19689928661809908,0.19333476427362942,-0.00788937756098218
777932,2025-05-13,2025,San Diego Padres,Los Angeles Angels,2025-05-13T17:00:00+00:00,1,-0.35,139,174,3,3,0.6603935466773041,0.6586250546437863,0.6621004566210046,0.11533254313842042,0.1165368533169579,0.1141761014157336,0.0012043101785374766
777934,2025-05-13,2025,Texas Rangers,Colorado Rockies,2025-05-13T17:00:00+00:00,1,-0.25,129,154,3,3,0.6171253624989663,0.6155161435931363,0.6822222222222223,0.14659298804154794,0.14782783583749376,0.10098271604938268,0.0012348477959458204
777935,2025-05-13,2025,Toronto Blue Jays,Tampa Bay Rays,2025-05-13T17:00:00+00:00,0,0.05,119,114,2,2,0.5189946231691621,0.5187291112754864,0.5541561712846348,0.26935541887850056,0.26907989088465595,0.3070890621728455,-0.00027552799384461535
777936,2025-05-13,2025,Chicago Cubs,Miami Marlins,2025-05-13T17:00:00+00:00,1,0.73,223,150,3,3,0.6838703239891395,0.6918304893787564,0.6934782608695652,0.09993797205473164,0.0949684472765368,0.09395557655954631,-0.004969524778194831
777940,2025-05-13,2025,Detroit Tigers,Boston Red Sox,2025-05-13T17:00:00+00:00,1,0.81,238,157,3,3,0.5997967530853257,0.6080578735052734,0.49234693877551017,0.1601626388410478,0.15361863052120825,0.2577116305705956,-0.0065440083198395615
777942,2025-05-13,2025,Atlanta Braves,Washington Nationals,2025-05-13T17:00:00+00:00,1,0.39,174,135,3,3,0.640326122810441,0.6450107959523363,0.6605504587155964,0.12936529793256998,0.12601733499039378,0.11522599107819205,-0.003347962942176208
777943,2025-05-13,2025,New York Mets,Pittsburgh Pirates,2025-05-13T17:00:00+00:00,1,-0.17,152,169,3,3,0.6508887606098244,0.6505886204683327,0.6843267108167771,0.12187865746854452,0.12208831214622289,0.09964962550375467,0.00020965467767836143
777944,2025-05-13,2025,Cleveland Guardians,Milwaukee Brewers,2025-05-13T17:00:00+00:00,1,0.31,211,180,3,3,0.47467227621721597,0.47631326133883867,0.5367088607594936,0.275969217374801,0.27424780024956347,0.21463867969876624,-0.0017214171252375454
777945,2025-05-13,2025,Cincinnati Reds,Chicago White Sox,2025-05-13T17:00:00+00:00,0,0.89,224,135,2,2,0.6344218207873662,0.6436570000608998,0.6519721577726217,0.402491046691157,0.4142943337273971,0.4250676945106884,0.011803287036240118
777914,2025-05-14,2025,San Diego Padres,Los Angeles Angels,2025-05-14T17:00:00+00:00,1,-0.06,163,169,3,3,0.6626599090027844,0.6635323192003965,0.6276849642004773,0.11379833699400972,0.11321050022266389,0.1386184858823999,-0.0005878367713458288
777915,2025-05-14,2025,Seattle Mariners,New York Yankees,2025-05-14T17:00:00+00:00,0,0.57,230,173,3,3,0.49753907827526345,0.5021471862118998,0.48600508905852424,0.24754513441099874,0.2521517966205284,0.23620094659078408,0.004606662209529655
777916,2025-05-14,2025,San Francisco Giants,Arizona Diamondbacks,2025-05-14T17:00:00+00:00,0,-0.02,156,158,3,3,0.5469654048794758,0.546442565068615,0.5076530612244898,0.29917115413496886,0.29859947691876754,0.2577116305705956,-0.0005716772162013273
777918,2025-05-14,2025,Texas Rangers,Colorado Rockies,2025-05-14T17:00:00+00:00,1,0.28,117,89,3,3,0.6207920744736783,0.6242414132293158,0.6574712643678161,0.14379865078197632,0.1411945155319018,0.11732593473378253,-0.002604135250074524
777919,2025-05-14,2025,New York Mets,Pittsburgh Pirates,2025-05-14T17:00:00+00:00,0,0.4,153,113,3,3,0.6526406034980041,0.6575309500187126,0.7227926078028747,0.42593975733423906,0.4323469502325108,0.5224291538944802,0.006407192898271741
777920,2025-05-14,2025,Houston Astros,Kansas City Royals,2025-05-14T17:00:00+00:00,1,0.16,116,100,3,3,0.5488699239999103,0.550163205323341,0.5355329949238579,0.20351834547184672,0.20235314184497072,0.21572959880440104,-0.001165203626875999
777921,2025-05-14,2025,Chicago Cubs,Miami Marlins,2025-05-14T17:00:00+00:00,0,-0.17,147,164,3,3,0.6843769108086893,0.6846021270044431,0.6574712643678161,0.4683717560480447,0.46868007229900766,0.4322684634694147,0.0003083162509629478
777922,2025-05-14,2025,Philadelphia Phillies,St. Louis Cardinals,2025-05-14T17:00:00+00:00,1,-0.32,65,97,2,2,0.548118515544653,0.5446337889674482,0.6276849642004773,0.20419687599356803,0.20735838615014252,0.1386184858823999,0.003161510156574482
777923,2025-05-14,2025,Toronto Blue Jays,Tampa Bay Rays,2025-05-14T17:00:00+00:00,1,-0.02,147,149,2,2,0.5165787881766629,0.5155747382895914,0.5955882352941176,0.23369606804074375,0.23466783418319784,0.16354887543252597,0.0009717661424540891
777925,2025-05-14,2025,Cleveland Guardians,Milwaukee Brewers,2025-05-14T17:00:00+00:00,0,0.24,195,171,3,3,0.4763974912681206,0.47736607807135806,0.5279187817258882,0.22695456968655903,0.22787837249322992,0.27869824009894606,0.0009238028066708981
777927,2025-05-14,2025,Detroit Tigers,Boston Red Sox,2025-05-14T17:00:00+00:00,1,0.66,304,238,3,3,0.5967811639020354,0.6035791383164175,0.6741573033707866,0.16258542978419724,0.15714949957795404,0.10617346294659759,-0.005435930206243195
777928,2025-05-14,2025,Cincinnati Reds,Chicago White Sox,2025-05-14T17:00:00+00:00,0,-0.53,161,214,2,2,0.6338642479206413,0.6299313848792054,0.6741573033707866,0.4017838847920003,0.3968135496558336,0.4544880696881708,-0.004970335136166681
777929,2025-05-14,2025,Atlanta Braves,Washington Nationals,2025-05-14T17:00:00+00:00,0,-0.52,127,179,3,3,0.6430763986699278,0.6394226131555963,0.5866336633663367,0.41354725452628394,0.4088612782147314,0.34413905499460845,-0.004685976311552542
777933,2025-05-14,2025,Philadelphia Phillies,St. Louis Cardinals,2025-05-14T17:00:00+00:00,0,-0.32,65,97,2,2,0.548118515544653,0.5446337889674482,0.57,0.300433907082874,0.2966259640850389,0.32489999999999997,-0.003807942997835101
777910,2025-05-15,2025,Texas Rangers,Houston Astros,2025-05-15T17:00:00+00:00,1,-0.4,134,174,3,3,0.4578853673870468,0.4521991560876898,0.5516372795969774,0.2938882748930771,0.30008576459103925,0.20102912904719902,0.006197489697962133
777913,2025-05-15,2025,Toronto Blue Jays,Tampa Bay Rays,2025-05-15T17:00:00+00:00,0,0.13,110,97,2,2,0.5177515975294389,0.5182670905569414,0.6192771084337348,0.26806671674428606,0.26860077715435693,0.38350413703004776,0.000534060410070869
777895,2025-05-16,2025,Texas Rangers,Houston Astros,2025-05-16T17:00:00+00:00,0,0.24,114,90,3,3,0.4581678916598994,0.45884727890135196,0.635933806146572,0.20991781694807732,0.21054082535517507,0.40441180580006586,0.0006230084070977526
777896,2025-05-16,2025,San Diego Padres,Seattle Mariners,2025-05-16T17:00:00+00:00,0,-0.73,59,132,2,2,0.54913062673153,0.5415865290831299,0.5866336633663367,0.301544445214563,0.2933159684843119,0.34413905499460845,-0.008228476730251066
777897,2025-05-16,2025,Arizona Diamondbacks,Colorado Rockies,2025-05-16T17:00:00+00:00,1,0.83,188,105,2,2,0.6780377694925563,0.6868495237190797,0.7887563884156729,0.10365967787332829,0.09806322079496722,0.04462386343519007,-0.005596457078361067
777898,2025-05-16,2025,Milwaukee Brewers,Minnesota Twins,2025-05-16T17:00:00+00:00,0,-0.74,123,197,2,3,0.48620435920048855,0.48413891662218217,0.47328244274809167,0.23639467890555768,0.23439049058810027,0.22399627061360067,-0.0020041883174574116
777899,2025-05-16,2025,Los Angeles Dodgers,Los Angeles Angels,2025-05-16T17:00:00+00:00,0,0.69,163,94,3,2,0.7352072826917536,0.7377051284963749,0.7281947261663285,0.5405297485229921,0.5442088566098531,0.5302675592164542,0.003679108086861005
777900,2025-05-16,2025,Chicago Cubs,Chicago White Sox,2025-05-16T17:00:00+00:00,1,-0.85,126,211,2,3,0.631460171140409,0.630671840148468,0.6674208144796381,0.13582160545585664,0.13640328965931878,0.11060891464138731,0.000581684203462135
777901,2025-05-16,2025,Kansas City Royals,St. Louis Cardinals,2025-05-16T17:00:00+00:00,0,-1.13,27,140,2,2,0.5662826809680805,0.5551078970837641,0.5725,0.3206760747643969,0.3081447774047588,0.32775625,-0.012531297359638094
777902,2025-05-16,2025,Cincinnati Reds,Cleveland Guardians,2025-05-16T17:00:00+00:00,1,0.41,168,127,3,2,0.625977245429959,0.6245071034284568,0.4783715012722647,0.1398930209361611,0.14099491537568762,0.27209629068495095,0.0011018944395265184
777903,2025-05-16,2025,Miami Marlins,Tampa Bay Rays,2025-05-16T17:00:00+00:00,1,-0.09,115,124,2,3,0.37061039029628623,0.3730292535047057,0.4783715012722647,0.3961312808029931,0.39309231696086655,0.27209629068495095,-0.003038963842126541
777904,2025-05-16,2025,New York Yankees,New York Mets,2025-05-16T17:00:00+00:00,1,0.23,132,109,2,2,0.5348642313714326,0.5366417669417309,0.5725,0.2163512832576882,0.21470085214288118,0.18275624999999998,-0.0016504311148070328
777905,2025-05-16,2025,Philadelphia Phillies,Pittsburgh Pirates,2025-05-16T17:00:00+00:00,1,0.61,146,85,2,2,0.5981373671269591,0.6044697169968699,0.6778523489932886,0.16149357569965248,0.15644420477253618,0.10377910904914192,-0.005049370927116298
777906,2025-05-16,2025,Toronto Blue Jays,Detroit Tigers,2025-05-16T17:00:00+00:00,0,-0.59,162,221,3,2,0.5231540333675668,0.5099292006267159,0.4872448979591837,0.27369014262875324,0.26002778965180146,0.23740759058725533,-0.013662352976951786
777907,2025-05-16,2025,Baltimore Orioles,Washington Nationals,2025-05-16T17:00:00+00:00,0,-0.44,197,241,3,3,0.5536247309417655,0.5490433676879427,0.5406091370558376,0.3065003427103422,0.30144861960211744,0.2922582390682574,-0.0050517231082247704
777908,2025-05-16,2025,Boston Red Sox,Atlanta Braves,2025-05-16T17:00:00+00:00,0,0.13,147,134,2,3,0.4166491708484012,0.4220533499734962,0.5076530612244898,0.1735965315686602,0.17812903022385046,0.2577116305705956,0.004532498655190259
777875,2025-05-17,2025,San Diego Padres,Seattle Mariners,2025-05-17T17:00:00+00:00,0,0.06,97,91,2,2,0.5460448014671438,0.5463021458323369,0.6431924882629109,0.29816492520929255,0.2984460345410159,0.41369657695783474,0.0002811093317233726
777881,2025-05-17,2025,Chicago Cubs,Chicago White Sox,2025-05-17T17:00:00+00:00,1,-0.26,107,133,2,3,0.6994468068082388,0.6991403246779129,0.7201646090534979,0.09033222193776413,0.09051654423491168,0.07830784602618168,0.00018432229714754333
777882,2025-05-17,2025,Texas Rangers,Houston Astros,2025-05-17T17:00:00+00:00,1,0.05,143,138,3,3,0.4535415125790825,0.4522604635489653,0.5216284987277354,0.2986168784743571,0.30001859979159434,0.22883929322948024,0.001401721317237259
777883,2025-05-17,2025,Milwaukee Brewers,Minnesota Twins,2025-05-17T17:00:00+00:00,0,-1.37,101,238,2,4,0.5521233974471506,0.5382666843453363,0.46446700507614214,0.30484024600858417,0.2897310234761219,0.21572959880440104,-0.015109222532462274
777884,2025-05-17,2025,Los Angeles Dodgers,Los Angeles Angels,2025-05-17T17:00:00+00:00,0,0.91,168,77,3,2,0.6745588962045644,0.6840609192017084,0.6558891454965358,0.4550297044487203,0.46793934117908625,0.43019057118017584,0.012909636730365937
777885,2025-05-17,2025,Kansas City Royals,St. Louis Cardinals,2025-05-17T17:00:00+00:00,0,-0.8,96,176,2,3,0.5561255054544524,0.5480171130480409,0.5204081632653061,0.3092755778169701,0.30032275619350923,0.27082465639316955,-0.008952821623460894
777886,2025-05-17,2025,Toronto Blue Jays,Detroit Tigers,2025-05-17T17:00:00+00:00,1,0.63,175,112,3,2,0.4555194275583514,0.46003676466726634,0.46938775510204084,0.29645909376638535,0.29156029551099316,0.2815493544356517,-0.004898798255392189
777887,2025-05-17,2025,Arizona Diamondbacks,Colorado Rockies,2025-05-17T17:00:00+00:00,0,0.07,150,143,2,2,0.6815850581603052,0.6838507137411902,0.7547528517110266,0.4645581915073867,0.46765179868433526,0.5696518671659269,0.003093607176948565
777888,2025-05-17,2025,New York Yankees,New York Mets,2025-05-17T17:00:00+00:00,0,0.19,137,118,2,2,0.5344156812508416,0.5357877369469006,0.5505050505050506,0.28560012036680116,0.28706849906268117,0.30305581063156833,0.0014683786958800127
777889,2025-05-17,2025,Miami Marlins,Tampa Bay Rays,2025-05-17T17:00:00+00:00,0,-0.26,103,129,2,3,0.4438571294168601,0.43936758518241664,0.4158415841584158,0.19700915133417532,0.19304387490902813,0.17292422311538083,-0.003965276425147185
777890,2025-05-17,2025,Baltimore Orioles,Washington Nationals,2025-05-17T17:00:00+00:00,0,-0.04,255,259,4,3,0.5523492941961656,0.5517135306674663,0.5796019900497512,0.3050897427990023,0.3043878199215613,0.3359384668696319,-0.0007019228774410302
777892,2025-05-17,2025,Cincinnati Reds,Cleveland Guardians,2025-05-17T17:00:00+00:00,1,0.17,138,121,3,2,0.5568460952612365,0.5583582832982843,0.4783715012722647,0.19638538328521307,0.1950474059312385,0.27209629068495095,-0.001337977353974562
777893,2025-05-17,2025,Boston Red Sox,Atlanta Braves,2025-05-17T17:00:00+00:00,1,-0.5,93,143,2,3,0.4888685496607306,0.4826256118719982,0.5190839694656489,0.26125535952592505,0.2676762574908242,0.23128022842491688,0.0064208979648991416
777894,2025-05-17,2025,Philadelphia Phillies,Pittsburgh Pirates,2025-05-17T17:00:00+00:00,1,0.42,189,147,3,2,0.5971842758684429,0.6016833553108202,0.7256097560975608,0.1622605076076307,0.15865614943644632,0.07529000594884006,-0.003604358171184374
777864,2025-05-18,2025,Kansas City Royals,St. Louis Cardinals,2025-05-18T17:00:00+00:00,1,0.33,103,70,2,2,0.5580898802208526,0.5612002913104958,0.48346055979643765,0.1952845539632204,0.1925451843459938,0.26681299328580954,-0.0027393696172265947
777865,2025-05-18,2025,Milwaukee Brewers,Minnesota Twins,2025-05-18T17:00:00+00:00,1,0.0,133,133,2,3,0.5439968478980806,0.5436258126837998,0.5603015075376885,0.20793887472688627,0.20827739884852214,0.19333476427362942,0.00033852412163587475
777866,2025-05-18,2025,Los Angeles Dodgers,Los Angeles Angels,2025-05-18T17:00:00+00:00,0,0.99,230,131,3,2,0.6742671191448653,0.6844620207376582,0.6689342403628117,0.4546361479599159,0.4684882578322784,0.4474730179297719,0.013852109872362461
777868,2025-05-18,2025,San Diego Padres,Seattle Mariners,2025-05-18T17:00:00+00:00,0,0.17,124,107,2,2,0.5439232604706994,0.545240892132394,0.5614035087719298,0.2958525132810763,0.29728763045332895,0.3151738996614343,0.0014351171722526423
777869,2025-05-18,2025,Texas Rangers,Houston Astros,2025-05-18T17:00:00+00:00,0,0.21,131,110,3,3,0.4563538350665129,0.4567060755670512,0.49489795918367346,0.20825882277991406,0.20858043945985705,0.24492399000416493,0.0003216166799429876
777870,2025-05-18,2025,Arizona Diamondbacks,Colorado Rockies,2025-05-18T17:00:00+00:00,1,-0.93,117,210,2,2,0.6836355751703685,0.6772278442172351,0.7292929292929292,0.10008644929778353,0.10418186454865343,0.07328231813080302,0.004095415250869899
777871,2025-05-18,2025,Toronto Blue Jays,Detroit Tigers,2025-05-18T17:00:00+00:00,0,0.6,183,123,3,2,0.45482520298520485,0.45903201113410136,0.530456852791878,0.2068659652705328,0.21071038724581775,0.2813844726738642,0.0038444219752849507
777872,2025-05-18,2025,Chicago Cubs,Chicago White Sox,2025-05-18T17:00:00+00:00,1,-0.54,110,164,2,3,0.7018519118531746,0.6992297410830725,0.6989247311827957,0.08889228246560715,0.09046274864895563,0.09064631749335181,0.0015704661833484818
777873,2025-05-18,2025,Baltimore Orioles,Washington Nationals,2025-05-18T17:00:00+00:00,0,0.09,221,212,3,3,0.5511684245686471,0.5518027135730195,0.6276849642004773,0.30378663224148444,0.3044862347065478,0.3939884142833544,0.0006996024650633426
777874,2025-05-18,2025,Cincinnati Reds,Cleveland Guardians,2025-05-18T17:00:00+00:00,1,0.79,161,82,3,2,0.5629595977321092,0.57066091397595,0.5505050505050506,0.19100431321447978,0.18433205078796663,0.20204570962146712,-0.0066722624265131425
777876,2025-05-18,2025,Boston Red Sox,Atlanta Braves,2025-05-18T17:00:00+00:00,0,0.24,147,123,2,3,0.4869541397485024,0.48808954036005303,0.47328244274809167,0.23712433421820397,0.23823139940888785,0.22399627061360067,0.0011070651906838758
777877,2025-05-18,2025,Miami Marlins,Tampa Bay Rays,2025-05-18T17:00:00+00:00,1,-0.39,111,150,2,3,0.44091139742745267,0.4351013212074174,0.39853300733496333,0.3125800655265238,0.3191105173016054,0.36176254326552326,0.006530451775081603
777878,2025-05-18,2025,New York Yankees,New York Mets,2025-05-18T17:00:00+00:00,1,-0.12,118,130,2,2,0.533724994658716,0.5319945528490257,0.5980392156862746,0.2174123806060144,0.21902909856298336,0.16157247212610526,0.001616717956968966
777880,2025-05-18,2025,Philadelphia Phillies,Pittsburgh Pirates,2025-05-18T17:00:00+00:00,1,-0.79,86,165,2,2,0.5955212396675269,0.5883078325693183,0.49234693877551017,0.1636030675600942,0.16949044072377245,0.2577116305705956,0.005887373163678239
777852,2025-05-19,2025,Colorado Rockies,Philadelphia Phillies,2025-05-19T17:00:00+00:00,0,1.21,248,127,3,3,0.41161793701774546,0.42100798279357804,0.32142857142857145,0.16942932607474467,0.1772477215759177,0.10331632653061226,0.007818395501173026
777854,2025-05-19,2025,Los Angeles Dodgers,Arizona Diamondbacks,2025-05-19T17:00:00+00:00,0,1.17,262,145,3,3,0.5485075952315905,0.5597928718476693,0.5628140703517588,0.3008605820267424,0.31336805937146117,0.3167596777859145,0.012507477344718798
777855,2025-05-19,2025,San Francisco Giants,Kansas City Royals,2025-05-19T17:00:00+00:00,0,-0.67,99,166,3,3,0.5602190133834581,0.553477363376407,0.5516372795969774,0.31384534295633526,0.3063371917700992,0.30430368824115384,-0.007508151186236045
777856,2025-05-19,2025,Boston Red Sox,New York Mets,2025-05-19T17:00:00+00:00,1,0.18,226,208,3,3,0.4507141326294941,0.45067978332865954,0.45569620253164556,0.301714964092969,0.30175270044384844,0.2962666239384714,3.7736350879447045e-05
777857,2025-05-19,2025,Chicago White Sox,Seattle Mariners,2025-05-19T17:00:00+00:00,0,0.46,190,144,3,3,0.3934967282828726,0.39526588393273043,0.36492890995260663,0.15483967516932484,0.15623511900112272,0.13317310931919768,0.0013954438317978768
777858,2025-05-19,2025,Tampa Bay Rays,Houston Astros,2025-05-19T17:00:00+00:00,0,0.09,153,144,3,3,0.4882494175419378,0.4879031324842855,0.5664160401002506,0.2383874937300415,0.23804946668797827,0.32082713048284867,-0.00033802704206323253
777859,2025-05-19,2025,Pittsburgh Pirates,Cincinnati Reds,2025-05-19T17:00:00+00:00,0,-0.5,165,215,3,3,0.47941775435040324,0.47303614085561635,0.49109414758269715,0.22984138318638359,0.2237631905555745,0.24117346178997592,-0.006078192630809082
777860,2025-05-19,2025,Milwaukee Brewers,Baltimore Orioles,2025-05-19T17:00:00+00:00,1,-0.36,191,227,3,3,0.6196309247798318,0.6170237472762387,0.49489795918367346,0.14468063338384596,0.1466708101503343,0.25512807163681794,0.001990176766488355
777862,2025-05-19,2025,St. Louis Cardinals,Detroit Tigers,2025-05-19T17:00:00+00:00,1,-1.02,88,190,3,3,0.47229255901440875,0.4606279226165322,0.5866336633663367,0.2784751432715613,0.2909222378609576,0.17087172826193503,0.012447094589396301
777863,2025-05-19,2025,Miami Marlins,Chicago Cubs,2025-05-19T17:00:00+00:00,1,0.09,160,151,3,3,0.3760482166885413,0.3740383716026413,0.39512195121951227,0.38931582789754954,0.39182796022587296,0.36587745389649,0.0025121323283234243
777836,2025-05-20,2025,San Francisco Giants,Kansas City Royals,2025-05-20T17:00:00+00:00,1,0.08,123,115,3,3,0.5571006843644235,0.5577271544719699,0.5796019900497512,0.19615980379046202,0.19560526989146082,0.17673448677012948,-0.0005545338990012028
777838,2025-05-20,2025,Los Angeles Dodgers,Arizona Diamondbacks,2025-05-20T17:00:00+00:00,1,1.64,324,160,3,3,0.5445094485554148,0.5603968444705362,0.6756152125279643,0.2074716424552923,0.19325093435146196,0.10522549034327777,-0.014220708103830332
777840,2025-05-20,2025,St. Louis Cardinals,Detroit Tigers,2025-05-20T17:00:00+00:00,0,-1.42,118,260,3,3,0.4767262379331077,0.4611319838382777,0.36904761904761907,0.22726790593385401,0.2126427065186256,0.13619614512471656,-0.014625199415228413
777841,2025-05-20,2025,Washington Nationals,Atlanta Braves,2025-05-20T17:00:00+00:00,1,0.16,95,79,2,2,0.4255902832030649,0.4249699783586332,0.37320574162679426,0.32994652275073516,0.3306595257888708,0.39287104232961706,0.0007130030381356511
777842,2025-05-20,2025,Colorado Rockies,Philadelphia Phillies,2025-05-20T17:00:00+00:00,0,1.09,234,125,3,3,0.4068736370582919,0.41498937212917425,0.2777777777777778,0.16554615653304264,0.17221617898016628,0.0771604938271605,0.006670022447123641
777844,2025-05-20,2025,Milwaukee Brewers,Baltimore Orioles,2025-05-20T17:00:00+00:00,1,0.48,269,221,3,3,0.6192667589832057,0.6245790385588552,0.5566750629722922,0.14495780081515236,0.14094089828939352,0.1965369997906211,-0.004016902525758842
777845,2025-05-20,2025,Toronto Blue Jays,San Diego Padres,2025-05-20T17:00:00+00:00,1,-0.19,111,130,2,2,0.4810343756552693,0.47777504906160567,0.4607594936708861,0.26932531925151615,0.2727188993826083,0.29078032366607914,0.0033935801310921443
777846,2025-05-20,2025,Chicago White Sox,Seattle Mariners,2025-05-20T17:00:00+00:00,1,0.2,161,141,3,3,0.3848115526481853,0.3839633104663057,0.3681710213776722,0.37845682575513656,0.37950120285163325,0.39920785822693394,0.0010443770964966848
777847,2025-05-20,2025,Pittsburgh Pirates,Cincinnati Reds,2025-05-20T17:00:00+00:00,1,-0.54,152,206,3,3,0.4730637644069313,0.4661927239464288,0.42750000000000005,0.277661796380994,0.2849502079677336,0.32775625,0.0072884115867396515
777848,2025-05-20,2025,Tampa Bay Rays,Houston Astros,2025-05-20T17:00:00+00:00,1,-0.36,107,143,3,3,0.489557807867105,0.48472642225625734,0.547979797979798,0.26055123150943527,0.2655068599208369,0.20432226303438422,0.004955628411401625
777849,2025-05-20,2025,New York Yankees,Texas Rangers,2025-05-20T17:00:00+00:00,1,0.21,94,73,2,2,0.6251582211608311,0.6280043856834538,0.6456876456876457,0.14050635916331242,0.13838073707074455,0.12553724441836328,-0.0021256220925678637
777850,2025-05-20,2025,Miami Marlins,Chicago Cubs,2025-05-20T17:00:00+00:00,0,0.13,179,166,3,3,0.3799523173159452,0.3783723232329846,0.43609022556390975,0.1443637634337567,0.14316561498872618,0.19017468483238167,-0.0011981484450305224
777851,2025-05-20,2025,Boston Red Sox,New York Mets,2025-05-20T17:00:00+00:00,1,0.6,233,173,3,3,0.45334601829866267,0.4575274488025932,0.44584382871536526,0.2988305757099261,0.29427646880262315,0.3070890621728455,-0.004554106907302957
777819,2025-05-21,2025,San Francisco Giants,Kansas City Royals,2025-05-21T17:00:00+00:00,0,0.09,148,139,3,3,0.5615576796532055,0.5623510918932081,0.6496519721577726,0.3153470275774921,0.3162387505534834,0.4220476849284833,0.0008917229759912715
777823,2025-05-21,2025,Colorado Rockies,Philadelphia Phillies,2025-05-21T17:00:00+00:00,0,0.15,156,141,3,3,0.4086464467722366,0.4076730646445731,0.34252873563218394,0.1669919184595744,0.16619732763669828,0.11732593473378256,-0.0007945908228761123
777824,2025-05-21,2025,Los Angeles Dodgers,Arizona Diamondbacks,2025-05-21T17:00:00+00:00,1,1.01,274,173,3,3,0.5424619556197359,0.5520959750127183,0.5675,0.20934106205531655,0.20061801559980744,0.18705625,-0.008723046455509115
777826,2025-05-21,2025,Milwaukee Brewers,Baltimore Orioles,2025-05-21T17:00:00+00:00,0,0.14,247,233,3,3,0.6192692716105904,0.6213811603568123,0.5051020408163266,0.3834944307611112,0.38611454644637855,0.25512807163681805,0.0026201156852673213
777827,2025-05-21,2025,St. Louis Cardinals,Detroit Tigers,2025-05-21T17:00:00+00:00,0,-1.14,137,251,3,3,0.4747771972644372,0.46194827859411547,0.5178571428571429,0.2254133870422743,0.21339621209606652,0.2681760204081633,-0.01201717494620777
777830,2025-05-21,2025,Chicago White Sox,Seattle Mariners,2025-05-21T17:00:00+00:00,0,-0.06,168,174,3,3,0.3875742617370731,0.3842985715815451,0.43107769423558895,0.15021380836103723,0.14768539211961595,0.18582797846747193,-0.0025284162414212774
777831,2025-05-21,2025,Boston Red Sox,New York Mets,2025-05-21T17:00:00+00:00,0,0.76,219,143,3,3,0.4575521698967961,0.46339969242057794,0.5664160401002506,0.20935398817726655,0.21473927493548622,0.32082713048284867,0.005385286758219671
777832,2025-05-21,2025,Tampa Bay Rays,Houston Astros,2025-05-21T17:00:00+00:00,1,-0.31,125,156,3,3,0.4924433171384333,0.4881564702006066,0.3941605839416058,0.25761378631743703,0.2619837989975025,0.36704139804997604,0.004370012680065483
777833,2025-05-21,2025,Miami Marlins,Chicago Cubs,2025-05-21T17:00:00+00:00,0,0.88,221,133,3,3,0.3700073557937185,0.3753098316198192,0.42643391521197016,0.1369054433414594,0.14085746971049704,0.18184588404300975,0.003952026369037631
777835,2025-05-21,2025,New York Yankees,Texas Rangers,2025-05-21T17:00:00+00:00,1,0.23,105,82,2,2,0.628583235451624,0.6316585689305994,0.5216284987277354,0.1379504129875838,0.13567540984225404,0.22883929322948024,-0.002275003145329746
777837,2025-05-21,2025,Toronto Blue Jays,San Diego Padres,2025-05-21T17:00:00+00:00,1,0.02,88,86,2,2,0.4844966020163557,0.4833911418935276,0.5911330049261084,0.2657437533326836,0.26688471227407334,0.16717221966075368,0.0011409589413897692
777814,2025-05-22,2025,Pittsburgh Pirates,Milwaukee Brewers,2025-05-22T17:00:00+00:00,0,-1.45,147,292,3,3,0.4528990098861164,0.4367678902133866,0.4809160305343511,0.20511751315582458,0.19076618992145292,0.23128022842491694,-0.01435132323437166
777816,2025-05-22,2025,Toronto Blue Jays,San Diego Padres,2025-05-22T17:00:00+00:00,1,-0.37,71,108,2,2,0.4991569449707604,0.49437262585656866,0.4809160305343511,0.25084376577102185,0.2556590414831816,0.26944816735621463,0.004815275712159728
777817,2025-05-22,2025,Colorado Rockies,Philadelphia Phillies,2025-05-22T17:00:00+00:00,0,0.24,178,154,3,3,0.4052061809650735,0.40505057273737594,0.2923728813559322,0.1641920490922999,0.16406596647487628,0.08548190175237001,-0.00012608261742361182
777820,2025-05-22,2025,Washington Nationals,Atlanta Braves,2025-05-22T17:00:00+00:00,1,-0.15,36,51,1,1,0.42664424237716636,0.4230048797956239,0.41234567901234565,0.32873682479925354,0.3329233687396625,0.3453376009754611,0.00418654394040896
777821,2025-05-22,2025,Detroit Tigers,Cleveland Guardians,2025-05-22T17:00:00+00:00,0,0.99,267,168,3,2,0.6234019027993978,0.6335135402178251,0.5454545454545454,0.3886299324139098,0.40133940563932197,0.29752066115702475,0.01270947322541216
777822,2025-05-22,2025,Houston Astros,Seattle Mariners,2025-05-22T17:00:00+00:00,1,-0.02,186,188,3,3,0.5357702193717434,0.5350698830615138,0.4422110552763819,0.21550928922215923,0.21616001363643444,0.31112850685588755,0.0006507244142752167
777797,2025-05-23,2025,St. Louis Cardinals,Arizona Diamondbacks,2025-05-23T17:00:00+00:00,1,0.16,118,102,2,2,0.48500120973201205,0.4853049282806876,0.46329113924050636,0.2652237539774911,0.26491101685214813,0.28805640121775355,-0.0003127371253429656
777798,2025-05-23,2025,Los Angeles Angels,Miami Marlins,2025-05-23T17:00:00+00:00,1,0.51,198,147,3,2,0.6123767958010086,0.6116242157684609,0.5891089108910892,0.150251748433493,0.150835749777463,0.1688314871091069,0.000584001343969992
777799,2025-05-23,2025,Minnesota Twins,Kansas City Royals,2025-05-23T17:00:00+00:00,1,-0.03,177,180,2,2,0.507823293476773,0.5065811567977694,0.635933806146572,0.2422379104440507,0.24346215482702743,0.1325441935069218,0.0012242443829767191
777800,2025-05-23,2025,Houston Astros,Seattle Mariners,2025-05-23T17:00:00+00:00,0,-0.22,205,227,3,3,0.5485739700273211,0.546090562959484,0.5406091370558376,0.3009334005915362,0.29821490295340614,0.2922582390682574,-0.0027184976381300907
777801,2025-05-23,2025,Washington Nationals,San Francisco Giants,2025-05-23T17:00:00+00:00,0,0.13,128,115,2,2,0.475254334681121,0.4684993431709927,0.5153061224489797,0.22586668263319495,0.21949163455165158,0.26554039983340283,-0.006375048081543377
777802,2025-05-23,2025,Colorado Rockies,New York Yankees,2025-05-23T17:00:00+00:00,1,-0.34,146,180,3,3,0.3544521974894838,0.348238327601043,0.2854166666666666,0.41673196532615636,0.42479327760828534,0.5106293402777778,0.008061312282128974
777805,2025-05-23,2025,Chicago White Sox,Texas Rangers,2025-05-23T17:00:00+00:00,1,0.44,149,105,2,3,0.37737778668295485,0.38493723045497286,0.3681710213776722,0.38765842051581606,0.3783022104803992,0.39920785822693394,-0.009356210035416868
777806,2025-05-23,2025,Pittsburgh Pirates,Milwaukee Brewers,2025-05-23T17:00:00+00:00,1,-1.44,134,278,3,3,0.4506934029824087,0.4346426713983373,0.5343511450381679,0.30173773752704647,0.31962890900360835,0.2168288561272653,0.017891171476561885
777807,2025-05-23,2025,Detroit Tigers,Cleveland Guardians,2025-05-23T17:00:00+00:00,0,-0.28,175,203,3,3,0.6174919218671064,0.6156045621745218,0.5241730279898218,0.38129627357113266,0.37896897697008464,0.2747573632720185,-0.0023272966010480234
777808,2025-05-23,2025,New York Mets,Los Angeles Dodgers,2025-05-23T17:00:00+00:00,0,-0.04,92,96,2,2,0.539118828516703,0.5382723805578737,0.49489795918367346,0.2906491112612222,0.2897371556714404,0.24492399000416493,-0.0009119555897817988
777810,2025-05-23,2025,Tampa Bay Rays,Toronto Blue Jays,2025-05-23T17:00:00+00:00,1,-0.84,104,188,2,3,0.47116349633388194,0.46787076671857275,0.5566750629722922,0.27966804760980407,0.2831615209126796,0.1965369997906211,0.003493473302875527
777811,2025-05-23,2025,Cincinnati Reds,Chicago Cubs,2025-05-23T17:00:00+00:00,0,0.27,97,70,2,2,0.4572744125166073,0.45823807321559745,0.49744897959183665,0.2090998883424083,0.20998213174434324,0.24745548729695951,0.0008822434019349346
777813,2025-05-23,2025,Atlanta Braves,San Diego Padres,2025-05-23T17:00:00+00:00,0,-0.59,138,197,2,3,0.539374016307197,0.5330493797135257,0.6168674698795181,0.29092432946735636,0.2841416412129745,0.3805254753955582,-0.00678268825438183
777815,2025-05-23,2025,Boston Red Sox,Baltimore Orioles,2025-05-23T17:00:00+00:00,1,-0.38,159,197,2,2,0.5799987559647595,0.5764784588637653,0.5165394402035622,0.17640104499114967,0.17937049580641137,0.23373411287868498,0.002969450815261704
777781,2025-05-24,2025,Los Angeles Angels,Miami Marlins,2025-05-24T17:00:00+00:00,0,1.28,211,83,3,2,0.5456844305313412,0.5580268185974911,0.6318289786223278,0.2977714977243141,0.3113939302740373,0.39920785822693394,0.013622432549723174
777782,2025-05-24,2025,Colorado Rockies,New York Yankees,2025-05-24T17:00:00+00:00,0,-0.2,140,160,3,3,0.3535201332777112,0.3485722946533639,0.26706827309236947,0.12497648463269069,0.12150264459991156,0.07132546249254043,-0.0034738400327791324
777786,2025-05-24,2025,St. Louis Cardinals,Arizona Diamondbacks,2025-05-24T17:00:00+00:00,1,0.91,119,28,2,2,0.48232352035614484,0.4900938572198956,0.5329949238578681,0.2679889375764547,0.26000427444488416,0.21809374114251845,-0.007984663131570535
777787,2025-05-24,2025,Houston Astros,Seattle Mariners,2025-05-24T17:00:00+00:00,1,0.37,207,170,3,3,0.5445552626395626,0.5478686968059434,0.5,0.20742990878931786,0.20442271532795592,0.25,-0.00300719346136194
777788,2025-05-24,2025,Minnesota Twins,Kansas City Royals,2025-05-24T17:00:00+00:00,1,0.52,214,162,3,2,0.507310036512568,0.5115686050403258,0.5267175572519084,0.24274340012124707,0.2385652275822533,0.2239962706136006,-0.004178172538993774
777789,2025-05-24,2025,New York Mets,Los Angeles Dodgers,2025-05-24T17:00:00+00:00,1,-0.23,203,226,2,2,0.5326790290428796,0.5298336987480099,0.5253807106598984,0.2183888898963058,0.22105635083297712,0.22526346981370304,0.0026674609366713065
777790,2025-05-24,2025,Boston Red Sox,Baltimore Orioles,2025-05-24T17:00:00+00:00,0,-0.38,156,194,2,2,0.5948694953793666,0.591618085843736,0.48979591836734687,0.3538697165329023,0.35001195949740616,0.23990004164931272,-0.0038577570354961233
777791,2025-05-24,2025,Cincinnati Reds,Chicago Cubs,2025-05-24T17:00:00+00:00,1,0.21,163,142,2,2,0.45323089489591983,0.4535338822416604,0.49234693877551017,0.2989564542963167,0.29862521785787155,0.2577116305705956,-0.00033123643844512607
777792,2025-05-24,2025,Chicago White Sox,Texas Rangers,2025-05-24T17:00:00+00:00,1,0.24,123,99,2,3,0.4478744057898504,0.4483903513337791,0.40987654320987654,0.3048426717819108,0.3042732045016717,0.3482456942539247,-0.0005694672802390999
777793,2025-05-24,2025,Washington Nationals,San Francisco Giants,2025-05-24T17:00:00+00:00,1,0.72,163,91,2,2,0.4034487438826063,0.407903550379164,0.4133663366336633,0.35587340117524024,0.35057820565359926,0.34413905499460845,-0.005295195521640983
777794,2025-05-24,2025,Pittsburgh Pirates,Milwaukee Brewers,2025-05-24T17:00:00+00:00,1,-0.9,213,303,3,3,0.4535721745092975,0.4428782733091166,0.5089058524173028,0.2985833684704976,0.3103846183510314,0.24117346178997598,0.011801249880533826
777795,2025-05-24,2025,Tampa Bay Rays,Toronto Blue Jays,2025-05-24T17:00:00+00:00,1,-0.92,109,201,2,3,0.5422041908122792,0.5326385688480155,0.5139949109414759,0.20957700290984005,0.2184267073284311,0.23620094659078397,0.008849704418591064
777796,2025-05-24,2025,Detroit Tigers,Cleveland Guardians,2025-05-24T17:00:00+00:00,0,-0.51,188,239,3,4,0.6133666572697812,0.6092147001506399,0.5541561712846348,0.37621865625030526,0.37114255087963416,0.3070890621728455,-0.005076105370671102
777803,2025-05-24,2025,Atlanta Braves,San Diego Padres,2025-05-24T17:00:00+00:00,1,-0.96,123,219,2,3,0.5411674923893308,0.5311834607284923,0.5089058524173028,0.21052727004029478,0.2197889474945131,0.24117346178997598,0.009261677454218326
777766,2025-05-25,2025,St. Louis Cardinals,Arizona Diamondbacks,2025-05-25T17:00:00+00:00,1,0.67,115,48,2,2,0.4878404315315402,0.4932966659429557,0.5355329949238579,0.26230742357379894,0.2567482687445247,0.21572959880440104,-0.0055591548292742154
777767,2025-05-25,2025,Los Angeles Angels,Miami Marlins,2025-05-25T17:00:00+00:00,0,1.02,213,111,3,2,0.5404524170162446,0.5501614906203176,0.5178571428571429,0.2920888150587007,0.3026776657615698,0.2681760204081633,0.01058885070286908
777768,2025-05-25,2025,Colorado Rockies,New York Yankees,2025-05-25T17:00:00+00:00,0,0.62,160,98,3,3,0.34313070577125626,0.345484778535277,0.2929936305732484,0.11773868124308043,0.11935973219956938,0.08584526755649316,0.0016210509564889564
777772,2025-05-25,2025,Minnesota Twins,Kansas City Royals,2025-05-25T17:00:00+00:00,0,0.5,139,89,2,2,0.5078617155990047,0.51192846514021,0.5114503816793893,0.2579235221711644,0.26207075342081115,0.261581492919993,0.004147231249646777
777773,2025-05-25,2025,New York Mets,Los Angeles Dodgers,2025-05-25T17:00:00+00:00,1,-0.75,157,232,2,2,0.533067113532754,0.5250341310120611,0.5139949109414759,0.218026320464634,0.22559257670346794,0.23620094659078397,0.007566256238833946
777774,2025-05-25,2025,Houston Astros,Seattle Mariners,2025-05-25T17:00:00+00:00,1,0.51,192,141,3,3,0.542850031992543,0.5475292444841795,0.44332493702770776,0.20898609324921896,0.2047297845970574,0.3098871257352056,-0.004256308652161561
777775,2025-05-25,2025,Tampa Bay Rays,Toronto Blue Jays,2025-05-25T17:00:00+00:00,1,-0.81,109,190,2,3,0.542863779259255,0.534407482655593,0.5,0.20897352431313115,0.21677639220710193,0.25,0.007802867893970777
777776,2025-05-25,2025,Pittsburgh Pirates,Milwaukee Brewers,2025-05-25T17:00:00+00:00,0,-0.28,206,234,3,3,0.45535242797758074,0.45082242826440555,0.40640394088669946,0.20734583366507786,0.2032408618262151,0.1651641631682399,-0.00410497183886277
777777,2025-05-25,2025,Chicago White Sox,Texas Rangers,2025-05-25T17:00:00+00:00,0,-0.49,110,159,2,3,0.4544481251441523,0.4478235489129211,0.4821428571428572,0.2065230984470351,0.20054593096096343,0.23246173469387763,-0.005977167486071661
777778,2025-05-25,2025,Washington Nationals,San Francisco Giants,2025-05-25T17:00:00+00:00,0,0.86,172,86,3,2,0.4088113494191373,0.4147299610920148,0.42643391521197016,0.16712671941389598,0.17200094062738414,0.18184588404300975,0.004874221213488156
777779,2025-05-25,2025,Cincinnati Reds,Chicago Cubs,2025-05-25T17:00:00+00:00,0,0.48,186,138,2,2,0.4531063453764191,0.4560903805256436,0.4531645569620253,0.20530536022037477,0.20801843520802638,0.20535811568658865,0.002713074987651609
777783,2025-05-25,2025,Atlanta Braves,San Diego Padres,2025-05-25T17:00:00+00:00,0,-0.78,153,231,3,3,0.5504050204948416,0.5423871759242969,0.5566750629722922,0.302945686585927,0.29418384860713415,0.3098871257352055,-0.008761837978792875
777785,2025-05-25,2025,Boston Red Sox,Baltimore Orioles,2025-05-25T17:00:00+00:00,0,0.04,236,232,3,3,0.5918490917378205,0.592612691455521,0.5429292929292929,0.3502853473908831,0.3511898020741565,0.29477221712070195,0.0009044546832734368
777756,2025-05-26,2025,San Diego Padres,Miami Marlins,2025-05-26T17:00:00+00:00,1,0.43,195,152,3,3,0.6338079566416245,0.638797724274819,0.582089552238806,0.13409661261898237,0.13046708398904971,0.17464914234796167,-0.0036295286299326546
777757,2025-05-26,2025,Chicago Cubs,Colorado Rockies,2025-05-26T17:00:00+00:00,1,0.2,227,207,3,3,0.7181801640148977,0.7218890141669799,0.7355864811133201,0.07942241995466996,0.07734572044101429,0.0699145089700366,-0.002076699513655675
777758,2025-05-26,2025,New York Mets,Chicago White Sox,2025-05-26T17:00:00+00:00,1,0.36,198,162,3,3,0.6922904959948748,0.6971388837714323,0.6969696969696969,0.09468513885508016,0.091724855723214,0.09182736455463732,-0.002960283131866165
777759,2025-05-26,2025,Texas Rangers,Toronto Blue Jays,2025-05-26T17:00:00+00:00,0,0.31,177,146,3,3,0.5198671435836204,0.52221574206928,0.5516372795969774,0.2702618469777926,0.2727092812649688,0.30430368824115384,0.002447434287176198
777760,2025-05-26,2025,Kansas City Royals,Cincinnati Reds,2025-05-26T17:00:00+00:00,0,-1.43,133,276,3,3,0.5666049936422002,0.5524663218885127,0.5102040816326531,0.3210412188202777,0.3052190368210218,0.2603082049146189,-0.01582218199925589
777761,2025-05-26,2025,Arizona Diamondbacks,Pittsburgh Pirates,2025-05-26T17:00:00+00:00,1,-1.32,92,224,3,3,0.6352031737959064,0.6238978723133146,0.6350710900473934,0.13307672440857968,0.1414528104504518,0.13317310931919768,0.008376086041872122
777762,2025-05-26,2025,Tampa Bay Rays,Minnesota Twins,2025-05-26T17:00:00+00:00,1,-0.4,141,181,3,3,0.5361017005286131,0.531616456740618,0.5267175572519084,0.2152016322524446,0.2193831435962134,0.2239962706136006,0.00418151134376879
777763,2025-05-26,2025,Los Angeles Angels,New York Yankees,2025-05-26T17:00:00+00:00,0,0.37,190,153,3,3,0.3723597663905119,0.3729208366624247,0.38072289156626504,0.1386517956263966,0.13906995041700285,0.14494992016257802,0.00041815479060625105
777764,2025-05-26,2025,Milwaukee Brewers,Boston Red Sox,2025-05-26T17:00:00+00:00,1,-0.88,206,294,3,4,0.5615685117762655,0.5527726398915124,0.4054054054054054,0.1922221698660786,0.20001231162960686,0.35354273192111035,0.007790141763528269
777769,2025-05-26,2025,Cleveland Guardians,Los Angeles Dodgers,2025-05-26T17:00:00+00:00,0,-0.98,165,263,3,3,0.44378560775269094,0.4322005509468822,0.39853300733496333,0.19694566564842525,0.1867973162387885,0.15882855793544995,-0.010148349409636742
777770,2025-05-26,2025,Detroit Tigers,San Francisco Giants,2025-05-26T17:00:00+00:00,1,0.21,144,123,3,3,0.5386004738363915,0.5402353296942835,0.5076530612244898,0.2128895227440024,0.21138355206132423,0.24240550812161596,-0.0015059706826781871
777771,2025-05-26,2025,Baltimore Orioles,St. Louis Cardinals,2025-05-26T17:00:00+00:00,1,1.26,284,158,4,3,0.4610830118021625,0.47198308732826627,0.5063938618925831,0.29043152016822815,0.27880186006738933,0.24364701957731835,-0.011629660100838823
777741,2025-05-27,2025,Texas Rangers,Toronto Blue Jays,2025-05-27T17:00:00+00:00,1,0.64,174,110,3,3,0.5106356731183986,0.5161461398209518,0.5664160401002506,0.2394774444242828,0.23411455801016592,0.1879950502823475,-0.005362886414116863
777742,2025-05-27,2025,San Diego Padres,Miami Marlins,2025-05-27T17:00:00+00:00,1,0.37,220,183,3,3,0.6368220250435325,0.6412877786164364,0.597051597051597,0.13189824149348056,0.12867445776993075,0.1623674154386685,-0.0032237837235498112
777743,2025-05-27,2025,Seattle Mariners,Washington Nationals,2025-05-27T17:00:00+00:00,1,0.26,72,46,2,2,0.6307129246670894,0.6340930742263473,0.5911330049261084,0.1363729440079348,0.13388787832912538,0.16717221966075368,-0.002485065678809406
777744,2025-05-27,2025,Arizona Diamondbacks,Pittsburgh Pirates,2025-05-27T17:00:00+00:00,0,-0.42,127,169,3,3,0.6386097627004143,0.6357943248891669,0.6899563318777293,0.4078224290162794,0.4042344235612715,0.47603973989817133,-0.0035880054550079254
777745,2025-05-27,2025,Los Angeles Angels,New York Yankees,2025-05-27T17:00:00+00:00,0,-0.06,163,169,3,3,0.3679156431732749,0.3644038859527379,0.34722222222222227,0.13536192049160456,0.13279019209745602,0.12056327160493831,-0.0025717283941485425
777746,2025-05-27,2025,Tampa Bay Rays,Minnesota Twins,2025-05-27T17:00:00+00:00,0,-0.95,108,203,3,3,0.5432201436313262,0.5333742125300577,0.46700507614213205,0.2950881244468387,0.2844880505920591,0.21809374114251856,-0.010600073854779568
777747,2025-05-27,2025,Milwaukee Brewers,Boston Red Sox,2025-05-27T17:00:00+00:00,1,-0.56,189,245,3,4,0.5633407629815933,0.5577457544607576,0.5329949238578681,0.19067128927349708,0.1955888176974845,0.21809374114251845,0.004917528423987433
777748,2025-05-27,2025,Philadelphia Phillies,Atlanta Braves,2025-05-27T17:00:00+00:00,1,0.71,136,65,2,2,0.5123791008971008,0.5186161418288426,0.5153061224489797,0.23777414124191978,0.23173041890774895,0.2349281549354435,-0.006043722334170831
777749,2025-05-27,2025,New York Mets,Chicago White Sox,2025-05-27T17:00:00+00:00,1,-0.5,117,167,3,3,0.6940345604003373,0.6915920472042595,0.7036247334754797,0.09361485022941485,0.0951154653476597,0.08783829860748044,0.0015006151182448552
777750,2025-05-27,2025,Kansas City Royals,Cincinnati Reds,2025-05-27T17:00:00+00:00,0,-0.22,170,192,3,3,0.5633411713804233,0.5611045552117017,0.5253807106598984,0.31735327537226743,0.31483832187932154,0.27602489113349993,-0.0025149534929458928
777751,2025-05-27,2025,Chicago Cubs,Colorado Rockies,2025-05-27T17:00:00+00:00,1,-0.26,180,206,3,3,0.7162494998358989,0.7162117812237231,0.7495183044315993,0.08051434634337754,0.08053575311621201,0.06274107981482098,2.140677283447856e-05
777753,2025-05-27,2025,Cleveland Guardians,Los Angeles Dodgers,2025-05-27T17:00:00+00:00,0,0.57,197,140,3,3,0.4408102739856203,0.44447729499872113,0.4582278481012658,0.19431369765127762,0.19756006576938018,0.20997276077551674,0.003246368118102555
777754,2025-05-27,2025,Baltimore Orioles,St. Louis Cardinals,2025-05-27T17:00:00+00:00,0,0.53,203,150,4,3,0.4610796217128696,0.4646951026936717,0.4809160305343511,0.21259441755888292,0.2159415384674821,0.23128022842491694,0.003347120908599177
777755,2025-05-27,2025,Detroit Tigers,San Francisco Giants,2025-05-27T17:00:00+00:00,1,0.02,134,132,3,3,0.5386125105604725,0.5383556704649565,0.48600508905852424,0.21287841541131006,0.21311548699185986,0.26419076847373557,0.00023707158054980804
777724,2025-05-28,2025,Texas Rangers,Toronto Blue Jays,2025-05-28T17:00:00+00:00,0,0.68,196,128,3,3,0.5161458698456898,0.5221385466515284,0.547979797979798,0.26640655895876375,0.27262866189937024,0.30028185899398024,0.006222102940606489
777726,2025-05-28,2025,San Diego Padres,Miami Marlins,2025-05-28T17:00:00+00:00,0,-0.22,169,191,3,3,0.6399357906171221,0.6389966487080705,0.5911330049261084,0.40951781611276117,0.4083167170601453,0.34943822951297054,-0.0012010990526158949
777728,2025-05-28,2025,Los Angeles Angels,New York Yankees,2025-05-28T17:00:00+00:00,0,-0.24,153,177,3,3,0.3684010253064962,0.3632247387845884,0.4133663366336633,0.13571931544687765,0.13193221086513246,0.17087172826193503,-0.003787104581745193
777729,2025-05-28,2025,Arizona Diamondbacks,Pittsburgh Pirates,2025-05-28T17:00:00+00:00,0,-0.35,156,191,3,3,0.6335157178208077,0.6312565715992933,0.5541561712846348,0.4013421647260133,0.39848485918729365,0.3070890621728455,-0.0028573055387196566
777730,2025-05-28,2025,Seattle Mariners,Washington Nationals,2025-05-28T17:00:00+00:00,0,-0.56,60,116,2,2,0.6388404990183056,0.6347296059368497,0.6621004566210046,0.40811718318595774,0.4028816726527485,0.43837701465774276,-0.005235510533209253
777731,2025-05-28,2025,Chicago Cubs,Colorado Rockies,2025-05-28T17:00:00+00:00,1,0.38,218,180,3,3,0.7183400142811089,0.7234954993597129,0.7509578544061303,0.07933234755516591,0.07645473887433452,0.0620219902819982,-0.002877608680831395
777732,2025-05-28,2025,Tampa Bay Rays,Minnesota Twins,2025-05-28T17:00:00+00:00,1,-0.49,98,147,3,3,0.5402932650469519,0.534981907556454,0.5392405063291139,0.21133028216119207,0.21624182629983427,0.21229931100785132,0.004911544138642199
777733,2025-05-28,2025,Kansas City Royals,Cincinnati Reds,2025-05-28T17:00:00+00:00,1,0.87,231,144,3,3,0.5578138540801724,0.5662431734891615,0.4783715012722647,0.1955285876434311,0.18814498454475362,0.27209629068495095,-0.0073836030986774714
777736,2025-05-28,2025,Milwaukee Brewers,Boston Red Sox,2025-05-28T17:00:00+00:00,1,0.38,235,197,3,3,0.5690562969721688,0.572809919900043,0.5760598503740648,0.18571247517933961,0.18249136453580764,0.17972525046486032,-0.003221110643531977
777737,2025-05-28,2025,New York Mets,Chicago White Sox,2025-05-28T17:00:00+00:00,0,0.32,163,131,3,3,0.6973524499574145,0.701898211980603,0.6734234234234234,0.48630043946160834,0.4926610999815675,0.45349910721532344,0.006360660519959149
777738,2025-05-28,2025,Detroit Tigers,San Francisco Giants,2025-05-28T17:00:00+00:00,1,-0.01,103,104,3,3,0.5395245796989863,0.5389833526772524,0.5051020408163266,0.21203761270139526,0.21253634910870664,0.24492399000416487,0.0004987364073113787
777739,2025-05-28,2025,Cleveland Guardians,Los Angeles Dodgers,2025-05-28T17:00:00+00:00,1,0.77,214,137,3,3,0.43538082193055516,0.440928043178035,0.3840579710144928,0.31879481624381545,0.3125614529047411,0.3793845830707834,-0.0062333633390743715
777740,2025-05-28,2025,Baltimore Orioles,St. Louis Cardinals,2025-05-28T17:00:00+00:00,0,0.33,166,133,3,3,0.45895098126955536,0.46053878486252475,0.5267175572519084,0.21063600320828776,0.21209597236265085,0.2774313851174174,0.0014599691543630833
777722,2025-05-29,2025,Seattle Mariners,Washington Nationals,2025-05-29T17:00:00+00:00,0,-0.52,76,128,2,2,0.6287851475090291,0.6248439047832548,0.5190839694656489,0.39537076172795155,0.39042990534478517,0.26944816735621474,-0.004940856383166381
777723,2025-05-29,2025,Philadelphia Phillies,Atlanta Braves,2025-05-29T17:00:00+00:00,0,-0.24,40,64,1,1,0.5138647729047879,0.5106149112349342,0.6004901960784313,0.2640570048324893,0.2607275875754597,0.3605884755863129,-0.0033294172570295655
777725,2025-05-29,2025,Houston Astros,Tampa Bay Rays,2025-05-29T17:00:00+00:00,0,-0.31,85,116,2,3,0.5677302680939543,0.5646810588679654,0.5216284987277354,0.32231765731003326,0.31886469824424657,0.27209629068495106,-0.003452959065786687
777735,2025-05-29,2025,Philadelphia Phillies,Atlanta Braves,2025-05-29T17:00:00+00:00,1,-0.24,40,64,1,1,0.5138647729047879,0.5106149112349342,0.5076530612244898,0.2363274590229134,0.23949776510559134,0.24240550812161596,0.0031703060826779317
777707,2025-05-30,2025,San Diego Padres,Pittsburgh Pirates,2025-05-30T17:00:00+00:00,1,-0.02,112,114,2,2,0.6035785632184971,0.6039424098925195,0.647196261682243,0.1571499555399111,0.15686161468174506,0.12447047777098437,-0.0002883408581660363
777708,2025-05-30,2025,Los Angeles Dodgers,New York Yankees,2025-05-30T17:00:00+00:00,1,0.48,126,78,2,2,0.5277341780215847,0.5318987253382038,0.46700507614213205,0.22303500660894823,0.21911880333999836,0.28408358885825447,-0.003916203268949869
777709,2025-05-30,2025,Texas Rangers,St. Louis Cardinals,2025-05-30T17:00:00+00:00,1,0.31,158,127,2,2,0.4934714904305974,0.4954107398409532,0.4325,0.25657113100660034,0.25461032146785423,0.32205625,-0.001960809538746111
777710,2025-05-30,2025,Arizona Diamondbacks,Washington Nationals,2025-05-30T17:00:00+00:00,0,-0.84,123,207,2,3,0.5688872957026064,0.5671518347498222,0.6666666666666666,0.3236327552118248,0.32166120366008966,0.4444444444444444,-0.001971551551735118
777711,2025-05-30,2025,Kansas City Royals,Detroit Tigers,2025-05-30T17:00:00+00:00,0,0.5,164,114,2,2,0.49351421992989497,0.497357683060698,0.46954314720812185,0.24355628527301273,0.24736466489950573,0.220470767090108,0.003808379626492997
777712,2025-05-30,2025,Chicago Cubs,Cincinnati Reds,2025-05-30T17:00:00+00:00,0,0.42,114,72,2,2,0.6169489420203412,0.6216723271079473,0.6014669926650367,0.3806259970600184,0.3864764822918106,0.36176254326552326,0.005850485231792213
777713,2025-05-30,2025,Seattle Mariners,Minnesota Twins,2025-05-30T17:00:00+00:00,0,0.57,148,91,3,2,0.6318868969337091,0.6320111812581208,0.5664160401002506,0.39928105051651197,0.39943813323528526,0.32082713048284867,0.00015708271877329372
777714,2025-05-30,2025,Houston Astros,Tampa Bay Rays,2025-05-30T17:00:00+00:00,1,0.76,205,129,3,3,0.5553883169848254,0.5627054185018111,0.5980392156862746,0.19767954867358611,0.19122655100767616,0.16157247212610526,-0.006452997665909954
777715,2025-05-30,2025,Philadelphia Phillies,Milwaukee Brewers,2025-05-30T17:00:00+00:00,0,0.2,188,168,3,2,0.5894927851692089,0.585351679229642,0.5541561712846348,0.3475017437665511,0.34263658837696176,0.3070890621728455,-0.004865155389589315
777717,2025-05-30,2025,Miami Marlins,San Francisco Giants,2025-05-30T17:00:00+00:00,0,0.73,148,75,2,2,0.3893137148782147,0.3935904019050272,0.39077669902912626,0.15156516859227584,0.15491340447176083,0.15270642850410032,0.00334823587948499
777718,2025-05-30,2025,New York Mets,Colorado Rockies,2025-05-30T17:00:00+00:00,1,0.76,174,98,2,2,0.7039503176501201,0.7121682232619941,0.7436399217221136,0.08764541441946481,0.08284713170015726,0.06572048973464406,-0.004798282719307559
777719,2025-05-30,2025,Atlanta Braves,Boston Red Sox,2025-05-30T17:00:00+00:00,0,0.43,246,203,3,2,0.6432132198462666,0.6422236866919412,0.5990220048899756,0.4137232461850016,0.41245126374818863,0.3588273623424059,-0.0012719824368129795
777720,2025-05-30,2025,Baltimore Orioles,Chicago White Sox,2025-05-30T17:00:00+00:00,1,0.27,148,121,2,2,0.5778228182436788,0.5806196521873892,0.6666666666666666,0.1782335727957099,0.17587987613142642,0.11111111111111113,-0.002353696664283478
777721,2025-05-30,2025,Cleveland Guardians,Los Angeles Angels,2025-05-30T17:00:00+00:00,0,0.13,149,136,2,2,0.5982308820422095,0.5999561896632088,0.568922305764411,0.35788018822900003,0.3599474295151962,0.323672589996294,0.0020672412861961753
777691,2025-05-31,2025,San Diego Padres,Pittsburgh Pirates,2025-05-31T17:00:00+00:00,0,0.52,112,60,2,2,0.609276427826525,0.614864726805752,0.669683257918552,0.37121776550505076,0.37805863226991204,0.4484756659364058,0.006840866764861286
777693,2025-05-31,2025,Houston Astros,Tampa Bay Rays,2025-05-31T17:00:00+00:00,0,0.56,180,124,3,3,0.5573275405445377,0.5626966465115676,0.5491183879093199,0.3106139874494233,0.31662751599536404,0.3015310039401303,0.006013528545940727
777694,2025-05-31,2025,Kansas City Royals,Detroit Tigers,2025-05-31T17:00:00+00:00,1,-0.1,148,158,2,2,0.49328205844113476,0.49111125819320617,0.3640661938534279,0.2567630722976535,0.25896775153770163,0.40441180580006586,0.002204679240048135
777695,2025-05-31,2025,Seattle Mariners,Minnesota Twins,2025-05-31T17:00:00+00:00,1,1.2,216,96,3,2,0.5607768386351765,0.5724793384045576,0.5051020408163266,0.1929169854793098,0.18277391609100482,0.24492399000416487,-0.010143069388304976
777696,2025-05-31,2025,Arizona Diamondbacks,Washington Nationals,2025-05-31T17:00:00+00:00,0,-0.71,131,202,2,3,0.6329822721747679,0.627346700227107,0.6225961538461539,0.40066655688753194,0.3935638822858397,0.38762597078402367,-0.007102674601692227
777697,2025-05-31,2025,Texas Rangers,St. Louis Cardinals,2025-05-31T17:00:00+00:00,0,-0.65,90,155,2,2,0.5011295606231593,0.493570866640468,0.43107769423558895,0.25113083653036067,0.24361220039622267,0.18582797846747193,-0.0075186361341380015
777698,2025-05-31,2025,Los Angeles Dodgers,New York Yankees,2025-05-31T17:00:00+00:00,1,0.19,122,103,2,2,0.5284178829852939,0.5296981533295044,0.4707379134860051,0.22238969308807194,0.22118382698167832,0.2801183562211475,-0.001205866106393616
777699,2025-05-31,2025,Baltimore Orioles,Chicago White Sox,2025-05-31T17:00:00+00:00,1,-0.8,115,195,2,2,0.5779531180741166,0.5702761985224344,0.6004901960784313,0.17812357054336053,0.18466254555633022,0.15960808342945024,0.006538975012969683
777700,2025-05-31,2025,New York Mets,Colorado Rockies,2025-05-31T17:00:00+00:00,1,0.93,161,68,2,2,0.706979958178824,0.7165799997011726,0.7669724770642201,0.08586074490888375,0.08032689656938732,0.05430182644558542,-0.005533848339496425
777702,2025-05-31,2025,Philadelphia Phillies,Milwaukee Brewers,2025-05-31T17:00:00+00:00,0,0.88,247,159,3,2,0.5215779026735766,0.5296470115699748,0.6192771084337348,0.272043508557367,0.2805259568650051,0.38350413703004776,0.008482448307638113
777703,2025-05-31,2025,Cleveland Guardians,Los Angeles Angels,2025-05-31T17:00:00+00:00,1,0.11,135,124,2,2,0.590078714683168,0.5914936578302904,0.6092233009708737,0.16803546015580362,0.16687743159287585,0.15270642850410032,-0.0011580285629277653
777704,2025-05-31,2025,Chicago Cubs,Cincinnati Reds,2025-05-31T17:00:00+00:00,1,-0.14,73,87,2,2,0.6147144062767186,0.6141088014947986,0.6159420289855072,0.14844498873070147,0.14891201708378074,0.147500525099769,0.0004670283530792685
777705,2025-05-31,2025,Miami Marlins,San Francisco Giants,2025-05-31T17:00:00+00:00,1,-0.17,118,135,2,2,0.3914587948349104,0.3871852833329727,0.4239401496259351,0.37032239838377967,0.3755418769636889,0.33184495121298996,0.005219478579909231
777706,2025-05-31,2025,Atlanta Braves,Boston Red Sox,2025-05-31T17:00:00+00:00,1,0.91,252,161,3,2,0.5732422709549986,0.582227206394545,0.6267942583732058,0.18212215929964684,0.17453410707690614,0.13928252558320547,-0.007588052222740699
777677,2025-06-01,2025,Kansas City Royals,Detroit Tigers,2025-06-01T17:00:00+00:00,0,0.38,143,105,2,2,0.4950457640992954,0.4977110929054803,0.5935960591133005,0.24507030855265524,0.24771633200116766,0.35235628139484093,0.002646023448512419
777678,2025-06-01,2025,Texas Rangers,St. Louis Cardinals,2025-06-01T17:00:00+00:00,1,-0.05,100,105,2,2,0.4991612890569441,0.49758295288789994,0.597051597051597,0.2508394143791019,0.2524228892288422,0.1623674154386685,0.0015834748497403073
777679,2025-06-01,2025,Arizona Diamondbacks,Washington Nationals,2025-06-01T17:00:00+00:00,1,-0.08,211,219,2,3,0.6296515350682713,0.6298480745131374,0.6829268292682927,0.13715798547728786,0.1370124479416319,0.10053539559785839,-0.00014553753565596517
777680,2025-06-01,2025,Seattle Mariners,Minnesota Twins,2025-06-01T17:00:00+00:00,1,1.2,276,156,3,2,0.5633897379602715,0.575115969521833,0.5760598503740648,0.1906285209184004,0.18052643935537196,0.17972525046486032,-0.010102081563028442
777681,2025-06-01,2025,San Diego Padres,Pittsburgh Pirates,2025-06-01T17:00:00+00:00,1,0.59,131,72,2,2,0.6027027832647983,0.6088902702248248,0.582089552238806,0.15784507842553783,0.15296682072481058,0.17464914234796167,-0.004878257700727251
777682,2025-06-01,2025,Los Angeles Dodgers,New York Yankees,2025-06-01T17:00:00+00:00,0,-0.97,89,186,2,2,0.5438806369396514,0.5338476388477242,0.6039119804400979,0.2958061472378809,0.2849933015032902,0.36470968011908117,-0.010812845734590681
777683,2025-06-01,2025,Cleveland Guardians,Los Angeles Angels,2025-06-01T17:00:00+00:00,1,0.23,138,115,2,2,0.5927369559033134,0.5953496556654825,0.6574712643678161,0.16586318708689968,0.16374190117004359,0.11732593473378253,-0.0021212859168560916
777684,2025-06-01,2025,Baltimore Orioles,Chicago White Sox,2025-06-01T17:00:00+00:00,1,-0.38,102,140,2,2,0.5814161971139937,0.5779213586082915,0.565,0.17521240003851096,0.17815037951907045,0.18922500000000006,0.0029379794805594883
777686,2025-06-01,2025,New York Mets,Colorado Rockies,2025-06-01T17:00:00+00:00,1,-0.03,87,90,2,2,0.7077009600705569,0.7094313435671963,0.7733812949640287,0.08543872874367416,0.08443014410116473,0.051356037472180545,-0.0010085846425094275
777687,2025-06-01,2025,Chicago Cubs,Cincinnati Reds,2025-06-01T17:00:00+00:00,1,0.46,140,94,2,2,0.6161146725747934,0.6212063116337744,0.5911330049261084,0.1473679446123581,0.14348465834608926,0.16717221966075368,-0.003883286266268854
777688,2025-06-01,2025,Philadelphia Phillies,Milwaukee Brewers,2025-06-01T17:00:00+00:00,0,2.38,349,111,4,2,0.5108935308841649,0.5337955157432162,0.5876543209876544,0.26101219989928914,0.28493765262756615,0.3453376009754611,0.023925452728277008
777689,2025-06-01,2025,Miami Marlins,San Francisco Giants,2025-06-01T17:00:00+00:00,0,0.22,110,88,2,2,0.39151969596905656,0.39096213232408666,0.48346055979643765,0.15328767233170248,0.15285138891139666,0.23373411287868487,-0.00043628342030582745
777690,2025-06-01,2025,Houston Astros,Tampa Bay Rays,2025-06-01T17:00:00+00:00,1,1.42,216,74,3,3,0.5438663117836317,0.5575741300467825,0.5901234567901236,0.20805794152586712,0.19574065040386135,0.1679987806736777,-0.012317291122005775
777692,2025-06-01,2025,Atlanta Braves,Boston Red Sox,2025-06-01T17:00:00+00:00,0,1.9,286,96,4,2,0.5799880039391759,0.5986068287341443,0.4809160305343511,0.3363860847133496,0.35833013540714914,0.23128022842491694,0.021944050693799566
777670,2025-06-02,2025,Boston Red Sox,Los Angeles Angels,2025-06-02T17:00:00+00:00,0,-0.58,124,182,3,3,0.6077277730716044,0.6027940837164535,0.568922305764411,0.3693330461625715,0.36336070736355874,0.323672589996294,-0.005972338799012766
777671,2025-06-02,2025,Cincinnati Reds,Milwaukee Brewers,2025-06-02T17:00:00+00:00,0,0.02,160,158,3,3,0.499714525077245,0.49884617313879664,0.5139949109414759,0.24971460657317654,0.24884750445522227,0.2641907684737357,-0.000867102117954266
777673,2025-06-02,2025,Miami Marlins,Colorado Rockies,2025-06-02T17:00:00+00:00,0,0.19,148,129,3,3,0.5645021404166324,0.5663249242782841,0.6350710900473934,0.31866266653495934,0.32072391985880416,0.4033152894139844,0.002061253323844825
777674,2025-06-02,2025,Chicago White Sox,Detroit Tigers,2025-06-02T17:00:00+00:00,0,0.08,163,155,3,3,0.3649832672831482,0.3627338318228858,0.32142857142857145,0.13321278539668202,0.1315758327489136,0.10331632653061226,-0.0016369526477684193
777675,2025-06-02,2025,Los Angeles Dodgers,New York Mets,2025-06-02T17:00:00+00:00,0,0.78,199,121,3,3,0.5377998919641753,0.5450927045369269,0.5911330049261084,0.28922872379667863,0.2971260565393815,0.34943822951297054,0.007897332742702878
777676,2025-06-02,2025,San Francisco Giants,San Diego Padres,2025-06-02T17:00:00+00:00,0,-0.58,166,224,3,3,0.5708838913321675,0.5652321611887272,0.6244019138755981,0.3259084173825581,0.3194873960420793,0.38987775005150976,-0.006421021340478783
777655,2025-06-03,2025,Seattle Mariners,Baltimore Orioles,2025-06-03T17:00:00+00:00,0,1.03,187,84,2,2,0.6231959372334506,0.6336788632327658,0.568922305764411,0.38837317618427886,0.4015489017079703,0.323672589996294,0.01317572552369145
777656,2025-06-03,2025,San Francisco Giants,San Diego Padres,2025-06-03T17:00:00+00:00,0,-1.46,103,249,3,3,0.5653463628915816,0.5508818727965834,0.5945945945945945,0.31961651003473984,0.3034708377758711,0.3535427319211102,-0.01614567225886876
777657,2025-06-03,2025,Los Angeles Dodgers,New York Mets,2025-06-03T17:00:00+00:00,1,0.13,198,185,3,3,0.5372807899577967,0.5380988894334507,0.5566750629722922,0.21410906734208066,0.21335263594261156,0.1965369997906211,-0.0007564313994690985
777659,2025-06-03,2025,Washington Nationals,Chicago Cubs,2025-06-03T17:00:00+00:00,0,-0.37,107,144,2,2,0.38799542955741173,0.3817883805698007,0.40987654320987654,0.15054045335744046,0.14576236753811098,0.1679987806736778,-0.004778085819329481
777660,2025-06-03,2025,St. Louis Cardinals,Kansas City Royals,2025-06-03T17:00:00+00:00,0,0.17,87,70,2,2,0.5115451736078136,0.5123644151719483,0.5760598503740648,0.26167846464144817,0.26251729393449263,0.33184495121298996,0.000838829293044463
777661,2025-06-03,2025,Chicago White Sox,Detroit Tigers,2025-06-03T17:00:00+00:00,1,0.52,147,95,3,3,0.35432324371200724,0.35597011105588444,0.3883495145631068,0.4168984736105841,0.4147744978533699,0.37411631633518705,-0.0021239757572141804
777662,2025-06-03,2025,Tampa Bay Rays,Texas Rangers,2025-06-03T17:00:00+00:00,1,-0.83,15,98,2,2,0.584257915984315,0.5764170991540133,0.5639097744360902,0.1728414804217049,0.17942247388910101,0.19017468483238167,0.006580993467396101
777663,2025-06-03,2025,Pittsburgh Pirates,Houston Astros,2025-06-03T17:00:00+00:00,0,-0.27,117,144,2,2,0.44382296382937125,0.4392342443464021,0.5901234567901236,0.19697882322228738,0.1929267214065549,0.3482456942539248,-0.004052101815732484
777664,2025-06-03,2025,New York Yankees,Cleveland Guardians,2025-06-03T17:00:00+00:00,1,0.66,175,109,2,2,0.6236557451379318,0.6306934320758633,0.6488372093023256,0.14163499816768538,0.13638734111190504,0.1233153055705787,-0.0052476570557803415
777665,2025-06-03,2025,Toronto Blue Jays,Philadelphia Phillies,2025-06-03T17:00:00+00:00,0,0.4,192,152,2,2,0.5283988110007781,0.5317748648169828,0.4545454545454545,0.27920530346703604,0.2827845068511203,0.2066115702479338,0.0035792033840842397
777666,2025-06-03,2025,Miami Marlins,Colorado Rockies,2025-06-03T17:00:00+00:00,0,-0.12,148,160,3,3,0.560552035227685,0.5592566819321528,0.6168674698795181,0.31421858419789983,0.31276803628576116,0.3805254753955582,-0.0014505479121386666
777667,2025-06-03,2025,Boston Red Sox,Los Angeles Angels,2025-06-03T17:00:00+00:00,0,-0.54,155,209,3,3,0.6067894083227576,0.6022209721700164,0.5566750629722922,0.36819338605268226,0.3626700993213996,0.3098871257352055,-0.005523286731282662
777668,2025-06-03,2025,Cincinnati Reds,Milwaukee Brewers,2025-06-03T17:00:00+00:00,1,0.39,180,141,3,3,0.4956831367904419,0.4984586771813846,0.5417721518987342,0.25433549851752807,0.2515436984946466,0.20997276077551674,-0.0027918000228814854
777672,2025-06-03,2025,Atlanta Braves,Arizona Diamondbacks,2025-06-03T17:00:00+00:00,0,-1.27,83,210,2,2,0.5342248948859173,0.5210139790211658,0.5796019900497512,0.28539623831586935,0.27145556633546775,0.3359384668696319,-0.013940671980401609
777638,2025-06-04,2025,Los Angeles Dodgers,New York Mets,2025-06-04T17:00:00+00:00,0,0.09,215,206,3,3,0.5374972269456544,0.5379202217030761,0.5796019900497512,0.28890326897426827,0.2893581649170865,0.3359384668696319,0.0004548959428182231
777639,2025-06-04,2025,Chicago White Sox,Detroit Tigers,2025-06-04T17:00:00+00:00,0,-0.39,174,213,3,3,0.3614785201600692,0.35485996900373196,0.3551401869158879,0.13066672053711356,0.1259255976013296,0.1261245523626518,-0.004741122935783965
777641,2025-06-04,2025,San Francisco Giants,San Diego Padres,2025-06-04T17:00:00+00:00,1,-0.45,180,225,3,3,0.5610721304278422,0.5565236642831757,0.48600508905852424,0.19265767468715317,0.19667126034082147,0.26419076847373557,0.0040135856536683
777645,2025-06-04,2025,Seattle Mariners,Baltimore Orioles,2025-06-04T17:00:00+00:00,0,0.67,123,56,2,2,0.618652770245797,0.6257437994989326,0.5025510204081632,0.3827312501327989,0.3915553026113603,0.2525575281132861,0.008824052478561384
777646,2025-06-04,2025,Tampa Bay Rays,Texas Rangers,2025-06-04T17:00:00+00:00,1,-0.11,69,80,2,2,0.5885627731933862,0.5878210490543376,0.5392405063291139,0.16928059160231693,0.16989148760266676,0.21229931100785132,0.0006108960003498309
777648,2025-06-04,2025,Pittsburgh Pirates,Houston Astros,2025-06-04T17:00:00+00:00,1,-0.06,78,84,2,2,0.43837987266809353,0.43578685725880195,0.46700507614213205,0.31541716742430687,0.3183364704418995,0.28408358885825447,0.0029193030175926338
777649,2025-06-04,2025,Boston Red Sox,Los Angeles Angels,2025-06-04T17:00:00+00:00,1,-0.41,175,216,3,3,0.6057963170203577,0.6024567787908356,0.5505050505050506,0.15539654367471428,0.15804061272935863,0.20204570962146712,0.0026440690546443435
777650,2025-06-04,2025,Washington Nationals,Chicago Cubs,2025-06-04T17:00:00+00:00,1,0.57,141,84,2,2,0.38360914875619023,0.3862523682110193,0.4483627204030227,0.3799376814970684,0.37668615552658224,0.30430368824115367,-0.0032515259704861688
777651,2025-06-04,2025,Toronto Blue Jays,Philadelphia Phillies,2025-06-04T17:00:00+00:00,1,0.79,170,91,2,2,0.5248478594583459,0.532064359774884,0.49109414758269715,0.22576955666131582,0.21896376339288923,0.2589851666245817,-0.006805793268426591
777653,2025-06-04,2025,New York Yankees,Cleveland Guardians,2025-06-04T17:00:00+00:00,0,0.33,91,58,2,2,0.6228320252026376,0.6267746269026204,0.6318289786223278,0.38791973161801896,0.392846432928919,0.39920785822693394,0.004926701310900061
777654,2025-06-04,2025,Atlanta Braves,Arizona Diamondbacks,2025-06-04T17:00:00+00:00,0,0.3,127,97,2,2,0.5273766680779574,0.5297393026140746,0.608272506082725,0.278126150033008,0.2806237287340462,0.3699954416561587,0.0024975787010381723
777628,2025-06-05,2025,Seattle Mariners,Baltimore Orioles,2025-06-05T17:00:00+00:00,0,0.32,121,89,2,2,0.6134239924374069,0.6171624767347197,0.5796019900497512,0.3762889944978478,0.3808895226893334,0.3359384668696319,0.004600528191485598
777629,2025-06-05,2025,Tampa Bay Rays,Texas Rangers,2025-06-05T17:00:00+00:00,1,-0.06,117,123,2,2,0.5909465288220334,0.5907279558898976,0.5639097744360902,0.16732474228274358,0.16750360609006162,0.19017468483238167,0.00017886380731804707
777630,2025-06-05,2025,Pittsburgh Pirates,Houston Astros,2025-06-05T17:00:00+00:00,0,0.13,82,69,2,2,0.43990570022105113,0.4392091707894632,0.42750000000000005,0.1935170250869733,0.19290469570556784,0.18275625000000004,-0.0006123293814054576
777631,2025-06-05,2025,Los Angeles Dodgers,New York Mets,2025-06-05T17:00:00+00:00,1,-0.55,165,220,3,3,0.5392622438885066,0.5333346556185496,0.5392405063291139,0.21227927990665393,0.21777654364665766,0.21229931100785132,0.005497263740003727
777632,2025-06-05,2025,Washington Nationals,Chicago Cubs,2025-06-05T17:00:00+00:00,0,0.91,136,45,2,2,0.381982742834815,0.3878263228593375,0.42144638403990026,0.1459108158236084,0.15040925670259508,0.1776170546203071,0.0044984408789866814
777633,2025-06-05,2025,San Francisco Giants,San Diego Padres,2025-06-05T17:00:00+00:00,1,-0.05,163,168,3,3,0.5616492651182973,0.561062787417051,0.5139949109414759,0.19215136677132882,0.192665876590089,0.23620094659078397,0.0005145098187601671
777634,2025-06-05,2025,Chicago White Sox,Detroit Tigers,2025-06-05T17:00:00+00:00,1,0.66,291,225,3,3,0.3622596226109707,0.36534762228662654,0.35116279069767437,0.40671278895230156,0.4027836405372385,0.42098972417522984,-0.003929148415063088
777635,2025-06-05,2025,St. Louis Cardinals,Kansas City Royals,2025-06-05T17:00:00+00:00,0,-0.39,71,110,1,1,0.5149522339890488,0.5102176074748322,0.5468354430379747,0.26517580329031204,0.260322006977342,0.2990290017625381,-0.00485379631297006
777637,2025-06-05,2025,Toronto Blue Jays,Philadelphia Phillies,2025-06-05T17:00:00+00:00,1,0.5,147,97,2,2,0.5270055480865085,0.5313590193759297,0.4821428571428572,0.22372375154094426,0.21962436872029026,0.2681760204081632,-0.004099382820654002
777642,2025-06-05,2025,St. Louis Cardinals,Kansas City Royals,2025-06-05T17:00:00+00:00,1,-0.39,71,110,1,1,0.5149522339890488,0.5102176074748322,0.5216284987277354,0.2352713353122145,0.23988679202767751,0.22883929322948024,0.004615456715463012
777644,2025-06-05,2025,New York Yankees,Cleveland Guardians,2025-06-05T17:00:00+00:00,1,0.24,89,65,2,2,0.6167911370148457,0.61981439880788,0.7178423236514522,0.14684903267037477,0.14454109135381368,0.07961295432241186,-0.0023079413165610907
777614,2025-06-06,2025,Los Angeles Angels,Seattle Mariners,2025-06-06T17:00:00+00:00,1,-0.1,161,171,2,3,0.3583503824278222,0.3604516820554822,0.4531645569620253,0.41171423173052196,0.4090220509856621,0.2990290017625381,-0.0026921807448598845
777615,2025-06-06,2025,Minnesota Twins,Toronto Blue Jays,2025-06-06T17:00:00+00:00,0,0.57,229,172,3,3,0.5255741676304937,0.5306054520580101,0.5617128463476071,0.2762282056804863,0.2815421457536853,0.3155213217519305,0.005313940073199019
777616,2025-06-06,2025,Colorado Rockies,New York Mets,2025-06-06T17:00:00+00:00,0,-0.02,130,132,2,3,0.29710822693858874,0.2987759900869789,0.29052631578947363,0.08827329851459195,0.08926709225245452,0.08440554016620495,0.0009937937378625694
777617,2025-06-06,2025,Milwaukee Brewers,San Diego Padres,2025-06-06T17:00:00+00:00,0,-0.13,128,141,2,3,0.471736068067691,0.47554301221666506,0.568922305764411,0.22253491791596516,0.22614115646809926,0.323672589996294,0.0036062385521341
777618,2025-06-06,2025,Chicago White Sox,Kansas City Royals,2025-06-06T17:00:00+00:00,1,0.06,258,252,3,3,0.40535349309058283,0.40346274816439137,0.42999999999999994,0.3536044681795715,0.3558566928275804,0.3249000000000001,0.002252224648008949
777619,2025-06-06,2025,San Francisco Giants,Atlanta Braves,2025-06-06T17:00:00+00:00,1,-0.5,180,230,3,3,0.5602928493423766,0.5552356873441496,0.4520202020202021,0.19334237833944595,0.197815293812231,0.30028185899398013,0.004472915472785055
777620,2025-06-06,2025,St. Louis Cardinals,Los Angeles Dodgers,2025-06-06T17:00:00+00:00,1,0.13,225,212,3,3,0.4580429785501192,0.4576259864664422,0.5406091370558376,0.29371741309882654,0.2941695705564999,0.21103996495658223,0.00045215745767335225
777621,2025-06-06,2025,Pittsburgh Pirates,Philadelphia Phillies,2025-06-06T17:00:00+00:00,1,-0.51,121,172,3,3,0.46654426542966426,0.45988219410469056,0.44584382871536526,0.28457502074597646,0.29172724424516316,0.3070890621728455,0.007152223499186705
777622,2025-06-06,2025,Cleveland Guardians,Houston Astros,2025-06-06T17:00:00+00:00,0,0.09,111,102,3,3,0.4794146579036809,0.4789305993646636,0.4582278481012658,0.22983841421290335,0.2293745190077959,0.20997276077551674,-0.00046389520510745075
777624,2025-06-06,2025,Washington Nationals,Texas Rangers,2025-06-06T17:00:00+00:00,1,0.27,210,183,3,3,0.5013386045038222,0.5030004276165466,0.4707379134860051,0.24866318735819548,0.2470085749493355,0.2801183562211475,-0.0016546124088599734
777625,2025-06-06,2025,Tampa Bay Rays,Miami Marlins,2025-06-06T17:00:00+00:00,1,0.87,174,87,3,2,0.6997614025517435,0.7033926176813418,0.5703517587939698,0.09014321539769624,0.0879759392459267,0.18459761117143508,-0.002167276151769537
777626,2025-06-06,2025,Detroit Tigers,Chicago Cubs,2025-06-06T17:00:00+00:00,1,0.82,254,172,3,3,0.5015074269531348,0.5086815994125379,0.6365795724465559,0.24849484538288427,0.2413937707558219,0.13207440716312807,-0.007101074627062359
777627,2025-06-06,2025,New York Yankees,Boston Red Sox,2025-06-06T17:00:00+00:00,1,-0.31,129,160,3,2,0.6752807348382786,0.6682846330490109,0.6408450704225352,0.10544260116716836,0.11003508467142938,0.12899226343979367,0.004592483504261016
777597,2025-06-07,2025,Milwaukee Brewers,San Diego Padres,2025-06-07T17:00:00+00:00,1,-0.15,136,151,2,3,0.5392946181633679,0.5373551938500988,0.5204081632653061,0.21224944885323702,0.2140402166574797,0.23000832986255726,0.0017907678042426711
777598,2025-06-07,2025,San Francisco Giants,Atlanta Braves,2025-06-07T17:00:00+00:00,1,-0.11,188,199,3,3,0.5626458624481543,0.5614833040268593,0.5785536159600998,0.19127864163371877,0.1922968926471999,0.17761705462030705,0.0010182510134811307
777600,2025-06-07,2025,Minnesota Twins,Toronto Blue Jays,2025-06-07T17:00:00+00:00,0,-0.15,190,205,3,3,0.5223085679878189,0.5200947895311042,0.5114503816793893,0.27280624019348604,0.27049859009740357,0.261581492919993,-0.0023076500960824697
777601,2025-06-07,2025,St. Louis Cardinals,Los Angeles Dodgers,2025-06-07T17:00:00+00:00,1,0.0,186,186,3,3,0.46126710374379254,0.459605891565024,0.3681710213776722,0.2902331335086016,0.2920257924312325,0.39920785822693394,0.0017926589226309186
777603,2025-06-07,2025,Los Angeles Angels,Seattle Mariners,2025-06-07T17:00:00+00:00,1,-0.24,131,155,2,3,0.4259617061709905,0.4214335123134321,0.4029484029484029,0.32951996278212026,0.33473918067397157,0.3564706095418626,0.005219217891851313
777604,2025-06-07,2025,Colorado Rockies,New York Mets,2025-06-07T17:00:00+00:00,0,0.9,212,122,2,3,0.35878204660229823,0.3640265523984179,0.29113924050632906,0.1287245569641337,0.1325153308510781,0.08476205736260212,0.003790773886944404
777605,2025-06-07,2025,New York Yankees,Boston Red Sox,2025-06-07T17:00:00+00:00,0,-0.71,139,210,3,2,0.6175664893165561,0.6115947627120404,0.5038363171355499,0.381388368726776,0.374048153776797,0.2538510344647144,-0.007340214949978996
777606,2025-06-07,2025,Chicago White Sox,Kansas City Royals,2025-06-07T17:00:00+00:00,1,0.42,247,205,3,3,0.4074271386878596,0.4090486728333363,0.4483627204030227,0.35114259596365716,0.34922347108004126,0.30430368824115367,-0.001919124883615897
777607,2025-06-07,2025,Pittsburgh Pirates,Philadelphia Phillies,2025-06-07T17:00:00+00:00,1,-0.61,190,251,3,3,0.46978081645970693,0.4621669046694855,0.4335839598997493,0.281132382594135,0.2892644384328023,0.32082713048284883,0.00813205583866733
777608,2025-06-07,2025,Cleveland Guardians,Houston Astros,2025-06-07T17:00:00+00:00,0,0.22,147,125,3,3,0.4803494633383971,0.4811804773769522,0.4885496183206107,0.2307356069294861,0.2315346518087116,0.23868072956121442,0.0007990448792254967
777609,2025-06-07,2025,Detroit Tigers,Chicago Cubs,2025-06-07T17:00:00+00:00,0,0.03,146,143,3,3,0.5004685108775182,0.49971214911861106,0.47582697201017815,0.25046873037996054,0.24971223197674097,0.22641130729237485,-0.0007564984032195632
777610,2025-06-07,2025,Washington Nationals,Texas Rangers,2025-06-07T17:00:00+00:00,0,0.01,142,141,3,3,0.5043876655504016,0.503492315066185,0.37320574162679426,0.2544069171593838,0.25350451133070645,0.13928252558320553,-0.000902405828677344
777611,2025-06-07,2025,Tampa Bay Rays,Miami Marlins,2025-06-07T17:00:00+00:00,0,0.55,167,112,3,2,0.6381019846837346,0.6442358310142304,0.5831265508684863,0.40717414285732106,0.41503980596259604,0.34003657432777734,0.007865663105274978
777582,2025-06-08,2025,St. Louis Cardinals,Los Angeles Dodgers,2025-06-08T17:00:00+00:00,0,0.78,238,160,4,3,0.4628155017059101,0.46895435481433984,0.4582278481012658,0.2141981886192933,0.21991818689933373,0.20997276077551674,0.005719998280040439
777583,2025-06-08,2025,Colorado Rockies,New York Mets,2025-06-08T17:00:00+00:00,0,1.24,237,113,2,3,0.35285918833381813,0.36111018871446265,0.297644539614561,0.12450960679160093,0.13040056839339484,0.08859227196236397,0.0058909616017939065
777585,2025-06-08,2025,Minnesota Twins,Toronto Blue Jays,2025-06-08T17:00:00+00:00,1,-0.28,183,211,3,3,0.5241363252151029,0.5206517493189222,0.6235011990407675,0.22644623697978633,0.2297747454310094,0.14175134712373977,0.0033285084512230667
777586,2025-06-08,2025,Milwaukee Brewers,San Diego Padres,2025-06-08T17:00:00+00:00,0,-0.47,108,155,2,3,0.5370692054515143,0.5319018953715208,0.6125907990314771,0.2884433314443208,0.2829196262998162,0.37526748705802354,-0.00552370514450462
777587,2025-06-08,2025,San Francisco Giants,Atlanta Braves,2025-06-08T17:00:00+00:00,1,0.13,171,158,3,3,0.5648221496460523,0.5660590625770036,0.47959183673469385,0.18937976143868293,0.1883047371715489,0.27082465639316955,-0.0010750242671340171
777589,2025-06-08,2025,Los Angeles Angels,Seattle Mariners,2025-06-08T17:00:00+00:00,0,-0.35,128,163,2,3,0.42793416708232274,0.4223553764407193,0.46954314720812185,0.18312765135644132,0.1783840640083817,0.220470767090108,-0.00474358734805963
777590,2025-06-08,2025,Chicago White Sox,Kansas City Royals,2025-06-08T17:00:00+00:00,0,-0.8,158,238,3,4,0.40963201473579286,0.3995056498774987,0.4743589743589744,0.16779838749650483,0.15960476428404258,0.2250164365548981,-0.008193623212462253
777591,2025-06-08,2025,Cleveland Guardians,Houston Astros,2025-06-08T17:00:00+00:00,1,-0.08,161,169,3,3,0.4770955970335894,0.4748762099717606,0.5566750629722922,0.2734290146416583,0.2757549948536224,0.1965369997906211,0.002325980211964118
777593,2025-06-08,2025,New York Yankees,Boston Red Sox,2025-06-08T17:00:00+00:00,0,0.3,174,144,3,2,0.6146493012157348,0.618213238057811,0.6651480637813212,0.3777937634849911,0.3821876077099237,0.4424219467520405,0.004393844224932608
777594,2025-06-08,2025,Detroit Tigers,Chicago Cubs,2025-06-08T17:00:00+00:00,1,0.1,184,174,3,3,0.495530489887973,0.495398195645268,0.5241730279898218,0.2544894866326685,0.25462298095805125,0.2264113072923749,0.00013349432538273254
777595,2025-06-08,2025,Pittsburgh Pirates,Philadelphia Phillies,2025-06-08T17:00:00+00:00,1,-0.68,154,222,3,3,0.46262069763394187,0.4542160300421901,0.530456852791878,0.28877651461143133,0.2978801418629076,0.2204707670901081,0.009103627251476287
777596,2025-06-08,2025,Washington Nationals,Texas Rangers,2025-06-08T17:00:00+00:00,0,0.86,171,85,3,3,0.5008872280391831,0.5084525243005528,0.4582278481012658,0.2508880152127766,0.2585239694676042,0.20997276077551674,0.007635954254827604
777602,2025-06-08,2025,Cincinnati Reds,Arizona Diamondbacks,2025-06-08T17:00:00+00:00,1,-1.65,114,279,2,3,0.4904071754409738,0.47268716511894626,0.46954314720812185,0.25968484684204646,0.27805882583029345,0.2813844726738643,0.018373978988246997
777574,2025-06-09,2025,Pittsburgh Pirates,Miami Marlins,2025-06-09T17:00:00+00:00,1,-1.35,130,265,3,3,0.5539200638803847,0.540299976856429,0.5216284987277354,0.19898730940848003,0.21132411127819967,0.22883929322948024,0.012336801869719638
777575,2025-06-09,2025,Milwaukee Brewers,Atlanta Braves,2025-06-09T17:00:00+00:00,0,0.59,149,90,3,3,0.5378270226712993,0.5432314130856606,0.4239401496259351,0.2892579063154743,0.29510036816304364,0.17972525046486026,0.0058424618475693135
777577,2025-06-09,2025,Arizona Diamondbacks,Seattle Mariners,2025-06-09T17:00:00+00:00,1,0.5,195,145,3,3,0.539749342741069,0.5442857785348151,0.6116504854368933,0.21183066750727797,0.2076754516456196,0.15081534546140066,-0.004155215861658373
777578,2025-06-09,2025,Philadelphia Phillies,Chicago Cubs,2025-06-09T17:00:00+00:00,1,0.92,170,78,3,3,0.45162092271283943,0.4589554867522386,0.5355329949238579,0.30071961240631767,0.29272916531550713,0.21572959880440104,-0.007990447090810537
777579,2025-06-09,2025,San Diego Padres,Los Angeles Dodgers,2025-06-09T17:00:00+00:00,0,0.15,167,152,3,3,0.49356898409498184,0.4939068818689027,0.47328244274809167,0.24361034206055243,0.2439440079574622,0.22399627061360067,0.00033366589690977944
777580,2025-06-09,2025,Cleveland Guardians,Cincinnati Reds,2025-06-09T17:00:00+00:00,0,-0.22,145,167,3,3,0.5239700164710379,0.5210828438020187,0.5945945945945945,0.27454457816065975,0.27152733010479907,0.3535427319211102,-0.0030172480558606773
777581,2025-06-09,2025,St. Louis Cardinals,Toronto Blue Jays,2025-06-09T17:00:00+00:00,0,-1.37,145,282,3,3,0.5325212546136764,0.5182782511802728,0.5204081632653061,0.28357888661532393,0.26861234564648195,0.27082465639316955,-0.01496654096884198
777584,2025-06-09,2025,Boston Red Sox,Tampa Bay Rays,2025-06-09T17:00:00+00:00,0,0.69,245,176,3,3,0.4963695423898507,0.5021616016310682,0.5165394402035622,0.24638272261230978,0.2521662741526796,0.26681299328580943,0.00578355154036983
777557,2025-06-10,2025,Minnesota Twins,Texas Rangers,2025-06-10T17:00:00+00:00,0,0.05,111,106,2,2,0.5626177459030981,0.5630329531286571,0.5329949238578681,0.31653872800508304,0.31700610630877657,0.2840835888582546,0.00046737830369353306
777558,2025-06-10,2025,St. Louis Cardinals,Toronto Blue Jays,2025-06-10T17:00:00+00:00,0,-0.17,171,188,3,3,0.5274167503584398,0.5250851912351553,0.5178571428571429,0.2781684285586568,0.2757144580544596,0.2681760204081633,-0.0024539705041972115
777559,2025-06-10,2025,Arizona Diamondbacks,Seattle Mariners,2025-06-10T17:00:00+00:00,1,0.92,289,197,4,3,0.5484365633412086,0.5572505689379855,0.5417721518987342,0.2039095373270983,0.1960270587057375,0.20997276077551674,-0.007882478621360794
777560,2025-06-10,2025,San Diego Padres,Los Angeles Dodgers,2025-06-10T17:00:00+00:00,1,0.0,193,193,3,3,0.4889798891242573,0.4877437908566747,0.5292620865139949,0.2611415537194563,0.2624064238058903,0.22159418319315766,0.0012648700864340001
777563,2025-06-10,2025,Colorado Rockies,San Francisco Giants,2025-06-10T17:00:00+00:00,0,0.99,194,95,2,2,0.3559861585525766,0.36200147757749257,0.34722222222222227,0.1267261450810202,0.13104506976828786,0.12056327160493831,0.004318924687267661
777565,2025-06-10,2025,Boston Red Sox,Tampa Bay Rays,2025-06-10T17:00:00+00:00,1,0.04,242,238,3,3,0.4969753633265112,0.49626455517557555,0.5139949109414759,0.25303378510049535,0.25374939837246074,0.23620094659078397,0.0007156132719653985
777566,2025-06-10,2025,Pittsburgh Pirates,Miami Marlins,2025-06-10T17:00:00+00:00,0,-1.67,115,282,3,3,0.5579220269718744,0.5412039043525461,0.5725,0.311276988180405,0.2929016660864398,0.32775625,-0.018375322093965196
777567,2025-06-10,2025,Houston Astros,Chicago White Sox,2025-06-10T17:00:00+00:00,0,-0.39,115,154,2,2,0.6674755372484464,0.6654790206687485,0.608272506082725,0.44552359282510223,0.44286232695023664,0.3699954416561587,-0.0026612658748655926
777568,2025-06-10,2025,Milwaukee Brewers,Atlanta Braves,2025-06-10T17:00:00+00:00,1,1.22,188,66,3,3,0.5354882601438837,0.5471232271267624,0.46700507614213205,0.21577115646415623,0.20509737140807802,0.28408358885825447,-0.010673785056078217
777569,2025-06-10,2025,Cleveland Guardians,Cincinnati Reds,2025-06-10T17:00:00+00:00,0,-0.51,177,228,3,4,0.5202247107318703,0.5143744466839212,0.5102040816326531,0.2706337496560581,0.2645810714013901,0.2603082049146189,-0.006052678254667987
777570,2025-06-10,2025,New York Mets,Washington Nationals,2025-06-10T17:00:00+00:00,1,-0.28,110,138,2,2,0.6667747150528746,0.6657468127143502,0.5806451612903225,0.11103909052809295,0.11172519321061568,0.17585848074921961,0.0006861026825227268
777571,2025-06-10,2025,Philadelphia Phillies,Chicago Cubs,2025-06-10T17:00:00+00:00,0,0.12,128,116,3,3,0.45556778538573744,0.4550130564548005,0.49744897959183665,0.20754200708126533,0.20703688154433947,0.24745548729695951,-0.00050512553692586
777572,2025-06-10,2025,Kansas City Royals,New York Yankees,2025-06-10T17:00:00+00:00,0,-0.65,102,167,2,2,0.4753089528743556,0.4673718128574744,0.3568075117370892,0.22591860068251637,0.2184364114536821,0.12731160043201303,-0.007482189228834285
777573,2025-06-10,2025,Baltimore Orioles,Detroit Tigers,2025-06-10T17:00:00+00:00,0,0.11,153,142,2,2,0.42703765752539663,0.42594942009490117,0.5417721518987342,0.18236116094477794,0.1814329084791826,0.2935170645729851,-0.0009282524655953583
777543,2025-06-11,2025,San Diego Padres,Los Angeles Dodgers,2025-06-11T17:00:00+00:00,0,-1.21,185,306,3,3,0.4943959826571289,0.4811295425088183,0.42999999999999994,0.24442738766750813,0.23148563667474478,0.18489999999999995,-0.012941750992763346
777545,2025-06-11,2025,St. Louis Cardinals,Toronto Blue Jays,2025-06-11T17:00:00+00:00,0,-0.02,177,179,3,3,0.5210375404802415,0.5201039159557103,0.5628140703517588,0.27148011858969934,0.2705080833924645,0.3167596777859145,-0.0009720351972348218
777547,2025-06-11,2025,Colorado Rockies,San Francisco Giants,2025-06-11T17:00:00+00:00,0,0.85,219,134,2,2,0.35644515382154196,0.36117554435884347,0.35597189695550346,0.12705314768286272,0.1304477738429069,0.12671599142209958,0.003394626160044184
777548,2025-06-11,2025,Arizona Diamondbacks,Seattle Mariners,2025-06-11T17:00:00+00:00,1,0.02,200,198,3,3,0.5526055803704198,0.5525684774478486,0.5089058524173028,0.20016176671568886,0.20019496737333634,0.24117346178997598,3.320065764747526e-05
777549,2025-06-11,2025,Cleveland Guardians,Cincinnati Reds,2025-06-11T17:00:00+00:00,1,0.51,165,114,3,3,0.5158899567392344,0.5201786213189824,0.46700507614213205,0.2343625339859403,0.2302285554393525,0.28408358885825447,-0.004133978546587813
777550,2025-06-11,2025,Houston Astros,Chicago White Sox,2025-06-11T17:00:00+00:00,1,-0.47,99,146,2,2,0.6628396151912326,0.6600373399299093,0.6058394160583942,0.11367712508439612,0.11557461024193202,0.15536256593318767,0.0018974851575359053
777551,2025-06-11,2025,Kansas City Royals,New York Yankees,2025-06-11T17:00:00+00:00,0,0.28,163,135,2,2,0.4730757033926278,0.47439136933544673,0.4593908629441624,0.22380062114042953,0.22504717129996024,0.21103996495658223,0.0012465501595307071
777553,2025-06-11,2025,Philadelphia Phillies,Chicago Cubs,2025-06-11T17:00:00+00:00,1,0.41,192,151,3,3,0.4466738227296092,0.44885556001765814,0.49489795918367346,0.3061698584526639,0.30376019372344926,0.25512807163681794,-0.0024096647292146667
777554,2025-06-11,2025,Milwaukee Brewers,Atlanta Braves,2025-06-11T17:00:00+00:00,0,0.54,159,105,3,3,0.5358597686345671,0.5407392040503862,0.3883495145631068,0.28714569164109177,0.29239888679704523,0.15081534546140068,0.005253195155953461
777555,2025-06-11,2025,New York Mets,Washington Nationals,2025-06-11T17:00:00+00:00,1,0.17,135,118,2,2,0.6594659659754154,0.6623568705137107,0.7036247334754797,0.11596342832905694,0.11400288288929511,0.08783829860748044,-0.001960545439761832
777556,2025-06-11,2025,Minnesota Twins,Texas Rangers,2025-06-11T17:00:00+00:00,1,0.17,136,119,2,2,0.5501835627187595,0.5515958252196214,0.5785536159600998,0.20233482724838822,0.20106630396047234,0.17761705462030705,-0.0012685232879158792
777561,2025-06-11,2025,Boston Red Sox,Tampa Bay Rays,2025-06-11T17:00:00+00:00,1,0.33,224,191,3,3,0.498749715984775,0.5009722003578048,0.5204081632653061,0.2512518472253437,0.24902874481573095,0.23000832986255726,-0.002223102409612765
777562,2025-06-11,2025,Baltimore Orioles,Detroit Tigers,2025-06-11T17:00:00+00:00,1,-0.32,101,133,2,2,0.42607674662571166,0.42076841898869044,0.5429292929292929,0.32938790076372765,0.3355092244408613,0.20891363126211612,0.006121323677133639
777532,2025-06-12,2025,Milwaukee Brewers,St. Louis Cardinals,2025-06-12T17:00:00+00:00,1,0.07,175,168,3,3,0.5638708748530592,0.5645024740226382,0.4335839598997493,0.19020861380143594,0.18965809513240292,0.32082713048284883,-0.0005505186690330233
777533,2025-06-12,2025,Minnesota Twins,Texas Rangers,2025-06-12T17:00:00+00:00,0,0.19,122,103,2,2,0.5511646387839733,0.552789826242292,0.5796019900497512,0.3037824590458677,0.3055765919969834,0.3359384668696319,0.00179413295111569
777534,2025-06-12,2025,Colorado Rockies,San Francisco Giants,2025-06-12T17:00:00+00:00,1,-0.01,162,163,2,2,0.3534777181051279,0.35026042010086655,0.3480278422273782,0.41799106098655253,0.42216152168750243,0.42506769451068854,0.004170460700949896
777536,2025-06-12,2025,Kansas City Royals,New York Yankees,2025-06-12T17:00:00+00:00,0,0.56,154,98,2,2,0.47631235539934047,0.48047999639588107,0.4133663366336633,0.22687345990606764,0.2308610269365859,0.17087172826193503,0.003987567030518252
777540,2025-06-12,2025,Baltimore Orioles,Detroit Tigers,2025-06-12T17:00:00+00:00,0,-0.78,78,156,2,2,0.4361872564954274,0.42649055972350236,0.351981351981352,0.19025932272900775,0.18189419753326633,0.1238908721426204,-0.008365125195741424
777541,2025-06-12,2025,Chicago Cubs,Pittsburgh Pirates,2025-06-12T17:00:00+00:00,1,0.0,155,155,3,3,0.6765946666911089,0.6781890041847712,0.6408450704225352,0.10459100961263494,0.10356231702758918,0.12899226343979367,-0.0010286925850457596
777544,2025-06-12,2025,New York Mets,Washington Nationals,2025-06-12T17:00:00+00:00,1,-0.29,64,93,2,2,0.663887949835608,0.6627207247045174,0.6431924882629109,0.11297131026571079,0.11375730954384596,0.127311600432013,0.0007859992781351632
777546,2025-06-12,2025,Houston Astros,Chicago White Sox,2025-06-12T17:00:00+00:00,1,-0.12,102,114,2,2,0.6666430623295262,0.6670385684032081,0.6892778993435448,0.11112684789303616,0.11086331493098514,0.09654822383636029,-0.00026353296205101906
777520,2025-06-13,2025,Seattle Mariners,Cleveland Guardians,2025-06-13T17:00:00+00:00,1,0.03,105,102,2,2,0.5651208924255992,0.5653777524453487,0.5114503816793893,0.1891198382047073,0.18889649806945658,0.23868072956121442,-0.00022334013525071583
777521,2025-06-13,2025,Arizona Diamondbacks,San Diego Padres,2025-06-13T17:00:00+00:00,1,0.04,122,118,2,2,0.5364814945916874,0.5363904523643559,0.5541561712846348,0.21484940485595594,0.21493381265892655,0.1987767196035759,8.440780297061523e-05
777522,2025-06-13,2025,Los Angeles Dodgers,San Francisco Giants,2025-06-13T17:00:00+00:00,0,-0.12,230,242,2,3,0.476542178712162,0.48052798445160305,0.6276849642004773,0.22709244809173412,0.23090714384112007,0.3939884142833544,0.003814695749385949
777524,2025-06-13,2025,Texas Rangers,Chicago White Sox,2025-06-13T17:00:00+00:00,1,0.08,147,139,3,3,0.6174378805502028,0.6189580987484606,0.6267942583732058,0.14635377523792092,0.14519293050938786,0.13928252558320547,-0.0011608447285330614
777525,2025-06-13,2025,Milwaukee Brewers,St. Louis Cardinals,2025-06-13T17:00:00+00:00,1,-0.28,141,169,3,3,0.5706364821172772,0.5679327339278577,0.5831265508684863,0.1843530304886272,0.18668212241105542,0.17378347259080473,0.0023290919224282225
777526,2025-06-13,2025,Chicago Cubs,Pittsburgh Pirates,2025-06-13T17:00:00+00:00,0,0.32,144,112,3,3,0.6724590413891787,0.6768107181454575,0.5114503816793893,0.4522011623460531,0.45807274819656985,0.261581492919993,0.005871585850516725
777527,2025-06-13,2025,Houston Astros,Minnesota Twins,2025-06-13T17:00:00+00:00,1,-0.54,165,219,3,3,0.5782148591384197,0.5730945100561371,0.5025510204081632,0.1779027050516231,0.18224829734420964,0.24745548729695963,0.0043455922925865476
777528,2025-06-13,2025,New York Mets,Tampa Bay Rays,2025-06-13T17:00:00+00:00,0,0.56,122,66,3,2,0.6460739496578317,0.6463245664379146,0.6244019138755981,0.4174115484264705,0.41773544518115824,0.38987775005150976,0.0003238967546877469
777530,2025-06-13,2025,Washington Nationals,Miami Marlins,2025-06-13T17:00:00+00:00,0,0.73,150,77,3,2,0.6235650159968275,0.625063589690441,0.5216284987277354,0.3888333291751237,0.3907044911566999,0.27209629068495106,0.0018711619815762193
777531,2025-06-13,2025,Philadelphia Phillies,Toronto Blue Jays,2025-06-13T17:00:00+00:00,1,0.27,142,115,2,2,0.5337543763471105,0.5359138280881751,0.5241730279898218,0.21738498157547184,0.21537597495977187,0.2264113072923749,-0.002009006615699971
777535,2025-06-13,2025,Atlanta Braves,Colorado Rockies,2025-06-13T17:00:00+00:00,1,-1.9,54,244,2,3,0.6114609253339186,0.6002867553886888,0.734,0.15096261254237478,0.1597706779177019,0.07075600000000001,0.008808065375327107
777537,2025-06-13,2025,Boston Red Sox,New York Yankees,2025-06-13T17:00:00+00:00,1,-0.79,67,146,2,3,0.38724426314586535,0.3833148269109939,0.568922305764411,0.3754695930476535,0.3803006027078175,0.18582797846747193,0.004831009660164032
777538,2025-06-13,2025,Detroit Tigers,Cincinnati Reds,2025-06-13T17:00:00+00:00,1,1.06,192,86,3,2,0.6602195865223708,0.6651622205293752,0.5468354430379747,0.11545072938302868,0.11211633856081875,0.20535811568658865,-0.0033343908222099317
777539,2025-06-13,2025,Baltimore Orioles,Los Angeles Angels,2025-06-13T17:00:00+00:00,1,0.98,193,95,3,2,0.6320991140211155,0.6360388937270584,0.6267942583732058,0.13535106190404816,0.13246768687942354,0.13928252558320547,-0.0028833750246246292
777506,2025-06-14,2025,Los Angeles Dodgers,San Francisco Giants,2025-06-14T17:00:00+00:00,1,-0.33,149,182,2,3,0.5369116490120259,0.5331384222603414,0.6125907990314771,0.21445082082076106,0.21795973276956332,0.1500858889950694,0.0035089119488022624
777507,2025-06-14,2025,Seattle Mariners,Cleveland Guardians,2025-06-14T17:00:00+00:00,1,-0.66,74,140,2,2,0.5734176767119004,0.5670268463524843,0.5555555555555556,0.18197247854187276,0.1874657517794752,0.19753086419753085,0.005493273237602431
777508,2025-06-14,2025,Texas Rangers,Chicago White Sox,2025-06-14T17:00:00+00:00,1,0.58,203,145,3,3,0.6166782997030185,0.6229061444621559,0.7133891213389122,0.14693552591856893,0.14219977588439647,0.0821457957668808,-0.0047357500341724534
777509,2025-06-14,2025,Philadelphia Phillies,Toronto Blue Jays,2025-06-14T17:00:00+00:00,1,-0.56,80,136,2,2,0.5390948221030137,0.5330645674781299,0.5925925925925927,0.21243358301225254,0.21802869814438589,0.16598079561042517,0.005595115132133344
777510,2025-06-14,2025,Houston Astros,Minnesota Twins,2025-06-14T17:00:00+00:00,1,-0.51,140,191,3,3,0.5845865762166995,0.5798801009836687,0.5089058524173028,0.172568312659364,0.1765007295494924,0.24117346178997598,0.003932416890128382
777512,2025-06-14,2025,Milwaukee Brewers,St. Louis Cardinals,2025-06-14T17:00:00+00:00,0,0.11,167,156,3,3,0.5752445972300191,0.5764408995792096,0.5329949238578681,0.3309063466423269,0.33228411070768843,0.2840835888582546,0.001377764065361553
777513,2025-06-14,2025,Chicago Cubs,Pittsburgh Pirates,2025-06-14T17:00:00+00:00,1,-0.12,136,148,3,3,0.6705773307055325,0.6710318214835641,0.6741573033707866,0.10851929504509211,0.10822006247642163,0.10617346294659759,-0.0002992325686704822
777514,2025-06-14,2025,Washington Nationals,Miami Marlins,2025-06-14T17:00:00+00:00,0,0.66,228,162,3,2,0.5532934024990447,0.5595975691010836,0.5367088607594936,0.3061335892489699,0.31314943934384204,0.28805640121775355,0.007015850094872156
777515,2025-06-14,2025,Arizona Diamondbacks,San Diego Padres,2025-06-14T17:00:00+00:00,1,-0.6,83,143,2,2,0.5443506185708646,0.5380141602982101,0.6014669926650367,0.2076163587967537,0.21343091608496786,0.15882855793544995,0.005814557288214173
777516,2025-06-14,2025,Boston Red Sox,New York Yankees,2025-06-14T17:00:00+00:00,1,-1.0,69,169,2,3,0.4621051762928957,0.45051721779485027,0.383132530120482,0.2893308413708968,0.30193132793991206,0.3805254753955581,0.012600486569015246
777517,2025-06-14,2025,Detroit Tigers,Cincinnati Reds,2025-06-14T17:00:00+00:00,0,0.98,255,157,3,2,0.601499463495281,0.6113946804296089,0.6235011990407675,0.36180160458511096,0.37380345525762354,0.3887537452052748,0.012001850672512582
777518,2025-06-14,2025,New York Mets,Tampa Bay Rays,2025-06-14T17:00:00+00:00,0,-0.04,126,130,3,2,0.576721176187346,0.576472411415631,0.5541561712846348,0.33260731506291574,0.3323204411233525,0.3070890621728455,-0.0002868739395632258
777519,2025-06-14,2025,Baltimore Orioles,Los Angeles Angels,2025-06-14T17:00:00+00:00,1,0.68,189,121,3,2,0.5589694721136779,0.5655418603466148,0.5841584158415841,0.19450792652768797,0.18875387511108035,0.1729242231153809,-0.0057540514166076195
777523,2025-06-14,2025,Atlanta Braves,Colorado Rockies,2025-06-14T17:00:00+00:00,1,-1.4,79,219,2,3,0.6818523566273635,0.6712543110364301,0.746615087040619,0.10121792298356228,0.10807372801213226,0.06420391411543311,0.006855805028569986
777491,2025-06-15,2025,Arizona Diamondbacks,San Diego Padres,2025-06-15T17:00:00+00:00,0,-0.32,98,130,2,2,0.5491120475445831,0.5456441984118934,0.5516372795969774,0.3015240407586045,0.29772759126055764,0.30430368824115384,-0.003796449498046861
777492,2025-06-15,2025,Milwaukee Brewers,St. Louis Cardinals,2025-06-15T17:00:00+00:00,1,-0.07,190,197,3,3,0.5725053509872147,0.5718955358174455,0.5603015075376885,0.1827516749345645,0.18327343225303214,0.19333476427362942,0.000521757318467625
777493,2025-06-15,2025,Texas Rangers,Chicago White Sox,2025-06-15T17:00:00+00:00,1,-0.07,217,224,3,3,0.6156271666686222,0.6157003878903273,0.5831265508684863,0.14774247500319115,0.14768619186764487,0.17378347259080473,-5.628313554628672e-05
777494,2025-06-15,2025,Houston Astros,Minnesota Twins,2025-06-15T17:00:00+00:00,1,-0.45,137,182,3,3,0.5880304358749362,0.5839734899046991,0.5216284987277354,0.16971892176539505,0.1730780571020755,0.22883929322948024,0.0033591353366804466
777495,2025-06-15,2025,Seattle Mariners,Cleveland Guardians,2025-06-15T17:00:00+00:00,1,-0.45,98,143,2,2,0.5775405757254966,0.5732900889223896,0.530456852791878,0.1784719651583449,0.18208134821186214,0.2204707670901081,0.00360938305351724
777497,2025-06-15,2025,Chicago Cubs,Pittsburgh Pirates,2025-06-15T17:00:00+00:00,1,0.26,148,122,3,3,0.6680544327211988,0.671837489289497,0.5639097744360902,0.11018785963604513,0.10769063343582097,0.19017468483238167,-0.002497226200224162
777498,2025-06-15,2025,Los Angeles Dodgers,San Francisco Giants,2025-06-15T17:00:00+00:00,1,-0.93,126,219,2,3,0.5413459416569745,0.5316646122526895,0.6276849642004773,0.21036354523452747,0.21933803541642372,0.1386184858823999,0.00897449018189625
777499,2025-06-15,2025,Philadelphia Phillies,Toronto Blue Jays,2025-06-15T17:00:00+00:00,1,-0.9,48,138,2,2,0.5386045170407487,0.5291722025369491,0.608272506082725,0.21288579169520072,0.2216788148639077,0.15345042949070872,0.008793023168706976
777500,2025-06-15,2025,Boston Red Sox,New York Yankees,2025-06-15T17:00:00+00:00,1,-0.69,79,148,2,3,0.4605922320684198,0.4520624907510523,0.37980769230769235,0.29096074010492945,0.30023551404194065,0.3846384985207101,0.009274773937011205
777501,2025-06-15,2025,Baltimore Orioles,Los Angeles Angels,2025-06-15T17:00:00+00:00,1,1.33,244,111,3,2,0.5553901719213982,0.5683201112301757,0.5051020408163266,0.19767789922408388,0.1863475263683279,0.24492399000416487,-0.011330372855755971
777502,2025-06-15,2025,New York Mets,Tampa Bay Rays,2025-06-15T17:00:00+00:00,0,0.41,205,164,3,2,0.5723567210980111,0.5764480723015604,0.5841584158415841,0.32759221618606643,0.33229238006018497,0.3412410547985491,0.004700163874118535
777503,2025-06-15,2025,Washington Nationals,Miami Marlins,2025-06-15T17:00:00+00:00,0,-0.46,223,269,3,2,0.5497885938099474,0.5449412531519439,0.5911330049261084,0.3022674978835193,0.296960969386811,0.34943822951297054,-0.005306528496708318
777504,2025-06-15,2025,Atlanta Braves,Colorado Rockies,2025-06-15T17:00:00+00:00,0,-0.51,127,178,2,3,0.6838874485711298,0.6811531669626646,0.746615087040619,0.46770204231312973,0.46396963686326764,0.5574340881966711,-0.0037324054498620862
777483,2025-06-16,2025,Miami Marlins,Philadelphia Phillies,2025-06-16T17:00:00+00:00,0,2.42,337,95,3,3,0.43440701815845323,0.4562882744191051,0.48600508905852424,0.18870945742531872,0.20819898937236453,0.23620094659078408,0.019489531947045807
777484,2025-06-16,2025,Tampa Bay Rays,Baltimore Orioles,2025-06-16T17:00:00+00:00,1,0.01,217,216,3,3,0.6091952313067288,0.6099309906421958,0.5,0.1527283672334012,0.15215383206137875,0.25,-0.000574535172022439
777486,2025-06-16,2025,Seattle Mariners,Boston Red Sox,2025-06-16T17:00:00+00:00,0,0.23,126,103,3,3,0.5531768522255668,0.5552280073989413,0.6135265700483092,0.30600462983818655,0.3082781402001988,0.3764148521552429,0.002273510362012232
777487,2025-06-16,2025,New York Yankees,Los Angeles Angels,2025-06-16T17:00:00+00:00,0,-0.31,120,151,3,3,0.6702224242351407,0.6689875929452794,0.6294536817102138,0.4491980979476289,0.44754439951471886,0.3962119374185431,-0.0016536984329100224
777488,2025-06-16,2025,Washington Nationals,Colorado Rockies,2025-06-16T17:00:00+00:00,0,0.57,212,155,3,3,0.5911012871551863,0.5969743875614418,0.6116504854368933,0.349400731676518,0.35637841940435855,0.37411631633518716,0.006977687727840576
777490,2025-06-16,2025,Los Angeles Dodgers,San Diego Padres,2025-06-16T17:00:00+00:00,1,0.06,168,162,3,3,0.5776417441125989,0.5783851279508582,0.5866336633663367,0.17838649631624734,0.17775910033301423,0.17087172826193503,-0.0006273959832331089
777467,2025-06-17,2025,Chicago White Sox,St. Louis Cardinals,2025-06-17T17:00:00+00:00,0,0.78,208,130,2,2,0.4385143159236272,0.4442182143836444,0.42999999999999994,0.19229480526996673,0.19732982199019344,0.18489999999999995,0.005035016720226715
777468,2025-06-17,2025,Texas Rangers,Kansas City Royals,2025-06-17T17:00:00+00:00,0,0.25,149,124,2,2,0.5117532981341758,0.5133767736292332,0.5577889447236182,0.26189143815120663,0.2635557117019609,0.31112850685588755,0.0016642735507542694
777471,2025-06-17,2025,Los Angeles Dodgers,San Diego Padres,2025-06-17T17:00:00+00:00,1,0.67,221,154,3,3,0.5840360848667052,0.5907991038016701,0.6605504587155964,0.17302597869301886,0.16744537344951635,0.11522599107819205,-0.005580605243502512
777472,2025-06-17,2025,San Francisco Giants,Cleveland Guardians,2025-06-17T17:00:00+00:00,0,0.85,167,82,2,2,0.6201261080976914,0.6289142443619824,0.5806451612903225,0.3845563899443897,0.3955331267614033,0.33714880332986463,0.01097673681701361
777473,2025-06-17,2025,Seattle Mariners,Boston Red Sox,2025-06-17T17:00:00+00:00,1,0.31,151,120,3,3,0.5480240858219703,0.5507923836720956,0.6125907990314771,0.2042822269970657,0.20178748256699777,0.1500858889950694,-0.002494744430067919
777475,2025-06-17,2025,Detroit Tigers,Pittsburgh Pirates,2025-06-17T17:00:00+00:00,1,1.48,221,73,2,2,0.645507930270618,0.6601108274492278,0.6448598130841121,0.125664627501021,0.11552464961724862,0.1261245523626518,-0.010139977883772383
777476,2025-06-17,2025,New York Yankees,Los Angeles Angels,2025-06-17T17:00:00+00:00,0,-0.36,102,138,3,3,0.6701230892957674,0.6684425582513477,0.6850220264317181,0.449064954807303,0.44681545368160636,0.4692551766966174,-0.0022495011256966624
777477,2025-06-17,2025,Tampa Bay Rays,Baltimore Orioles,2025-06-17T17:00:00+00:00,0,-0.79,126,205,3,3,0.615662804351323,0.6088868940232787,0.5165394402035622,0.37904068866173546,0.3707432497133154,0.26681299328580943,-0.008297438948420055
777478,2025-06-17,2025,Cincinnati Reds,Minnesota Twins,2025-06-17T17:00:00+00:00,1,0.03,101,98,2,2,0.5405632077287548,0.540436587185851,0.5165394402035622,0.21108216609249134,0.21119853039738795,0.23373411287868498,0.00011636430489661564
777479,2025-06-17,2025,Toronto Blue Jays,Arizona Diamondbacks,2025-06-17T17:00:00+00:00,1,0.57,174,117,2,2,0.5032349766125876,0.5079316427053854,0.5241730279898218,0.24677548846109634,0.2421312682506205,0.2264113072923749,-0.004644220210475836
777480,2025-06-17,2025,Washington Nationals,Colorado Rockies,2025-06-17T17:00:00+00:00,0,-0.09,133,142,3,3,0.5856253815000466,0.5850306531565487,0.64,0.34295708745707515,0.342260865132778,0.4096,-0.0006962223242971688
777481,2025-06-17,2025,Miami Marlins,Philadelphia Phillies,2025-06-17T17:00:00+00:00,1,1.59,278,119,3,3,0.4366307226387242,0.4503216447208158,0.37649880095923266,0.317384942674566,0.302146294262429,0.3887537452052745,-0.015238648412137012
777482,2025-06-17,2025,Chicago Cubs,Milwaukee Brewers,2025-06-17T17:00:00+00:00,1,-0.33,102,135,2,2,0.5808116646154993,0.5777948705708749,0.5901234567901236,0.17571886052242866,0.1782571713162643,0.1679987806736777,0.002538310793835652
777489,2025-06-17,2025,Atlanta Braves,New York Mets,2025-06-17T17:00:00+00:00,1,-0.52,123,175,2,2,0.4997813580684051,0.49350406490691456,0.5541561712846348,0.25021868973588907,0.256538132265819,0.1987767196035759,0.006319442529929942
777453,2025-06-18,2025,Seattle Mariners,Boston Red Sox,2025-06-18T17:00:00+00:00,0,-0.15,120,135,3,3,0.5588804875825293,0.5572612959753669,0.47715736040609136,0.31234739940048567,0.31054015199214546,0.22767914658970856,-0.0018072474083402068
777454,2025-06-18,2025,San Francisco Giants,Cleveland Guardians,2025-06-18T17:00:00+00:00,0,-0.21,79,100,2,2,0.6179444147681706,0.6167283269414757,0.5541561712846348,0.3818552997431769,0.38035382925203176,0.3070890621728455,-0.0015014704911451293
777457,2025-06-18,2025,Los Angeles Dodgers,San Diego Padres,2025-06-18T17:00:00+00:00,1,1.46,298,152,3,3,0.5868057826108087,0.6012127709100987,0.6448598130841121,0.17072946128386626,0.1590312540852014,0.1261245523626518,-0.01169820719866485
777460,2025-06-18,2025,Texas Rangers,Kansas City Royals,2025-06-18T17:00:00+00:00,0,-0.35,106,141,2,2,0.5098906151864089,0.5054755228733439,0.4582278481012658,0.2599884394551745,0.25550550422408036,0.20997276077551674,-0.004482935231094165
777461,2025-06-18,2025,Washington Nationals,Colorado Rockies,2025-06-18T17:00:00+00:00,0,-0.35,161,196,3,3,0.5825272972253454,0.5793454755456047,0.5876543209876544,0.33933805201266587,0.3356411800351628,0.3453376009754611,-0.003696871977503069
777462,2025-06-18,2025,Toronto Blue Jays,Arizona Diamondbacks,2025-06-18T17:00:00+00:00,1,0.31,156,125,2,2,0.5057292016914857,0.5078601469609861,0.49744897959183665,0.244303622060536,0.24220163494926217,0.25255752811328624,-0.002101987111273823
777463,2025-06-18,2025,Tampa Bay Rays,Baltimore Orioles,2025-06-18T17:00:00+00:00,1,-0.6,124,184,3,3,0.6071831201235321,0.6020464798447056,0.5165394402035622,0.1543051011158834,0.1583670042039903,0.23373411287868498,0.004061903088106916
777465,2025-06-18,2025,Miami Marlins,Philadelphia Phillies,2025-06-18T17:00:00+00:00,0,0.34,204,170,3,3,0.44024607496828316,0.4416290742165746,0.39268292682926825,0.1938166065249792,0.19503623919338875,0.15419988102320045,0.0012196326684095482
777466,2025-06-18,2025,New York Yankees,Los Angeles Angels,2025-06-18T17:00:00+00:00,0,-0.26,108,134,3,3,0.667482115792767,0.6666445346074042,0.6613272311212814,0.44553237490318875,0.4444149355219226,0.4373537066225408,-0.0011174393812661276
777470,2025-06-18,2025,Atlanta Braves,New York Mets,2025-06-18T17:00:00+00:00,1,-0.31,111,142,2,2,0.5050997487560205,0.5010095297227848,0.6276849642004773,0.24492625868135404,0.2489914894274764,0.1386184858823999,0.004065230746122361
777474,2025-06-18,2025,Cincinnati Reds,Minnesota Twins,2025-06-18T17:00:00+00:00,1,-0.32,115,147,2,2,0.5395919654015859,0.5359633507354643,0.5468354430379747,0.21197555832277443,0.21533001186065773,0.20535811568658865,0.0033544535378833007
777440,2025-06-19,2025,San Francisco Giants,Cleveland Guardians,2025-06-19T17:00:00+00:00,1,-0.32,90,122,2,2,0.6171438747069256,0.6148708657148266,0.6159420289855072,0.14657881267442632,0.1483244500752471,0.147500525099769,0.0017456374008207876
777442,2025-06-19,2025,Los Angeles Dodgers,San Diego Padres,2025-06-19T17:00:00+00:00,0,1.62,330,168,3,3,0.586702031896157,0.6026450861294285,0.6934782608695652,0.34421927423107923,0.36318109983594626,0.48091209829867676,0.018961825604867033
777443,2025-06-19,2025,Texas Rangers,Kansas City Royals,2025-06-19T17:00:00+00:00,0,-0.01,97,98,2,2,0.506947903887233,0.5058923632120985,0.5367088607594936,0.2569961772556592,0.2559270831563218,0.28805640121775355,-0.0010690940993374198
777444,2025-06-19,2025,Miami Marlins,Philadelphia Phillies,2025-06-19T17:00:00+00:00,0,0.36,198,162,3,3,0.43318764652652614,0.43465229374277725,0.43500000000000005,0.18765153710319055,0.18892261645585753,0.18922500000000006,0.0012710793526669872
777445,2025-06-19,2025,Washington Nationals,Colorado Rockies,2025-06-19T17:00:00+00:00,1,-0.34,153,187,3,3,0.5823813966933411,0.5792946528184342,0.5980392156862746,0.17440529782780453,0.17699298914716183,0.16157247212610526,0.0025876913193572937
777446,2025-06-19,2025,Tampa Bay Rays,Baltimore Orioles,2025-06-19T17:00:00+00:00,0,-0.35,169,204,3,3,0.609914259285583,0.6072251233861793,0.5541561712846348,0.3719954036798813,0.36872235047136065,0.3070890621728455,-0.003273053208520671
777447,2025-06-19,2025,Chicago White Sox,St. Louis Cardinals,2025-06-19T17:00:00+00:00,0,0.4,76,36,1,1,0.4306708229108101,0.4324874715787997,0.43969849246231163,0.18547735770667437,0.18704541307262307,0.19333476427362953,0.0015680553659487007
777448,2025-06-19,2025,Toronto Blue Jays,Arizona Diamondbacks,2025-06-19T17:00:00+00:00,0,-0.05,115,120,2,2,0.5107919986149182,0.5093962684688726,0.5876543209876544,0.2609084658490226,0.25948455833001177,0.3453376009754611,-0.0014239075190108363
777449,2025-06-19,2025,New York Yankees,Los Angeles Angels,2025-06-19T17:00:00+00:00,1,0.17,161,144,3,3,0.6695574267435257,0.6725612619653913,0.7082452431289641,0.10919229422036039,0.10721612716569708,0.08512083815687728,-0.0019761670546633164
777450,2025-06-19,2025,Chicago Cubs,Milwaukee Brewers,2025-06-19T17:00:00+00:00,0,0.16,57,41,1,1,0.5844366983904279,0.5862551886892152,0.5329949238578681,0.341566254425504,0.34369514626502734,0.2840835888582546,0.0021288918395233614
777451,2025-06-19,2025,Detroit Tigers,Pittsburgh Pirates,2025-06-19T17:00:00+00:00,1,-0.19,37,56,1,1,0.6502929168031912,0.6498008322910973,0.7519083969465647,0.12229504403801973,0.12263945706400815,0.06154944350562328,0.0003444130259884215
777455,2025-06-19,2025,Atlanta Braves,New York Mets,2025-06-19T17:00:00+00:00,1,-0.8,38,118,2,2,0.5109225627598726,0.5020156580691288,0.5541561712846348,0.23919673961737078,0.2479884048083228,0.1987767196035759,0.008791665190952008
777458,2025-06-19,2025,Chicago White Sox,St. Louis Cardinals,2025-06-19T17:00:00+00:00,0,0.4,76,36,1,1,0.4306708229108101,0.4324874715787997,0.3995098039215686,0.18547735770667437,0.18704541307262307,0.15960808342945018,0.0015680553659487007
777464,2025-06-19,2025,Detroit Tigers,Pittsburgh Pirates,2025-06-19T17:00:00+00:00,0,-0.19,37,56,1,1,0.6502929168031912,0.6498008322910973,0.4494949494949495,0.4228808776444022,0.42224112164620276,0.2020457096214672,-0.0006397559981994316
777425,2025-06-20,2025,San Francisco Giants,Boston Red Sox,2025-06-20T17:00:00+00:00,0,0.15,113,98,3,2,0.6566092223850023,0.6533077499606879,0.5406091370558376,0.4311356709210374,0.42681101615869665,0.2922582390682574,-0.004324654762340729
777426,2025-06-20,2025,San Diego Padres,Kansas City Royals,2025-06-20T17:00:00+00:00,0,0.79,210,131,3,3,0.5467333978705131,0.5542403420740543,0.5876543209876544,0.2989174083470368,0.30718235678236466,0.3453376009754611,0.008264948435327879
777427,2025-06-20,2025,Los Angeles Dodgers,Washington Nationals,2025-06-20T17:00:00+00:00,1,0.7,261,191,3,3,0.662991773715348,0.6706313427128321,0.6367924528301887,0.1135745445835272,0.10848371240315187,0.1319197223211107,-0.005090832180375329
777428,2025-06-20,2025,Los Angeles Angels,Houston Astros,2025-06-20T17:00:00+00:00,0,-0.19,133,152,3,3,0.40798817890507627,0.4037205284013825,0.4088669950738916,0.1664543541262805,0.16299026505269149,0.1671722196607537,-0.0034640890735890273
777430,2025-06-20,2025,Colorado Rockies,Arizona Diamondbacks,2025-06-20T17:00:00+00:00,0,-0.02,181,183,3,3,0.3882786389649737,0.3853913716076772,0.37740384615384615,0.15076030147649241,0.14852650930964675,0.14243366309171596,-0.0022337921668456606
777431,2025-06-20,2025,Tampa Bay Rays,Detroit Tigers,2025-06-20T17:00:00+00:00,1,-0.01,224,225,3,3,0.5064701255492001,0.5054070819321962,0.5127551020408163,0.24357173697542228,0.2446221546028253,0.23740759058725533,0.0010504176274030164
777432,2025-06-20,2025,Pittsburgh Pirates,Texas Rangers,2025-06-20T17:00:00+00:00,0,-0.22,187,209,3,3,0.491479086127812,0.48807866394483423,0.3723150357995227,0.24155169210102923,0.23822078219817444,0.13861848588239986,-0.003330909902854784
777433,2025-06-20,2025,St. Louis Cardinals,Cincinnati Reds,2025-06-20T17:00:00+00:00,1,-0.11,193,204,3,3,0.541566977979474,0.5400627457414533,0.57356608478803,0.21016083567887212,0.21154227785489105,0.18184588404300966,0.0013814421760189322
777434,2025-06-20,2025,Minnesota Twins,Milwaukee Brewers,2025-06-20T17:00:00+00:00,0,0.4,155,115,3,2,0.4840341987647676,0.486725327381376,0.5901234567901236,0.23428910557385055,0.23690154431450766,0.3482456942539248,0.0026124387406571137
777435,2025-06-20,2025,Toronto Blue Jays,Chicago White Sox,2025-06-20T17:00:00+00:00,0,-0.4,179,219,3,3,0.6430183593263584,0.6404715506490779,0.6276849642004773,0.4134726104307618,0.4102038071908344,0.3939884142833544,-0.003268803239927398
777436,2025-06-20,2025,Chicago Cubs,Seattle Mariners,2025-06-20T17:00:00+00:00,0,0.73,142,69,2,2,0.6574714009245023,0.6594268936880647,0.568922305764411,0.4322686430336276,0.4348438281190902,0.323672589996294,0.002575185085462617
777437,2025-06-20,2025,Philadelphia Phillies,New York Mets,2025-06-20T17:00:00+00:00,1,-0.62,122,184,3,3,0.4945968892139982,0.4872387319582537,0.6440281030444964,0.2554323043921676,0.2629241180037797,0.12671599142209966,0.007491813611612108
777438,2025-06-20,2025,New York Yankees,Baltimore Orioles,2025-06-20T17:00:00+00:00,0,-0.82,150,232,3,3,0.6417812285999719,0.6353202361529383,0.71900826446281,0.41188314538328935,0.4036318024654253,0.5169728843658221,-0.008251342917864057
777439,2025-06-20,2025,Miami Marlins,Atlanta Braves,2025-06-20T17:00:00+00:00,1,0.91,168,77,3,3,0.40940356612983314,0.41582071543339655,0.428927680798005,0.34880414770015833,0.34126543651674857,0.32612359375874533,-0.007538711183409763
777410,2025-06-21,2025,Colorado Rockies,Arizona Diamondbacks,2025-06-21T17:00:00+00:00,0,-0.14,168,182,3,3,0.3848550533898945,0.3807894031422381,0.34252873563218394,0.14811341211973855,0.14500056954542193,0.11732593473378256,-0.0031128425743166266
777412,2025-06-21,2025,Minnesota Twins,Milwaukee Brewers,2025-06-21T17:00:00+00:00,0,0.41,174,133,3,2,0.4788624235661056,0.48157074618457135,0.5454545454545454,0.22930922070360432,0.23191038358076485,0.29752066115702475,0.002601162877160529
777413,2025-06-21,2025,San Diego Padres,Kansas City Royals,2025-06-21T17:00:00+00:00,1,0.59,216,157,3,3,0.5451854679496997,0.550690491350199,0.5876543209876544,0.20685625856413364,0.20187903456312561,0.17002895900015239,-0.004977224001008029
777414,2025-06-21,2025,Los Angeles Angels,Houston Astros,2025-06-21T17:00:00+00:00,1,-0.65,150,215,3,3,0.40548324884292086,0.3967643815967504,0.530456852791878,0.35345016740636837,0.36389321131035096,0.2204707670901081,0.010443043903982596
777415,2025-06-21,2025,St. Louis Cardinals,Cincinnati Reds,2025-06-21T17:00:00+00:00,1,-0.11,206,217,3,3,0.5539430236335513,0.5526391685259088,0.6327014218009479,0.19896682616517858,0.20013171353719025,0.1349082455470452,0.0011648873720116748
777416,2025-06-21,2025,Los Angeles Dodgers,Washington Nationals,2025-06-21T17:00:00+00:00,0,0.3,198,168,3,3,0.6643338930368764,0.6684356089699388,0.6948051948051949,0.4413395214375319,0.44680616333901296,0.4827542587282848,0.005466641901481051
777417,2025-06-21,2025,San Francisco Giants,Boston Red Sox,2025-06-21T17:00:00+00:00,1,0.27,155,128,3,2,0.5903607684307821,0.5933279571751046,0.5267175572519084,0.1678043000406193,0.1653821504153736,0.2239962706136006,-0.002422149625245701
777418,2025-06-21,2025,Toronto Blue Jays,Chicago White Sox,2025-06-21T17:00:00+00:00,1,-0.16,239,255,3,3,0.633206915176851,0.6327134371253923,0.6350710900473934,0.13453716707408175,0.13489941926824317,0.13317310931919768,0.0003622521941614165
777419,2025-06-21,2025,Chicago Cubs,Seattle Mariners,2025-06-21T17:00:00+00:00,1,0.93,181,88,2,2,0.5850201111314391,0.5943083898001172,0.6073170731707317,0.17220830816536312,0.1645856825865736,0.15419988102320048,-0.00762262557878951
777421,2025-06-21,2025,Pittsburgh Pirates,Texas Rangers,2025-06-21T17:00:00+00:00,0,-0.03,207,210,3,3,0.4847985834091872,0.48319739705387815,0.5,0.23502966647555462,0.23347972451964316,0.25,-0.0015499419559114602
777422,2025-06-21,2025,New York Yankees,Baltimore Orioles,2025-06-21T17:00:00+00:00,1,-1.0,167,267,3,3,0.6348539648668494,0.6265443246217435,0.6048780487804878,0.13333162697346004,0.13946914147222972,0.15612135633551458,0.006137514498769675
777423,2025-06-21,2025,Philadelphia Phillies,New York Mets,2025-06-21T17:00:00+00:00,0,-1.17,109,226,3,3,0.5063137885015967,0.4936265933618675,0.5076530612244898,0.2563536524268396,0.24366721367404248,0.2577116305705956,-0.012686438752797125
777424,2025-06-21,2025,Miami Marlins,Atlanta Braves,2025-06-21T17:00:00+00:00,0,0.45,147,102,3,3,0.4102286187343659,0.41218877095937473,0.41234567901234565,0.16828751962870572,0.16989958290499987,0.17002895900015239,0.0016120632762941511
777395,2025-06-22,2025,San Francisco Giants,Boston Red Sox,2025-06-22T17:00:00+00:00,1,0.2,133,113,3,2,0.5903938907743373,0.5926844560485457,0.5945945945945945,0.1677771647149855,0.16590595234446912,0.16435354273192118,-0.0018712123705163786
777396,2025-06-22,2025,San Diego Padres,Kansas City Royals,2025-06-22T17:00:00+00:00,1,0.49,196,147,3,3,0.5480114334260178,0.5525637351315779,0.49744897959183665,0.20429366431360316,0.2001992111194048,0.25255752811328624,-0.00409445319419835
777397,2025-06-22,2025,Los Angeles Angels,Houston Astros,2025-06-22T17:00:00+00:00,0,-0.87,126,213,3,3,0.4142951611758514,0.4035295658789183,0.5076530612244898,0.1716404805737247,0.16283611053842828,0.2577116305705956,-0.00880437003529641
777398,2025-06-22,2025,Los Angeles Dodgers,Washington Nationals,2025-06-22T17:00:00+00:00,1,-0.02,180,182,3,3,0.664643442895661,0.6659010104206634,0.6885964912280702,0.11246402039287577,0.11162213483793366,0.09697214527546935,-0.0008418855549421067
777399,2025-06-22,2025,Colorado Rockies,Arizona Diamondbacks,2025-06-22T17:00:00+00:00,1,0.5,203,153,3,3,0.38340711982789744,0.3853819492633562,0.3840579710144928,0.38018677987892885,0.37775534829131163,0.3793845830707834,-0.0024314315876172166
777401,2025-06-22,2025,Minnesota Twins,Milwaukee Brewers,2025-06-22T17:00:00+00:00,0,0.51,220,169,3,3,0.46746370545037963,0.47098586866645004,0.5505050505050506,0.2185223159133993,0.22182768848349052,0.30305581063156833,0.003305372570091225
777402,2025-06-22,2025,Miami Marlins,Atlanta Braves,2025-06-22T17:00:00+00:00,1,0.15,165,150,3,3,0.40677626187789695,0.4057750513544772,0.41687344913151364,0.3519144034715615,0.3531032895927742,0.34003657432777745,0.0011888861212127066
777403,2025-06-22,2025,Chicago Cubs,Seattle Mariners,2025-06-22T17:00:00+00:00,0,1.23,253,130,3,2,0.5928122819469733,0.6050421669576499,0.46700507614213205,0.3514264016271778,0.3660760237968087,0.21809374114251856,0.014649622169630894
777404,2025-06-22,2025,Pittsburgh Pirates,Texas Rangers,2025-06-22T17:00:00+00:00,1,0.59,254,195,4,3,0.4833103447763211,0.48789224876188825,0.5165394402035622,0.2669681998151641,0.2622543488781558,0.23373411287868498,-0.004713850937008324
777405,2025-06-22,2025,Philadelphia Phillies,New York Mets,2025-06-22T17:00:00+00:00,1,-0.15,191,206,3,3,0.5007378200244437,0.4981822312732514,0.5343511450381679,0.2492627243539448,0.2518210730098926,0.2168288561272653,0.002558348655947784
777407,2025-06-22,2025,St. Louis Cardinals,Cincinnati Reds,2025-06-22T17:00:00+00:00,0,-0.3,310,340,4,3,0.5557069921930105,0.5525499055733624,0.49109414758269715,0.30881026117220256,0.30531139814913166,0.24117346178997592,-0.0034988630230708972
777408,2025-06-22,2025,Toronto Blue Jays,Chicago White Sox,2025-06-22T17:00:00+00:00,0,-0.75,204,279,3,4,0.6354150653588895,0.6294594440417424,0.6391509433962265,0.4037523052850418,0.3962191916933394,0.4085139284442863,-0.0075331135917023895
777381,2025-06-23,2025,Los Angeles Angels,Boston Red Sox,2025-06-23T17:00:00+00:00,1,0.01,161,160,3,3,0.4605761956262093,0.4590040624639234,0.4707379134860051,0.2909780407250936,0.29267660443053856,0.2801183562211475,0.0016985637054449665
777382,2025-06-23,2025,San Diego Padres,Washington Nationals,2025-06-23T17:00:00+00:00,0,-0.23,128,151,3,3,0.617827217649923,0.6164196496413299,0.6058394160583942,0.3817104708690453,0.3799731844639399,0.36704139804997604,-0.0017372864051053982
777388,2025-06-23,2025,Minnesota Twins,Seattle Mariners,2025-06-23T17:00:00+00:00,0,0.9,285,195,3,3,0.49163472163226424,0.4994559888784904,0.4531645569620253,0.24170469951443393,0.24945628482659074,0.20535811568658865,0.007751585312156806
777389,2025-06-23,2025,New York Mets,Atlanta Braves,2025-06-23T17:00:00+00:00,0,0.43,205,162,3,3,0.5476330309954273,0.5515854404759633,0.4371859296482412,0.2999019366372386,0.3042464981450624,0.1911315370823969,0.004344561507823808
777390,2025-06-23,2025,Cincinnati Reds,New York Yankees,2025-06-23T17:00:00+00:00,1,0.86,220,134,3,3,0.4515585201129427,0.4582949122516755,0.46446700507614214,0.3007880568607056,0.29344440209241995,0.2867955886521168,-0.007343654768285635
777391,2025-06-23,2025,Milwaukee Brewers,Pittsburgh Pirates,2025-06-23T17:00:00+00:00,0,0.54,211,157,3,3,0.6390832726840201,0.6451332225027463,0.6125907990314771,0.4084274294245176,0.41619687477677797,0.37526748705802354,0.0077694453522603735
777392,2025-06-23,2025,St. Louis Cardinals,Chicago Cubs,2025-06-23T17:00:00+00:00,1,-0.43,200,243,3,3,0.4631285211621751,0.4572157265661636,0.49489795918367346,0.288230984789513,0.2946147674870977,0.25512807163681794,0.006383782697584717
777393,2025-06-23,2025,Chicago White Sox,Arizona Diamondbacks,2025-06-23T17:00:00+00:00,0,0.46,179,133,3,3,0.4141190121940172,0.4162430733137144,0.42999999999999994,0.17149455626054858,0.17325829608164622,0.18489999999999995,0.0017637398210976485
777394,2025-06-23,2025,Baltimore Orioles,Texas Rangers,2025-06-23T17:00:00+00:00,1,0.77,232,155,3,3,0.5048225376127754,0.5115466018275008,0.5367088607594936,0.24520071925625123,0.23858672218626206,0.21463867969876624,-0.006613997069989164
777364,2025-06-24,2025,San Francisco Giants,Miami Marlins,2025-06-24T17:00:00+00:00,0,-0.05,112,117,2,2,0.6653946920847632,0.666395351282718,0.6092233009708737,0.44275009625457684,0.4440827642112171,0.3711530304458478,0.0013326679566402766
777372,2025-06-24,2025,San Diego Padres,Washington Nationals,2025-06-24T17:00:00+00:00,1,-0.15,147,162,3,3,0.6112390501833608,0.610481633855347,0.6048780487804878,0.15113507610233548,0.1517245575639999,0.15612135633551458,0.0005894814616644317
777373,2025-06-24,2025,St. Louis Cardinals,Chicago Cubs,2025-06-24T17:00:00+00:00,1,0.07,187,180,3,3,0.4659135674541375,0.4650206172812136,0.49489795918367346,0.28524831742956613,0.2862029399341738,0.25512807163681794,0.0009546225046076495
777374,2025-06-24,2025,Milwaukee Brewers,Pittsburgh Pirates,2025-06-24T17:00:00+00:00,1,0.28,222,194,3,3,0.6339081592118598,0.6375108476040906,0.6519721577726217,0.13402323589164897,0.13139838560470482,0.1211233789654449,-0.002624850286944147
777375,2025-06-24,2025,Minnesota Twins,Seattle Mariners,2025-06-24T17:00:00+00:00,0,0.37,220,183,3,3,0.48591563129624915,0.4883363558825277,0.5051020408163266,0.23611400073803235,0.23847239647662677,0.25512807163681805,0.002358395738594421
777376,2025-06-24,2025,Los Angeles Angels,Boston Red Sox,2025-06-24T17:00:00+00:00,1,0.15,159,144,3,3,0.4648831972411106,0.4647718505842998,0.39853300733496333,0.28634999259489613,0.2864691719269551,0.36176254326552326,0.0001191793320589607
777377,2025-06-24,2025,Houston Astros,Philadelphia Phillies,2025-06-24T17:00:00+00:00,1,-0.45,104,149,2,2,0.5504728006051488,0.545736820490959,0.5866336633663367,0.20207470299577832,0.20635503625766324,0.17087172826193503,0.004280333261884928
777378,2025-06-24,2025,Kansas City Royals,Tampa Bay Rays,2025-06-24T17:00:00+00:00,0,-0.58,85,143,2,2,0.5012540156837941,0.4943984919806707,0.547979797979798,0.25125558823912936,0.24442986887276133,0.30028185899398024,-0.006825719366368027
777379,2025-06-24,2025,Colorado Rockies,Los Angeles Dodgers,2025-06-24T17:00:00+00:00,0,-0.68,135,203,2,2,0.35052820782157257,0.34121612205064095,0.297644539614561,0.12287002447860357,0.1164284419472779,0.08859227196236397,-0.006441582531325665
777380,2025-06-24,2025,Baltimore Orioles,Texas Rangers,2025-06-24T17:00:00+00:00,0,-0.17,147,164,3,3,0.5077123367653488,0.5050659595601955,0.5603015075376885,0.2577718169037309,0.25509162350646103,0.3139377793490064,-0.002680193397269881
777383,2025-06-24,2025,Chicago White Sox,Arizona Diamondbacks,2025-06-24T17:00:00+00:00,0,0.55,178,123,3,3,0.4073095867111989,0.4101890097212872,0.4607594936708861,0.16590109942684764,0.16825502369613024,0.21229931100785132,0.0023539242692826035
777384,2025-06-24,2025,Cleveland Guardians,Toronto Blue Jays,2025-06-24T17:00:00+00:00,0,0.08,99,91,2,2,0.5054705530004441,0.5052934584708357,0.46700507614213205,0.25550047995057473,0.2553214791734182,0.21809374114251856,-0.00017900077715654605
777385,2025-06-24,2025,Cincinnati Reds,New York Yankees,2025-06-24T17:00:00+00:00,1,0.69,223,154,3,3,0.45270304222013913,0.457768576662435,0.40640394088669946,0.2995339599950908,0.29401491645468164,0.35235628139484093,-0.005519043540409163
777387,2025-06-24,2025,New York Mets,Atlanta Braves,2025-06-24T17:00:00+00:00,0,0.62,201,139,3,3,0.549587025777114,0.5554478165646861,0.42643391521197016,0.3020458989025342,0.3085222769264772,0.18184588404300975,0.006476378023943019
777355,2025-06-25,2025,San Francisco Giants,Miami Marlins,2025-06-25T17:00:00+00:00,0,0.32,142,110,2,2,0.662787568395642,0.6670526628018849,0.6711711711711711,0.43928736081980785,0.4449592549510852,0.45047074101128143,0.005671894131277333
777357,2025-06-25,2025,St. Louis Cardinals,Chicago Cubs,2025-06-25T17:00:00+00:00,0,-0.01,151,152,3,3,0.46385553446641414,0.4621338856943914,0.4193548387096774,0.2151619568551227,0.21356772830699683,0.17585848074921953,-0.001594228548125881
777358,2025-06-25,2025,Colorado Rockies,Los Angeles Dodgers,2025-06-25T17:00:00+00:00,0,-1.79,119,298,2,2,0.3481378813424975,0.3289262716800364,0.2608695652173913,0.12119998442564288,0.10819249220132912,0.06805293005671077,-0.013007492224313758
777359,2025-06-25,2025,Kansas City Royals,Tampa Bay Rays,2025-06-25T17:00:00+00:00,0,-0.06,100,106,2,2,0.49832336536722693,0.49663175003373544,0.457070707070707,0.24832617647091876,0.24664309514157068,0.20891363126211607,-0.0016830813293480795
777360,2025-06-25,2025,San Diego Padres,Washington Nationals,2025-06-25T17:00:00+00:00,1,0.35,187,152,3,3,0.604789323989675,0.6087092118854159,0.5806451612903225,0.15619147843253808,0.1531084808633323,0.17585848074921961,-0.00308299756920577
777361,2025-06-25,2025,Milwaukee Brewers,Pittsburgh Pirates,2025-06-25T17:00:00+00:00,1,0.17,243,226,3,3,0.6385161210584713,0.6411570330837675,0.5,0.13067059473461376,0.12876827490524434,0.25,-0.00190231982936942
777362,2025-06-25,2025,Los Angeles Angels,Boston Red Sox,2025-06-25T17:00:00+00:00,1,0.43,211,168,3,3,0.46809281436663747,0.47082649623827666,0.547979797979798,0.28292525412840447,0.2800245970834586,0.20432226303438422,-0.0029006570449458535
777363,2025-06-25,2025,Minnesota Twins,Seattle Mariners,2025-06-25T17:00:00+00:00,1,0.68,226,158,3,3,0.4795149069073212,0.4849359746685531,0.5443037974683544,0.27090473213169447,0.26529095019063337,0.20765902900176253,-0.005613781941061102
777365,2025-06-25,2025,Baltimore Orioles,Texas Rangers,2025-06-25T17:00:00+00:00,0,-0.15,166,181,3,3,0.5027093470475331,0.5001846322899179,0.42144638403990026,0.2527166876089571,0.25018466637900044,0.1776170546203071,-0.0025320212299566602
777366,2025-06-25,2025,Houston Astros,Philadelphia Phillies,2025-06-25T17:00:00+00:00,1,0.48,81,33,2,2,0.5564544023516413,0.5610227002661178,0.40987654320987654,0.19673269719323966,0.19270106968165068,0.3482456942539247,-0.0040316275115889755
777367,2025-06-25,2025,Cincinnati Reds,New York Yankees,2025-06-25T17:00:00+00:00,0,-0.22,182,204,3,3,0.4541928142641815,0.45024183859467176,0.34722222222222227,0.20629111252921728,0.20271771322111046,0.12056327160493831,-0.0035733993081068227
777368,2025-06-25,2025,Cleveland Guardians,Toronto Blue Jays,2025-06-25T17:00:00+00:00,1,-0.1,138,148,2,2,0.49856603580335546,0.4964774614125319,0.5253807106598984,0.25143602044996183,0.2535349468655683,0.22526346981370304,0.0020989264156064946
777369,2025-06-25,2025,New York Mets,Atlanta Braves,2025-06-25T17:00:00+00:00,1,1.03,257,154,3,3,0.5511900765601903,0.5611222852173339,0.582089552238806,0.20143034737804788,0.19261364853285523,0.17464914234796167,-0.00881669884519265
777370,2025-06-25,2025,Chicago White Sox,Arizona Diamondbacks,2025-06-25T17:00:00+00:00,1,1.18,259,141,3,3,0.4053878565655607,0.41434622642938673,0.41687344913151364,0.35356360111969826,0.3429903424974992,0.34003657432777745,-0.010573258622199044
777344,2025-06-26,2025,Colorado Rockies,Los Angeles Dodgers,2025-06-26T17:00:00+00:00,0,-0.94,137,231,2,2,0.3426445355239065,0.33100184277488914,0.2821576763485477,0.11740527772439363,0.10956221992037243,0.0796129543224118,-0.007843057804021197
777347,2025-06-26,2025,San Francisco Giants,Miami Marlins,2025-06-26T17:00:00+00:00,0,0.22,145,123,2,2,0.6594782247676809,0.6628172534423222,0.6276849642004773,0.4349115289427319,0.43932671146082364,0.3939884142833544,0.004415182518091754
777348,2025-06-26,2025,St. Louis Cardinals,Chicago Cubs,2025-06-26T17:00:00+00:00,0,0.75,179,104,3,3,0.45702347037478197,0.4627620749060927,0.4422110552763819,0.2088704524734092,0.21414873797139217,0.19555061740865126,0.005278285497982954
777350,2025-06-26,2025,Houston Astros,Philadelphia Phillies,2025-06-26T17:00:00+00:00,1,0.58,88,30,2,2,0.5577893739346479,0.5633616525606275,0.5725,0.19555023780511066,0.19065304645458614,0.18275624999999998,-0.004897191350524521
777352,2025-06-26,2025,New York Mets,Atlanta Braves,2025-06-26T17:00:00+00:00,1,0.89,265,176,3,3,0.5531773623525327,0.5617505886557245,0.5089058524173028,0.1996504695142399,0.19206254654360402,0.24117346178997598,-0.007587922970635874
777353,2025-06-26,2025,Kansas City Royals,Tampa Bay Rays,2025-06-26T17:00:00+00:00,0,-0.15,73,88,2,2,0.4948219744841094,0.4921742416254751,0.46954314720812185,0.24484878643235264,0.24223548411961152,0.220470767090108,-0.0026133023127411226
777354,2025-06-26,2025,Cleveland Guardians,Toronto Blue Jays,2025-06-26T17:00:00+00:00,0,0.11,151,140,2,2,0.5003597292009232,0.5004031981809768,0.5603015075376885,0.25035985860602117,0.25040336074974995,0.3139377793490064,4.3502143728779696e-05
777356,2025-06-26,2025,Minnesota Twins,Seattle Mariners,2025-06-26T17:00:00+00:00,1,0.02,123,121,3,3,0.4790533172064326,0.47786362346120953,0.5329949238578681,0.2713854463136217,0.27262639570505764,0.21809374114251845,0.0012409493914359304
777331,2025-06-27,2025,Los Angeles Angels,Washington Nationals,2025-06-27T17:00:00+00:00,0,0.33,109,76,2,2,0.5231653784238774,0.52576400449056,0.5980392156862746,0.2737020131813989,0.2764277884179496,0.35765090349865447,0.0027257752365507093
777332,2025-06-27,2025,Arizona Diamondbacks,Miami Marlins,2025-06-27T17:00:00+00:00,0,-1.1,94,204,2,3,0.5714540764230004,0.5672052061549764,0.6285714285714284,0.3265597614604644,0.32172174588930924,0.3951020408163264,-0.004838015571155152
777334,2025-06-27,2025,Detroit Tigers,Minnesota Twins,2025-06-27T17:00:00+00:00,0,-0.51,104,155,3,3,0.622089470783463,0.6181093226537646,0.530456852791878,0.38699530965964907,0.38205913475149567,0.2813844726738642,-0.004936174908153401
777335,2025-06-27,2025,Kansas City Royals,Los Angeles Dodgers,2025-06-27T17:00:00+00:00,0,-1.58,126,284,3,3,0.456424816441165,0.4390404842958407,0.41791044776119407,0.20832361306335118,0.19275654685072635,0.17464914234796172,-0.015567066212624825
777336,2025-06-27,2025,Houston Astros,Chicago Cubs,2025-06-27T17:00:00+00:00,1,-0.13,132,145,3,3,0.5041814402148495,0.5018802112104819,0.5114503816793893,0.24583604422742092,0.24812332398371414,0.23868072956121442,0.0022872797562932257
777338,2025-06-27,2025,Chicago White Sox,San Francisco Giants,2025-06-27T17:00:00+00:00,0,-0.65,162,227,2,3,0.32787218050844924,0.3245680069903334,0.4193548387096774,0.10750016675136512,0.10534439116167711,0.17585848074921953,-0.0021557755896880054
777339,2025-06-27,2025,Milwaukee Brewers,Colorado Rockies,2025-06-27T17:00:00+00:00,1,-0.93,118,211,2,3,0.6169484594910081,0.6151601836863686,0.6659090909090909,0.1467284826863119,0.14810168422030956,0.11161673553719009,0.00137320153399767
777340,2025-06-27,2025,Texas Rangers,Seattle Mariners,2025-06-27T17:00:00+00:00,0,-0.78,79,157,2,3,0.426426237811079,0.4230915543907416,0.48600508905852424,0.18183933629371093,0.17900646339677384,0.23620094659078408,-0.002832872896937094
777341,2025-06-27,2025,Pittsburgh Pirates,New York Mets,2025-06-27T17:00:00+00:00,1,-1.28,136,264,2,3,0.3355689600235247,0.32676763649616436,0.43609022556390975,0.4414686068842204,0.4532418152689607,0.3179942337045622,0.011773208384740275
777342,2025-06-27,2025,Atlanta Braves,Philadelphia Phillies,2025-06-27T17:00:00+00:00,0,1.27,183,56,3,3,0.5467704669525884,0.5590253000648053,0.6168674698795181,0.29895794353155153,0.31250928611254564,0.3805254753955582,0.013551342580994108
777343,2025-06-27,2025,Baltimore Orioles,Tampa Bay Rays,2025-06-27T17:00:00+00:00,1,0.78,178,100,2,3,0.3770195157011597,0.3878005608271874,0.4520202020202021,0.3881046838172175,0.3747881533235063,0.30028185899398013,-0.013316530493711232
777345,2025-06-27,2025,Boston Red Sox,Toronto Blue Jays,2025-06-27T17:00:00+00:00,0,-0.31,130,161,2,3,0.43853830743947936,0.440006465395166,0.5204081632653061,0.19231584709188332,0.19360568958954744,0.27082465639316955,0.0012898424976641176
777346,2025-06-27,2025,Cincinnati Reds,San Diego Padres,2025-06-27T17:00:00+00:00,1,0.68,157,89,2,2,0.5165157730646448,0.5225138904245169,0.4582278481012658,0.23375699769527805,0.22799298483753025,0.2935170645729851,-0.005764012857747802
777349,2025-06-27,2025,Cleveland Guardians,St. Louis Cardinals,2025-06-27T17:00:00+00:00,0,-0.05,200,205,3,3,0.5041002795029519,0.5025992935106359,0.4619289340101523,0.25411709179495423,0.2526060498373904,0.21337834007575562,-0.0015110419575638523
777315,2025-06-28,2025,Los Angeles Angels,Washington Nationals,2025-06-28T17:00:00+00:00,1,0.21,127,106,2,2,0.5176048247328504,0.5189184654881359,0.5204081632653061,0.23270510512102396,0.23143944284828988,0.23000832986255726,-0.001265662272734086
777318,2025-06-28,2025,Arizona Diamondbacks,Miami Marlins,2025-06-28T17:00:00+00:00,0,-1.07,111,218,2,3,0.6384899174253265,0.6296181813016543,0.5935960591133005,0.4076693746538002,0.39641905422560275,0.35235628139484093,-0.011250320428197458
777319,2025-06-28,2025,Kansas City Royals,Los Angeles Dodgers,2025-06-28T17:00:00+00:00,1,-0.72,136,208,3,3,0.45935194187934336,0.4505089772086512,0.40987654320987654,0.2923003227496369,0.30194038412828256,0.3482456942539247,0.009640061378645648
777320,2025-06-28,2025,Houston Astros,Chicago Cubs,2025-06-28T17:00:00+00:00,0,0.12,163,151,3,3,0.5034439796390174,0.5036359019859354,0.5253807106598984,0.2534558406347714,0.25364912176918675,0.27602489113349993,0.00019328113441535733
777321,2025-06-28,2025,Milwaukee Brewers,Colorado Rockies,2025-06-28T17:00:00+00:00,1,-0.85,118,203,2,3,0.6824787990756837,0.6767422038213118,0.6976241900647947,0.10081971303642007,0.10449560279030233,0.0914311304339714,0.003675889753882264
777322,2025-06-28,2025,Texas Rangers,Seattle Mariners,2025-06-28T17:00:00+00:00,1,-0.62,136,198,2,3,0.50113408490793,0.49387598869619675,0.4707379134860051,0.2488672012406484,0.25616151481825233,0.2801183562211475,0.007294313577603934
777323,2025-06-28,2025,Boston Red Sox,Toronto Blue Jays,2025-06-28T17:00:00+00:00,1,0.54,170,116,2,3,0.499205928867671,0.5035395225895826,0.4783715012722647,0.2507947016812922,0.2464730056305796,0.27209629068495095,-0.004321696050712587
777324,2025-06-28,2025,Detroit Tigers,Minnesota Twins,2025-06-28T17:00:00+00:00,1,-0.25,131,156,3,3,0.6226528827144557,0.6211390337057039,0.5841584158415841,0.1423908469237103,0.14353563178144776,0.1729242231153809,0.0011447848577374742
777325,2025-06-28,2025,Pittsburgh Pirates,New York Mets,2025-06-28T17:00:00+00:00,1,-1.18,111,229,2,3,0.41295613363221917,0.39919726543960565,0.43500000000000005,0.34462050104003294,0.36096392585524767,0.3192249999999999,0.016343424815214724
777327,2025-06-28,2025,Chicago White Sox,San Francisco Giants,2025-06-28T17:00:00+00:00,1,-0.68,141,209,2,3,0.3944451249447171,0.38535420213592575,0.39853300733496333,0.3666967067032192,0.3777894568319644,0.36176254326552326,0.011092750128745221
777328,2025-06-28,2025,Cincinnati Reds,San Diego Padres,2025-06-28T17:00:00+00:00,0,0.08,100,92,2,2,0.5217121712345575,0.5217893117463662,0.5760598503740648,0.27218358961427624,0.2722640858527466,0.33184495121298996,8.049623847034004e-05
777329,2025-06-28,2025,Cleveland Guardians,St. Louis Cardinals,2025-06-28T17:00:00+00:00,0,0.17,154,137,3,3,0.49931455328390495,0.4999428142770196,0.5216284987277354,0.24931502312110557,0.2499428175472265,0.27209629068495106,0.0006277944261209312
777330,2025-06-28,2025,Baltimore Orioles,Tampa Bay Rays,2025-06-28T17:00:00+00:00,0,-0.96,135,231,2,3,0.46447268199233155,0.4533095050844909,0.5076530612244898,0.21573487231714955,0.2054895073999461,0.2577116305705956,-0.010245364917203459
777333,2025-06-28,2025,Atlanta Braves,Philadelphia Phillies,2025-06-28T17:00:00+00:00,1,0.74,239,165,3,3,0.5359319974959199,0.5428022742001007,0.5841584158415841,0.21535911094812688,0.20902976047659988,0.1729242231153809,-0.0063293504715269955
777301,2025-06-29,2025,Milwaukee Brewers,Colorado Rockies,2025-06-29T17:00:00+00:00,0,-1.01,86,187,2,3,0.685174983058965,0.6781086752625219,0.6892778993435448,0.46946475740985294,0.45983137546629244,0.47510402252344985,-0.009633381943560504
777302,2025-06-29,2025,Texas Rangers,Seattle Mariners,2025-06-29T17:00:00+00:00,0,-0.8,156,236,2,3,0.501953541040839,0.4929049977263394,0.4707379134860051,0.2519573573634372,0.24295533678360265,0.2215941831931576,-0.009002020579834569
777303,2025-06-29,2025,Arizona Diamondbacks,Miami Marlins,2025-06-29T17:00:00+00:00,0,-0.57,155,212,2,3,0.6355614067932334,0.6312897786699995,0.6350710900473934,0.40393830180499385,0.3985267846532169,0.4033152894139844,-0.005411517151776957
777304,2025-06-29,2025,Kansas City Royals,Los Angeles Dodgers,2025-06-29T17:00:00+00:00,0,-0.82,169,251,3,3,0.4622419555095775,0.45244208646576445,0.4531645569620253,0.2136676254333182,0.20470384160549426,0.20535811568658865,-0.008963783827823923
777305,2025-06-29,2025,Los Angeles Angels,Washington Nationals,2025-06-29T17:00:00+00:00,0,0.08,150,142,2,2,0.5234425456146495,0.5235467386064332,0.5591939546599496,0.2739920985595445,0.2741011875054329,0.31269787892823375,0.00010908894588840257
777308,2025-06-29,2025,Houston Astros,Chicago Cubs,2025-06-29T17:00:00+00:00,1,0.02,182,180,3,3,0.49641498275954554,0.4954950484288706,0.5505050505050506,0.2535978695890688,0.2545252461597876,0.20204570962146712,0.0009273765707187853
777310,2025-06-29,2025,Boston Red Sox,Toronto Blue Jays,2025-06-29T17:00:00+00:00,0,-0.46,115,161,2,3,0.5151003627715786,0.5096670666363672,0.49744897959183665,0.26532838372741185,0.25976051881371914,0.24745548729695951,-0.0055678649136927105
777311,2025-06-29,2025,Chicago White Sox,San Francisco Giants,2025-06-29T17:00:00+00:00,1,-0.48,115,163,2,3,0.39825175760754433,0.39109576733532087,0.41234567901234565,0.3621009472224095,0.37076436455696177,0.3453376009754611,0.008663417334552281
777312,2025-06-29,2025,Cincinnati Reds,San Diego Padres,2025-06-29T17:00:00+00:00,1,-0.41,93,134,2,2,0.5175598577488908,0.5126671788400057,0.5516372795969774,0.2327484908552705,0.23749327857975902,0.20102912904719902,0.004744787724488525
777313,2025-06-29,2025,Pittsburgh Pirates,New York Mets,2025-06-29T17:00:00+00:00,1,-1.06,177,283,2,3,0.4218759252733804,0.40932735295201533,0.43969849246231163,0.3342274457785101,0.348894175970673,0.31393777934900624,0.014666730192162913
777314,2025-06-29,2025,Detroit Tigers,Minnesota Twins,2025-06-29T17:00:00+00:00,1,-0.55,126,181,3,3,0.6287020312888898,0.6244772226005804,0.7345309381237526,0.13786218156899657,0.1410173563457741,0.07047382281345488,0.003155174776777514
777316,2025-06-29,2025,Atlanta Braves,Philadelphia Phillies,2025-06-29T17:00:00+00:00,0,-0.02,198,200,3,3,0.5418695978427105,0.5412659694768577,0.5935960591133005,0.2936226610662208,0.2929688497137226,0.35235628139484093,-0.0006538113524982014
777317,2025-06-29,2025,Baltimore Orioles,Tampa Bay Rays,2025-06-29T17:00:00+00:00,1,-0.22,196,218,2,3,0.45704556799708046,0.45313498315490036,0.5190839694656489,0.294799515231613,0.2990613466489912,0.23128022842491688,0.004261831417378181
777291,2025-06-30,2025,Arizona Diamondbacks,San Francisco Giants,2025-06-30T17:00:00+00:00,1,1.1,229,119,3,3,0.5113496229981689,0.5214728317375719,0.4520202020202021,0.2387791909440317,0.22898825076525822,0.30028185899398013,-0.009790940178773466
777292,2025-06-30,2025,Texas Rangers,Baltimore Orioles,2025-06-30T17:00:00+00:00,0,-0.01,235,236,3,3,0.5643785758064072,0.5642298053926988,0.4885496183206107,0.31852317682926845,0.3183552732934828,0.23868072956121442,-0.00016790353578566286
777295,2025-06-30,2025,Toronto Blue Jays,New York Yankees,2025-06-30T17:00:00+00:00,1,-0.05,202,207,3,3,0.4743197607997139,0.4723578639852877,0.42750000000000005,0.2763397138856701,0.2784062236981682,0.32775625,0.0020665098124981185
777297,2025-06-30,2025,Seattle Mariners,Kansas City Royals,2025-06-30T17:00:00+00:00,1,0.76,250,174,3,3,0.5579832265359715,0.5653314875955442,0.5876543209876544,0.19537882802355025,0.18893671567590256,0.17002895900015239,-0.006442112347647688
777299,2025-06-30,2025,Pittsburgh Pirates,St. Louis Cardinals,2025-06-30T17:00:00+00:00,1,1.16,250,134,3,3,0.4652367726698628,0.4752139484106127,0.5089058524173028,0.2859717093045441,0.27540039994277904,0.24117346178997598,-0.010571309361765036
777300,2025-06-30,2025,Boston Red Sox,Cincinnati Reds,2025-06-30T17:00:00+00:00,1,0.18,183,165,3,3,0.5348498951508281,0.5361289072326265,0.6004901960784313,0.21636462004119555,0.21517639070519723,0.15960808342945024,-0.0011882293359983254
777306,2025-06-30,2025,Philadelphia Phillies,San Diego Padres,2025-06-30T17:00:00+00:00,1,0.19,208,189,3,3,0.5500549020722779,0.5516634788730039,0.6674208144796381,0.20245059114918743,0.20100563617625739,0.11060891464138731,-0.0014449549729300404
777278,2025-07-01,2025,Arizona Diamondbacks,San Francisco Giants,2025-07-01T17:00:00+00:00,1,0.97,187,90,3,3,0.5151586819082469,0.5240364259849322,0.5516372795969774,0.23507110372894854,0.22654132378919695,0.20102912904719902,-0.008529779939751597
777280,2025-07-01,2025,Los Angeles Dodgers,Chicago White Sox,2025-07-01T17:00:00+00:00,1,1.06,237,131,2,2,0.682965021757086,0.6937407806564025,0.7471042471042472,0.10051117742948498,0.09379470943294974,0.06395626183270968,-0.006716467996535247
777281,2025-07-01,2025,Seattle Mariners,Kansas City Royals,2025-07-01T17:00:00+00:00,0,0.33,201,168,3,3,0.5684404103179043,0.5716951572316906,0.568922305764411,0.32312450008238736,0.32683535280216747,0.323672589996294,0.003710852719780111
777282,2025-07-01,2025,Texas Rangers,Baltimore Orioles,2025-07-01T17:00:00+00:00,1,-0.72,204,276,3,3,0.5634189556562739,0.5562431828061454,0.6258992805755395,0.19060300828025856,0.19692011280602012,0.13995134827389896,0.006317104525761563
777283,2025-07-01,2025,Toronto Blue Jays,New York Yankees,2025-07-01T17:00:00+00:00,1,0.53,249,196,3,3,0.47369738406246664,0.47752209931302625,0.41234567901234565,0.27699444354269076,0.2729831567062672,0.3453376009754611,-0.004011286836423544
777285,2025-07-01,2025,Colorado Rockies,Houston Astros,2025-07-01T17:00:00+00:00,0,0.27,142,115,2,2,0.3703180458309983,0.36991133933000653,0.4239401496259351,0.13713545506808936,0.13683439896491922,0.17972525046486026,-0.0003010561031701331
777287,2025-07-01,2025,Chicago Cubs,Cleveland Guardians,2025-07-01T17:00:00+00:00,1,-0.2,99,119,2,2,0.6449176639122219,0.6442458293965253,0.6225961538461539,0.12608346540155377,0.12656102990176618,0.14243366309171596,0.0004775645002124129
777288,2025-07-01,2025,Pittsburgh Pirates,St. Louis Cardinals,2025-07-01T17:00:00+00:00,1,0.42,223,181,3,3,0.4740730384370768,0.47680406923808444,0.6004901960784313,0.2765991688988085,0.2737339819658272,0.15960808342945024,-0.0028651869329812674
777293,2025-07-01,2025,Miami Marlins,Minnesota Twins,2025-07-01T17:00:00+00:00,1,-0.01,104,105,2,2,0.487081716000716,0.4857160428474206,0.41234567901234565,0.26308516606077026,0.26448798858451616,0.3453376009754611,0.0014028225237459058
777298,2025-07-01,2025,Atlanta Braves,Los Angeles Angels,2025-07-01T17:00:00+00:00,0,-0.86,56,142,2,2,0.6362009925655825,0.629235225002707,0.64,0.40475170294143237,0.39593696838420733,0.4096,-0.008814734557225035
777262,2025-07-02,2025,Seattle Mariners,Kansas City Royals,2025-07-02T17:00:00+00:00,1,0.04,178,174,3,3,0.5708250467297884,0.5712683687221135,0.6235011990407675,0.18419114051448832,0.18381081165819763,0.14175134712373977,-0.00038032885629069035
777265,2025-07-02,2025,Washington Nationals,Detroit Tigers,2025-07-02T17:00:00+00:00,1,0.44,65,21,1,1,0.4043699684235322,0.40613312868012297,0.41687344913151364,0.35477513451578396,0.3526778608512594,0.34003657432777745,-0.002097273664524557
777266,2025-07-02,2025,Chicago Cubs,Cleveland Guardians,2025-07-02T17:00:00+00:00,1,-0.21,67,88,2,2,0.6492876579525624,0.6485965062186726,0.5945945945945945,0.12299914686439888,0.12348441544172341,0.16435354273192118,0.00048526857732453244
777267,2025-07-02,2025,Los Angeles Dodgers,Chicago White Sox,2025-07-02T17:00:00+00:00,1,0.04,151,147,2,2,0.684119695833924,0.6861561918021089,0.7345309381237526,0.09978036656005272,0.0984979359441547,0.07047382281345488,-0.001282430615898028
777268,2025-07-02,2025,Texas Rangers,Baltimore Orioles,2025-07-02T17:00:00+00:00,1,-0.24,211,235,3,3,0.57307080200788,0.5708017480578786,0.5639097744360902,0.18226854009819482,0.18421113947017267,0.19017468483238167,0.0019425993719778545
777269,2025-07-02,2025,Colorado Rockies,Houston Astros,2025-07-02T17:00:00+00:00,0,0.99,192,93,2,2,0.36956487526557924,0.3758914580164721,0.3114035087719298,0.13657819703006313,0.1412943882097492,0.09697214527546935,0.00471619117968608
777270,2025-07-02,2025,Arizona Diamondbacks,San Francisco Giants,2025-07-02T17:00:00+00:00,0,-0.07,127,134,3,3,0.5228452902075461,0.5214402330451613,0.5603015075376885,0.2733671974922131,0.27189991663819213,0.3139377793490064,-0.0014672808540209803
777273,2025-07-02,2025,Philadelphia Phillies,San Diego Padres,2025-07-02T17:00:00+00:00,0,-0.49,43,92,2,2,0.5586770808349482,0.5536898233186863,0.48346055979643765,0.3121200806502592,0.3065724204466781,0.23373411287868487,-0.005547660203581106
777274,2025-07-02,2025,Toronto Blue Jays,New York Yankees,2025-07-02T17:00:00+00:00,1,-0.08,196,204,3,3,0.48199697822968235,0.4798524242170071,0.45569620253164556,0.2683271305631802,0.27055350059292443,0.2962666239384714,0.00222637002974424
777275,2025-07-02,2025,Miami Marlins,Minnesota Twins,2025-07-02T17:00:00+00:00,0,0.2,84,64,2,2,0.4842912938193399,0.48498427112056786,0.47582697201017815,0.2345380572692102,0.23520974323434846,0.22641130729237485,0.0006716859651382523
777276,2025-07-02,2025,New York Mets,Milwaukee Brewers,2025-07-02T17:00:00+00:00,1,-0.25,66,91,1,1,0.541788357110795,0.5388938128136729,0.5343511450381679,0.20995790967922434,0.21261891586151216,0.2168288561272653,0.0026610061822878173
777279,2025-07-02,2025,Atlanta Braves,Los Angeles Angels,2025-07-02T17:00:00+00:00,1,-0.22,112,134,2,2,0.6362064270720736,0.6352045388511842,0.5417721518987342,0.13234576370366646,0.13307572847477717,0.20997276077551674,0.0007299647711107027
777284,2025-07-02,2025,Washington Nationals,Detroit Tigers,2025-07-02T17:00:00+00:00,0,0.44,65,21,1,1,0.4043699684235322,0.40613312868012297,0.5,0.1635150713628484,0.16494411821150531,0.25,0.001429046848656912
777289,2025-07-02,2025,New York Mets,Milwaukee Brewers,2025-07-02T17:00:00+00:00,0,-0.25,66,91,1,1,0.541788357110795,0.5388938128136729,0.4846153846153846,0.2935346239008143,0.2904065414888579,0.23485207100591715,-0.00312808241195639
777290,2025-07-02,2025,Philadelphia Phillies,San Diego Padres,2025-07-02T17:00:00+00:00,1,-0.49,43,92,2,2,0.5586770808349482,0.5536898233186863,0.5785536159600998,0.19476591898036288,0.19919277380930542,0.17761705462030705,0.004426854828942534
777251,2025-07-03,2025,Seattle Mariners,Kansas City Royals,2025-07-03T17:00:00+00:00,0,-0.01,162,163,3,3,0.5723365394576053,0.5723126987283391,0.5190839694656489,0.327569114398307,0.32754182512571467,0.26944816735621474,-2.72892725923235e-05
777253,2025-07-03,2025,Los Angeles Dodgers,Chicago White Sox,2025-07-03T17:00:00+00:00,1,-0.79,92,171,2,2,0.6850966858767913,0.6799499522883016,0.7139874739039667,0.09916409724578026,0.10243203304026044,0.08180316508383415,0.0032679357944801757
777256,2025-07-03,2025,Arizona Diamondbacks,San Francisco Giants,2025-07-03T17:00:00+00:00,0,-0.46,133,179,3,3,0.5184674732670553,0.5130889590004448,0.46954314720812185,0.2688085208359247,0.26326027984816014,0.220470767090108,-0.005548240987764574
777257,2025-07-03,2025,New York Mets,Milwaukee Brewers,2025-07-03T17:00:00+00:00,1,1.13,215,102,2,2,0.5388377647278262,0.5496187576012013,0.5841584158415841,0.2126706072412278,0.2028432635046855,0.1729242231153809,-0.009827343736542288
777258,2025-07-03,2025,Washington Nationals,Detroit Tigers,2025-07-03T17:00:00+00:00,1,0.1,192,182,2,2,0.4066570226617538,0.4051710098339788,0.42999999999999994,0.3520558887566145,0.3538215275419285,0.3249000000000001,0.0017656387853140498
777259,2025-07-03,2025,Chicago Cubs,Cleveland Guardians,2025-07-03T17:00:00+00:00,1,-0.09,93,102,2,2,0.650271186825306,0.6506902096509968,0.57356608478803,0.12231024276457998,0.12201732963366459,0.18184588404300966,-0.0002929131309153954
777260,2025-07-03,2025,Toronto Blue Jays,New York Yankees,2025-07-03T17:00:00+00:00,1,0.59,234,175,3,3,0.48867840766486953,0.49334668428325984,0.4531645569620253,0.2614497707881333,0.2566975823267667,0.2990290017625381,-0.004752188461366602
777261,2025-07-03,2025,Atlanta Braves,Los Angeles Angels,2025-07-03T17:00:00+00:00,0,0.61,156,95,2,2,0.644326553430979,0.6510554569490873,0.5901234567901236,0.4151567074562442,0.42387320802318484,0.3482456942539248,0.008716500566940621
777264,2025-07-03,2025,Colorado Rockies,Houston Astros,2025-07-03T17:00:00+00:00,1,0.57,158,101,2,2,0.37202802436459775,0.3744593081260661,0.37320574162679426,0.3943488021834303,0.39130115719011993,0.39287104232961706,-0.0030476449933103944
777235,2025-07-04,2025,Los Angeles Dodgers,Houston Astros,2025-07-04T17:00:00+00:00,0,-0.26,120,146,3,3,0.5668257415848453,0.564253620285569,0.6235011990407675,0.32129142132320987,0.3183821480053711,0.3887537452052748,-0.0029092733178387453
777236,2025-07-04,2025,Seattle Mariners,Pittsburgh Pirates,2025-07-04T17:00:00+00:00,1,0.68,174,106,3,2,0.6646050735071477,0.6662057827567346,0.6391509433962265,0.1124897567171458,0.11141857946504427,0.13021204165183337,-0.0010711772521015267
777239,2025-07-04,2025,San Diego Padres,Texas Rangers,2025-07-04T17:00:00+00:00,1,-0.05,99,104,2,2,0.5362658859674335,0.5352743413894067,0.48469387755102045,0.21504932851756936,0.21596993777104975,0.2655403998334027,0.0009206092534803922
777242,2025-07-04,2025,Toronto Blue Jays,Los Angeles Angels,2025-07-04T17:00:00+00:00,1,0.94,224,130,3,3,0.6267402585833578,0.6364024927407325,0.6048780487804878,0.1393228345624186,0.13220314728515312,0.15612135633551458,-0.007119687277265474
777243,2025-07-04,2025,Colorado Rockies,Chicago White Sox,2025-07-04T17:00:00+00:00,0,0.15,227,212,3,3,0.5003916194141775,0.5008363535390956,0.457070707070707,0.2503917727799431,0.25083705302633796,0.20891363126211607,0.0004452802463948413
777246,2025-07-04,2025,Chicago Cubs,St. Louis Cardinals,2025-07-04T17:00:00+00:00,1,0.9,148,58,3,2,0.6725352517256309,0.676173270085946,0.5639097744360902,0.10723316136239593,0.1048637510068297,0.19017468483238167,-0.0023694103555662316
777247,2025-07-04,2025,Minnesota Twins,Tampa Bay Rays,2025-07-04T17:00:00+00:00,1,0.09,107,98,3,2,0.5447713082325973,0.5387267043808,0.5102040816326531,0.2072331618082609,0.21277305325139792,0.23990004164931278,0.005539891443137018
777248,2025-07-04,2025,Arizona Diamondbacks,Kansas City Royals,2025-07-04T17:00:00+00:00,0,-0.05,159,164,3,3,0.5655880248967222,0.5650643342804762,0.5114503816793893,0.3198898139065753,0.3192977018758377,0.261581492919993,-0.0005921120307375571
777249,2025-07-04,2025,Cleveland Guardians,Detroit Tigers,2025-07-04T17:00:00+00:00,0,-1.06,174,280,3,3,0.432299292783626,0.41982813055242446,0.4520202020202021,0.1868826785412232,0.17625565920314357,0.2043222630343843,-0.010627019338079635
777250,2025-07-04,2025,New York Mets,New York Yankees,2025-07-04T17:00:00+00:00,1,0.02,246,244,3,3,0.5175236996869609,0.5169348827994337,0.5468354430379747,0.23278338036375792,0.23335190745599688,0.20535811568658865,0.0005685270922389518
777252,2025-07-04,2025,Atlanta Braves,Baltimore Orioles,2025-07-04T17:00:00+00:00,0,0.8,222,142,3,2,0.6881500228367927,0.6910787741686195,0.6192771084337348,0.47355045393027834,0.4775898721064018,0.38350413703004776,0.004039418176123466
777254,2025-07-04,2025,Miami Marlins,Milwaukee Brewers,2025-07-04T17:00:00+00:00,0,-0.48,101,149,3,3,0.41922115576042046,0.4122753815078151,0.457070707070707,0.17574637743710272,0.16997099019741452,0.20891363126211607,-0.005775387239688207
777255,2025-07-04,2025,Philadelphia Phillies,Cincinnati Reds,2025-07-04T17:00:00+00:00,0,0.4,155,115,2,2,0.5785560907728735,0.5826305009191534,0.5866336633663367,0.33472715017038945,0.33945830060130355,0.34413905499460845,0.0047311504309140995
777221,2025-07-05,2025,Los Angeles Dodgers,Houston Astros,2025-07-05T17:00:00+00:00,0,0.56,200,144,3,3,0.553036158493187,0.5583490095249687,0.568922305764411,0.3058489926009014,0.3117536164375136,0.323672589996294,0.005904623836612166
777223,2025-07-05,2025,San Diego Padres,Texas Rangers,2025-07-05T17:00:00+00:00,0,0.32,158,126,3,2,0.5386508638551244,0.5413812391618972,0.5216284987277354,0.29014475313187177,0.2930936461164713,0.27209629068495106,0.0029488929845995493
777225,2025-07-05,2025,Seattle Mariners,Pittsburgh Pirates,2025-07-05T17:00:00+00:00,1,1.1,175,65,3,2,0.6025450385221126,0.613588104428796,0.5980392156862746,0.15797044640338895,0.14931415303893109,0.16157247212610526,-0.008656293364457862
777228,2025-07-05,2025,Washington Nationals,Boston Red Sox,2025-07-05T17:00:00+00:00,0,1.18,333,215,4,3,0.46883784733810213,0.4790796347619921,0.5102040816326531,0.21980892709662556,0.22951729644368377,0.2603082049146189,0.00970836934705821
777229,2025-07-05,2025,Chicago Cubs,St. Louis Cardinals,2025-07-05T17:00:00+00:00,0,1.01,168,67,3,2,0.6155765528952096,0.625838199087019,0.6004901960784313,0.3789344924743488,0.3916734514364832,0.3605884755863129,0.012738958962134395
777230,2025-07-05,2025,Minnesota Twins,Tampa Bay Rays,2025-07-05T17:00:00+00:00,1,0.49,146,97,3,2,0.47477425376527355,0.4782166047988527,0.49744897959183665,0.27586208450782534,0.2722579115076366,0.25255752811328624,-0.0036041730001887262
777231,2025-07-05,2025,Toronto Blue Jays,Los Angeles Angels,2025-07-05T17:00:00+00:00,1,0.88,233,145,3,3,0.6262089237224203,0.6353117509453259,0.6391509433962265,0.1397197687047514,0.13299751899856402,0.13021204165183337,-0.006722249706187372
777232,2025-07-05,2025,Colorado Rockies,Chicago White Sox,2025-07-05T17:00:00+00:00,0,0.03,185,182,3,3,0.4995730285148574,0.49880265391348116,0.5216284987277354,0.24957321081950654,0.24880408755113206,0.27209629068495106,-0.000769123268374472
777233,2025-07-05,2025,Philadelphia Phillies,Cincinnati Reds,2025-07-05T17:00:00+00:00,1,0.51,263,212,3,3,0.574565077986294,0.5796620997083166,0.6225961538461539,0.18099487286880814,0.17668395042162116,0.14243366309171596,-0.004310922447186977
777234,2025-07-05,2025,Arizona Diamondbacks,Kansas City Royals,2025-07-05T17:00:00+00:00,1,0.57,198,141,3,3,0.5589469005017889,0.5644355161517495,0.5831265508684863,0.19452783657697895,0.18971641958999289,0.17378347259080473,-0.004811416986986061
777237,2025-07-05,2025,Atlanta Braves,Baltimore Orioles,2025-07-05T17:00:00+00:00,0,0.96,175,79,3,2,0.6244663048452892,0.6343037358022567,0.5796019900497512,0.38995816588712967,0.4023412292526991,0.3359384668696319,0.012383063365569436
777238,2025-07-05,2025,Miami Marlins,Milwaukee Brewers,2025-07-05T17:00:00+00:00,1,-0.94,131,225,3,4,0.41899956820029105,0.40759254391230626,0.44332493702770776,0.3375615017514482,0.3509465940282928,0.3098871257352056,0.01338509227684459
777240,2025-07-05,2025,Cleveland Guardians,Detroit Tigers,2025-07-05T17:00:00+00:00,0,-1.79,184,363,3,4,0.43324967010392934,0.4136727557191733,0.4582278481012658,0.1877052766451636,0.1711251488242948,0.20997276077551674,-0.01658012782086879
777241,2025-07-05,2025,New York Mets,New York Yankees,2025-07-05T17:00:00+00:00,1,1.09,328,219,4,3,0.51293892794302,0.5229847773834209,0.4371859296482412,0.23722848791329468,0.22754352260794455,0.3167596777859145,-0.009684965305350124
777205,2025-07-06,2025,Seattle Mariners,Pittsburgh Pirates,2025-07-06T17:00:00+00:00,1,0.4,131,91,3,2,0.5975304408783846,0.6018415728670798,0.5114503816793893,0.16198174601954748,0.1585301330969609,0.23868072956121442,-0.0034516129225865833
777206,2025-07-06,2025,Los Angeles Dodgers,Houston Astros,2025-07-06T17:00:00+00:00,0,1.17,265,148,3,3,0.550935841451374,0.5622466554009473,0.64,0.3035303013957335,0.3161213015095516,0.4096,0.012591000113818085
777207,2025-07-06,2025,San Diego Padres,Texas Rangers,2025-07-06T17:00:00+00:00,1,-0.17,119,136,2,2,0.5329218871027911,0.5306794651955952,0.5357142857142857,0.21816196354761783,0.22026176438909256,0.21556122448979592,0.002099800841474736
777213,2025-07-06,2025,Washington Nationals,Boston Red Sox,2025-07-06T17:00:00+00:00,0,1.12,171,59,3,2,0.4607182073998856,0.47021354448561786,0.3251121076233184,0.21226126662976402,0.22110077741772813,0.10569788252327615,0.008839510787964105
777214,2025-07-06,2025,Toronto Blue Jays,Los Angeles Angels,2025-07-06T17:00:00+00:00,1,0.25,218,193,3,3,0.627055119519463,0.6302986002730702,0.6192771084337348,0.139087883876642,0.13667912496005116,0.1449499201625781,-0.002408758916590842
777215,2025-07-06,2025,Colorado Rockies,Chicago White Sox,2025-07-06T17:00:00+00:00,1,0.81,195,114,3,3,0.49265518203667424,0.499590951105688,0.47959183673469385,0.25739876431424014,0.25040921621531,0.27082465639316955,-0.006989548098930154
777216,2025-07-06,2025,New York Mets,New York Yankees,2025-07-06T17:00:00+00:00,0,-0.26,197,223,3,3,0.5247961566577135,0.5215223479848399,0.37740384615384615,0.27541100604270735,0.27198555944762043,0.14243366309171596,-0.003425446595086923
777217,2025-07-06,2025,Philadelphia Phillies,Cincinnati Reds,2025-07-06T17:00:00+00:00,1,0.42,169,127,2,2,0.5760910759195081,0.5803287393809229,0.6711711711711711,0.1796987759150802,0.17612396698960534,0.10812839866893927,-0.003574808925474876
777218,2025-07-06,2025,Arizona Diamondbacks,Kansas City Royals,2025-07-06T17:00:00+00:00,0,-0.22,142,164,3,3,0.5653968887945038,0.5631948303252888,0.5935960591133005,0.3196736418585045,0.3171884169051309,0.35235628139484093,-0.0024852249533736104
777219,2025-07-06,2025,Chicago Cubs,St. Louis Cardinals,2025-07-06T17:00:00+00:00,1,1.34,242,108,3,2,0.6102534458853046,0.623596247074327,0.6527777777777778,0.15190237644427917,0.14167978521653105,0.12056327160493827,-0.010222591227748129
777220,2025-07-06,2025,Minnesota Twins,Tampa Bay Rays,2025-07-06T17:00:00+00:00,0,1.29,215,86,3,2,0.47768454484393225,0.4891823728784969,0.5406091370558376,0.22818252438275471,0.2392993939350368,0.2922582390682574,0.011116869552282083
777224,2025-07-06,2025,Miami Marlins,Milwaukee Brewers,2025-07-06T17:00:00+00:00,0,-0.15,156,171,3,3,0.41865457526301236,0.4149096246407923,0.5076530612244898,0.17527165338865328,0.17214999661956315,0.2577116305705956,-0.0031216567690901253
777226,2025-07-06,2025,Cleveland Guardians,Detroit Tigers,2025-07-06T17:00:00+00:00,0,-0.46,162,208,3,3,0.4368633981565842,0.43031459249281323,0.34174311926605505,0.19084962864891822,0.18517064851225593,0.11678835956569313,-0.005678980136662293
777199,2025-07-07,2025,San Francisco Giants,Philadelphia Phillies,2025-07-07T17:00:00+00:00,1,-0.06,163,169,3,3,0.5408911111021673,0.5398737753555798,0.45569620253164556,0.21078097186500253,0.21171614260552746,0.2962666239384714,0.0009351707405249321
777200,2025-07-07,2025,Los Angeles Angels,Texas Rangers,2025-07-07T17:00:00+00:00,1,-0.14,198,212,3,3,0.4586426622945278,0.45554990998028355,0.4531645569620253,0.2930677670875566,0.29642590052247736,0.2990290017625381,0.0033581334349207514
777201,2025-07-07,2025,Milwaukee Brewers,Los Angeles Dodgers,2025-07-07T17:00:00+00:00,1,-1.48,165,313,3,3,0.5078094214779413,0.49204032332945075,0.4483627204030227,0.24225156558587885,0.25802303312324887,0.30430368824115367,0.01577146753737002
777202,2025-07-07,2025,Houston Astros,Cleveland Guardians,2025-07-07T17:00:00+00:00,0,-0.14,151,165,3,3,0.6155573649697428,0.6149654503252372,0.5468354430379747,0.3789108695684931,0.37818250509372175,0.2990290017625381,-0.0007283644747713702
777203,2025-07-07,2025,San Diego Padres,Arizona Diamondbacks,2025-07-07T17:00:00+00:00,0,0.51,215,164,3,3,0.5161114443847662,0.5204034351354226,0.5165394402035622,0.2663710230249296,0.27081973530074804,0.26681299328580943,0.004448712275818445
777204,2025-07-07,2025,Kansas City Royals,Pittsburgh Pirates,2025-07-07T17:00:00+00:00,1,-0.02,137,139,3,3,0.5687152051190809,0.5685362717768421,0.57356608478803,0.18600657429547646,0.18616094877222708,0.18184588404300966,0.00015437447675062388
777208,2025-07-07,2025,Cincinnati Reds,Miami Marlins,2025-07-07T17:00:00+00:00,0,0.59,206,147,3,3,0.5918768324409845,0.5979511604559702,0.5541561712846348,0.3503181847803733,0.3575455902906414,0.3070890621728455,0.007227405510268126
777209,2025-07-07,2025,Boston Red Sox,Colorado Rockies,2025-07-07T17:00:00+00:00,1,-0.47,152,199,3,3,0.6558142228779346,0.6528731933860382,0.6621004566210046,0.11846384917312011,0.12049701987000681,0.1141761014157336,0.002033170696886702
777211,2025-07-07,2025,Detroit Tigers,Tampa Bay Rays,2025-07-07T17:00:00+00:00,1,-0.75,160,235,3,3,0.5677602625477205,0.5603721424913085,0.47959183673469385,0.18683119063281553,0.19327265309768235,0.27082465639316955,0.006441462464866821
777212,2025-07-07,2025,Chicago White Sox,Toronto Blue Jays,2025-07-07T17:00:00+00:00,0,-0.69,130,199,3,3,0.4187607018179957,0.40977293129620196,0.40196078431372556,0.17536052538710029,0.16791385522308186,0.1615724721261054,-0.007446670164018426
777180,2025-07-08,2025,Los Angeles Angels,Texas Rangers,2025-07-08T17:00:00+00:00,0,-0.11,193,204,3,3,0.46161598154571004,0.45886519737638476,0.47959183673469385,0.2130893144184093,0.21055726936326855,0.23000832986255726,-0.0025320450551407636
777185,2025-07-08,2025,San Diego Padres,Arizona Diamondbacks,2025-07-08T17:00:00+00:00,1,0.96,246,150,3,3,0.5153050370136957,0.5240849055144375,0.5541561712846348,0.2349292071442949,0.22649517715920184,0.1987767196035759,-0.008434029985093072
777186,2025-07-08,2025,San Francisco Giants,Philadelphia Phillies,2025-07-08T17:00:00+00:00,1,0.48,140,92,3,3,0.5450911057137935,0.5495037908799048,0.57356608478803,0.20694210210069902,0.2029468344315766,0.18184588404300966,-0.003995267669122421
777187,2025-07-08,2025,New York Yankees,Seattle Mariners,2025-07-08T17:00:00+00:00,1,0.46,114,68,2,2,0.565195049369081,0.5696825987063656,0.5443037974683544,0.18905534509315586,0.18517306585610677,0.20765902900176253,-0.003882279237049091
777188,2025-07-08,2025,Chicago White Sox,Toronto Blue Jays,2025-07-08T17:00:00+00:00,0,-0.26,168,194,3,3,0.41779706585624504,0.4129718128021009,0.36170212765957444,0.17455438823808755,0.17054571816905345,0.13082842915346307,-0.004008670069034104
777190,2025-07-08,2025,Minnesota Twins,Chicago Cubs,2025-07-08T17:00:00+00:00,1,-0.12,177,189,2,2,0.41359805008723155,0.4100784818914088,0.45569620253164556,0.34386724686149694,0.348007397527545,0.2962666239384714,0.004140150666048059
777191,2025-07-08,2025,St. Louis Cardinals,Washington Nationals,2025-07-08T17:00:00+00:00,1,1.02,212,110,2,2,0.5991726478417112,0.6094335900345405,0.6574712643678161,0.16066256623822486,0.1525421205933074,0.11732593473378253,-0.008120445644917457
777192,2025-07-08,2025,Houston Astros,Cleveland Guardians,2025-07-08T17:00:00+00:00,0,-0.19,149,168,3,3,0.6151796932041389,0.6141068868464472,0.6391509433962265,0.37844605493073846,0.3771272684722351,0.4085139284442863,-0.0013187864585033626
777193,2025-07-08,2025,Milwaukee Brewers,Los Angeles Dodgers,2025-07-08T17:00:00+00:00,1,-1.77,138,315,3,3,0.5144368084578774,0.49586872753008715,0.47959183673469385,0.235771612980572,0.25414833988213353,0.27082465639316955,0.01837672690156153
777194,2025-07-08,2025,Kansas City Royals,Pittsburgh Pirates,2025-07-08T17:00:00+00:00,1,-0.53,129,182,3,3,0.5793564315790803,0.5743556325135937,0.5541561712846348,0.17694101165388493,0.1811731275729029,0.1987767196035759,0.004232115919017981
777195,2025-07-08,2025,Detroit Tigers,Tampa Bay Rays,2025-07-08T17:00:00+00:00,1,-1.09,121,230,3,3,0.5712879965114225,0.5606156103589454,0.5367088607594936,0.18379398193519011,0.19305864186024213,0.21463867969876624,0.009264659925052016
777196,2025-07-08,2025,Boston Red Sox,Colorado Rockies,2025-07-08T17:00:00+00:00,1,-0.14,194,208,3,3,0.6603014200417305,0.6604212284590809,0.7076271186440679,0.1153951252256648,0.11531374208123972,0.08548190175236994,-8.138314442507344e-05
777197,2025-07-08,2025,Cincinnati Reds,Miami Marlins,2025-07-08T17:00:00+00:00,0,0.35,170,135,3,3,0.58304284353149,0.5866889321953186,0.5204081632653061,0.3399389573932856,0.34420390316048316,0.27082465639316955,0.004264945767197548
777198,2025-07-08,2025,Baltimore Orioles,New York Mets,2025-07-08T17:00:00+00:00,0,-0.85,135,220,2,2,0.4362273912795969,0.42584504456994593,0.46446700507614214,0.19029433690260256,0.18134400198477924,0.21572959880440104,-0.008950334917823322
777162,2025-07-09,2025,San Diego Padres,Arizona Diamondbacks,2025-07-09T17:00:00+00:00,0,1.12,254,142,3,3,0.5147634093512156,0.5251348199817732,0.5725,0.2649813676068871,0.2757665791572894,0.32775625,0.010785211550402296
777163,2025-07-09,2025,San Francisco Giants,Philadelphia Phillies,2025-07-09T17:00:00+00:00,0,0.64,164,100,3,3,0.5454326074522078,0.5514366705957515,0.45569620253164556,0.2974967292721142,0.3040824016777274,0.20765902900176253,0.0065856724056131966
777171,2025-07-09,2025,Los Angeles Angels,Texas Rangers,2025-07-09T17:00:00+00:00,1,0.11,190,179,3,3,0.4524669325244181,0.45176509285336136,0.4783715012722647,0.29979245997922005,0.30056151341408344,0.27209629068495095,0.0007690534348633871
777172,2025-07-09,2025,Chicago White Sox,Toronto Blue Jays,2025-07-09T17:00:00+00:00,1,0.54,163,109,3,3,0.41898030237625017,0.42196950821689616,0.4371859296482412,0.3375838890267937,0.3341192494310169,0.3167596777859145,-0.0034646395957768084
777173,2025-07-09,2025,Minnesota Twins,Chicago Cubs,2025-07-09T17:00:00+00:00,1,0.33,126,93,2,2,0.4167240028684171,0.41762505888708185,0.49489795918367346,0.34021088882984224,0.339160572036275,0.25512807163681794,-0.001050316793567263
777174,2025-07-09,2025,Houston Astros,Cleveland Guardians,2025-07-09T17:00:00+00:00,0,-0.82,162,244,3,3,0.6110571998783415,0.6038920378848768,0.5796019900497512,0.3733909015231594,0.36468559342074947,0.3359384668696319,-0.008705308102409937
777175,2025-07-09,2025,Milwaukee Brewers,Los Angeles Dodgers,2025-07-09T17:00:00+00:00,1,-1.06,123,229,3,3,0.5168250397062385,0.5054100176743686,0.4088669950738916,0.233458042254878,0.24461925061686843,0.3494382295129704,0.011161208361990416
777177,2025-07-09,2025,Kansas City Royals,Pittsburgh Pirates,2025-07-09T17:00:00+00:00,1,-0.44,105,149,3,3,0.5822570542885614,0.5781909982727003,0.6276849642004773,0.1745091686916699,0.17792283393818115,0.1386184858823999,0.0034136652465112383
777178,2025-07-09,2025,St. Louis Cardinals,Washington Nationals,2025-07-09T17:00:00+00:00,0,1.08,212,104,2,2,0.6015255559268822,0.6123726851203544,0.5491183879093199,0.36183299443314465,0.3750003054815127,0.3015310039401303,0.013167311048368047
777179,2025-07-09,2025,Boston Red Sox,Colorado Rockies,2025-07-09T17:00:00+00:00,1,-0.4,156,196,3,3,0.6653175360110106,0.6631911559733688,0.7222222222222222,0.11201235170174118,0.11344019741455562,0.0771604938271605,0.0014278457128144434
777182,2025-07-09,2025,Detroit Tigers,Tampa Bay Rays,2025-07-09T17:00:00+00:00,0,-1.03,130,233,3,3,0.5710593097737926,0.5609743082991759,0.5675,0.32610873527932044,0.31469217457173887,0.32205625,-0.011416560707581569
777183,2025-07-09,2025,Cincinnati Reds,Miami Marlins,2025-07-09T17:00:00+00:00,1,0.53,207,154,3,3,0.5779315950190435,0.5832648487831829,0.5603015075376885,0.17814173848316875,0.17366818625970346,0.19333476427362942,-0.004473552223465294
777184,2025-07-09,2025,New York Yankees,Seattle Mariners,2025-07-09T17:00:00+00:00,1,0.35,119,84,2,2,0.5716255812478103,0.5751198504961389,0.5760598503740648,0.18350464264127642,0.18052314144242337,0.17972525046486032,-0.0029815011988530427
777158,2025-07-10,2025,San Diego Padres,Arizona Diamondbacks,2025-07-10T17:00:00+00:00,1,1.42,219,77,3,3,0.5107991930734705,0.5241141397989595,0.4783715012722647,0.23931742949756754,0.22646735193928427,0.27209629068495095,-0.012850077558283268
777159,2025-07-10,2025,Los Angeles Angels,Texas Rangers,2025-07-10T17:00:00+00:00,0,0.88,242,154,3,3,0.45816255604921113,0.4652170572911581,0.5153061224489797,0.20991292776554654,0.21642691039464468,0.26554039983340283,0.006513982629098136
777166,2025-07-10,2025,Minnesota Twins,Chicago Cubs,2025-07-10T17:00:00+00:00,0,0.2,116,96,2,2,0.41872564214893426,0.41839094994637704,0.4809160305343511,0.17533116339303736,0.17505098699703178,0.23128022842491694,-0.00028017639600558253
777167,2025-07-10,2025,St. Louis Cardinals,Washington Nationals,2025-07-10T17:00:00+00:00,1,0.45,118,73,2,2,0.602028866557757,0.6068717391370269,0.568922305764411,0.1583810230533036,0.15454982948914586,0.18582797846747193,-0.003831193564157731
777168,2025-07-10,2025,Cincinnati Reds,Miami Marlins,2025-07-10T17:00:00+00:00,1,-0.15,151,166,3,3,0.5851445959957255,0.5839580561643343,0.6004901960784313,0.17210500623154978,0.17309089903055924,0.15960808342945024,0.000985892799009458
777169,2025-07-10,2025,New York Yankees,Seattle Mariners,2025-07-10T17:00:00+00:00,1,0.22,119,97,2,2,0.5749744755327476,0.5772429237383168,0.49234693877551017,0.18064669644866296,0.17872354552932665,0.2577116305705956,-0.0019231509193363139
777170,2025-07-10,2025,Boston Red Sox,Tampa Bay Rays,2025-07-10T17:00:00+00:00,1,-0.39,94,133,3,3,0.5187193271661412,0.5140457452628042,0.5153061224489797,0.23163108604341182,0.23615153769718336,0.2349281549354435,0.0045204516537715456
777181,2025-07-10,2025,Baltimore Orioles,New York Mets,2025-07-10T17:00:00+00:00,1,0.2,87,67,1,1,0.4357192330018926,0.43564835747387765,0.48346055979643765,0.3184127840039723,0.3184927764219322,0.26681299328580954,7.999241795986212e-05
777139,2025-07-11,2025,San Diego Padres,Philadelphia Phillies,2025-07-11T17:00:00+00:00,1,1.02,203,101,3,2,0.5668941150188321,0.5704079590806267,0.4088669950738916,0.1875807076053206,0.18454932162127252,0.3494382295129704,-0.0030313859840480906
777143,2025-07-11,2025,San Francisco Giants,Los Angeles Dodgers,2025-07-11T17:00:00+00:00,1,0.4,143,103,2,2,0.5115740392936737,0.5146964437093091,0.5392405063291139,0.23855991909189778,0.23551954174839176,0.21229931100785132,-0.003040377343506012
777146,2025-07-11,2025,Chicago White Sox,Cleveland Guardians,2025-07-11T17:00:00+00:00,1,-0.59,81,140,2,2,0.47968928339066313,0.47241251775465204,0.48469387755102045,0.2707232418185216,0.2783485514219853,0.2655403998334027,0.0076253096034636925
777147,2025-07-11,2025,St. Louis Cardinals,Atlanta Braves,2025-07-11T17:00:00+00:00,0,-0.37,172,209,3,3,0.5065585929386143,0.5018902504765754,0.5216284987277354,0.2566016080799487,0.25189382352343964,0.27209629068495106,-0.004707784556509054
777148,2025-07-11,2025,Minnesota Twins,Pittsburgh Pirates,2025-07-11T17:00:00+00:00,1,0.72,162,90,3,2,0.6145680719619484,0.6158443596348548,0.5505050505050506,0.14855777115112978,0.14757555602435474,0.20204570962146712,-0.0009822151267750434
777149,2025-07-11,2025,Milwaukee Brewers,Washington Nationals,2025-07-11T17:00:00+00:00,1,-0.35,108,143,2,3,0.5743309644698975,0.5774847375425254,0.6488372093023256,0.18119412780912766,0.17851914700950866,0.1233153055705787,-0.0026749807996190034
777150,2025-07-11,2025,Los Angeles Angels,Arizona Diamondbacks,2025-07-11T17:00:00+00:00,1,1.87,278,91,3,3,0.43825944232193914,0.454767087582776,0.48469387755102045,0.3155524541404588,0.2972789287829682,0.2655403998334027,-0.018273525357490605
777151,2025-07-11,2025,Kansas City Royals,New York Mets,2025-07-11T17:00:00+00:00,0,-0.98,94,192,2,3,0.41602988240530997,0.41061506167119843,0.4607594936708861,0.17308086305417605,0.1686047288712421,0.21229931100785132,-0.004476134182933966
777153,2025-07-11,2025,New York Yankees,Chicago Cubs,2025-07-11T17:00:00+00:00,1,0.61,189,128,3,3,0.5118077522944408,0.5170356075543227,0.6125907990314771,0.23833167071980613,0.23325460437042225,0.1500858889950694,-0.005077066349383874
777154,2025-07-11,2025,Houston Astros,Texas Rangers,2025-07-11T17:00:00+00:00,0,-0.66,99,165,2,3,0.49688418717715216,0.4957857164670835,0.5355329949238579,0.24689389546669918,0.24580347665277932,0.2867955886521168,-0.0010904188139198578
777155,2025-07-11,2025,Boston Red Sox,Tampa Bay Rays,2025-07-11T17:00:00+00:00,1,-0.55,77,132,3,3,0.5187860762631847,0.512511651612572,0.5165394402035622,0.23156684039818146,0.23764488981350243,0.23373411287868498,0.006078049415320974
777157,2025-07-11,2025,Baltimore Orioles,Miami Marlins,2025-07-11T17:00:00+00:00,1,-0.07,176,183,3,3,0.5553060800811355,0.5544203933888769,0.5555555555555556,0.1977526824128055,0.19854118582772318,0.19753086419753085,0.0007885034149176795
777160,2025-07-11,2025,Cincinnati Reds,Colorado Rockies,2025-07-11T17:00:00+00:00,0,0.19,140,121,3,2,0.7103689381548599,0.7084910654297355,0.6892778993435448,0.5046240282952632,0.5019595897937618,0.47510402252344985,-0.0026644385015014427
777161,2025-07-11,2025,Detroit Tigers,Seattle Mariners,2025-07-11T17:00:00+00:00,0,-0.36,115,151,2,3,0.507056207476132,0.509122090272057,0.6899563318777293,0.25710599754007823,0.2592053028029886,0.47603973989817133,0.002099305262910356
777164,2025-07-11,2025,Chicago White Sox,Cleveland Guardians,2025-07-11T17:00:00+00:00,0,-0.59,81,140,2,2,0.47968928339066313,0.47241251775465204,0.4531645569620253,0.23010180859984794,0.22317358693128944,0.20535811568658865,-0.0069282216685584985
777126,2025-07-12,2025,San Diego Padres,Philadelphia Phillies,2025-07-12T17:00:00+00:00,1,1.61,211,50,3,2,0.4960848278703808,0.5110882443935603,0.4029484029484029,0.2539305007024238,0.23903470477017105,0.3564706095418626,-0.014895795932252737
777127,2025-07-12,2025,San Francisco Giants,Los Angeles Dodgers,2025-07-12T17:00:00+00:00,0,0.07,145,138,2,2,0.5186376577229602,0.5185666545606407,0.3995098039215686,0.26898502000835844,0.2689113752222148,0.15960808342945018,-7.364478614363401e-05
777131,2025-07-12,2025,Los Angeles Angels,Arizona Diamondbacks,2025-07-12T17:00:00+00:00,1,0.64,238,174,3,3,0.443673525532186,0.44808390420634975,0.5216284987277354,0.3094991461937873,0.30461137679610567,0.22883929322948024,-0.004887769397681652
777133,2025-07-12,2025,St. Louis Cardinals,Atlanta Braves,2025-07-12T17:00:00+00:00,0,0.19,181,162,3,3,0.5013106057606224,0.5021704794234836,0.4885496183206107,0.25131232344808213,0.25217519040441133,0.23868072956121442,0.0008628669563292002
777134,2025-07-12,2025,Minnesota Twins,Pittsburgh Pirates,2025-07-12T17:00:00+00:00,1,0.34,133,99,3,2,0.5463654178952725,0.5494072348926665,0.5491183879093199,0.20578433408133076,0.2030338399670726,0.20329422812149053,-0.0027504941142581507
777135,2025-07-12,2025,Milwaukee Brewers,Washington Nationals,2025-07-12T17:00:00+00:00,1,0.01,161,160,2,3,0.6423572035611943,0.6435759043910587,0.701716738197425,0.12790836984456902,0.12703813593065172,0.08897290427158351,-0.000870233913917301
777136,2025-07-12,2025,Kansas City Royals,New York Mets,2025-07-12T17:00:00+00:00,0,-0.65,135,200,2,3,0.4785988158186601,0.4707074389295347,0.46446700507614214,0.22905682650302372,0.22156549306360165,0.21572959880440104,-0.007491333439422071
777137,2025-07-12,2025,Houston Astros,Texas Rangers,2025-07-12T17:00:00+00:00,1,-0.34,140,174,2,3,0.5638501601983968,0.5604377093523244,0.5217391304347826,0.1902266827589641,0.19321500735943165,0.2287334593572779,0.0029883246004675512
777138,2025-07-12,2025,Chicago White Sox,Cleveland Guardians,2025-07-12T17:00:00+00:00,0,0.9,228,138,3,3,0.47752079965890737,0.4851109699832183,0.4133663366336633,0.22802611410688234,0.2353326531980589,0.17087172826193503,0.007306539091176567
777140,2025-07-12,2025,Cincinnati Reds,Colorado Rockies,2025-07-12T17:00:00+00:00,1,-0.12,116,128,3,2,0.6480659447613255,0.6481775086715119,0.7121848739495799,0.12385757923673839,0.12377906540458407,0.08283754678341923,-7.851383215431995e-05
777141,2025-07-12,2025,Baltimore Orioles,Miami Marlins,2025-07-12T17:00:00+00:00,0,-0.4,120,160,3,3,0.5560233917201743,0.5518807804184603,0.6039119804400979,0.30916201214000644,0.30457239579528883,0.36470968011908117,-0.004589616344717606
777142,2025-07-12,2025,New York Yankees,Chicago Cubs,2025-07-12T17:00:00+00:00,0,-0.35,134,169,3,3,0.524345481691938,0.5201641516635495,0.5785536159600998,0.27493818417075044,0.27057074467586006,0.3347242865405066,-0.004367439494890379
777144,2025-07-12,2025,Boston Red Sox,Tampa Bay Rays,2025-07-12T17:00:00+00:00,1,0.01,187,186,3,3,0.5179682506769703,0.5172863570055823,0.6235011990407675,0.23235460735542016,0.2330124611329421,0.14175134712373977,0.0006578537775219495
777145,2025-07-12,2025,Detroit Tigers,Seattle Mariners,2025-07-12T17:00:00+00:00,0,0.13,174,161,2,3,0.5649143125369125,0.5661526061438749,0.5051020408163266,0.31912818050905245,0.3205287734435015,0.25512807163681805,0.001400592934449052
777113,2025-07-13,2025,Minnesota Twins,Pittsburgh Pirates,2025-07-13T17:00:00+00:00,0,0.82,230,148,3,2,0.5543267012538718,0.5622228511634542,0.5866336633663367,0.3072780917229993,0.31609453437036356,0.34413905499460845,0.008816442647364253
777115,2025-07-13,2025,Los Angeles Angels,Arizona Diamondbacks,2025-07-13T17:00:00+00:00,0,-0.02,215,217,3,3,0.4499943911974701,0.4479658411731645,0.5216284987277354,0.20249495210918175,0.20067339485798086,0.27209629068495106,-0.0018215572512008948
777117,2025-07-13,2025,San Diego Padres,Philadelphia Phillies,2025-07-13T17:00:00+00:00,0,1.6,207,47,3,2,0.49952201188708123,0.5144768827184414,0.4531645569620253,0.24952224035971732,0.2646864628516849,0.20535811568658865,0.015164222491967583
777118,2025-07-13,2025,St. Louis Cardinals,Atlanta Braves,2025-07-13T17:00:00+00:00,1,-0.55,203,258,3,3,0.5004546036204155,0.4938872113318248,0.6039119804400979,0.2495456030440362,0.256150154853477,0.15688571923888542,0.0066045518094407785
777119,2025-07-13,2025,San Francisco Giants,Los Angeles Dodgers,2025-07-13T17:00:00+00:00,0,-0.5,93,143,2,2,0.5099742609125558,0.5040577658668735,0.4371859296482412,0.2600737467933076,0.25407423133070384,0.1911315370823969,-0.005999515462603744
777120,2025-07-13,2025,Chicago White Sox,Cleveland Guardians,2025-07-13T17:00:00+00:00,0,1.21,284,163,3,3,0.4756420248004845,0.4863035598383243,0.45088161209068006,0.22623533575630472,0.23649115231142667,0.20329422812149048,0.01025581655512195
777121,2025-07-13,2025,Detroit Tigers,Seattle Mariners,2025-07-13T17:00:00+00:00,0,0.62,235,173,2,3,0.5566761205906567,0.5626285558002384,0.49489795918367346,0.3098883032358634,0.31655089180186197,0.24492399000416493,0.006662588565998551
777122,2025-07-13,2025,New York Yankees,Chicago Cubs,2025-07-13T17:00:00+00:00,0,0.0,143,143,3,3,0.5255014593783479,0.5248383349909824,0.5367088607594936,0.2761517838087734,0.2754552778761067,0.28805640121775355,-0.0006965059326667355
777123,2025-07-13,2025,Milwaukee Brewers,Washington Nationals,2025-07-13T17:00:00+00:00,1,0.03,170,167,2,3,0.6393653931132935,0.6407262744228218,0.7070063694267517,0.1300573196843293,0.12907760989010553,0.08584526755649313,-0.0009797097942237654
777124,2025-07-13,2025,Kansas City Royals,New York Mets,2025-07-13T17:00:00+00:00,1,-0.56,204,260,2,4,0.4794753880110983,0.4724952351268825,0.49234693877551017,0.2709458716861967,0.27826127696384295,0.2577116305705956,0.007315405277646236
777125,2025-07-13,2025,Houston Astros,Texas Rangers,2025-07-13T17:00:00+00:00,0,-0.05,184,189,2,3,0.5665844328199847,0.5660766163517413,0.5417721518987342,0.32101791951394376,0.32044273558023656,0.2935170645729851,-0.0005751839337072018
777128,2025-07-13,2025,Cincinnati Reds,Colorado Rockies,2025-07-13T17:00:00+00:00,1,0.2,130,110,3,2,0.6498502631247675,0.652901436403254,0.6921397379912664,0.12260483823379459,0.1204774128509243,0.09477794092408612,-0.0021274253828702933
777129,2025-07-13,2025,Baltimore Orioles,Miami Marlins,2025-07-13T17:00:00+00:00,0,0.13,158,145,4,3,0.5520571889740834,0.5531014247545264,0.5429292929292929,0.30476713989796683,0.305921186065487,0.29477221712070195,0.001154046167520184
777130,2025-07-13,2025,Boston Red Sox,Tampa Bay Rays,2025-07-13T17:00:00+00:00,1,-0.05,156,161,3,3,0.5237921544626425,0.5226021375426629,0.5292620865139949,0.22677391215133175,0.2279087190788345,0.22159418319315766,0.0011348069275027572
777098,2025-07-18,2025,Texas Rangers,Detroit Tigers,2025-07-18T17:00:00+00:00,1,0.0,0,0,0,0,0.4954029520345635,0.4942668556374315,0.5076530612244898,0.25461818081543297,0.2557660133068506,0.24240550812161596,0.001147832491417644
777099,2025-07-18,2025,Seattle Mariners,Houston Astros,2025-07-18T17:00:00+00:00,1,0.0,0,0,0,0,0.5281194695929331,0.5274976815506479,0.547979797979798,0.2226712349772548,0.22325844094001293,0.20432226303438422,0.0005872059627581305
777100,2025-07-18,2025,Arizona Diamondbacks,St. Louis Cardinals,2025-07-18T17:00:00+00:00,1,0.0,0,0,0,0,0.5416580212695968,0.5412500642173759,0.5443037974683544,0.21007736946650135,0.21045150358056175,0.20765902900176253,0.0003741341140603982
777101,2025-07-18,2025,Chicago Cubs,Boston Red Sox,2025-07-18T17:00:00+00:00,1,0.0,0,0,0,0,0.5879779495296277,0.5882949051415214,0.5566750629722922,0.16976217007381003,0.16950108513242887,0.1965369997906211,-0.00026108494138116223
777102,2025-07-18,2025,Colorado Rockies,Minnesota Twins,2025-07-18T17:00:00+00:00,1,0.0,0,0,0,0,0.4384957595164508,0.4364957642670779,0.3995098039215686,0.31528701208100746,0.3175370236889446,0.3605884755863131,0.0022500116079371413
777103,2025-07-18,2025,Los Angeles Dodgers,Milwaukee Brewers,2025-07-18T17:00:00+00:00,0,0.0,0,0,0,0,0.5477174405397572,0.5474051102518412,0.6327014218009479,0.2999943946714225,0.2996523547298305,0.400311089148941,-0.00034203994159204276
777107,2025-07-18,2025,Pittsburgh Pirates,Chicago White Sox,2025-07-18T17:00:00+00:00,0,0.0,0,0,0,0,0.5654455946670366,0.5654120834991904,0.5935960591133005,0.31972872052835866,0.3196908241668954,0.35235628139484093,-3.7896361463229944e-05
777108,2025-07-18,2025,Toronto Blue Jays,San Francisco Giants,2025-07-18T17:00:00+00:00,1,0.0,0,0,0,0,0.5163970552800727,0.5155903284314771,0.5806451612903225,0.23387180814178501,0.2346527299091242,0.17585848074921961,0.0007809217673391822
777110,2025-07-18,2025,Tampa Bay Rays,Baltimore Orioles,2025-07-18T17:00:00+00:00,1,0.0,0,0,0,0,0.6079453480766145,0.6085669255821512,0.5355329949238579,0.15370685009476698,0.15321985174820915,0.21572959880440104,-0.0004869983465578265
777111,2025-07-18,2025,New York Mets,Cincinnati Reds,2025-07-18T17:00:00+00:00,0,0.0,0,0,0,0,0.583685636795495,0.583936292846794,0.5760598503740648,0.3406889226013625,0.3409815941036568,0.33184495121298996,0.00029267150229428385
777112,2025-07-18,2025,Washington Nationals,San Diego Padres,2025-07-18T17:00:00+00:00,0,0.0,0,0,0,0,0.46599133672646753,0.46440172822482984,0.4335839598997493,0.21714792590412005,0.21566896517820872,0.1879950502823474,-0.0014789607259113324
777080,2025-07-19,2025,Colorado Rockies,Minnesota Twins,2025-07-19T17:00:00+00:00,1,-0.03,54,57,1,1,0.440927919991146,0.4386674794022687,0.36170212765957444,0.31256159064542643,0.31509419868060246,0.40742417383431423,0.0025326080351760205
777081,2025-07-19,2025,Arizona Diamondbacks,St. Louis Cardinals,2025-07-19T17:00:00+00:00,1,-0.01,41,42,1,1,0.5429221465921051,0.5424346788360264,0.47328244274809167,0.20892016407596903,0.20936602313189034,0.2774313851174173,0.00044585905592131603
777085,2025-07-19,2025,Los Angeles Dodgers,Milwaukee Brewers,2025-07-19T17:00:00+00:00,0,0.31,61,30,1,1,0.5439384889607285,0.5466471867768364,0.5603015075376885,0.29586907977288057,0.2988231468110295,0.3139377793490064,0.002954067038148933
777086,2025-07-19,2025,Seattle Mariners,Houston Astros,2025-07-19T17:00:00+00:00,1,-0.13,36,49,1,1,0.5329516481266101,0.5311089444707993,0.5541561712846348,0.21813416298764982,0.21985882195528803,0.1987767196035759,0.0017246589676382096
777088,2025-07-19,2025,Texas Rangers,Detroit Tigers,2025-07-19T17:00:00+00:00,1,-0.04,41,45,1,1,0.49803932963861025,0.49654365260762423,0.5216284987277354,0.25196451458965574,0.25346829372967256,0.22883929322948024,0.0015037791400168143
777089,2025-07-19,2025,Philadelphia Phillies,Los Angeles Angels,2025-07-19T17:00:00+00:00,1,-0.4,78,118,1,1,0.6323000935758935,0.6295515372024685,0.5516372795969774,0.1352032211842967,0.1372320635890541,0.20102912904719902,0.002028842404757397
777090,2025-07-19,2025,Pittsburgh Pirates,Chicago White Sox,2025-07-19T17:00:00+00:00,0,0.74,102,28,1,1,0.5554114360672558,0.5625315779182082,0.5505050505050506,0.30848186331429145,0.3164417761551491,0.30305581063156833,0.007959912840857675
777091,2025-07-19,2025,Washington Nationals,San Diego Padres,2025-07-19T17:00:00+00:00,1,0.37,90,53,1,1,0.46193857551118145,0.4639733252765142,0.4239401496259351,0.2895100965229366,0.28732459601511773,0.33184495121298996,-0.0021855005078188494
777092,2025-07-19,2025,New York Mets,Cincinnati Reds,2025-07-19T17:00:00+00:00,0,0.68,112,44,1,1,0.5757385285149653,0.5825078504312593,0.6168674698795181,0.33147485321657755,0.33931539581404635,0.3805254753955582,0.007840542597468803
777093,2025-07-19,2025,Miami Marlins,Kansas City Royals,2025-07-19T17:00:00+00:00,1,0.09,62,53,1,1,0.4760708496504717,0.4755347714409713,0.4619289340101523,0.2745017545859786,0.2750637759674743,0.2895204720554511,0.000562021381495692
777094,2025-07-19,2025,Toronto Blue Jays,San Francisco Giants,2025-07-19T17:00:00+00:00,1,-0.17,41,58,1,1,0.5224865011065672,0.5200755185609661,0.4707379134860051,0.2280191416254484,0.23032750788452558,0.2801183562211475,0.0023083662590771825
777095,2025-07-19,2025,Tampa Bay Rays,Baltimore Orioles,2025-07-19T17:00:00+00:00,1,-0.16,41,57,1,1,0.6169932792127016,0.616235131100431,0.5417721518987342,0.14669414816823953,0.14727547460150334,0.20997276077551674,0.0005813264332638068
777096,2025-07-19,2025,Chicago Cubs,Boston Red Sox,2025-07-19T17:00:00+00:00,1,0.05,47,42,1,1,0.5904245738845668,0.5912635611258887,0.571072319201995,0.16775202967763866,0.1670654764634901,0.18397895535475528,-0.0006865532141485664
777097,2025-07-19,2025,Atlanta Braves,New York Yankees,2025-07-19T17:00:00+00:00,0,-0.48,62,110,1,1,0.49962880921768044,0.4937498552912865,0.45569620253164556,0.24962894700027732,0.24378891960016638,0.20765902900176253,-0.005840027400110942
777067,2025-07-20,2025,Seattle Mariners,Houston Astros,2025-07-20T17:00:00+00:00,0,-0.25,151,176,2,2,0.5352528203688146,0.5322501583965411,0.5566750629722922,0.2864955817127705,0.2832902311131431,0.3098871257352055,-0.003205350599627399
777070,2025-07-20,2025,Los Angeles Dodgers,Milwaukee Brewers,2025-07-20T17:00:00+00:00,0,0.92,168,76,2,2,0.5463980115233907,0.555187735837292,0.5945945945945945,0.29855078699671544,0.30823342202413867,0.3535427319211102,0.009682635027423225
777071,2025-07-20,2025,Arizona Diamondbacks,St. Louis Cardinals,2025-07-20T17:00:00+00:00,1,-0.04,85,89,2,2,0.550838163523321,0.550178337721788,0.5806451612903225,0.2017463553471029,0.20233952785473378,0.17585848074921961,0.0005931725076308847
777072,2025-07-20,2025,Colorado Rockies,Minnesota Twins,2025-07-20T17:00:00+00:00,0,-0.05,110,115,2,2,0.4408349068713259,0.4383757657495216,0.32142857142857145,0.1943354151162506,0.1921733119964794,0.10331632653061226,-0.0021621031197711915
777073,2025-07-20,2025,Texas Rangers,Detroit Tigers,2025-07-20T17:00:00+00:00,0,-0.1,88,98,2,2,0.5017550250127487,0.49971631334622085,0.37649880095923266,0.2517581051255441,0.24971639382433838,0.14175134712373988,-0.002041711301205701
777074,2025-07-20,2025,Pittsburgh Pirates,Chicago White Sox,2025-07-20T17:00:00+00:00,0,0.92,180,88,2,2,0.5476127727248984,0.5564170056946195,0.5639097744360902,0.29987974885145124,0.30959988422616624,0.3179942337045622,0.009720135374715
777075,2025-07-20,2025,Chicago Cubs,Boston Red Sox,2025-07-20T17:00:00+00:00,0,0.04,82,78,2,2,0.5945067074003436,0.595310260015634,0.43969849246231163,0.35343822514399775,0.3543943056798818,0.19333476427362953,0.0009560805358840296
777077,2025-07-20,2025,Washington Nationals,San Diego Padres,2025-07-20T17:00:00+00:00,0,0.33,131,98,2,2,0.4656778692868273,0.46737427727276776,0.46446700507614214,0.21685587794351943,0.218438715056242,0.21572959880440104,0.0015828371127225571
777078,2025-07-20,2025,Philadelphia Phillies,Los Angeles Angels,2025-07-20T17:00:00+00:00,0,-0.37,153,190,2,2,0.6306889184282192,0.6281909499695052,0.5945945945945945,0.39776851182815687,0.39462386962358936,0.3535427319211102,-0.003144642204567505
777082,2025-07-20,2025,Miami Marlins,Kansas City Royals,2025-07-20T17:00:00+00:00,0,0.08,101,93,2,2,0.47796097557943723,0.4773543053595128,0.4809160305343511,0.2284466941768474,0.22786713284526297,0.23128022842491694,-0.0005795613315844328
777083,2025-07-20,2025,Atlanta Braves,New York Yankees,2025-07-20T17:00:00+00:00,0,-0.37,182,219,2,2,0.4939447960879951,0.4890801027904633,0.5417721518987342,0.24398146158241105,0.23919934694553016,0.2935170645729851,-0.004782114636880885
777087,2025-07-20,2025,New York Mets,Cincinnati Reds,2025-07-20T17:00:00+00:00,1,0.34,160,126,2,2,0.5710987059224509,0.5744878793312103,0.5566750629722922,0.18395632006139623,0.18106056483605068,0.1965369997906211,-0.0028957552253455476
777050,2025-07-21,2025,Seattle Mariners,Milwaukee Brewers,2025-07-21T17:00:00+00:00,0,0.84,213,129,3,3,0.5192689867334319,0.526906070891648,0.5139949109414759,0.2696402805831651,0.27763000754247436,0.2641907684737357,0.007989726959309273
777051,2025-07-21,2025,Los Angeles Dodgers,Minnesota Twins,2025-07-21T17:00:00+00:00,1,1.26,265,139,3,3,0.6259104894693479,0.6385340985338697,0.5980392156862746,0.13994296188906286,0.13065759792272225,0.16157247212610526,-0.00928536396634061
777053,2025-07-21,2025,Colorado Rockies,St. Louis Cardinals,2025-07-21T17:00:00+00:00,0,0.38,186,148,3,3,0.41393434753924246,0.4152765094426882,0.4108910891089109,0.17134164407273836,0.1724545792949031,0.16883148710910698,0.0011129352221647404
777055,2025-07-21,2025,Arizona Diamondbacks,Houston Astros,2025-07-21T17:00:00+00:00,0,-1.27,123,250,3,3,0.5108775313366721,0.4972609295181757,0.5566750629722922,0.2609958520246524,0.2472684320252801,0.3098871257352055,-0.013727419999372326
777059,2025-07-21,2025,Tampa Bay Rays,Chicago White Sox,2025-07-21T17:00:00+00:00,0,0.22,159,137,3,3,0.6327258491067084,0.6357584078737435,0.6748878923766817,0.4003420001278051,0.4041887531821572,0.45547366727663946,0.0038467530543521145
777060,2025-07-21,2025,Pittsburgh Pirates,Detroit Tigers,2025-07-21T17:00:00+00:00,1,1.2,243,123,3,3,0.4272674490331246,0.43689836709405566,0.5406091370558376,0.32802257493702464,0.31708344898134094,0.21103996495658223,-0.010939125955683693
777061,2025-07-21,2025,New York Mets,Los Angeles Angels,2025-07-21T17:00:00+00:00,1,0.11,223,212,3,3,0.6331341476245241,0.6351506644608407,0.6285714285714284,0.13459055363918446,0.13311503764336607,0.1379591836734695,-0.0014755159958183828
777062,2025-07-21,2025,Miami Marlins,San Diego Padres,2025-07-21T17:00:00+00:00,0,0.19,172,153,3,3,0.47019095404734085,0.47056193568632876,0.5577889447236182,0.2210795332679486,0.2214285353168646,0.31112850685588755,0.0003490020489159973
777063,2025-07-21,2025,Philadelphia Phillies,Boston Red Sox,2025-07-21T17:00:00+00:00,1,1.2,235,115,3,3,0.5339255692088645,0.5453433612643122,0.6659090909090909,0.21722537503728098,0.20671265914643377,0.11161673553719009,-0.010512715890847207
777064,2025-07-21,2025,Washington Nationals,Cincinnati Reds,2025-07-21T17:00:00+00:00,1,0.73,241,168,3,3,0.4642059709038347,0.4698697508932267,0.46954314720812185,0.2870752416151025,0.28103808101800953,0.2813844726738643,-0.006037160597092972
777065,2025-07-21,2025,Chicago Cubs,Kansas City Royals,2025-07-21T17:00:00+00:00,0,-0.23,144,167,3,3,0.6166865508872781,0.6152595107039159,0.5664160401002506,0.3803023020452474,0.37854426551162207,0.32082713048284867,-0.001758036533625329
777066,2025-07-21,2025,Toronto Blue Jays,New York Yankees,2025-07-21T17:00:00+00:00,1,-1.08,148,256,3,3,0.4877174271188421,0.47565697727567086,0.48346055979643765,0.2624334344777389,0.2749356054796863,0.26681299328580954,0.012502171001947393
777068,2025-07-21,2025,Cleveland Guardians,Baltimore Orioles,2025-07-21T17:00:00+00:00,1,-0.39,113,152,3,3,0.5585214229018689,0.55452158895278,0.5566750629722922,0.1949033340365905,0.19845101470915588,0.1965369997906211,0.0035476806725653898
777069,2025-07-21,2025,Atlanta Braves,San Francisco Giants,2025-07-21T17:00:00+00:00,1,0.85,225,140,3,3,0.5347302135437609,0.5426785747898415,0.530456852791878,0.2164759741890343,0.2091428859562506,0.2204707670901081,-0.007333088232783697
777035,2025-07-22,2025,Seattle Mariners,Milwaukee Brewers,2025-07-22T17:00:00+00:00,1,0.72,225,153,3,3,0.5171096307988896,0.5235163630530792,0.5355329949238579,0.2331831086671847,0.227036656278165,0.21572959880440104,-0.006146452389019702
777039,2025-07-22,2025,Los Angeles Dodgers,Minnesota Twins,2025-07-22T17:00:00+00:00,0,2.18,335,117,3,3,0.624299168813904,0.6454033557915051,0.6613272311212814,0.3897494521817314,0.4165454916669361,0.4373537066225408,0.026796039485204703
777040,2025-07-22,2025,Arizona Diamondbacks,Houston Astros,2025-07-22T17:00:00+00:00,0,-1.23,133,256,3,3,0.5099083422711592,0.496676934501563,0.4783715012722647,0.26000651751772164,0.24668797726586994,0.22883929322948032,-0.013318540251851696
777042,2025-07-22,2025,Washington Nationals,Cincinnati Reds,2025-07-22T17:00:00+00:00,1,-0.16,240,256,3,3,0.46357983532215147,0.4603602351588259,0.43609022556390975,0.2877465930730102,0.2912110757978377,0.3179942337045622,0.0034644827248275223
777044,2025-07-22,2025,Pittsburgh Pirates,Detroit Tigers,2025-07-22T17:00:00+00:00,1,0.43,184,141,3,3,0.4281007676137625,0.4301692142270174,0.4520202020202021,0.3270687320039677,0.3247071244146547,0.30028185899398013,-0.002361607589312975
777045,2025-07-22,2025,Philadelphia Phillies,Boston Red Sox,2025-07-22T17:00:00+00:00,1,0.96,215,119,3,3,0.5338692061336785,0.5429004288635793,0.64,0.2172779169904471,0.20894001793309977,0.1296,-0.008337899057347331
777046,2025-07-22,2025,Toronto Blue Jays,New York Yankees,2025-07-22T17:00:00+00:00,0,-0.52,141,193,3,3,0.4905204158266702,0.4841020246080433,0.5367088607594936,0.24061027834276946,0.23435477022960657,0.28805640121775355,-0.006255508113162889
777047,2025-07-22,2025,Chicago Cubs,Kansas City Royals,2025-07-22T17:00:00+00:00,1,0.63,224,161,3,3,0.608062801141515,0.6146831997378907,0.6792873051224944,0.1536147678490356,0.14846903656423027,0.10285663265559203,-0.005145731284805333
777048,2025-07-22,2025,Tampa Bay Rays,Chicago White Sox,2025-07-22T17:00:00+00:00,1,0.12,194,182,3,3,0.6250849247796595,0.6270870887290765,0.6704288939051919,0.1405613136274736,0.13906403939255568,0.10861711397255526,-0.0014972742349179113
777049,2025-07-22,2025,Colorado Rockies,St. Louis Cardinals,2025-07-22T17:00:00+00:00,1,0.6,189,129,3,3,0.40758782995840526,0.4109572063931689,0.40987654320987654,0.3509521792133914,0.3469714127001398,0.3482456942539247,-0.003980766513251577
777052,2025-07-22,2025,Miami Marlins,San Diego Padres,2025-07-22T17:00:00+00:00,1,0.08,155,147,3,3,0.4673649690096184,0.4665941241809868,0.5417721518987342,0.2837000762381247,0.2845218283582486,0.20997276077551674,0.0008217521201238642
777054,2025-07-22,2025,New York Mets,Los Angeles Angels,2025-07-22T17:00:00+00:00,1,0.56,194,138,3,3,0.6321071253314084,0.6382840369246987,0.6039119804400979,0.13534516723192,0.13083843794349273,0.15688571923888542,-0.004506729288427269
777056,2025-07-22,2025,Cleveland Guardians,Baltimore Orioles,2025-07-22T17:00:00+00:00,1,-0.55,123,178,3,3,0.559669545104152,0.554106095070925,0.5876543209876544,0.19389090950878443,0.19882137445289896,0.17002895900015239,0.004930464944114532
777058,2025-07-22,2025,Atlanta Braves,San Francisco Giants,2025-07-22T17:00:00+00:00,0,-0.24,221,245,3,3,0.5361204483322741,0.533231841361085,0.5190839694656489,0.2874251351199986,0.28433619664133336,0.26944816735621474,-0.0030889384786652596
777022,2025-07-23,2025,Los Angeles Dodgers,Minnesota Twins,2025-07-23T17:00:00+00:00,1,1.68,320,152,3,3,0.6223960756423328,0.6389070710744809,0.6535796766743649,0.14258472369031086,0.13038810332001002,0.12000704041303757,-0.012196620370300837
777024,2025-07-23,2025,Seattle Mariners,Milwaukee Brewers,2025-07-23T17:00:00+00:00,0,-0.03,165,168,3,3,0.5179113715276251,0.5168282802465908,0.547979797979798,0.2682321887576257,0.26711147126264856,0.30028185899398024,-0.0011207174949771637
777027,2025-07-23,2025,Toronto Blue Jays,New York Yankees,2025-07-23T17:00:00+00:00,1,-0.1,146,156,3,3,0.4889195521109694,0.4866812586264857,0.43859649122807015,0.26120322421445213,0.26349613024528884,0.3151738996614343,0.0022929060308367055
777028,2025-07-23,2025,Colorado Rockies,St. Louis Cardinals,2025-07-23T17:00:00+00:00,1,0.26,192,166,3,3,0.41156568569309504,0.41170320495725204,0.37980769230769235,0.3462549422538374,0.34609311905756907,0.3846384985207101,-0.0001618231962683403
777030,2025-07-23,2025,Tampa Bay Rays,Chicago White Sox,2025-07-23T17:00:00+00:00,0,0.3,195,165,3,3,0.6255604002437248,0.6292534578929647,0.6566820276497696,0.3913258143530892,0.3959599142702531,0.4312312854382127,0.004634099917163903
777031,2025-07-23,2025,Chicago Cubs,Kansas City Royals,2025-07-23T17:00:00+00:00,0,0.29,208,179,3,3,0.6100665096734653,0.6134795239222948,0.6116504854368933,0.37218114622516435,0.3763571262719254,0.37411631633518716,0.004175980046761063
777032,2025-07-23,2025,Arizona Diamondbacks,Houston Astros,2025-07-23T17:00:00+00:00,0,-0.09,144,153,3,3,0.5046110473340651,0.5027173245362814,0.530456852791878,0.25463230909158213,0.25272470838891686,0.2813844726738642,-0.0019076007026652686
777034,2025-07-23,2025,New York Mets,Los Angeles Angels,2025-07-23T17:00:00+00:00,1,0.77,204,127,3,3,0.6313203886727853,0.639433374315592,0.6116504854368933,0.1359246558083861,0.13000829155743998,0.15081534546140066,-0.005916364250946132
777036,2025-07-23,2025,Cleveland Guardians,Baltimore Orioles,2025-07-23T17:00:00+00:00,1,-0.81,132,213,3,3,0.5612435321346112,0.5531347536137281,0.5392405063291139,0.19250723809371195,0.1996885484278635,0.21229931100785132,0.007181310334151536
777038,2025-07-23,2025,Philadelphia Phillies,Boston Red Sox,2025-07-23T17:00:00+00:00,0,-0.21,140,161,3,3,0.5424335091871348,0.5399479161161019,0.5639097744360902,0.2942341118890695,0.29154375211812106,0.3179942337045622,-0.0026903597709484472
777018,2025-07-24,2025,Los Angeles Angels,Seattle Mariners,2025-07-24T17:00:00+00:00,0,0.36,217,181,3,3,0.44093431743916056,0.44252627716937215,0.5841584158415841,0.1944230722955384,0.19582950598538398,0.3412410547985491,0.001406433689845582
777019,2025-07-24,2025,Cleveland Guardians,Baltimore Orioles,2025-07-24T17:00:00+00:00,0,-0.59,140,199,3,3,0.5622517971089694,0.5563399840370826,0.5216284987277354,0.31612708335226575,0.30951417783838137,0.27209629068495106,-0.006612905513884382
777021,2025-07-24,2025,Detroit Tigers,Toronto Blue Jays,2025-07-24T17:00:00+00:00,0,0.91,186,95,3,3,0.5472951380954564,0.5559966558089463,0.5380710659898477,0.29953196818292466,0.3091322812707319,0.289520472055451,0.009600313087807233
777023,2025-07-24,2025,St. Louis Cardinals,San Diego Padres,2025-07-24T17:00:00+00:00,1,0.43,163,120,3,3,0.5248063171786607,0.5284285327424544,0.5841584158415841,0.22580903619330764,0.22237964873143443,0.1729242231153809,-0.0034293874618732123
777004,2025-07-25,2025,San Francisco Giants,New York Mets,2025-07-25T17:00:00+00:00,0,-0.15,135,150,2,2,0.5359787831453938,0.5339855114744972,0.5603015075376885,0.2872732559820171,0.2851405264646804,0.3139377793490064,-0.0021327295173366734
777005,2025-07-25,2025,St. Louis Cardinals,San Diego Padres,2025-07-25T17:00:00+00:00,1,0.48,199,151,3,3,0.5281313175920813,0.5323016754723171,0.46329113924050636,0.22266005343738524,0.2187417227660018,0.28805640121775355,-0.0039183306713834465
777006,2025-07-25,2025,Los Angeles Angels,Seattle Mariners,2025-07-25T17:00:00+00:00,1,0.29,230,201,3,3,0.4404710646107446,0.4413636098187421,0.4593908629441624,0.31307262953783355,0.3120746164347466,0.2922582390682574,-0.0009980131030869477
777008,2025-07-25,2025,Milwaukee Brewers,Miami Marlins,2025-07-25T17:00:00+00:00,0,0.1,95,85,2,2,0.6319705184711291,0.6338785485692293,0.6582568807339451,0.3993867362166677,0.4018020143362328,0.4333021210335832,0.0024152781195651007
777009,2025-07-25,2025,Texas Rangers,Atlanta Braves,2025-07-25T17:00:00+00:00,1,-0.52,88,140,2,2,0.529073726368305,0.5232710344348787,0.5806451612903225,0.2217715551966341,0.22727050660879064,0.17585848074921961,0.005498951412156533
777011,2025-07-25,2025,Minnesota Twins,Washington Nationals,2025-07-25T17:00:00+00:00,1,0.45,162,117,2,2,0.5715976052708364,0.5760705188528513,0.6039119804400979,0.18352861180968214,0.1797162049856907,0.15688571923888542,-0.003812406823991449
777012,2025-07-25,2025,Boston Red Sox,Los Angeles Dodgers,2025-07-25T17:00:00+00:00,0,0.35,172,137,2,2,0.4945408880639399,0.4968977083756687,0.4809160305343511,0.24457068996707035,0.2469073325889911,0.23128022842491694,0.0023366426219207648
777013,2025-07-25,2025,Cincinnati Reds,Tampa Bay Rays,2025-07-25T17:00:00+00:00,1,-1.42,29,171,2,2,0.5000772792649374,0.48479169350276796,0.5025510204081632,0.2499227267071474,0.2654395990837458,0.24745548729695963,0.015516872376598406
777014,2025-07-25,2025,Pittsburgh Pirates,Arizona Diamondbacks,2025-07-25T17:00:00+00:00,0,-0.22,103,125,2,2,0.46703528158177227,0.46326853226914694,0.49744897959183665,0.21812195424216532,0.21461773299080963,0.24745548729695951,-0.003504221251355688
777015,2025-07-25,2025,New York Yankees,Philadelphia Phillies,2025-07-25T17:00:00+00:00,0,-0.06,100,106,2,2,0.567358213049399,0.566764318357091,0.5866336633663367,0.3218953419146073,0.32122179256277794,0.34413905499460845,-0.000673549351829339
777016,2025-07-25,2025,Detroit Tigers,Toronto Blue Jays,2025-07-25T17:00:00+00:00,0,1.13,194,81,3,3,0.542078595191455,0.5528971812802164,0.5153061224489797,0.2938492033647413,0.30569529306760845,0.26554039983340283,0.011846089702867157
777017,2025-07-25,2025,Chicago White Sox,Chicago Cubs,2025-07-25T17:00:00+00:00,1,0.42,130,88,2,2,0.3898249957779998,0.39114900259876617,0.3840579710144928,0.37231353577731796,0.37069953703647723,0.3793845830707834,-0.0016139987408407275
777020,2025-07-25,2025,Baltimore Orioles,Colorado Rockies,2025-07-25T17:00:00+00:00,0,0.56,155,99,3,2,0.6642808510614645,0.6648064404124229,0.6448598130841121,0.4412690490869436,0.4419676032138364,0.415844178530876,0.000698554126892792
776985,2025-07-26,2025,San Francisco Giants,New York Mets,2025-07-26T17:00:00+00:00,0,-0.06,142,148,2,2,0.5289121609598195,0.5277036268614536,0.5089058524173028,0.279748074011186,0.2784711178027322,0.2589851666245816,-0.0012769562084538055
776990,2025-07-26,2025,Kansas City Royals,Cleveland Guardians,2025-07-26T17:00:00+00:00,0,-0.55,38,93,1,2,0.4937086147718215,0.49366249618060054,0.5153846153846154,0.24374819629991082,0.24370266013526146,0.265621301775148,-4.553616464936239e-05
776992,2025-07-26,2025,St. Louis Cardinals,San Diego Padres,2025-07-26T17:00:00+00:00,0,0.36,157,121,3,3,0.5319585015731454,0.534988335756544,0.5760598503740648,0.2829798473959461,0.2862125193955567,0.33184495121298996,0.0032326719996105813
776993,2025-07-26,2025,Texas Rangers,Atlanta Braves,2025-07-26T17:00:00+00:00,1,-0.35,108,143,2,2,0.531451083324768,0.527387125683606,0.5089058524173028,0.21953808731753352,0.2233629289696036,0.24117346178997598,0.003824841652070088
776994,2025-07-26,2025,Chicago White Sox,Chicago Cubs,2025-07-26T17:00:00+00:00,0,-0.39,130,169,2,2,0.3978681870378167,0.3915676294484202,0.3681710213776722,0.1582990942567591,0.15332520843185532,0.13554990098227837,-0.004973885824903768
776995,2025-07-26,2025,Los Angeles Angels,Seattle Mariners,2025-07-26T17:00:00+00:00,0,0.18,225,207,3,3,0.44345379162343956,0.44330610540384935,0.4531645569620253,0.19665126530520496,0.1965203030883288,0.20535811568658865,-0.00013096221687616816
776996,2025-07-26,2025,Milwaukee Brewers,Miami Marlins,2025-07-26T17:00:00+00:00,0,0.01,106,105,2,2,0.6278197272375297,0.6288302234327005,0.5945945945945945,0.39415760990860615,0.39542744990241996,0.3535427319211102,0.0012698399938138039
776997,2025-07-26,2025,Minnesota Twins,Washington Nationals,2025-07-26T17:00:00+00:00,0,0.13,111,98,2,2,0.5759548843649182,0.5773573613277104,0.6836283185840709,0.33172402882380625,0.3333415226792964,0.467347677970084,0.0016174938554901486
776998,2025-07-26,2025,Boston Red Sox,Los Angeles Dodgers,2025-07-26T17:00:00+00:00,1,0.55,160,105,2,2,0.4898205448077824,0.4941063471294164,0.5603015075376885,0.26028307650022803,0.25592838801474244,0.19333476427362942,-0.004354688485485592
776999,2025-07-26,2025,Baltimore Orioles,Colorado Rockies,2025-07-26T17:00:00+00:00,1,0.4,125,85,3,2,0.5984565943976785,0.6027788379743126,0.7002141327623127,0.16123710658271048,0.15778465156103738,0.08987156619545228,-0.003452455021673101
777000,2025-07-26,2025,Cincinnati Reds,Tampa Bay Rays,2025-07-26T17:00:00+00:00,1,-1.08,62,170,2,2,0.5046718414502356,0.4928606111929899,0.5380710659898477,0.24534998465230057,0.2571903596795478,0.21337834007575568,0.011840375027247219
777001,2025-07-26,2025,New York Yankees,Philadelphia Phillies,2025-07-26T17:00:00+00:00,0,-0.55,104,159,2,2,0.5609871142631991,0.5554477559057874,0.4483627204030227,0.31470654236935164,0.3085222095407752,0.20102912904719913,-0.006184332828576444
777002,2025-07-26,2025,Pittsburgh Pirates,Arizona Diamondbacks,2025-07-26T17:00:00+00:00,1,-0.15,111,126,2,2,0.46696925174751047,0.4638991543284281,0.44584382871536526,0.28412177858260884,0.28740411672977456,0.3070890621728455,0.00328233814716572
777003,2025-07-26,2025,Detroit Tigers,Toronto Blue Jays,2025-07-26T17:00:00+00:00,0,1.14,193,79,3,3,0.5411157264768142,0.5520223562617566,0.5935960591133005,0.29280622944053036,0.3047286818127817,0.35235628139484093,0.011922452372251313
777010,2025-07-26,2025,Kansas City Royals,Cleveland Guardians,2025-07-26T17:00:00+00:00,1,-0.55,38,93,1,2,0.4937086147718215,0.49366249618060054,0.5516372795969774,0.2563309667562679,0.25637766777406035,0.20102912904719902,4.6701017792472044e-05
776974,2025-07-27,2025,San Francisco Giants,New York Mets,2025-07-27T17:00:00+00:00,0,0.42,134,92,2,2,0.5280228619710645,0.5315929293864936,0.47715736040609136,0.27880814276411386,0.2825910425737136,0.22767914658970856,0.003782899809599727
776975,2025-07-27,2025,Kansas City Royals,Cleveland Guardians,2025-07-27T17:00:00+00:00,1,0.51,187,136,2,3,0.5590299567675052,0.5639284087053802,0.547979797979798,0.19445457902846833,0.19015843273422195,0.20432226303438422,-0.004296146294246378
776977,2025-07-27,2025,Los Angeles Angels,Seattle Mariners,2025-07-27T17:00:00+00:00,1,0.37,192,155,3,3,0.43965929859238967,0.4413291341371975,0.39512195121951227,0.31398170165397266,0.31211313636389354,0.36587745389649,-0.001868565290079116
776978,2025-07-27,2025,Milwaukee Brewers,Miami Marlins,2025-07-27T17:00:00+00:00,1,0.22,139,117,2,2,0.6244499121621445,0.6273808863965025,0.5866336633663367,0.14103786847502098,0.1388450038226562,0.17087172826193503,-0.00219286465236479
776979,2025-07-27,2025,Minnesota Twins,Washington Nationals,2025-07-27T17:00:00+00:00,0,0.06,108,102,2,2,0.5700787184699032,0.5707069385249284,0.608272506082725,0.3249897452522872,0.32570640968049636,0.3699954416561587,0.0007166644282091683
776980,2025-07-27,2025,St. Louis Cardinals,San Diego Padres,2025-07-27T17:00:00+00:00,0,0.04,160,156,3,3,0.5291659978886117,0.5289601776625505,0.5355329949238579,0.28001665332145026,0.27979886955279704,0.2867955886521168,-0.00021778376865322358
776981,2025-07-27,2025,Texas Rangers,Atlanta Braves,2025-07-27T17:00:00+00:00,1,0.25,161,136,2,2,0.5376281123435693,0.5396465257932546,0.5367088607594936,0.21378776249497095,0.21192532121422064,0.21463867969876624,-0.0018624412807503044
776982,2025-07-27,2025,Cincinnati Reds,Tampa Bay Rays,2025-07-27T17:00:00+00:00,1,-0.02,119,121,2,2,0.5080073964319182,0.5068683276687015,0.5076530612244898,0.24205672196569972,0.24317884625626315,0.24240550812161596,0.0011221242905634365
776983,2025-07-27,2025,Boston Red Sox,Los Angeles Dodgers,2025-07-27T17:00:00+00:00,1,-0.1,106,116,2,2,0.4924468232521339,0.4902630726068083,0.49744897959183665,0.25761022722685056,0.25983173514825203,0.25255752811328624,0.0022215079214014666
776984,2025-07-27,2025,Pittsburgh Pirates,Arizona Diamondbacks,2025-07-27T17:00:00+00:00,1,0.53,134,81,2,2,0.46846237934925283,0.472200802676111,0.5577889447236182,0.2825322421670576,0.27857199269574157,0.19555061740865123,-0.003960249471316013
776986,2025-07-27,2025,Baltimore Orioles,Colorado Rockies,2025-07-27T17:00:00+00:00,1,-0.34,107,141,3,2,0.6117733888246608,0.6092134140056691,0.6519721577726217,0.15071990162468799,0.1527141557931046,0.1211233789654449,0.001994254168416615
776987,2025-07-27,2025,Detroit Tigers,Toronto Blue Jays,2025-07-27T17:00:00+00:00,1,0.93,196,103,3,3,0.5388426669095677,0.5476388428174099,0.5127551020408163,0.2126660858630799,0.20463061652757195,0.23740759058725533,-0.008035469335507944
776988,2025-07-27,2025,New York Yankees,Philadelphia Phillies,2025-07-27T17:00:00+00:00,1,0.58,175,117,2,2,0.5575161285129552,0.563084888219336,0.4531645569620253,0.1957919765261636,0.1908948149023101,0.2990290017625381,-0.00489716162385348
776989,2025-07-27,2025,Chicago White Sox,Chicago Cubs,2025-07-27T17:00:00+00:00,0,0.05,135,130,2,2,0.3915954015526696,0.38941782262652613,0.39608801955990225,0.15334695851719654,0.15164624057918458,0.1568857192388855,-0.0017007179380119641
776958,2025-07-28,2025,Los Angeles Angels,Texas Rangers,2025-07-28T17:00:00+00:00,1,-0.2,182,202,3,3,0.43975435318086015,0.43580097478832125,0.3568075117370892,0.3138751847797965,0.31832054004980853,0.41369657695783457,0.0044453552700120524
776959,2025-07-28,2025,San Diego Padres,New York Mets,2025-07-28T17:00:00+00:00,1,-0.5,127,177,3,3,0.4954104867903442,0.48926632303477063,0.5417721518987342,0.25461057684115745,0.2608488887864232,0.20997276077551674,0.006238311945265751
776960,2025-07-28,2025,St. Louis Cardinals,Miami Marlins,2025-07-28T17:00:00+00:00,1,-0.06,173,179,3,3,0.5749626471353466,0.5744901453952093,0.5089058524173028,0.18065675133019188,0.18105863636579014,0.24117346178997598,0.00040188503559826505
776961,2025-07-28,2025,Minnesota Twins,Boston Red Sox,2025-07-28T17:00:00+00:00,1,0.66,248,182,3,3,0.4752138725343213,0.48036378869319685,0.49489795918367346,0.2754004795804235,0.27002179210128857,0.25512807163681794,-0.005378687479134947
776964,2025-07-28,2025,San Francisco Giants,Pittsburgh Pirates,2025-07-28T17:00:00+00:00,0,0.85,267,182,3,3,0.6116123655691407,0.6203442752588867,0.5443037974683544,0.37406968571708016,0.3848270198464734,0.2962666239384714,0.010757334129393226
776965,2025-07-28,2025,Milwaukee Brewers,Chicago Cubs,2025-07-28T17:00:00+00:00,1,-0.22,177,199,3,3,0.49341174842795316,0.49004108179044603,0.48346055979643765,0.2566316566308234,0.26005809826145854,0.26681299328580954,0.0034264416306351575
776966,2025-07-28,2025,Baltimore Orioles,Toronto Blue Jays,2025-07-28T17:00:00+00:00,1,-0.17,117,134,3,3,0.4601376092059151,0.4567683218922975,0.5051020408163266,0.29145140099390526,0.2951006560997105,0.24492399000416487,0.003649255105805216
776967,2025-07-28,2025,Cincinnati Reds,Los Angeles Dodgers,2025-07-28T17:00:00+00:00,0,-0.21,142,163,3,3,0.47738700864260675,0.4738729475083777,0.4133663366336633,0.2278983560207363,0.2245555703802777,0.17087172826193503,-0.00334278564045859
776968,2025-07-28,2025,Cleveland Guardians,Colorado Rockies,2025-07-28T17:00:00+00:00,0,-0.45,143,188,3,3,0.6332607525269346,0.6300633155185008,0.7088607594936709,0.40101918069097947,0.3969797815621659,0.5024835763499439,-0.00403939912881357
776969,2025-07-28,2025,Houston Astros,Washington Nationals,2025-07-28T17:00:00+00:00,0,1.19,245,126,3,3,0.6217104543761136,0.6336770686879399,0.6948051948051949,0.38652388908055363,0.40154662738094016,0.4827542587282848,0.015022738300386529
776970,2025-07-28,2025,New York Yankees,Tampa Bay Rays,2025-07-28T17:00:00+00:00,0,0.67,225,158,3,3,0.5658721078026024,0.5724296674712123,0.5468354430379747,0.3202112423889601,0.32767572420120267,0.2990290017625381,0.007464481812242574
776971,2025-07-28,2025,Kansas City Royals,Atlanta Braves,2025-07-28T17:00:00+00:00,0,0.09,243,234,3,3,0.5170015632748344,0.5171050860089619,0.39172749391727496,0.26729061642862256,0.26739766997633585,0.1534504294907087,0.00010705354771328723
776972,2025-07-28,2025,Chicago White Sox,Philadelphia Phillies,2025-07-28T17:00:00+00:00,1,1.39,291,152,3,3,0.438016651325819,0.44975363171951577,0.3394495412844037,0.3158252841870461,0.30277106580586227,0.43632690850938477,-0.013054218381183813
776973,2025-07-28,2025,Detroit Tigers,Arizona Diamondbacks,2025-07-28T17:00:00+00:00,1,0.71,192,121,3,3,0.5594462746563443,0.5663198209708546,0.5468354430379747,0.1940875849141732,0.18807849768275156,0.20535811568658865,-0.006009087231421628
776943,2025-07-29,2025,San Francisco Giants,Pittsburgh Pirates,2025-07-29T17:00:00+00:00,0,0.32,250,218,3,3,0.610846253116706,0.6145537543620802,0.6039119804400979,0.3731331449467189,0.37767631700052795,0.36470968011908117,0.0045431720538090525
776945,2025-07-29,2025,Los Angeles Angels,Texas Rangers,2025-07-29T17:00:00+00:00,1,0.18,194,176,3,3,0.44212014544229244,0.44195168629696385,0.5367088607594936,0.3112299321213289,0.31141792042680216,0.21463867969876624,0.0001879883054732856
776946,2025-07-29,2025,St. Louis Cardinals,Miami Marlins,2025-07-29T17:00:00+00:00,0,0.1,170,160,3,3,0.5818586918332778,0.5830556483897716,0.597051597051597,0.3385595372619333,0.33995388911921703,0.3564706095418626,0.0013943518572837599
776947,2025-07-29,2025,San Diego Padres,New York Mets,2025-07-29T17:00:00+00:00,1,-0.46,164,210,3,3,0.496414864398914,0.49068668300538193,0.46329113924050636,0.25359798879836415,0.2594000548680603,0.28805640121775355,0.005802066069696132
776949,2025-07-29,2025,New York Yankees,Tampa Bay Rays,2025-07-29T17:00:00+00:00,1,0.66,219,153,3,3,0.5642085021952334,0.5706479870685962,0.6350710900473934,0.18991422955892184,0.18434315100824833,0.13317310931919768,-0.005571078550673514
776950,2025-07-29,2025,Houston Astros,Washington Nationals,2025-07-29T17:00:00+00:00,1,0.52,181,129,3,3,0.6231435588519028,0.6288686311230782,0.5577889447236182,0.14202077723480927,0.13773849296445778,0.19555061740865123,-0.0042822842703514885
776951,2025-07-29,2025,Cleveland Guardians,Colorado Rockies,2025-07-29T17:00:00+00:00,1,-0.37,198,235,4,3,0.6283786131325263,0.6258379843908091,0.6480186480186481,0.13810245517730455,0.13999721392473244,0.12389087214262037,0.0018947587474278937
776952,2025-07-29,2025,Chicago White Sox,Philadelphia Phillies,2025-07-29T17:00:00+00:00,0,1.74,301,127,3,3,0.44284486817985746,0.45816264795313455,0.3840579710144928,0.19611157727323533,0.2099130119794279,0.147500525099769,0.013801434706192578
776953,2025-07-29,2025,Detroit Tigers,Arizona Diamondbacks,2025-07-29T17:00:00+00:00,1,0.57,149,92,3,3,0.5614053346916174,0.5669254054394626,0.5614035087719298,0.19236528043697218,0.18755360445377386,0.19236688211757466,-0.004811675983198316
776954,2025-07-29,2025,Minnesota Twins,Boston Red Sox,2025-07-29T17:00:00+00:00,0,0.68,278,210,3,3,0.4740279566238604,0.4793582183761734,0.4707379134860051,0.22470250366099245,0.22978430152477913,0.2215941831931576,0.00508179786378668
776955,2025-07-29,2025,Kansas City Royals,Atlanta Braves,2025-07-29T17:00:00+00:00,1,1.06,342,236,4,3,0.5190779196920827,0.5289096804178862,0.5443037974683544,0.23128604732769484,0.2219260892039781,0.20765902900176253,-0.009359958123716733
776956,2025-07-29,2025,Milwaukee Brewers,Chicago Cubs,2025-07-29T17:00:00+00:00,1,0.47,182,135,3,3,0.49963806590661886,0.503277093900164,0.5367088607594936,0.2503620650896691,0.24673364544426654,0.21463867969876624,-0.003628419645402531
776963,2025-07-29,2025,Cincinnati Reds,Los Angeles Dodgers,2025-07-29T17:00:00+00:00,0,0.03,150,147,3,3,0.4713377565830828,0.47012914363053854,0.4133663366336633,0.2221592807807734,0.22102141169078354,0.17087172826193503,-0.0011378690899898625
776929,2025-07-30,2025,Milwaukee Brewers,Chicago Cubs,2025-07-30T17:00:00+00:00,0,-0.4,157,197,3,3,0.5101780626895684,0.5052666524569681,0.5279187817258882,0.26028165564968125,0.2552943900850706,0.27869824009894606,-0.0049872655646106545
776931,2025-07-30,2025,San Diego Padres,New York Mets,2025-07-30T17:00:00+00:00,1,-0.67,168,235,3,3,0.5073347055640579,0.499672920757115,0.5025510204081632,0.2427190923416535,0.25032718622371614,0.24745548729695963,0.007608093882062628
776932,2025-07-30,2025,Los Angeles Angels,Texas Rangers,2025-07-30T17:00:00+00:00,0,0.0,166,166,3,3,0.4427773960833998,0.44084021809038026,0.47328244274809167,0.1960518224823959,0.19434009788597403,0.22399627061360067,-0.0017117245964218541
776933,2025-07-30,2025,San Francisco Giants,Pittsburgh Pirates,2025-07-30T17:00:00+00:00,0,0.39,250,211,3,3,0.6090939803122022,0.6134456904396967,0.6440281030444964,0.37099547685256135,0.37631561511903616,0.4147721975110925,0.0053201382664748165
776934,2025-07-30,2025,St. Louis Cardinals,Miami Marlins,2025-07-30T17:00:00+00:00,0,-0.11,163,174,3,3,0.5738483007783861,0.5728677813984207,0.568922305764411,0.3293018723062411,0.32817749496434867,0.323672589996294,-0.001124377341892413
776935,2025-07-30,2025,Minnesota Twins,Boston Red Sox,2025-07-30T17:00:00+00:00,0,0.94,316,222,3,3,0.4761233058694381,0.4840902831929023,0.5292620865139949,0.2266934023920425,0.23434340228178435,0.2801183562211474,0.007649999889741854
776936,2025-07-30,2025,Kansas City Royals,Atlanta Braves,2025-07-30T17:00:00+00:00,1,-0.16,228,244,3,3,0.519083783899665,0.5167183061786655,0.5228426395939086,0.2312804069082641,0.23356119558281807,0.22767914658970856,0.002280788674553974
776937,2025-07-30,2025,Houston Astros,Washington Nationals,2025-07-30T17:00:00+00:00,1,0.33,192,159,3,3,0.6285024295130607,0.6325088210571524,0.5139949109414759,0.13801044487769845,0.135049766600804,0.23620094659078397,-0.002960678276894446
776938,2025-07-30,2025,New York Yankees,Tampa Bay Rays,2025-07-30T17:00:00+00:00,1,0.0,156,156,3,3,0.566646599984367,0.5666319010838082,0.5516372795969774,0.18779516930510928,0.18780790915823417,0.20102912904719902,1.2739853124887901e-05
776939,2025-07-30,2025,Chicago White Sox,Philadelphia Phillies,2025-07-30T17:00:00+00:00,1,1.57,250,93,3,3,0.4421984767379693,0.4558116223127543,0.43859649122807015,0.31114253935344177,0.2961409904098764,0.3151738996614343,-0.015001548943565368
776940,2025-07-30,2025,Detroit Tigers,Arizona Diamondbacks,2025-07-30T17:00:00+00:00,1,0.71,199,128,3,3,0.5698250951100063,0.5768205563727147,0.5392405063291139,0.1850504487971151,0.17908084150869877,0.21229931100785132,-0.005969607288416334
776941,2025-07-30,2025,Cincinnati Reds,Los Angeles Dodgers,2025-07-30T17:00:00+00:00,1,0.21,162,141,3,3,0.47285195626967297,0.4734646392037048,0.40987654320987654,0.2778850600087108,0.27723948616888483,0.3482456942539247,-0.0006455738398259969
776942,2025-07-30,2025,Cleveland Guardians,Colorado Rockies,2025-07-30T17:00:00+00:00,1,-0.92,145,237,3,3,0.6330938409062771,0.6254913345973347,0.6258992805755395,0.13462012958090833,0.1402567404616855,0.13995134827389896,0.00563661088077716
776923,2025-07-31,2025,Seattle Mariners,Texas Rangers,2025-07-31T17:00:00+00:00,1,-0.7,98,168,3,3,0.5303634545981254,0.5227831792393435,0.6125907990314771,0.22055848477700704,0.22773589401690858,0.1500858889950694,0.007177409239901539
776927,2025-07-31,2025,New York Yankees,Tampa Bay Rays,2025-07-31T17:00:00+00:00,1,-0.03,182,185,3,3,0.5622989481650246,0.5619201506142282,0.47582697201017815,0.19158221077744383,0.19191395443786052,0.2747573632720185,0.000331743660416689
776928,2025-07-31,2025,Cincinnati Reds,Atlanta Braves,2025-07-31T17:00:00+00:00,0,0.13,193,180,3,3,0.5268695964829054,0.5275267997265441,0.6235011990407675,0.2775915716980596,0.2782845244297294,0.3887537452052748,0.0006929527316698048
776906,2025-08-01,2025,San Diego Padres,St. Louis Cardinals,2025-08-01T17:00:00+00:00,1,0.15,98,83,2,2,0.5496096829876369,0.5508149938738599,0.6350710900473934,0.20285143765849692,0.2017671697285405,0.13317310931919768,-0.0010842679299564173
776908,2025-08-01,2025,Seattle Mariners,Texas Rangers,2025-08-01T17:00:00+00:00,1,-0.74,98,172,3,3,0.5321146683098519,0.524164952537626,0.6276849642004773,0.2189166836107999,0.22641899239351976,0.1386184858823999,0.0075023087827198465
776913,2025-08-01,2025,Philadelphia Phillies,Detroit Tigers,2025-08-01T17:00:00+00:00,1,-0.42,102,144,2,2,0.5217886704392353,0.5168649804302266,0.5841584158415841,0.22868607572027433,0.23341944713468538,0.1729242231153809,0.004733371414411047
776915,2025-08-01,2025,Chicago Cubs,Baltimore Orioles,2025-08-01T17:00:00+00:00,1,-0.22,143,165,2,3,0.6411466319810011,0.6402278305263852,0.5841584158415841,0.1287757397385791,0.1294360139277514,0.1729242231153809,0.0006602741891723052
776916,2025-08-01,2025,Los Angeles Angels,Chicago White Sox,2025-08-01T17:00:00+00:00,0,-0.12,108,120,2,2,0.5205862643199973,0.5186450595353521,0.5541561712846348,0.2710100585986501,0.26899269778042895,0.3070890621728455,-0.002017360818221181
776917,2025-08-01,2025,Washington Nationals,Milwaukee Brewers,2025-08-01T17:00:00+00:00,0,0.1,133,123,2,2,0.4169642167318662,0.4156286628735755,0.4158415841584158,0.17385915803481866,0.1727471854020763,0.17292422311538083,-0.0011119726327423751
776918,2025-08-01,2025,Tampa Bay Rays,Los Angeles Dodgers,2025-08-01T17:00:00+00:00,0,0.57,199,142,3,2,0.5689117932182925,0.5680335010415668,0.4607594936708861,0.32366062846285326,0.3226620583055397,0.21229931100785132,-0.000998570157313583
776919,2025-08-01,2025,Colorado Rockies,Pittsburgh Pirates,2025-08-01T17:00:00+00:00,1,0.77,172,95,2,2,0.44803514603195527,0.45381313304046494,0.4483627204030227,0.3046652000159649,0.2983200936390729,0.30430368824115367,-0.006345106376892007
776920,2025-08-01,2025,Toronto Blue Jays,Kansas City Royals,2025-08-01T17:00:00+00:00,0,0.41,255,214,3,2,0.5418071195171192,0.5454783453860765,0.5866336633663367,0.29355495475943794,0.2975466252851318,0.34413905499460845,0.00399167052569388
776922,2025-08-01,2025,Boston Red Sox,Houston Astros,2025-08-01T17:00:00+00:00,1,-0.66,76,142,2,2,0.5375024942948574,0.5304464653123059,0.46329113924050636,0.2139039427834784,0.22048052193770756,0.28805640121775355,0.006576579154229156
776924,2025-08-01,2025,Cleveland Guardians,Minnesota Twins,2025-08-01T17:00:00+00:00,1,-1.1,102,212,2,2,0.5441615999948535,0.5328372500511573,0.530456852791878,0.20778864691925197,0.2182410349397649,0.2204707670901081,0.010452388020512932
776925,2025-08-01,2025,Miami Marlins,New York Yankees,2025-08-01T17:00:00+00:00,1,-0.35,123,158,2,3,0.35691634756612695,0.35668915689246317,0.39512195121951227,0.41355658402769035,0.4138488408597299,0.36587745389649,0.0002922568320395391
776926,2025-08-01,2025,New York Mets,San Francisco Giants,2025-08-01T17:00:00+00:00,0,0.02,126,124,2,2,0.5298390074801508,0.5294440688804529,0.5639097744360902,0.28072937384755126,0.28031102207268976,0.3179942337045622,-0.0004183517748614918
776896,2025-08-02,2025,San Diego Padres,St. Louis Cardinals,2025-08-02T17:00:00+00:00,0,-0.25,52,77,2,2,0.5519589867826313,0.5492342592931538,0.5771144278606966,0.304658723090109,0.3016582715812993,0.3330610628449791,-0.003000451508809676
776897,2025-08-02,2025,Seattle Mariners,Texas Rangers,2025-08-02T17:00:00+00:00,0,-0.74,92,166,3,3,0.5331869856902367,0.5252560450362892,0.5417721518987342,0.28428836170944066,0.27589391284716425,0.2935170645729851,-0.008394448862276416
776898,2025-08-02,2025,Los Angeles Angels,Chicago White Sox,2025-08-02T17:00:00+00:00,0,-0.36,116,152,2,2,0.5095500696871406,0.5050293744320842,0.5796019900497512,0.2596412735181698,0.25505466903926227,0.3359384668696319,-0.004586604478907519
776900,2025-08-02,2025,Toronto Blue Jays,Kansas City Royals,2025-08-02T17:00:00+00:00,1,0.18,178,160,2,2,0.5390742980377793,0.540417721446871,0.5675,0.21245250272936592,0.2112158707600859,0.18705625,-0.0012366319692800054
776901,2025-08-02,2025,Tampa Bay Rays,Los Angeles Dodgers,2025-08-02T17:00:00+00:00,1,0.59,191,132,3,2,0.49391279645727126,0.49866426527680846,0.46446700507614214,0.25612425758969937,0.2513375189104422,0.2867955886521168,-0.004786738679257163
776902,2025-08-02,2025,Chicago Cubs,Baltimore Orioles,2025-08-02T17:00:00+00:00,0,0.23,97,74,2,2,0.6430124894136533,0.6462586294166947,0.6704288939051919,0.41346506154194357,0.41765021609554465,0.44947490178293903,0.004185154553601078
776903,2025-08-02,2025,Washington Nationals,Milwaukee Brewers,2025-08-02T17:00:00+00:00,0,0.0,163,163,2,2,0.41847676705818,0.4161894059559754,0.3705463182897863,0.17512280456746623,0.1732136216299877,0.1373045739981156,-0.0019091829374785207
776904,2025-08-02,2025,Colorado Rockies,Pittsburgh Pirates,2025-08-02T17:00:00+00:00,1,0.48,238,190,2,2,0.44338702398400326,0.44620730142672155,0.31208791208791203,0.3098180050693846,0.306686352993074,0.47322304069556814,-0.0031316520763106093
776905,2025-08-02,2025,Cleveland Guardians,Minnesota Twins,2025-08-02T17:00:00+00:00,1,-0.4,123,163,2,2,0.5432077238828787,0.5388433166289203,0.5990220048899756,0.20865918352026033,0.2126654866178143,0.16078335256245477,0.004006303097553954
776909,2025-08-02,2025,Boston Red Sox,Houston Astros,2025-08-02T17:00:00+00:00,1,-0.47,57,104,2,2,0.5412202168720147,0.5361242421076472,0.530456852791878,0.21047888940696122,0.21518071876020473,0.2204707670901081,0.0047018293532435085
776910,2025-08-02,2025,Miami Marlins,New York Yankees,2025-08-02T17:00:00+00:00,1,-0.6,162,222,2,3,0.42832681499934727,0.42030971826019525,0.5089058524173028,0.32681023044879043,0.3360408227435742,0.24117346178997598,0.00923059229478379
776911,2025-08-02,2025,New York Mets,San Francisco Giants,2025-08-02T17:00:00+00:00,1,0.25,140,115,2,2,0.5282474929182287,0.5301241591049669,0.6456876456876457,0.22255042793793667,0.22078330585681447,0.12553724441836328,-0.0017671220811222021
776912,2025-08-02,2025,Philadelphia Phillies,Detroit Tigers,2025-08-02T17:00:00+00:00,0,-0.12,88,100,2,2,0.5216503635017204,0.5197261498631834,0.5178571428571429,0.2721191017414771,0.2701152708516082,0.2681760204081633,-0.002003830889868885
776883,2025-08-03,2025,Seattle Mariners,Texas Rangers,2025-08-03T17:00:00+00:00,1,-0.53,165,218,3,3,0.5272434257696801,0.5213098880724074,0.43107769423558895,0.223498778477988,0.22914422325725112,0.323672589996294,0.005645444779263126
776884,2025-08-03,2025,San Diego Padres,St. Louis Cardinals,2025-08-03T17:00:00+00:00,1,-0.04,85,89,2,2,0.5509665457808971,0.550308764360034,0.6225961538461539,0.2016310430079392,0.20222220741139946,0.14243366309171596,0.0005911644034602703
776885,2025-08-03,2025,Los Angeles Angels,Chicago White Sox,2025-08-03T17:00:00+00:00,1,0.08,108,100,2,2,0.5129389674233926,0.5128788196151904,0.5443037974683544,0.23722844945459098,0.23728704437949016,0.20765902900176253,5.859492489918017e-05
776886,2025-08-03,2025,Colorado Rockies,Pittsburgh Pirates,2025-08-03T17:00:00+00:00,0,0.34,238,204,2,2,0.4485852601525647,0.450104227575347,0.42039800995024873,0.20122873562614418,0.20259381568119977,0.17673448677012943,0.0013650800550555897
776887,2025-08-03,2025,New York Mets,San Francisco Giants,2025-08-03T17:00:00+00:00,0,0.25,171,146,2,2,0.5328111875600939,0.5347570375884513,0.6048780487804878,0.2838877615891976,0.2859650892503763,0.3658774538964902,0.002077327661178685
776888,2025-08-03,2025,Chicago Cubs,Baltimore Orioles,2025-08-03T17:00:00+00:00,1,0.07,78,71,2,2,0.6444845276407012,0.6462830632459023,0.6235011990407675,0.12639125108685537,0.12511567134670232,0.14175134712373977,-0.0012755797401530489
776890,2025-08-03,2025,Philadelphia Phillies,Detroit Tigers,2025-08-03T17:00:00+00:00,1,-0.12,78,90,2,2,0.5230466684956439,0.5211447730919203,0.6235011990407675,0.22748448043310426,0.2293023283371885,0.14175134712373977,0.0018178479040842355
776891,2025-08-03,2025,Miami Marlins,New York Yankees,2025-08-03T17:00:00+00:00,1,-0.54,128,182,2,3,0.4274446178909326,0.4200038336099785,0.49109414758269715,0.3278196655820602,0.3363955530271215,0.2589851666245817,0.00857588744506127
776892,2025-08-03,2025,Cleveland Guardians,Minnesota Twins,2025-08-03T17:00:00+00:00,0,0.02,109,107,2,2,0.5427136112963582,0.5425212607203194,0.6058394160583942,0.2945380638863346,0.29432931833356474,0.36704139804997604,-0.00020874555276984008
776893,2025-08-03,2025,Toronto Blue Jays,Kansas City Royals,2025-08-03T17:00:00+00:00,0,0.74,124,50,2,2,0.5434360375363382,0.5504054329308796,0.57,0.2953227268931964,0.30294614059982905,0.32489999999999997,0.007623413706632665
776894,2025-08-03,2025,Washington Nationals,Milwaukee Brewers,2025-08-03T17:00:00+00:00,0,0.83,199,116,2,2,0.4105569891053306,0.4162183583556397,0.42999999999999994,0.16855704130323457,0.1732377218322637,0.18489999999999995,0.0046806805290291464
776867,2025-08-04,2025,Los Angeles Angels,Tampa Bay Rays,2025-08-04T17:00:00+00:00,1,-0.36,149,185,3,3,0.4394475286730292,0.43391424776185694,0.5367088607594936,0.31421907311077435,0.3204530788870243,0.21463867969876624,0.00623400577624994
776870,2025-08-04,2025,Los Angeles Dodgers,St. Louis Cardinals,2025-08-04T17:00:00+00:00,0,0.0,147,147,3,3,0.5970454625373413,0.5975015870225273,0.6276849642004773,0.35646328433642777,0.3570081464944388,0.3939884142833544,0.000544862158011028
776871,2025-08-04,2025,Texas Rangers,New York Yankees,2025-08-04T17:00:00+00:00,1,-0.1,199,209,3,3,0.5009208392688907,0.49886906771290235,0.43500000000000005,0.2490800086760684,0.25113221129493557,0.3192249999999999,0.0020522026188671827
776872,2025-08-04,2025,Colorado Rockies,Toronto Blue Jays,2025-08-04T17:00:00+00:00,0,1.29,300,171,3,3,0.3954116866153272,0.4052049200547854,0.34642032332563516,0.15635040191197774,0.16419102723660506,0.1200070404130376,0.007840625324627315
776873,2025-08-04,2025,Arizona Diamondbacks,San Diego Padres,2025-08-04T17:00:00+00:00,1,0.05,173,168,3,3,0.5336996688693715,0.533664738597032,0.4582278481012658,0.2174359988125338,0.2174685760277745,0.2935170645729851,3.257721524069224e-05
776874,2025-08-04,2025,Detroit Tigers,Minnesota Twins,2025-08-04T17:00:00+00:00,1,-0.9,111,201,3,3,0.5992646810351394,0.5910660156280566,0.6155717761557177,0.16058879586586855,0.16722700357431283,0.14778505928806965,0.0066382077084442825
776875,2025-08-04,2025,Miami Marlins,Houston Astros,2025-08-04T17:00:00+00:00,0,0.44,187,143,3,3,0.464754856648709,0.46753368981886195,0.5443037974683544,0.21599707677856209,0.21858775111563983,0.2962666239384714,0.002590674337077742
776876,2025-08-04,2025,New York Mets,Cleveland Guardians,2025-08-04T17:00:00+00:00,0,1.03,263,160,3,3,0.5836973045546504,0.5939409323920142,0.6327014218009479,0.34070254334436434,0.35276583117069515,0.400311089148941,0.012063287826330815
776877,2025-08-04,2025,Philadelphia Phillies,Baltimore Orioles,2025-08-04T17:00:00+00:00,1,-0.48,90,138,3,3,0.6065693689091771,0.6025725879870155,0.6496519721577726,0.15478766148052317,0.15794854781933854,0.12274374061293815,0.0031608863388153663
776878,2025-08-04,2025,Chicago Cubs,Cincinnati Reds,2025-08-04T17:00:00+00:00,0,-0.33,151,184,3,2,0.6618335316173403,0.6542998133591338,0.5603015075376885,0.43802362357308094,0.4281082457617973,0.3139377793490064,-0.009915377811283654
776879,2025-08-04,2025,Pittsburgh Pirates,San Francisco Giants,2025-08-04T17:00:00+00:00,1,0.67,276,209,3,3,0.4543889399224417,0.45928488115317045,0.46329113924050636,0.29769142887895694,0.292372839749541,0.28805640121775355,-0.005318589129415963
776880,2025-08-04,2025,Boston Red Sox,Kansas City Royals,2025-08-04T17:00:00+00:00,1,-0.12,126,138,3,3,0.5706060568968877,0.5694745972226706,0.5901234567901236,0.18437915837363883,0.18535212243658172,0.1679987806736777,0.0009729640629428937
776882,2025-08-04,2025,Atlanta Braves,Milwaukee Brewers,2025-08-04T17:00:00+00:00,0,-0.31,162,193,2,3,0.4255501720579947,0.42680523271816356,0.4335839598997493,0.1810929489385889,0.18216270667560575,0.1879950502823474,0.001069757737016841
776848,2025-08-05,2025,Los Angeles Angels,Tampa Bay Rays,2025-08-05T17:00:00+00:00,0,-0.06,150,156,3,3,0.44613420270430193,0.44365298081029897,0.5329949238578681,0.19903572682260318,0.1968279673818635,0.2840835888582546,-0.0022077594407396706
776852,2025-08-05,2025,Arizona Diamondbacks,San Diego Padres,2025-08-05T17:00:00+00:00,0,-0.52,124,176,3,3,0.5387077478333382,0.5330697848171009,0.4531645569620253,0.2902060375756675,0.28416339548495023,0.20535811568658865,-0.006042642090717254
776854,2025-08-05,2025,Colorado Rockies,Toronto Blue Jays,2025-08-05T17:00:00+00:00,0,1.37,258,121,3,3,0.3827381105883002,0.39298679083547927,0.3251121076233184,0.14648846129670193,0.15443861777116874,0.10569788252327615,0.007950156474466813
776855,2025-08-05,2025,Texas Rangers,New York Yankees,2025-08-05T17:00:00+00:00,1,0.46,223,177,3,3,0.5065989936803423,0.5102457745742863,0.5406091370558376,0.24344455303725085,0.23985920132234076,0.21103996495658223,-0.00358535171491009
776857,2025-08-05,2025,Seattle Mariners,Chicago White Sox,2025-08-05T17:00:00+00:00,1,0.68,152,84,2,2,0.5990761842830449,0.6060880754785716,0.6836283185840709,0.160739906009043,0.15516660428017554,0.10009104080194213,-0.005573301728867469
776858,2025-08-05,2025,Los Angeles Dodgers,St. Louis Cardinals,2025-08-05T17:00:00+00:00,1,0.23,149,126,3,3,0.5963642282185144,0.5990259685539848,0.6294536817102138,0.1629218362616355,0.16078017389406996,0.13730457399811558,-0.00214166236756555
776860,2025-08-05,2025,Chicago Cubs,Cincinnati Reds,2025-08-05T17:00:00+00:00,0,-0.23,215,238,3,2,0.5936308174005988,0.5918098699023308,0.6201923076923077,0.352397547367703,0.35023892211381363,0.3846384985207101,-0.002158625253889379
776861,2025-08-05,2025,Detroit Tigers,Minnesota Twins,2025-08-05T17:00:00+00:00,0,-0.95,98,193,3,3,0.6017705287429751,0.5931443164131388,0.5639097744360902,0.3621277692635998,0.3518201800932097,0.3179942337045622,-0.010307589170390097
776862,2025-08-05,2025,Miami Marlins,Houston Astros,2025-08-05T17:00:00+00:00,0,-0.39,121,160,3,3,0.4585343754610467,0.4529562777593261,0.5051282051282052,0.21025377347945215,0.2051693895615838,0.2551545036160422,-0.0050843839178683625
776863,2025-08-05,2025,New York Mets,Cleveland Guardians,2025-08-05T17:00:00+00:00,0,0.76,250,174,3,3,0.5766335683078434,0.5841919018382401,0.5935960591133005,0.3325062720994363,0.34128017817337997,0.35235628139484093,0.008773906073943682
776864,2025-08-05,2025,Boston Red Sox,Kansas City Royals,2025-08-05T17:00:00+00:00,1,-0.22,166,188,3,3,0.5690156786219445,0.5668745555814935,0.68,0.18574748527370305,0.1875976506027288,0.10239999999999996,0.001850165329025738
776866,2025-08-05,2025,Pittsburgh Pirates,San Francisco Giants,2025-08-05T17:00:00+00:00,0,-0.11,238,249,3,3,0.45679795750965,0.45397640175053017,0.44584382871536526,0.20866437398498802,0.20609457334635878,0.19877671960357596,-0.002569800638629244
776868,2025-08-05,2025,Philadelphia Phillies,Baltimore Orioles,2025-08-05T17:00:00+00:00,1,-0.79,121,200,3,3,0.6148751587888761,0.6080817909462812,0.5541561712846348,0.1483211433178934,0.1535998825878744,0.1987767196035759,0.005278739269981014
776869,2025-08-05,2025,Atlanta Braves,Milwaukee Brewers,2025-08-05T17:00:00+00:00,0,0.51,186,135,2,3,0.4867851440091164,0.49062180303840097,0.43859649122807015,0.23695977642797617,0.2407097536166515,0.1923668821175746,0.003749977188675341
776836,2025-08-06,2025,Colorado Rockies,Toronto Blue Jays,2025-08-06T17:00:00+00:00,0,1.17,250,133,3,3,0.3840008818727207,0.392369123409353,0.3114035087719298,0.1474566772790272,0.15395352900502407,0.09697214527546935,0.006496851725996872
776838,2025-08-06,2025,Arizona Diamondbacks,San Diego Padres,2025-08-06T17:00:00+00:00,0,-0.12,202,214,3,3,0.5321503500339865,0.5303945458422741,0.42643391521197016,0.2831839950412943,0.2813183742592322,0.18184588404300975,-0.0018656207820621495
776839,2025-08-06,2025,Los Angeles Dodgers,St. Louis Cardinals,2025-08-06T17:00:00+00:00,0,-0.1,175,185,3,3,0.5998244733946521,0.5993610181654939,0.6527777777777778,0.35978939888317163,0.35923363009637754,0.4261188271604938,-0.0005557687867940864
776841,2025-08-06,2025,Seattle Mariners,Chicago White Sox,2025-08-06T17:00:00+00:00,1,-0.08,112,120,2,2,0.6000662154072025,0.5997990533315724,0.6976241900647947,0.15994703205871816,0.16016079771430566,0.0914311304339714,0.0002137656555875056
776843,2025-08-06,2025,Los Angeles Angels,Tampa Bay Rays,2025-08-06T17:00:00+00:00,0,0.17,171,154,3,3,0.44333131438077034,0.4430828241854269,0.47959183673469385,0.19654265431058143,0.1963223890881339,0.23000832986255726,-0.00022026522244752988
776845,2025-08-06,2025,Texas Rangers,New York Yankees,2025-08-06T17:00:00+00:00,0,-0.7,137,207,3,3,0.5124712135062618,0.5045912073544081,0.46446700507614214,0.26262674467258057,0.2546122865393793,0.21572959880440104,-0.008014458133201285
776846,2025-08-06,2025,New York Mets,Cleveland Guardians,2025-08-06T17:00:00+00:00,0,0.46,212,166,3,3,0.5744700535990065,0.5790775479057269,0.6201923076923077,0.3300158424820454,0.3353308064885094,0.3846384985207101,0.005314964006463974
776847,2025-08-06,2025,Chicago Cubs,Cincinnati Reds,2025-08-06T17:00:00+00:00,1,-0.25,239,264,3,3,0.5902540372711684,0.5881813235663754,0.547979797979798,0.16789175397257702,0.16959462225954236,0.20432226303438422,0.0017028682869653367
776849,2025-08-06,2025,Miami Marlins,Houston Astros,2025-08-06T17:00:00+00:00,1,-0.66,148,214,3,3,0.4535794288612405,0.4452601189724668,0.5216284987277354,0.2985754405636082,0.30773633560244174,0.22883929322948024,0.00916089503883355
776853,2025-08-06,2025,Atlanta Braves,Milwaukee Brewers,2025-08-06T17:00:00+00:00,0,0.84,263,179,3,3,0.4846161463221744,0.4917230340956153,0.5505050505050506,0.23485280927615518,0.24179154226019764,0.30305581063156833,0.006938732984042462
776856,2025-08-06,2025,Boston Red Sox,Kansas City Royals,2025-08-06T17:00:00+00:00,0,-0.92,117,209,3,3,0.5725831860369711,0.5636151063667476,0.5516372795969774,0.3278515049322487,0.31766198812480023,0.30430368824115384,-0.010189516807448451
776859,2025-08-06,2025,Detroit Tigers,Minnesota Twins,2025-08-06T17:00:00+00:00,0,-0.55,154,209,3,3,0.5976323200799231,0.5927877121058535,0.6448598130841121,0.3571643900041116,0.3513972716236922,0.415844178530876,-0.005767118380419378
776830,2025-08-07,2025,Seattle Mariners,Chicago White Sox,2025-08-07T17:00:00+00:00,1,-0.49,118,167,2,2,0.6056214855508352,0.6015104486483561,0.723360655737705,0.15553441265913012,0.15879392253643443,0.07652932679387256,0.0032595098773043063
776840,2025-08-07,2025,Pittsburgh Pirates,Cincinnati Reds,2025-08-07T17:00:00+00:00,1,0.69,246,177,3,3,0.4829267283161716,0.48850375962323705,0.6039119804400979,0.26736476828981826,0.2616284039195632,0.15688571923888542,-0.005736364370255043
776842,2025-08-07,2025,Atlanta Braves,Miami Marlins,2025-08-07T17:00:00+00:00,1,0.28,205,177,3,3,0.5893548591879672,0.5924053618795501,0.46700507614213205,0.16862943167253427,0.16613338902454053,0.28408358885825447,-0.002496042647993746
776820,2025-08-08,2025,San Diego Padres,Boston Red Sox,2025-08-08T17:00:00+00:00,0,0.38,152,114,2,2,0.4993246428601606,0.5020570754410685,0.6073170731707317,0.24932509896742694,0.2520613070004387,0.36883402736466386,0.0027362080330117777
776821,2025-08-08,2025,Texas Rangers,Philadelphia Phillies,2025-08-08T17:00:00+00:00,0,0.32,91,59,2,2,0.5327822361691738,0.5354255386202459,0.4520202020202021,0.28385691117742523,0.2866805074067804,0.2043222630343843,0.0028235962293551853
776822,2025-08-08,2025,San Francisco Giants,Washington Nationals,2025-08-08T17:00:00+00:00,1,-1.77,90,267,2,3,0.5885298010271544,0.5780584075885913,0.5845771144278608,0.16930772464275318,0.17803470740667537,0.1725761738570827,0.008726982763922198
776823,2025-08-08,2025,Los Angeles Dodgers,Toronto Blue Jays,2025-08-08T17:00:00+00:00,1,0.93,176,83,2,2,0.563509054440512,0.5725902994526332,0.5505050505050506,0.1905243455554159,0.1826790521219898,0.20204570962146712,-0.007845293433426104
776824,2025-08-08,2025,Seattle Mariners,Tampa Bay Rays,2025-08-08T17:00:00+00:00,1,0.89,211,122,3,2,0.597317567605926,0.5999781958387612,0.5355329949238579,0.16215314135880796,0.16001744380441246,0.21572959880440104,-0.0021356975543954937
776825,2025-08-08,2025,Arizona Diamondbacks,Colorado Rockies,2025-08-08T17:00:00+00:00,1,0.35,211,176,2,2,0.6644822256410133,0.6690291975791757,0.6836283185840709,0.11257217691080788,0.10954167205508433,0.10009104080194213,-0.003030504855723551
776826,2025-08-08,2025,St. Louis Cardinals,Chicago Cubs,2025-08-08T17:00:00+00:00,1,0.66,168,102,2,2,0.46495456688761555,0.46993232833020676,0.4158415841584158,0.286273615494419,0.2809717365494357,0.34124105479854927,-0.005301878944983296
776827,2025-08-08,2025,Minnesota Twins,Kansas City Royals,2025-08-08T17:00:00+00:00,1,0.5,155,105,2,2,0.5020552756477199,0.5060324755322751,0.547979797979798,0.24794894851026822,0.24400391522877235,0.20432226303438422,-0.003945033281495869
776828,2025-08-08,2025,Milwaukee Brewers,New York Mets,2025-08-08T17:00:00+00:00,1,0.2,119,99,2,2,0.5701782580954685,0.5721820025441765,0.5639097744360902,0.18474672981384568,0.183028238947111,0.19017468483238167,-0.0017184908667346732
776829,2025-08-08,2025,Pittsburgh Pirates,Cincinnati Reds,2025-08-08T17:00:00+00:00,1,0.18,180,162,3,3,0.4899792826018903,0.49056139135389926,0.47328244274809167,0.2601211321752825,0.25952769597927494,0.2774313851174173,-0.0005934361960075463
776832,2025-08-08,2025,Detroit Tigers,Los Angeles Angels,2025-08-08T17:00:00+00:00,1,0.1,165,155,2,2,0.6291696613159599,0.6310399245570406,0.7166666666666667,0.13751514008851992,0.1361315372708743,0.08027777777777777,-0.0013836028176456294
776833,2025-08-08,2025,Chicago White Sox,Cleveland Guardians,2025-08-08T17:00:00+00:00,0,1.95,249,54,3,2,0.5746491451961466,0.5873297406792731,0.43609022556390975,0.330221640074662,0.34495622428638223,0.19017468483238167,0.014734584211720247
776834,2025-08-08,2025,Atlanta Braves,Miami Marlins,2025-08-08T17:00:00+00:00,0,-0.07,197,204,3,3,0.5932175031943172,0.5929380982861283,0.4531645569620253,0.35190700609609976,0.35157558839917036,0.20535811568658865,-0.0003314176969294036
776835,2025-08-08,2025,New York Yankees,Houston Astros,2025-08-08T17:00:00+00:00,0,-0.49,140,189,2,2,0.5554839956941675,0.5504395692129486,0.49744897959183665,0.3085624694723579,0.3029837193553364,0.24745548729695951,-0.005578750117021469
776802,2025-08-09,2025,San Francisco Giants,Washington Nationals,2025-08-09T17:00:00+00:00,0,-0.25,162,187,2,3,0.656894563688713,0.6559673247341143,0.5901234567901236,0.43151046780378466,0.430293131118831,0.3482456942539248,-0.0012173366849536627
776805,2025-08-09,2025,Seattle Mariners,Tampa Bay Rays,2025-08-09T17:00:00+00:00,1,0.68,181,113,3,2,0.5326136915526692,0.5388415617482863,0.5639097744360902,0.21844996132402342,0.2126671051707596,0.19017468483238167,-0.005782856153263821
776807,2025-08-09,2025,San Diego Padres,Boston Red Sox,2025-08-09T17:00:00+00:00,1,-0.31,121,152,2,2,0.4921378638965355,0.4878463413489738,0.5541561712846348,0.25792394928757395,0.2623013700696319,0.1987767196035759,0.004377420782057939
776808,2025-08-09,2025,Los Angeles Dodgers,Toronto Blue Jays,2025-08-09T17:00:00+00:00,1,0.88,157,69,2,2,0.5673511476904246,0.5759829788282472,0.5901234567901236,0.18718502940479279,0.17979043424336663,0.1679987806736777,-0.007394595161426154
776809,2025-08-09,2025,Arizona Diamondbacks,Colorado Rockies,2025-08-09T17:00:00+00:00,1,-0.13,131,144,2,2,0.6691960518958655,0.669541217575375,0.6621004566210046,0.1094312520812829,0.10920300688156565,0.1141761014157336,-0.00022824519971725854
776810,2025-08-09,2025,Texas Rangers,Philadelphia Phillies,2025-08-09T17:00:00+00:00,0,1.05,174,69,2,2,0.521215806959906,0.5309769260314795,0.547979797979798,0.271665917424866,0.28193649597783926,0.30028185899398024,0.010270578552973253
776812,2025-08-09,2025,Pittsburgh Pirates,Cincinnati Reds,2025-08-09T17:00:00+00:00,0,-0.1,157,167,3,3,0.4894987180716129,0.487269363658592,0.5,0.23960899499375235,0.2374314327602492,0.25,-0.0021775622335031553
776813,2025-08-09,2025,Detroit Tigers,Los Angeles Angels,2025-08-09T17:00:00+00:00,0,-0.2,128,148,2,2,0.6276817793518479,0.6267235086475373,0.547979797979798,0.39398441613030183,0.39278235629147984,0.30028185899398024,-0.0012020598388219894
776814,2025-08-09,2025,Chicago White Sox,Cleveland Guardians,2025-08-09T17:00:00+00:00,0,1.91,268,77,3,2,0.5056462288264627,0.5237892058941029,0.4520202020202021,0.2556781087264235,0.27435513221117497,0.2043222630343843,0.018677023484751476
776815,2025-08-09,2025,New York Yankees,Houston Astros,2025-08-09T17:00:00+00:00,1,0.13,150,137,2,2,0.5556690097029153,0.5567680412847295,0.49744897959183665,0.19743002893838796,0.19645456922657528,0.25255752811328624,-0.0009754597118126762
776816,2025-08-09,2025,Minnesota Twins,Kansas City Royals,2025-08-09T17:00:00+00:00,0,0.25,156,131,2,2,0.5074099318827363,0.5089660142704269,0.48346055979643765,0.2574648389732431,0.25904640368232434,0.23373411287868487,0.001581564709081218
776817,2025-08-09,2025,Milwaukee Brewers,New York Mets,2025-08-09T17:00:00+00:00,1,-0.42,69,111,2,2,0.5699006774751509,0.5658064004608394,0.5292620865139949,0.18498542723633413,0.18852408188077296,0.22159418319315766,0.003538654644438838
776818,2025-08-09,2025,St. Louis Cardinals,Chicago Cubs,2025-08-09T17:00:00+00:00,0,0.01,109,108,2,2,0.4680294265953248,0.4665705735382195,0.49109414758269715,0.21905154415914854,0.2176881000917831,0.24117346178997592,-0.001363444067365438
776819,2025-08-09,2025,Atlanta Braves,Miami Marlins,2025-08-09T17:00:00+00:00,1,-0.06,158,164,3,3,0.5880277459045699,0.5877629633560825,0.5267175572519084,0.16972113814446965,0.1699393743809586,0.2239962706136006,0.00021823623648895007
778431,2025-08-09,2025,Atlanta Braves,Miami Marlins,2025-08-09T17:00:00+00:00,1,-0.06,158,164,3,3,0.5880277459045699,0.5877629633560825,0.4885496183206107,0.16972113814446965,0.1699393743809586,0.261581492919993,0.00021823623648895007
776788,2025-08-10,2025,Los Angeles Dodgers,Toronto Blue Jays,2025-08-10T17:00:00+00:00,0,0.05,123,118,2,2,0.5753984796631864,0.5760099241814783,0.6159420289855072,0.33108341039870626,0.33178743275555245,0.3793845830707834,0.0007040223568461901
776789,2025-08-10,2025,San Diego Padres,Boston Red Sox,2025-08-10T17:00:00+00:00,1,0.55,191,136,2,2,0.4906876005288528,0.49498720271843083,0.5664160401002506,0.25939912025505746,0.25503792541815534,0.1879950502823475,-0.004361194836902116
776791,2025-08-10,2025,Seattle Mariners,Tampa Bay Rays,2025-08-10T17:00:00+00:00,1,0.39,170,131,3,2,0.535964428950801,0.5393521342773644,0.6350710900473934,0.21532901119895623,0.21219645619481933,0.13317310931919768,-0.0031325550041368944
776793,2025-08-10,2025,San Francisco Giants,Washington Nationals,2025-08-10T17:00:00+00:00,0,0.16,177,161,2,3,0.6511710506798479,0.6538746862613665,0.5841584158415841,0.42402373724349707,0.42755210533340043,0.3412410547985491,0.0035283680899033665
776794,2025-08-10,2025,Arizona Diamondbacks,Colorado Rockies,2025-08-10T17:00:00+00:00,1,-0.21,79,100,2,2,0.6741461380161546,0.6738615509365485,0.7082452431289641,0.10618073936978695,0.10636628795751353,0.08512083815687728,0.00018554858772658334
776795,2025-08-10,2025,St. Louis Cardinals,Chicago Cubs,2025-08-10T17:00:00+00:00,1,0.41,165,124,2,2,0.45650425343686124,0.4588484600859147,0.47715736040609136,0.2953876265322235,0.29284498915138596,0.27336442577752584,-0.0025426373808375424
776796,2025-08-10,2025,Minnesota Twins,Kansas City Royals,2025-08-10T17:00:00+00:00,1,-0.1,124,134,2,2,0.5028323954702998,0.5008105680309621,0.5051020408163266,0.24717562699380038,0.24919008898957068,0.24492399000416487,0.0020144619957702947
776797,2025-08-10,2025,New York Yankees,Houston Astros,2025-08-10T17:00:00+00:00,0,0.5,137,87,2,2,0.5536763249688379,0.5584047638144629,0.6628701594533031,0.3065574728309982,0.31181588025068613,0.43939684829364745,0.005258407419687916
776798,2025-08-10,2025,Chicago White Sox,Cleveland Guardians,2025-08-10T17:00:00+00:00,1,1.21,248,127,3,2,0.5041334596181584,0.5152524365383868,0.4593908629441624,0.24588362587025658,0.2349802002819707,0.2922582390682574,-0.010903425588285887
776799,2025-08-10,2025,Milwaukee Brewers,New York Mets,2025-08-10T17:00:00+00:00,1,-0.93,108,201,2,2,0.5738521293987993,0.5648118895837952,0.5139949109414759,0.18160200761793774,0.18938869144762682,0.23620094659078397,0.007786683829689084
776800,2025-08-10,2025,Texas Rangers,Philadelphia Phillies,2025-08-10T17:00:00+00:00,0,0.42,136,94,2,2,0.5216261103480474,0.5251009469820848,0.3970588235294118,0.27209379899683334,0.2757310045214822,0.15765570934256057,0.0036372055246488566
776801,2025-08-10,2025,Pittsburgh Pirates,Cincinnati Reds,2025-08-10T17:00:00+00:00,0,0.1,172,162,3,3,0.48853098637971154,0.48828923501531657,0.5025510204081632,0.2386625246531339,0.23842637703184305,0.2525575281132861,-0.0002361476212908442
776803,2025-08-10,2025,Atlanta Braves,Miami Marlins,2025-08-10T17:00:00+00:00,1,0.17,194,177,4,4,0.5859674738075014,0.5879050017470954,0.5516372795969774,0.17142293274534207,0.16982228758506146,0.20102912904719902,-0.001600645160280606
776806,2025-08-10,2025,Detroit Tigers,Los Angeles Angels,2025-08-10T17:00:00+00:00,1,-0.02,123,125,2,2,0.6233323449227219,0.6239953613228217,0.6235011990407675,0.14187852238141532,0.14137948830675537,0.14175134712373977,-0.0004990340746599542
776779,2025-08-11,2025,Los Angeles Angels,Los Angeles Dodgers,2025-08-11T17:00:00+00:00,1,0.36,210,174,3,3,0.4087101455141817,0.4097716644620723,0.38740920096852305,0.34962369201786014,0.3483694880718725,0.3752674870580234,-0.0012542039459876309
776780,2025-08-11,2025,San Francisco Giants,San Diego Padres,2025-08-11T17:00:00+00:00,0,-0.1,235,245,3,3,0.5658539651087812,0.564842042548749,0.5392405063291139,0.32019070982932973,0.31904653303064284,0.29078032366607914,-0.0011441767986868911
776781,2025-08-11,2025,Chicago White Sox,Detroit Tigers,2025-08-11T17:00:00+00:00,0,0.42,219,177,3,3,0.45396902997107114,0.45637088247566554,0.42999999999999994,0.20608788017287527,0.20827438237161772,0.18489999999999995,0.002186502198742446
776782,2025-08-11,2025,Houston Astros,Boston Red Sox,2025-08-11T17:00:00+00:00,1,-0.69,129,198,3,3,0.5221679390839047,0.5145480479938088,0.39077669902912626,0.22832347843932302,0.23566359770662135,0.3711530304458478,0.007340119267298328
776783,2025-08-11,2025,St. Louis Cardinals,Colorado Rockies,2025-08-11T17:00:00+00:00,1,0.38,204,166,3,3,0.6630680698183533,0.6678693618610879,0.6535796766743649,0.11352312557593004,0.11031076079056096,0.12000704041303757,-0.0032123647853690845
776784,2025-08-11,2025,Kansas City Royals,Washington Nationals,2025-08-11T17:00:00+00:00,1,0.61,191,130,3,3,0.6157669370450136,0.6222689747167766,0.5771144278606966,0.14763504666777053,0.1426807274615152,0.17883220712358602,-0.004954319206255331
776785,2025-08-11,2025,Texas Rangers,Arizona Diamondbacks,2025-08-11T17:00:00+00:00,1,0.35,190,155,3,3,0.5516214835784214,0.554837837613463,0.5945945945945945,0.20104329398841578,0.1981693508206576,0.16435354273192118,-0.002873943167758186
776786,2025-08-11,2025,Milwaukee Brewers,Pittsburgh Pirates,2025-08-11T17:00:00+00:00,1,-0.73,182,255,3,3,0.63020226530736,0.6243175015395205,0.6448598130841121,0.13675036458380815,0.1411373396495082,0.1261245523626518,0.004386975065700044
776790,2025-08-11,2025,New York Yankees,Minnesota Twins,2025-08-11T17:00:00+00:00,1,-0.36,217,253,3,3,0.6000654114804799,0.597101640364683,0.6244019138755981,0.15994767509427787,0.1623270881968292,0.14107392230031365,0.0023794131025513254
776792,2025-08-11,2025,Cincinnati Reds,Philadelphia Phillies,2025-08-11T17:00:00+00:00,0,0.16,154,138,3,3,0.4967089372092134,0.49719620856619107,0.5292620865139949,0.24671976830350628,0.24720406981259538,0.2801183562211474,0.00048430150908909675
776763,2025-08-12,2025,Los Angeles Angels,Los Angeles Dodgers,2025-08-12T17:00:00+00:00,1,0.39,210,171,3,3,0.41496323339050484,0.41641987409307557,0.3723150357995227,0.34226801828489284,0.3405657633535418,0.39398841428335457,-0.001702254931351066
776764,2025-08-12,2025,Texas Rangers,Arizona Diamondbacks,2025-08-12T17:00:00+00:00,0,-0.14,163,177,3,3,0.55540660663743,0.5538294256479858,0.57356608478803,0.30847649869650495,0.30672703271357776,0.32897805361906957,-0.0017494659829271897
776767,2025-08-12,2025,San Francisco Giants,San Diego Padres,2025-08-12T17:00:00+00:00,0,-0.61,167,228,3,3,0.5662901164367855,0.5602560618282081,0.5114503816793893,0.32068449597398807,0.3138868548152529,0.261581492919993,-0.006797641158735157
776768,2025-08-12,2025,Toronto Blue Jays,Chicago Cubs,2025-08-12T17:00:00+00:00,1,1.31,208,77,2,2,0.49540998810877934,0.5073983211558423,0.5292620865139949,0.2546110801003822,0.24265641400008273,0.22159418319315766,-0.011954666100299466
776769,2025-08-12,2025,Houston Astros,Boston Red Sox,2025-08-12T17:00:00+00:00,0,-0.4,130,170,3,3,0.522690480052803,0.5179817449872205,0.5051020408163266,0.2732053379378297,0.2683050881400059,0.25512807163681805,-0.004900249797823775
776770,2025-08-12,2025,Kansas City Royals,Washington Nationals,2025-08-12T17:00:00+00:00,1,0.44,186,142,3,3,0.6165894002269487,0.6214974659766883,0.6350710900473934,0.14700368801833089,0.14326416826206823,0.13317310931919768,-0.0037395197562626603
776771,2025-08-12,2025,Milwaukee Brewers,Pittsburgh Pirates,2025-08-12T17:00:00+00:00,1,-0.84,179,263,3,3,0.6374672979562215,0.6307183650858329,0.5468354430379747,0.13142996005116309,0.1363689258848802,0.20535811568658865,0.004938965833717113
776772,2025-08-12,2025,New York Mets,Atlanta Braves,2025-08-12T17:00:00+00:00,1,0.41,212,171,2,3,0.538587274242743,0.5422121445356791,0.565,0.21290170349074167,0.20956972061062196,0.18922500000000006,-0.0033319828801197104
776773,2025-08-12,2025,Chicago White Sox,Detroit Tigers,2025-08-12T17:00:00+00:00,1,0.88,253,165,3,3,0.4495255349409266,0.4564237979400424,0.3834951456310679,0.303022136682073,0.2954750874459279,0.38007823546045816,-0.007547049236145131
776774,2025-08-12,2025,New York Yankees,Minnesota Twins,2025-08-12T17:00:00+00:00,1,-0.52,174,226,3,3,0.6066346625012814,0.6022551939592895,0.6829268292682927,0.1547362887454808,0.1582009307323624,0.10053539559785839,0.0034646419868816225
776775,2025-08-12,2025,St. Louis Cardinals,Colorado Rockies,2025-08-12T17:00:00+00:00,0,0.09,190,181,3,3,0.6646431007964843,0.6668807202660656,0.6192771084337348,0.44175045143636554,0.4447298950625864,0.38350413703004776,0.002979443626220879
776776,2025-08-12,2025,Baltimore Orioles,Seattle Mariners,2025-08-12T17:00:00+00:00,0,0.74,177,103,2,2,0.46205724553107896,0.46778379727522185,0.38740920096852305,0.2134968981477678,0.21882168099322585,0.15008588899506947,0.005324782845458065
776777,2025-08-12,2025,Cincinnati Reds,Philadelphia Phillies,2025-08-12T17:00:00+00:00,1,0.19,145,126,3,3,0.487511536746062,0.48815503499995805,0.41687344913151364,0.2626444249683829,0.2619852681958942,0.34003657432777745,-0.0006591567724887337
776778,2025-08-12,2025,Cleveland Guardians,Miami Marlins,2025-08-12T17:00:00+00:00,1,-0.87,113,200,2,3,0.5625092576997502,0.553831073686907,0.5429292929292929,0.19139814959842355,0.19906671080737823,0.20891363126211612,0.007668561208954677
776746,2025-08-13,2025,Texas Rangers,Arizona Diamondbacks,2025-08-13T17:00:00+00:00,0,-0.44,186,230,3,3,0.5498022390361986,0.5451538939635044,0.5725,0.3022825020492173,0.29719276810357187,0.32775625,-0.005089733945645436
776749,2025-08-13,2025,San Francisco Giants,San Diego Padres,2025-08-13T17:00:00+00:00,0,-0.15,158,173,3,3,0.5657976196052942,0.564292172438877,0.4239401496259351,0.3201269463510172,0.31842565587578725,0.17972525046486026,-0.001701290475229933
776752,2025-08-13,2025,Los Angeles Angels,Los Angeles Dodgers,2025-08-13T17:00:00+00:00,1,0.55,238,183,3,3,0.4212987374310241,0.4244266865386735,0.3551401869158879,0.33489515129892683,0.3312846391688505,0.415844178530876,-0.0036105121300763487
776753,2025-08-13,2025,Houston Astros,Boston Red Sox,2025-08-13T17:00:00+00:00,1,0.63,211,148,3,3,0.5082009706673911,0.5135745377302232,0.5866336633663367,0.2418662852524963,0.23660973034436605,0.17087172826193503,-0.005256554908130234
776754,2025-08-13,2025,Chicago White Sox,Detroit Tigers,2025-08-13T17:00:00+00:00,0,0.61,260,199,3,3,0.45301197507769114,0.45728712461428705,0.43859649122807015,0.20521984956379066,0.20911151433800249,0.1923668821175746,0.0038916647742118227
776755,2025-08-13,2025,Milwaukee Brewers,Pittsburgh Pirates,2025-08-13T17:00:00+00:00,1,-1.34,136,270,3,3,0.6467333064472626,0.6355763156121182,0.6941431670281994,0.1247973567736837,0.13280462174283844,0.0935484022755399,0.008007264969154743
776756,2025-08-13,2025,New York Mets,Atlanta Braves,2025-08-13T17:00:00+00:00,0,0.32,155,123,2,2,0.5498214274102623,0.5527148714169756,0.6416861826697892,0.30230360203945833,0.3054937290854839,0.41176115702932603,0.0031901270460255593
776757,2025-08-13,2025,Toronto Blue Jays,Chicago Cubs,2025-08-13T17:00:00+00:00,0,1.22,192,70,2,2,0.49726838180322486,0.5083839322338419,0.5468354430379747,0.2472758435411978,0.25845422255354356,0.2990290017625381,0.011178379012345752
776758,2025-08-13,2025,St. Louis Cardinals,Colorado Rockies,2025-08-13T17:00:00+00:00,0,-0.07,135,142,3,3,0.6632006038513897,0.6639913646937518,0.6756152125279643,0.4398350409488479,0.44088453238787084,0.4564559153992064,0.0010494914390229426
776759,2025-08-13,2025,Kansas City Royals,Washington Nationals,2025-08-13T17:00:00+00:00,0,0.23,184,161,3,3,0.6187209192278511,0.6216741192201175,0.6039119804400979,0.3828155758901571,0.3864787105081089,0.36470968011908117,0.003663134617951813
776760,2025-08-13,2025,New York Yankees,Minnesota Twins,2025-08-13T17:00:00+00:00,0,-1.66,133,299,3,3,0.6109321329316522,0.595683089193484,0.568922305764411,0.3732380710484179,0.3548383427510922,0.323672589996294,-0.018399728297325668
776761,2025-08-13,2025,Baltimore Orioles,Seattle Mariners,2025-08-13T17:00:00+00:00,1,-0.02,82,84,2,2,0.4646216521826356,0.4628119615607986,0.4335839598997493,0.2866299753116508,0.2885709886421569,0.32082713048284883,0.001941013330506114
776765,2025-08-13,2025,Cincinnati Reds,Philadelphia Phillies,2025-08-13T17:00:00+00:00,1,0.42,153,111,3,3,0.49712259062593983,0.5002213061868587,0.4656488549618321,0.25288568885876617,0.24977874278956966,0.2855311462036012,-0.003106946069196509
776766,2025-08-13,2025,Cleveland Guardians,Miami Marlins,2025-08-13T17:00:00+00:00,0,-0.38,112,150,2,2,0.5605756709904668,0.556710772626176,0.5505050505050506,0.31424508290641207,0.3099268843580338,0.30305581063156833,-0.0043181985483782825
776742,2025-08-14,2025,Colorado Rockies,Arizona Diamondbacks,2025-08-14T17:00:00+00:00,0,-1.04,121,225,3,3,0.3793932842334423,0.3668479636410213,0.38740920096852305,0.14393926412143754,0.13457742842756407,0.15008588899506947,-0.009361835693873471
776743,2025-08-14,2025,Washington Nationals,Philadelphia Phillies,2025-08-14T17:00:00+00:00,1,1.06,218,112,3,3,0.41803846787102616,0.42609919233626886,0.36,0.33867922487790264,0.32936213703708284,0.4096,-0.009317087840819804
776744,2025-08-14,2025,Minnesota Twins,Detroit Tigers,2025-08-14T17:00:00+00:00,0,0.15,202,187,3,3,0.47831207877432863,0.47841085661919514,0.3551401869158879,0.22878244470141956,0.22887694773111208,0.1261245523626518,9.4503029692522e-05
776745,2025-08-14,2025,Cleveland Guardians,Miami Marlins,2025-08-14T17:00:00+00:00,1,0.66,165,99,2,2,0.5501858206641241,0.5564501547626844,0.5267175572519084,0.2023327959316075,0.1967364652100466,0.2239962706136006,-0.005596330721560905
776747,2025-08-14,2025,Toronto Blue Jays,Chicago Cubs,2025-08-14T17:00:00+00:00,1,0.05,98,93,2,2,0.49168016219220545,0.4909868369617813,0.49489795918367346,0.25838905750894253,0.25909440014617213,0.25512807163681794,0.0007053426372296001
776748,2025-08-14,2025,New York Mets,Atlanta Braves,2025-08-14T17:00:00+00:00,0,-0.33,159,192,2,2,0.5520297459432735,0.5485123422325331,0.6350710900473934,0.30473684040619503,0.3008657895814195,0.4033152894139844,-0.0038710508247755127
776750,2025-08-14,2025,Baltimore Orioles,Seattle Mariners,2025-08-14T17:00:00+00:00,1,-0.17,51,68,2,2,0.46063620548846296,0.4572741548885454,0.46700507614213205,0.29091330282988354,0.29455134295194263,0.28408358885825447,0.003638040122059094
776727,2025-08-15,2025,Los Angeles Dodgers,San Diego Padres,2025-08-15T17:00:00+00:00,1,0.71,154,83,2,2,0.577774401874863,0.5848583268249256,0.6125907990314771,0.17827445571212974,0.17234260880660032,0.1500858889950694,-0.00593184690552942
776728,2025-08-15,2025,Kansas City Royals,Chicago White Sox,2025-08-15T17:00:00+00:00,1,-0.38,125,163,2,2,0.5893534427115922,0.5860018494723566,0.6183574879227054,0.1686305950128216,0.17139446864030933,0.14565100702466796,0.0027638736274877285
776729,2025-08-15,2025,San Francisco Giants,Tampa Bay Rays,2025-08-15T17:00:00+00:00,0,1.3,190,60,2,2,0.5444712342016075,0.5569987060103042,0.5417721518987342,0.2964489248730217,0.3102475584971533,0.2935170645729851,0.013798633624131584
776730,2025-08-15,2025,Colorado Rockies,Arizona Diamondbacks,2025-08-15T17:00:00+00:00,1,-0.47,155,202,3,3,0.3780498844259621,0.37081588460576903,0.36,0.3868219462625591,0.39587265106442104,0.4096,0.00905070480186193
776731,2025-08-15,2025,St. Louis Cardinals,New York Yankees,2025-08-15T17:00:00+00:00,0,0.29,125,96,2,2,0.4738493391621048,0.4752772743281203,0.44584382871536526,0.22453319622436343,0.2258884874927673,0.19877671960357596,0.0013552912684038632
776732,2025-08-15,2025,Minnesota Twins,Detroit Tigers,2025-08-15T17:00:00+00:00,0,0.34,229,195,3,3,0.4745949402111028,0.4765345941338779,0.4582278481012658,0.22524035727398026,0.22708521940633972,0.20997276077551674,0.0018448621323594594
776733,2025-08-15,2025,Houston Astros,Baltimore Orioles,2025-08-15T17:00:00+00:00,0,0.27,146,119,2,3,0.5326808813320953,0.5414127181584619,0.6659090909090909,0.28374892133673785,0.2931277313837341,0.4434349173553719,0.009378810046996255
776735,2025-08-15,2025,Toronto Blue Jays,Texas Rangers,2025-08-15T17:00:00+00:00,1,0.17,132,115,3,2,0.5966829772477221,0.592386565126046,0.5025510204081632,0.16266462084176142,0.1661487122897431,0.24745548729695963,0.0034840914479816742
776736,2025-08-15,2025,New York Mets,Seattle Mariners,2025-08-15T17:00:00+00:00,0,0.8,206,126,3,3,0.5298300763787732,0.5372150718232784,0.5279187817258882,0.2807199098355367,0.2886000333940902,0.27869824009894606,0.007880123558553498
776737,2025-08-15,2025,Chicago Cubs,Pittsburgh Pirates,2025-08-15T17:00:00+00:00,0,-0.91,109,200,3,2,0.7048592712806069,0.6935853369580334,0.6318289786223278,0.4968265923102282,0.4810606196431887,0.39920785822693394,-0.015765972667039496
776738,2025-08-15,2025,Cleveland Guardians,Atlanta Braves,2025-08-15T17:00:00+00:00,0,0.07,218,211,3,3,0.4978848525056557,0.4974888297356296,0.5139949109414759,0.2478893263545785,0.24749513571172624,0.2641907684737357,-0.00039419064285226013
776739,2025-08-15,2025,Washington Nationals,Philadelphia Phillies,2025-08-15T17:00:00+00:00,0,0.92,200,108,3,3,0.4164663159861239,0.4231240059499027,0.36904761904761907,0.173444192351054,0.17903392441109328,0.13619614512471656,0.005589732060039293
776740,2025-08-15,2025,Cincinnati Reds,Milwaukee Brewers,2025-08-15T17:00:00+00:00,0,-0.44,94,138,2,2,0.4672219845693317,0.461266234636246,0.43969849246231163,0.21829638286490485,0.21276653921550034,0.19333476427362953,-0.005529843649404509
776741,2025-08-15,2025,Boston Red Sox,Miami Marlins,2025-08-15T17:00:00+00:00,1,-0.86,65,151,2,3,0.5552572720830155,0.5530976907986521,0.5945945945945945,0.19779609403504095,0.19972167396949714,0.16435354273192118,0.0019255799344561897
776711,2025-08-16,2025,San Francisco Giants,Tampa Bay Rays,2025-08-16T17:00:00+00:00,0,0.7,223,153,2,2,0.544942649690999,0.5515350425691188,0.5253807106598984,0.2969624914522469,0.30419090318171965,0.27602489113349993,0.00722841172947275
776712,2025-08-16,2025,Kansas City Royals,Chicago White Sox,2025-08-16T17:00:00+00:00,1,0.13,113,100,2,2,0.5903445360791447,0.5919569716803137,0.5628140703517588,0.16781759912021116,0.16649911296030032,0.1911315370823969,-0.0013184861599108422
776713,2025-08-16,2025,St. Louis Cardinals,New York Yankees,2025-08-16T17:00:00+00:00,0,0.07,137,130,2,2,0.471187042285787,0.47037545496887484,0.42750000000000005,0.22201722881802805,0.221253068637176,0.18275625000000004,-0.0007641601808520415
776715,2025-08-16,2025,Colorado Rockies,Arizona Diamondbacks,2025-08-16T17:00:00+00:00,1,0.52,188,136,3,3,0.3805820309685186,0.3826964353561949,0.4044117647058823,0.38367862035908523,0.3810636909219485,0.3547253460207614,-0.0026149294371367593
776716,2025-08-16,2025,Minnesota Twins,Detroit Tigers,2025-08-16T17:00:00+00:00,0,0.23,185,162,3,3,0.4713242553539188,0.4721125778811254,0.5076530612244898,0.22214655368492606,0.22289028619356166,0.2577116305705956,0.0007437325086356028
776717,2025-08-16,2025,Los Angeles Dodgers,San Diego Padres,2025-08-16T17:00:00+00:00,1,-0.07,130,137,2,2,0.5775108959776175,0.576981190652876,0.5292620865139949,0.17849704301763553,0.17894491306145843,0.22159418319315766,0.00044787004382290663
776719,2025-08-16,2025,Chicago Cubs,Pittsburgh Pirates,2025-08-16T17:00:00+00:00,1,-0.63,109,172,3,2,0.6382693838227148,0.6334956251581008,0.6621004566210046,0.13084903867999842,0.1343254567782514,0.1141761014157336,0.00347641809825297
776720,2025-08-16,2025,Cleveland Guardians,Atlanta Braves,2025-08-16T17:00:00+00:00,0,0.28,214,186,3,3,0.49212059287008225,0.4937380376864908,0.49489795918367346,0.24218267792680126,0.24377724985850663,0.24492399000416493,0.0015945719317053686
776721,2025-08-16,2025,Cincinnati Reds,Milwaukee Brewers,2025-08-16T17:00:00+00:00,0,-0.62,159,221,2,2,0.4670964725468017,0.45934693085133843,0.47959183673469385,0.21817911466566509,0.2109996028825443,0.23000832986255726,-0.00717951178312079
776722,2025-08-16,2025,Houston Astros,Baltimore Orioles,2025-08-16T17:00:00+00:00,1,-0.24,82,106,2,3,0.5902839116095433,0.5883087816162947,0.5639097744360902,0.16786727308597651,0.1694896592942597,0.19017468483238167,0.001622386208283172
776723,2025-08-16,2025,Toronto Blue Jays,Texas Rangers,2025-08-16T17:00:00+00:00,1,0.07,122,115,3,2,0.5291130947237627,0.5292060039176318,0.5911330049261084,0.2217344775606321,0.2216469867472049,0.16717221966075368,-8.74908134272101e-05
776724,2025-08-16,2025,Boston Red Sox,Miami Marlins,2025-08-16T17:00:00+00:00,1,-0.93,46,139,2,3,0.626027590405426,0.6181604204714787,0.6192771084337348,0.13985536313797184,0.14580146449451795,0.1449499201625781,0.005946101356546107
776725,2025-08-16,2025,Washington Nationals,Philadelphia Phillies,2025-08-16T17:00:00+00:00,1,0.52,186,134,3,3,0.41791700646136254,0.42069209929882484,0.4422110552763819,0.33882061136690145,0.33559764381480267,0.31112850685588755,-0.0032229675520987766
776726,2025-08-16,2025,New York Mets,Seattle Mariners,2025-08-16T17:00:00+00:00,1,0.69,222,153,3,3,0.5281165405777165,0.5343813528900668,0.4885496183206107,0.22267399927634188,0.21680072453648447,0.261581492919993,-0.005873274739857409
776697,2025-08-17,2025,Los Angeles Dodgers,San Diego Padres,2025-08-17T17:00:00+00:00,1,-0.69,107,176,2,2,0.5839811616164833,0.5775041300958385,0.547979797979798,0.1730716738899706,0.17850276008607419,0.20432226303438422,0.0054310861961035795
776698,2025-08-17,2025,St. Louis Cardinals,New York Yankees,2025-08-17T17:00:00+00:00,0,0.53,173,120,2,2,0.4661303612851691,0.46983010429728017,0.4054054054054054,0.21727751371184229,0.22074032690399317,0.16435354273192107,0.0034628131921508876
776700,2025-08-17,2025,Minnesota Twins,Detroit Tigers,2025-08-17T17:00:00+00:00,1,0.96,281,185,3,3,0.4678444600632226,0.4758689627347371,0.457070707070707,0.28318951868540315,0.2747133442247604,0.29477221712070206,-0.00847617446064275
776701,2025-08-17,2025,Colorado Rockies,Arizona Diamondbacks,2025-08-17T17:00:00+00:00,1,0.94,208,114,3,3,0.38431033427931566,0.3904898350972998,0.43500000000000005,0.379073764475248,0.37150264111971676,0.3192249999999999,-0.0075711233555312285
776702,2025-08-17,2025,Kansas City Royals,Chicago White Sox,2025-08-17T17:00:00+00:00,1,0.18,124,106,2,2,0.594007643651276,0.5961552371445275,0.6014669926650367,0.16482979341358928,0.16309059248579286,0.15882855793544995,-0.0017392009277964193
776703,2025-08-17,2025,San Francisco Giants,Tampa Bay Rays,2025-08-17T17:00:00+00:00,1,-0.44,133,177,2,2,0.5369327030648237,0.5320624088401618,0.5392405063291139,0.21443132149085078,0.21896558922047193,0.21229931100785132,0.00453426772962115
776704,2025-08-17,2025,Chicago Cubs,Pittsburgh Pirates,2025-08-17T17:00:00+00:00,1,-0.01,106,107,3,2,0.6393661178880418,0.6403579067001106,0.6309523809523809,0.13005679692714178,0.12934243527312633,0.13619614512471656,-0.0007143616540154496
776705,2025-08-17,2025,Houston Astros,Baltimore Orioles,2025-08-17T17:00:00+00:00,0,-1.13,128,241,2,3,0.5894566973141891,0.5787970887475562,0.547979797979798,0.34745919800855163,0.3350060699426464,0.30028185899398024,-0.012453128065905206
776706,2025-08-17,2025,Cleveland Guardians,Atlanta Braves,2025-08-17T17:00:00+00:00,0,0.75,176,101,3,3,0.4798750506836032,0.4860027987626357,0.5089058524173028,0.23028006426859074,0.23619872040511497,0.2589851666245816,0.005918656136524231
776707,2025-08-17,2025,New York Mets,Seattle Mariners,2025-08-17T17:00:00+00:00,1,0.37,190,153,3,3,0.5338649883020151,0.5370226732406846,0.46446700507614214,0.2172818491306805,0.21434800509320187,0.2867955886521168,-0.0029338440374786223
776709,2025-08-17,2025,Cincinnati Reds,Milwaukee Brewers,2025-08-17T17:00:00+00:00,1,-0.12,192,204,2,2,0.4698239040141472,0.46709539265216937,0.5343511450381679,0.2810866927548002,0.28398732053254555,0.2168288561272653,0.002900627777745357
776710,2025-08-17,2025,Toronto Blue Jays,Texas Rangers,2025-08-17T17:00:00+00:00,0,-0.21,138,159,3,2,0.5380653640710121,0.5355078956440693,0.5216284987277354,0.28951433601287085,0.2867687062971394,0.27209629068495106,-0.0027456297157314458
776714,2025-08-17,2025,Boston Red Sox,Miami Marlins,2025-08-17T17:00:00+00:00,0,-1.13,57,170,2,3,0.626978535722513,0.6172423289147088,0.6921397379912664,0.3931020842567466,0.38098809260405353,0.47905741690661885,-0.012113991652693057
776681,2025-08-18,2025,Los Angeles Angels,Cincinnati Reds,2025-08-18T17:00:00+00:00,0,0.04,239,235,3,3,0.46026643218259855,0.4589881500474292,0.48600508905852424,0.2118451885940986,0.2106701218839614,0.23620094659078408,-0.0011750667101372014
776682,2025-08-18,2025,Arizona Diamondbacks,Cleveland Guardians,2025-08-18T17:00:00+00:00,0,-0.63,141,204,3,3,0.5710550526059046,0.5649140973713082,0.5153061224489797,0.3261038731067325,0.3191279374088398,0.26554039983340283,-0.006975935697892677
776683,2025-08-18,2025,San Diego Padres,San Francisco Giants,2025-08-18T17:00:00+00:00,0,0.64,231,167,3,3,0.5060222330681432,0.5114627697413618,0.5725,0.25605850035927025,0.2615941648315053,0.32775625,0.00553566447223508
776688,2025-08-18,2025,Miami Marlins,St. Louis Cardinals,2025-08-18T17:00:00+00:00,0,-1.04,144,248,3,3,0.5024271079388839,0.4909818870071608,0.565,0.2524329987918309,0.2410632133691124,0.3192249999999999,-0.011369785422718492
776689,2025-08-18,2025,Philadelphia Phillies,Seattle Mariners,2025-08-18T17:00:00+00:00,1,0.36,178,142,3,3,0.5502619326879754,0.5535579339756054,0.5076530612244898,0.20226432918955517,0.19931051831612992,0.24240550812161596,-0.00295381087342525
776690,2025-08-18,2025,Kansas City Royals,Texas Rangers,2025-08-18T17:00:00+00:00,1,-0.28,180,208,3,3,0.5155011540946896,0.5118769326174583,0.5454545454545454,0.23473913168357777,0.2382641289109414,0.20661157024793392,0.00352499722736363
776692,2025-08-18,2025,Detroit Tigers,Houston Astros,2025-08-18T17:00:00+00:00,1,-0.96,171,267,3,3,0.5493263556003698,0.5394966922190888,0.5760598503740648,0.20310673375644434,0.21206329647716063,0.17972525046486032,0.008956562720716293
776693,2025-08-18,2025,Colorado Rockies,Los Angeles Dodgers,2025-08-18T17:00:00+00:00,1,0.39,227,188,3,3,0.3370027774226741,0.33717760568119576,0.2755102040816327,0.4395653171452483,0.4393335264105125,0.5248854643898376,-0.00023179073473583722
776694,2025-08-18,2025,Pittsburgh Pirates,Toronto Blue Jays,2025-08-18T17:00:00+00:00,1,0.1,204,194,3,3,0.45771993046897425,0.4569995620944226,0.5076530612244898,0.2940676738105741,0.29484947556564883,0.24240550812161596,0.0007818017550747514
776695,2025-08-18,2025,Boston Red Sox,Baltimore Orioles,2025-08-18T17:00:00+00:00,0,-1.06,97,203,3,3,0.6076330423098637,0.5980821612467453,0.5292620865139949,0.3692179141067406,0.35770227160157786,0.2801183562211474,-0.011515642505162738
776696,2025-08-18,2025,Atlanta Braves,Chicago White Sox,2025-08-18T17:00:00+00:00,0,0.05,163,158,3,3,0.6009031774331803,0.6018983551943963,0.6488372093023256,0.3610846286492922,0.3622816299857196,0.42098972417522984,0.0011970013364274168
777459,2025-08-18,2025,Chicago Cubs,Milwaukee Brewers,2025-08-18T17:00:00+00:00,0,-0.77,174,251,3,3,0.5172224737398685,0.5087190261925848,0.5139949109414759,0.26751908734158897,0.2587950476103318,0.2641907684737357,-0.008724039731257183
776667,2025-08-19,2025,San Diego Padres,San Francisco Giants,2025-08-19T17:00:00+00:00,1,0.53,167,114,3,3,0.501681534681148,0.5059534663600153,0.6621004566210046,0.24832129287773594,0.24408197740168458,0.1141761014157336,-0.0042393154760513585
776668,2025-08-19,2025,Los Angeles Angels,Cincinnati Reds,2025-08-19T17:00:00+00:00,0,0.15,208,193,3,3,0.46089815708970855,0.4607246152142232,0.4531645569620253,0.21242711120868965,0.21226717106429402,0.20535811568658865,-0.00015994014439563164
776671,2025-08-19,2025,Colorado Rockies,Los Angeles Dodgers,2025-08-19T17:00:00+00:00,0,1.0,246,146,3,3,0.3420976109793412,0.34787892044512236,0.28721174004192873,0.11703077543777268,0.12101974329006378,0.08249058361791245,0.003988967852291095
776672,2025-08-19,2025,Arizona Diamondbacks,Cleveland Guardians,2025-08-19T17:00:00+00:00,1,-0.67,147,214,3,3,0.5691510298787811,0.5625793119925403,0.530456852791878,0.185630835054515,0.1913368582969194,0.2204707670901081,0.005706023242404407
776675,2025-08-19,2025,Kansas City Royals,Texas Rangers,2025-08-19T17:00:00+00:00,1,-0.2,187,207,3,3,0.5163697305830804,0.5135604418702373,0.5051020408163266,0.2338982374962822,0.2366234437134788,0.24492399000416487,0.002725206217196602
776676,2025-08-19,2025,Chicago Cubs,Milwaukee Brewers,2025-08-19T17:00:00+00:00,1,0.74,238,164,3,3,0.5151422253020302,0.5217201517066891,0.5796019900497512,0.2350870616850672,0.22875161328347252,0.17673448677012948,-0.0063354484015946955
776677,2025-08-19,2025,Tampa Bay Rays,New York Yankees,2025-08-19T17:00:00+00:00,0,-0.14,108,122,2,2,0.5034957531074873,0.5010835670032167,0.46329113924050636,0.2535079733972758,0.25108474112066714,0.21463867969876624,-0.002423232276608678
776678,2025-08-19,2025,Washington Nationals,New York Mets,2025-08-19T17:00:00+00:00,0,0.08,142,134,2,2,0.437076901704421,0.43584436307786445,0.35597189695550346,0.1910362180035361,0.18996030882674933,0.12671599142209958,-0.0010759091767867657
776679,2025-08-19,2025,Pittsburgh Pirates,Toronto Blue Jays,2025-08-19T17:00:00+00:00,0,-0.31,172,203,3,3,0.4630463834943951,0.4583261680320959,0.4158415841584158,0.21441195326723841,0.210062876302985,0.17292422311538083,-0.004349076964253407
776680,2025-08-19,2025,Philadelphia Phillies,Seattle Mariners,2025-08-19T17:00:00+00:00,1,-0.12,171,183,3,3,0.552319727126215,0.5508903928143737,0.6558891454965358,0.20041762672034658,0.20169943926642758,0.11841228018710433,0.001281812546081007
776684,2025-08-19,2025,Boston Red Sox,Baltimore Orioles,2025-08-19T17:00:00+00:00,0,-0.87,147,234,3,3,0.6051729555814165,0.5973959517108062,0.5566750629722922,0.3662343061671471,0.35688192312045985,0.3098871257352055,-0.00935238304668723
776685,2025-08-19,2025,Detroit Tigers,Houston Astros,2025-08-19T17:00:00+00:00,1,-1.61,132,293,3,3,0.5597172755895389,0.5436363489576301,0.5911330049261084,0.19384887741429807,0.20826778199272195,0.16717221966075368,0.014418904578423875
776686,2025-08-19,2025,Miami Marlins,St. Louis Cardinals,2025-08-19T17:00:00+00:00,0,-0.34,183,217,3,3,0.49662863351150627,0.4921056871513211,0.568922305764411,0.246639999623506,0.2421680073266739,0.323672589996294,-0.004471992296832095
776687,2025-08-19,2025,Atlanta Braves,Chicago White Sox,2025-08-19T17:00:00+00:00,1,0.35,251,216,3,3,0.5896325694253524,0.5933638356163367,0.5945945945945945,0.16840142807643826,0.16535297018465767,0.16435354273192118,-0.0030484578917805982
776691,2025-08-19,2025,Chicago Cubs,Milwaukee Brewers,2025-08-19T17:00:00+00:00,1,0.74,238,164,3,3,0.5151422253020302,0.5217201517066891,0.4885496183206107,0.2350870616850672,0.22875161328347252,0.261581492919993,-0.0063354484015946955
776652,2025-08-20,2025,Los Angeles Angels,Cincinnati Reds,2025-08-20T17:00:00+00:00,1,0.1,169,159,3,3,0.46072349134925705,0.4600494257901345,0.5577889447236182,0.29081915278253484,0.29154662258956343,0.19555061740865123,0.0007274698070285912
776656,2025-08-20,2025,San Diego Padres,San Francisco Giants,2025-08-20T17:00:00+00:00,1,-0.09,148,157,3,3,0.510400085567014,0.5085975350210956,0.5796019900497512,0.23970807621278722,0.24147638258734336,0.17673448677012948,0.0017683063745561334
776658,2025-08-20,2025,Arizona Diamondbacks,Cleveland Guardians,2025-08-20T17:00:00+00:00,1,-0.26,144,170,3,3,0.575041565191451,0.5726098979951127,0.5102040816326531,0.18058967131493178,0.18266229929174793,0.23990004164931278,0.0020726279768161493
776659,2025-08-20,2025,Washington Nationals,New York Mets,2025-08-20T17:00:00+00:00,1,0.82,175,93,2,2,0.43029966936869757,0.4362452246549836,0.39853300733496333,0.3245584667214153,0.3178194467243099,0.36176254326552326,-0.006739019997105411
776660,2025-08-20,2025,Colorado Rockies,Los Angeles Dodgers,2025-08-20T17:00:00+00:00,1,1.57,286,129,3,3,0.33948101600651415,0.35038172539511686,0.2654690618762475,0.4362853282157868,0.42200390270062527,0.5395356990609599,-0.014281425515161539
776662,2025-08-20,2025,Philadelphia Phillies,Seattle Mariners,2025-08-20T17:00:00+00:00,1,0.07,197,190,3,3,0.5589665150743448,0.5595228424788238,0.568922305764411,0.19451053482566813,0.19402012629793508,0.18582797846747193,-0.0004904085277330494
776663,2025-08-20,2025,Chicago Cubs,Milwaukee Brewers,2025-08-20T17:00:00+00:00,1,1.45,310,165,4,4,0.5193746187017606,0.5331027327393817,0.4783715012722647,0.231000757148078,0.21799305817543324,0.27209629068495095,-0.013007698972644754
776664,2025-08-20,2025,Tampa Bay Rays,New York Yankees,2025-08-20T17:00:00+00:00,0,0.46,155,109,2,2,0.49352191158115916,0.49696474237365623,0.5267175572519084,0.24356387721072148,0.2469739551625145,0.2774313851174174,0.003410077951793017
776666,2025-08-20,2025,Kansas City Royals,Texas Rangers,2025-08-20T17:00:00+00:00,0,-0.17,145,162,3,3,0.5182449027027972,0.5157659215470769,0.5516372795969774,0.26857777917743175,0.2660144858293055,0.30430368824115384,-0.002563293348126272
776669,2025-08-20,2025,Atlanta Braves,Chicago White Sox,2025-08-20T17:00:00+00:00,1,0.87,273,186,3,3,0.5896685268315236,0.5984184718631,0.635933806146572,0.16837191787261208,0.16126772374076778,0.1325441935069218,-0.007104194131844294
776670,2025-08-20,2025,Miami Marlins,St. Louis Cardinals,2025-08-20T17:00:00+00:00,1,-0.03,163,166,3,3,0.49336263917643336,0.4918942300648061,0.5329949238578681,0.2566814153822688,0.25817147344143615,0.21809374114251845,0.001490058059167354
776673,2025-08-20,2025,Detroit Tigers,Houston Astros,2025-08-20T17:00:00+00:00,1,-1.62,109,271,3,3,0.5602896086299134,0.5441221709571777,0.49744897959183665,0.19334522827883474,0.20782459501279668,0.25255752811328624,0.01447936673396194
776631,2025-08-21,2025,Tampa Bay Rays,St. Louis Cardinals,2025-08-21T17:00:00+00:00,0,0.22,180,158,2,3,0.5615234740221102,0.5635982055294498,0.48600508905852424,0.3153086118778595,0.317642937276016,0.23620094659078408,0.002334325398156478
776642,2025-08-21,2025,San Diego Padres,San Francisco Giants,2025-08-21T17:00:00+00:00,1,-0.7,139,209,3,3,0.5194887730128924,0.5117239810869074,0.6294536817102138,0.23089103926065563,0.23841347064561874,0.13730457399811558,0.007522431384963113
776644,2025-08-21,2025,Colorado Rockies,Los Angeles Dodgers,2025-08-21T17:00:00+00:00,0,1.14,220,106,3,3,0.3456023255306051,0.35274660258402707,0.3386727688787185,0.11944096741216234,0.12443016563457353,0.11469924437997787,0.004989198222411187
776650,2025-08-21,2025,Washington Nationals,New York Mets,2025-08-21T17:00:00+00:00,1,0.59,103,44,2,2,0.4331306723156353,0.43686070906887753,0.4545454545454545,0.32134083466932367,0.3171258609904074,0.29752066115702486,-0.004214973678916267
776651,2025-08-21,2025,Chicago Cubs,Milwaukee Brewers,2025-08-21T17:00:00+00:00,0,1.12,281,169,4,4,0.5188100647907102,0.52923728099629,0.5664160401002506,0.26916388332814095,0.280092099596346,0.32082713048284867,0.01092821626820506
776654,2025-08-21,2025,New York Yankees,Boston Red Sox,2025-08-21T17:00:00+00:00,0,-0.5,124,174,2,2,0.617524077233698,0.6072448714736788,0.57,0.3813359859633302,0.36874633393108464,0.32489999999999997,-0.012589652032245546
776655,2025-08-21,2025,Baltimore Orioles,Houston Astros,2025-08-21T17:00:00+00:00,0,-0.31,137,168,2,3,0.42393956334475924,0.42516817600720863,0.5279187817258882,0.17972475336894514,0.18076797788929674,0.27869824009894606,0.0010432245203516044
776657,2025-08-21,2025,Kansas City Royals,Texas Rangers,2025-08-21T17:00:00+00:00,1,-0.37,169,206,3,3,0.517821811865564,0.5133338817731599,0.5153061224489797,0.2324958051126076,0.23684391062998075,0.2349281549354435,0.004348105517373163
776633,2025-08-22,2025,Tampa Bay Rays,St. Louis Cardinals,2025-08-22T17:00:00+00:00,1,0.57,233,176,3,3,0.5595778023493103,0.5650745211738434,0.565,0.19397171218346318,0.1891601721321616,0.18922500000000006,-0.004811540051301577
776634,2025-08-22,2025,Milwaukee Brewers,San Francisco Giants,2025-08-22T17:00:00+00:00,1,-0.15,213,228,4,3,0.5832111291431799,0.5819927045558695,0.6014669926650367,0.1737129628701031,0.1747300990445166,0.15882855793544995,0.0010171361744135132
776635,2025-08-22,2025,Arizona Diamondbacks,Cincinnati Reds,2025-08-22T17:00:00+00:00,1,0.07,94,87,2,2,0.5287828503671911,0.5288705980832595,0.5541561712846348,0.22204560210806903,0.22196291335042556,0.1987767196035759,-8.268875764347317e-05
776636,2025-08-22,2025,San Diego Padres,Los Angeles Dodgers,2025-08-22T17:00:00+00:00,1,-0.22,140,162,3,3,0.4897568129550201,0.4863299660837561,0.4720812182741116,0.2603481099258184,0.26385690374351517,0.27869824009894617,0.0035087938176967537
776637,2025-08-22,2025,Pittsburgh Pirates,Colorado Rockies,2025-08-22T17:00:00+00:00,1,-1.1,129,239,2,3,0.5584944813676892,0.5540134490192755,0.635933806146572,0.19492712298278575,0.19890400365568237,0.1325441935069218,0.0039768806728966155
776639,2025-08-22,2025,Chicago White Sox,Minnesota Twins,2025-08-22T17:00:00+00:00,0,-1.46,80,226,2,3,0.4447534533884646,0.43496421556333686,0.4520202020202021,0.19780563430096518,0.18919386882062897,0.2043222630343843,-0.008611765480336209
776640,2025-08-22,2025,Los Angeles Angels,Chicago Cubs,2025-08-22T17:00:00+00:00,0,-1.33,69,202,2,4,0.34994991923464047,0.3407392578079756,0.4307304785894207,0.12246494597233139,0.11610324181153006,0.1855287451858714,-0.006361704160801326
776641,2025-08-22,2025,Texas Rangers,Cleveland Guardians,2025-08-22T17:00:00+00:00,1,1.61,225,64,3,2,0.6578218361556704,0.6676531411400511,0.5841584158415841,0.1170858958118769,0.11045443459407477,0.1729242231153809,-0.006631461217802129
776643,2025-08-22,2025,Baltimore Orioles,Houston Astros,2025-08-22T17:00:00+00:00,0,-0.01,149,150,2,3,0.48610675948960047,0.4847259810834275,0.5089058524173028,0.23629978162148027,0.23495927673729133,0.2589851666245816,-0.0013405048841889367
776645,2025-08-22,2025,Atlanta Braves,New York Mets,2025-08-22T17:00:00+00:00,0,-0.25,89,114,2,3,0.450859644093186,0.45312508670692947,0.5190839694656489,0.20327441867183438,0.20532234420316234,0.26944816735621474,0.00204792553132796
776646,2025-08-22,2025,Miami Marlins,Toronto Blue Jays,2025-08-22T17:00:00+00:00,0,-0.05,88,93,2,2,0.4587023067135302,0.4565051834208666,0.39172749391727496,0.2104078061843135,0.20839698249011906,0.1534504294907087,-0.002010823694194447
776647,2025-08-22,2025,New York Yankees,Boston Red Sox,2025-08-22T17:00:00+00:00,0,0.3,209,179,3,2,0.5481770711425622,0.5508484379149499,0.6211031175059952,0.30049810132643767,0.3034340015533404,0.3857690825756661,0.00293590022690271
776648,2025-08-22,2025,Philadelphia Phillies,Washington Nationals,2025-08-22T17:00:00+00:00,0,-0.94,87,181,2,3,0.5781511593044851,0.5755912298994547,0.6276849642004773,0.33425876300512014,0.33130526393716686,0.3939884142833544,-0.00295349906795328
776649,2025-08-22,2025,Detroit Tigers,Kansas City Royals,2025-08-22T17:00:00+00:00,1,-0.97,84,181,2,3,0.4891982311406883,0.4848763770463365,0.57356608478803,0.2609184470698017,0.2653523469249081,0.18184588404300966,0.0044338998551063935
776617,2025-08-23,2025,San Diego Padres,Los Angeles Dodgers,2025-08-23T17:00:00+00:00,1,0.09,156,147,3,3,0.4949918121084355,0.4947509092517315,0.4483627204030227,0.25503326983752167,0.2552766437019521,0.30430368824115367,0.00024337386443040732
776618,2025-08-23,2025,Los Angeles Angels,Chicago Cubs,2025-08-23T17:00:00+00:00,0,-0.41,95,136,2,3,0.4147726012449836,0.40845726867872845,0.4325,0.17203631074353018,0.16683734033648695,0.18705625,-0.00519897040704323
776619,2025-08-23,2025,Chicago White Sox,Minnesota Twins,2025-08-23T17:00:00+00:00,1,-1.06,125,231,2,3,0.5097497843223023,0.4982190499169512,0.5051020408163266,0.24034527397202907,0.2517841218662471,0.24492399000416487,0.011438847894218035
776621,2025-08-23,2025,Milwaukee Brewers,San Francisco Giants,2025-08-23T17:00:00+00:00,0,-0.4,186,226,3,3,0.5874790606755483,0.5838988108355445,0.568922305764411,0.34513164673222463,0.340937821295163,0.323672589996294,-0.004193825437061649
776622,2025-08-23,2025,Arizona Diamondbacks,Cincinnati Reds,2025-08-23T17:00:00+00:00,1,-0.3,99,129,2,2,0.5291459680096321,0.525543441479721,0.47582697201017815,0.2217035194415864,0.22510902592290694,0.2747573632720185,0.0034055064813205416
776623,2025-08-23,2025,Texas Rangers,Cleveland Guardians,2025-08-23T17:00:00+00:00,1,1.47,215,68,3,2,0.5903113747244164,0.6048284267542562,0.5267175572519084,0.16784476968019754,0.15616057230151625,0.2239962706136006,-0.011684197378681288
776625,2025-08-23,2025,Detroit Tigers,Kansas City Royals,2025-08-23T17:00:00+00:00,1,-1.14,101,215,2,3,0.5590612567182772,0.5476359158917785,0.5241730279898218,0.19442697532686504,0.2046332645910701,0.2264113072923749,0.010206289264205054
776626,2025-08-23,2025,Atlanta Braves,New York Mets,2025-08-23T17:00:00+00:00,0,-0.16,138,154,2,3,0.5152961800253268,0.5128702440561843,0.47715736040609136,0.26553015314869405,0.26303588723825005,0.22767914658970856,-0.0024942659104439935
776627,2025-08-23,2025,New York Yankees,Boston Red Sox,2025-08-23T17:00:00+00:00,0,1.05,207,102,3,2,0.544497844414479,0.5545519910673101,0.4783715012722647,0.2964779025720142,0.307527910796718,0.22883929322948032,0.011050008224703811
776628,2025-08-23,2025,Philadelphia Phillies,Washington Nationals,2025-08-23T17:00:00+00:00,1,-0.56,111,167,2,3,0.6451169515858193,0.641135697500418,0.6969696969696969,0.12594197805174173,0.1287835876085115,0.09182736455463732,0.002841609556769764
776629,2025-08-23,2025,Baltimore Orioles,Houston Astros,2025-08-23T17:00:00+00:00,0,-0.6,113,173,2,3,0.48415042066575475,0.4768377893067909,0.5190839694656489,0.2344016298308273,0.2273742773109875,0.26944816735621474,-0.007027352519839797
776630,2025-08-23,2025,Miami Marlins,Toronto Blue Jays,2025-08-23T17:00:00+00:00,0,-0.25,76,101,2,2,0.46138877235221415,0.4572418799171546,0.4408060453400503,0.2128795992526833,0.2090701367501736,0.1943099696083345,-0.003809462502509686
776632,2025-08-23,2025,Pittsburgh Pirates,Colorado Rockies,2025-08-23T17:00:00+00:00,1,-1.22,82,204,2,3,0.6295408444761409,0.6190211607506987,0.6225961538461539,0.13723998591145084,0.14514487595574496,0.14243366309171596,0.007904890044294122
776603,2025-08-24,2025,San Diego Padres,Los Angeles Dodgers,2025-08-24T17:00:00+00:00,0,0.09,152,143,3,3,0.49812829664231983,0.497936461819833,0.49744897959183665,0.248131799915779,0.24794072000965398,0.24745548729695951,-0.00019107990612501902
776605,2025-08-24,2025,Los Angeles Angels,Chicago Cubs,2025-08-24T17:00:00+00:00,0,0.15,140,125,2,3,0.40635258081647513,0.40534507596433145,0.4483627204030227,0.16512241993620996,0.16430463060852962,0.20102912904719913,-0.0008177893276803405
776607,2025-08-24,2025,Chicago White Sox,Minnesota Twins,2025-08-24T17:00:00+00:00,1,-0.62,143,205,2,3,0.5088268165531004,0.5016897331877889,0.48346055979643765,0.24125109613736173,0.24831312201045705,0.26681299328580954,0.007062025873095318
776608,2025-08-24,2025,Milwaukee Brewers,San Francisco Giants,2025-08-24T17:00:00+00:00,0,0.42,225,183,3,3,0.5890523753056336,0.5934532347889456,0.5541561712846348,0.34698270085320904,0.3521867418814634,0.3070890621728455,0.005204041028254391
776609,2025-08-24,2025,Arizona Diamondbacks,Cincinnati Reds,2025-08-24T17:00:00+00:00,0,0.07,177,170,2,2,0.5387777624605605,0.53902146795135,0.5417721518987342,0.2902814773220082,0.2905441429124282,0.2935170645729851,0.00026266559041998594
776611,2025-08-24,2025,Texas Rangers,Cleveland Guardians,2025-08-24T17:00:00+00:00,1,0.54,145,91,3,2,0.5977821448436099,0.6034397269662045,0.5392405063291139,0.16177920300660678,0.15726005014863842,0.21229931100785132,-0.0045191528579683615
776612,2025-08-24,2025,Baltimore Orioles,Houston Astros,2025-08-24T17:00:00+00:00,1,-0.96,157,253,3,3,0.4829366964760392,0.47200953655453803,0.5468354430379747,0.2673544598511116,0.2787739294893537,0.20535811568658865,0.011419469638242086
776613,2025-08-24,2025,Philadelphia Phillies,Washington Nationals,2025-08-24T17:00:00+00:00,1,-0.56,108,164,2,3,0.6472573243495852,0.6433204254253184,0.6934782608695652,0.12442739522501377,0.12722031891877583,0.09395557655954631,0.0027929236937620644
776614,2025-08-24,2025,Miami Marlins,Toronto Blue Jays,2025-08-24T17:00:00+00:00,1,0.25,159,134,2,2,0.45980749280548405,0.46061248679866756,0.4593908629441624,0.29180794482909717,0.2909388893975175,0.2922582390682574,-0.0008690554315796684
776615,2025-08-24,2025,Detroit Tigers,Kansas City Royals,2025-08-24T17:00:00+00:00,0,-0.57,114,171,2,3,0.5631270242541816,0.5574292059741681,0.5866336633663367,0.31711204544536964,0.31072731967299155,0.34413905499460845,-0.006384725772378086
776616,2025-08-24,2025,New York Yankees,Boston Red Sox,2025-08-24T17:00:00+00:00,1,0.99,230,131,3,3,0.5333142769842873,0.5426367774922671,0.5955882352941176,0.21779556406669848,0.20918111730265795,0.16354887543252597,-0.008614446764040523
776624,2025-08-24,2025,Atlanta Braves,New York Mets,2025-08-24T17:00:00+00:00,1,0.18,194,176,2,3,0.5092605482225909,0.510144345750396,0.43969849246231163,0.240825209530792,0.23995856200030755,0.31393777934900624,-0.0008666475304844601
776589,2025-08-25,2025,St. Louis Cardinals,Pittsburgh Pirates,2025-08-25T17:00:00+00:00,1,-0.09,151,160,2,3,0.5510258490319582,0.5498730874756098,0.5468354430379747,0.20157778823747402,0.20261423737874001,0.20535811568658865,0.0010364491412659937
776592,2025-08-25,2025,Texas Rangers,Los Angeles Angels,2025-08-25T17:00:00+00:00,0,-1.36,79,215,3,3,0.6218369551127675,0.6097770161321191,0.6135265700483092,0.386681198743918,0.37182800940299066,0.3764148521552429,-0.01485318934092733
776593,2025-08-25,2025,Milwaukee Brewers,Arizona Diamondbacks,2025-08-25T17:00:00+00:00,1,-0.02,225,227,3,3,0.5919329090572907,0.5921171540815118,0.616504854368932,0.1665187507104454,0.1663684159945652,0.14706852672259407,-0.00015033471588019043
776594,2025-08-25,2025,Los Angeles Dodgers,Cincinnati Reds,2025-08-25T17:00:00+00:00,1,-1.1,102,212,3,3,0.5681161511128867,0.5572771420874109,0.5603015075376885,0.1865236589295469,0.1960035289182906,0.19333476427362942,0.0094798699887437
776595,2025-08-25,2025,Seattle Mariners,San Diego Padres,2025-08-25T17:00:00+00:00,1,-0.26,141,167,3,3,0.5352960077915404,0.5321942824810221,0.530456852791878,0.21594980037448008,0.21884218934344576,0.2204707670901081,0.002892388968965681
776596,2025-08-25,2025,Toronto Blue Jays,Minnesota Twins,2025-08-25T17:00:00+00:00,1,-0.12,172,184,3,3,0.5917794246304919,0.5909929092125616,0.565,0.16664403815501222,0.16728680031440385,0.18922500000000006,0.00064276215939163
776597,2025-08-25,2025,New York Yankees,Washington Nationals,2025-08-25T17:00:00+00:00,1,0.19,200,181,3,3,0.6488364424206888,0.6517849510908149,0.6734234234234234,0.12331584417175818,0.12125372028682617,0.10665226036847658,-0.0020621238849320156
776598,2025-08-25,2025,New York Mets,Philadelphia Phillies,2025-08-25T17:00:00+00:00,1,0.01,147,146,3,3,0.508575958057189,0.5077463337885448,0.4545454545454545,0.24149758899940965,0.24231367189861872,0.29752066115702486,0.0008160828992090641
776599,2025-08-25,2025,Chicago White Sox,Kansas City Royals,2025-08-25T17:00:00+00:00,1,0.37,215,178,3,3,0.47625722098566403,0.47852352724469044,0.4531645569620253,0.27430649856965955,0.27193771163731917,0.2990290017625381,-0.002368786932340383
776600,2025-08-25,2025,Miami Marlins,Atlanta Braves,2025-08-25T17:00:00+00:00,1,-0.5,203,253,3,3,0.49238740896633637,0.48619732400283794,0.49744897959183665,0.25767054257590943,0.2639931898618448,0.25255752811328624,0.0063226472859353455
776601,2025-08-25,2025,Cleveland Guardians,Tampa Bay Rays,2025-08-25T17:00:00+00:00,0,0.62,190,128,3,2,0.4776565772039862,0.4824465967050509,0.5204081632653061,0.22815580574622762,0.23275471867228603,0.27082465639316955,0.004598912926058407
776604,2025-08-25,2025,Baltimore Orioles,Boston Red Sox,2025-08-25T17:00:00+00:00,0,0.29,135,106,3,3,0.45287668888757954,0.4539687139721389,0.47582697201017815,0.2050972953377775,0.20608759326551765,0.22641130729237485,0.0009902979277401358
776574,2025-08-26,2025,Los Angeles Dodgers,Cincinnati Reds,2025-08-26T17:00:00+00:00,1,-0.6,124,184,3,3,0.5736756180000098,0.5678799538229925,0.6159420289855072,0.1817524786876736,0.1867277343080191,0.147500525099769,0.004975255620345481
776575,2025-08-26,2025,Texas Rangers,Los Angeles Angels,2025-08-26T17:00:00+00:00,1,-1.04,101,205,3,3,0.618598495962417,0.6095058777955327,0.48600508905852424,0.14546710728213044,0.15248565947623746,0.26419076847373557,0.0070185521941070195
776576,2025-08-26,2025,San Francisco Giants,Chicago Cubs,2025-08-26T17:00:00+00:00,1,-0.3,99,129,2,2,0.4893272142742164,0.4850929311753824,0.44332493702770776,0.260786694080932,0.2651292895255595,0.3098871257352056,0.004342595444627451
776577,2025-08-26,2025,Seattle Mariners,San Diego Padres,2025-08-26T17:00:00+00:00,0,-0.11,176,187,3,3,0.5333339096684875,0.5316969566902028,0.5089058524173028,0.28444505920227436,0.2827016537536234,0.2589851666245816,-0.001743405448650981
776578,2025-08-26,2025,St. Louis Cardinals,Pittsburgh Pirates,2025-08-26T17:00:00+00:00,0,-0.93,118,211,2,3,0.5530795125430535,0.5436208668074222,0.5367088607594936,0.3058969471948617,0.29552364682845306,0.28805640121775355,-0.010373300366408655
776581,2025-08-26,2025,Miami Marlins,Atlanta Braves,2025-08-26T17:00:00+00:00,0,0.28,190,162,3,3,0.4940808124738479,0.49572909409045546,0.4531645569620253,0.24411584925481764,0.24574733472774363,0.20535811568658865,0.001631485472925992
776582,2025-08-26,2025,Toronto Blue Jays,Minnesota Twins,2025-08-26T17:00:00+00:00,0,0.04,163,159,3,3,0.6003502145989668,0.6012411274295376,0.6159420289855072,0.36042038016902544,0.3614908933127415,0.3793845830707834,0.0010705131437160342
776583,2025-08-26,2025,Chicago White Sox,Kansas City Royals,2025-08-26T17:00:00+00:00,0,-0.1,144,154,3,3,0.4814644838096682,0.4791117390225181,0.48469387755102045,0.23180804917011028,0.22954805846918147,0.2349281549354436,-0.0022599907009288045
776584,2025-08-26,2025,Cleveland Guardians,Tampa Bay Rays,2025-08-26T17:00:00+00:00,1,0.64,199,135,3,2,0.4705494248027084,0.4754216653636599,0.5216284987277354,0.28031791157674285,0.2751824291698361,0.22883929322948024,-0.005135482406906755
776585,2025-08-26,2025,New York Mets,Philadelphia Phillies,2025-08-26T17:00:00+00:00,1,0.0,157,157,3,3,0.5201163146839343,0.5193682163427266,0.49234693877551017,0.2302883514325288,0.2310069114615721,0.2577116305705956,0.0007185600290433025
776586,2025-08-26,2025,Milwaukee Brewers,Arizona Diamondbacks,2025-08-26T17:00:00+00:00,1,-0.45,219,264,3,3,0.5925575763395962,0.588584959713075,0.5796019900497512,0.166009328598264,0.1692623353742921,0.17673448677012948,0.0032530067760281056
776587,2025-08-26,2025,Houston Astros,Colorado Rockies,2025-08-26T17:00:00+00:00,0,0.49,155,106,2,2,0.6829792280950321,0.6888802241040015,0.7552182163187855,0.46646062600928584,0.47455596316157933,0.5703545542597279,0.008095337152293491
776588,2025-08-26,2025,New York Yankees,Washington Nationals,2025-08-26T17:00:00+00:00,1,0.02,203,201,3,3,0.6520427120830055,0.6534873507193387,0.6116504854368933,0.12107427421455023,0.12007101611150257,0.15081534546140066,-0.0010032581030476606
776591,2025-08-26,2025,Baltimore Orioles,Boston Red Sox,2025-08-26T17:00:00+00:00,0,-0.78,118,196,3,3,0.4507653174616639,0.4412259476116695,0.49234693877551017,0.2031893714263146,0.1946803368458157,0.24240550812161596,-0.008509034580498898
776557,2025-08-27,2025,San Francisco Giants,Chicago Cubs,2025-08-27T17:00:00+00:00,1,-0.15,100,115,2,2,0.4918074244211241,0.48911303713350224,0.4582278481012658,0.25825969387349146,0.26100548882695435,0.2935170645729851,0.002745794953462888
776561,2025-08-27,2025,Seattle Mariners,San Diego Padres,2025-08-27T17:00:00+00:00,1,-0.48,186,234,3,3,0.5327925476311385,0.5274525429215431,0.57,0.218282803549002,0.22330109919131608,0.18490000000000004,0.005018295642314069
776562,2025-08-27,2025,Los Angeles Dodgers,Cincinnati Reds,2025-08-27T17:00:00+00:00,1,-0.23,125,148,3,3,0.5763688562104643,0.5742539241716316,0.6309523809523809,0.17946334598843028,0.18125972108325483,0.13619614512471656,0.0017963750948245538
776563,2025-08-27,2025,Texas Rangers,Los Angeles Angels,2025-08-27T17:00:00+00:00,1,-0.93,105,198,3,3,0.6240858402780746,0.6161721977740098,0.5876543209876544,0.14131145547944127,0.14732378176163385,0.17002895900015239,0.006012326282192587
776565,2025-08-27,2025,Miami Marlins,Atlanta Braves,2025-08-27T17:00:00+00:00,0,0.16,150,134,3,3,0.48393196648431935,0.4842189112109209,0.46954314720812185,0.2341901481853804,0.2344679539742897,0.220470767090108,0.00027780578890931884
776566,2025-08-27,2025,New York Mets,Philadelphia Phillies,2025-08-27T17:00:00+00:00,1,-0.09,195,204,3,3,0.5195684245401916,0.5179111772428863,0.582089552238806,0.23081449869879359,0.23240963302733983,0.17464914234796167,0.0015951343285462438
776567,2025-08-27,2025,Toronto Blue Jays,Minnesota Twins,2025-08-27T17:00:00+00:00,1,-0.24,154,178,3,3,0.599240134641646,0.5974186095741777,0.6285714285714284,0.16060846968204598,0.16207177591718838,0.1379591836734695,0.001463306235142403
776568,2025-08-27,2025,St. Louis Cardinals,Pittsburgh Pirates,2025-08-27T17:00:00+00:00,0,0.33,195,162,3,3,0.5478401084844683,0.5508040554708492,0.6058394160583942,0.300128784464274,0.30338510752313436,0.36704139804997604,0.0032563230588603664
776569,2025-08-27,2025,Chicago White Sox,Kansas City Royals,2025-08-27T17:00:00+00:00,0,-0.23,159,182,3,3,0.479043102116543,0.47535394831464844,0.4531645569620253,0.22948229368544065,0.22596137617832546,0.20535811568658865,-0.0035209175071151955
776570,2025-08-27,2025,New York Yankees,Washington Nationals,2025-08-27T17:00:00+00:00,1,-0.69,167,236,3,3,0.6590930263326678,0.6542249472370992,0.7082452431289641,0.11621756469501916,0.11956038711318681,0.08512083815687728,0.0033428224181676486
776571,2025-08-27,2025,Houston Astros,Colorado Rockies,2025-08-27T17:00:00+00:00,1,-0.41,68,109,2,2,0.6827802807249821,0.6808948836102111,0.7244897959183673,0.10062835029692117,0.10182807530614071,0.07590587255310292,0.0011997250092195405
776572,2025-08-27,2025,Milwaukee Brewers,Arizona Diamondbacks,2025-08-27T17:00:00+00:00,0,-0.31,214,245,3,3,0.5904549507567055,0.5878032048552772,0.5591939546599496,0.34863704887310354,0.3455126076381349,0.31269787892823375,-0.0031244412349686335
776579,2025-08-27,2025,Baltimore Orioles,Boston Red Sox,2025-08-27T17:00:00+00:00,0,-0.53,131,184,3,3,0.44460236231579026,0.43745825851211717,0.43969849246231163,0.19767126057678122,0.19136972794045434,0.19333476427362953,-0.006301532636326879
776580,2025-08-27,2025,Cleveland Guardians,Tampa Bay Rays,2025-08-27T17:00:00+00:00,1,0.05,166,161,3,3,0.4742443848763275,0.47328028779679676,0.425,0.2764189668340713,0.2774336552234252,0.33062499999999995,0.0010146883893539238
776550,2025-08-28,2025,San Francisco Giants,Chicago Cubs,2025-08-28T17:00:00+00:00,1,0.21,100,79,2,2,0.5021419019906491,0.5032151488912221,0.49489795918367346,0.24786268575348844,0.24679518829117064,0.25512807163681794,-0.0010674974623177957
776553,2025-08-28,2025,Milwaukee Brewers,Arizona Diamondbacks,2025-08-28T17:00:00+00:00,0,-0.15,241,256,3,3,0.5892361070081799,0.5881170246137724,0.5866336633663367,0.3471991898021552,0.3458816346405565,0.34413905499460845,-0.0013175551615987047
776554,2025-08-28,2025,St. Louis Cardinals,Pittsburgh Pirates,2025-08-28T17:00:00+00:00,1,-0.45,164,209,3,3,0.5472710598898888,0.5424791536341774,0.5204081632653061,0.20496349321322468,0.2093253248592986,0.23000832986255726,0.004361831646073927
776555,2025-08-28,2025,Houston Astros,Colorado Rockies,2025-08-28T17:00:00+00:00,1,-0.42,53,95,2,2,0.6893324839173538,0.6874843948247584,0.6872246696035242,0.09651430554896123,0.09766600347804748,0.09782840730462457,0.0011516979290862456
776556,2025-08-28,2025,Chicago White Sox,New York Yankees,2025-08-28T17:00:00+00:00,0,0.33,172,139,3,3,0.4267058420137402,0.42776946244555053,0.3672985781990522,0.182077875608655,0.18298671300095526,0.13490824554704528,0.0009088373923002713
776558,2025-08-28,2025,New York Mets,Miami Marlins,2025-08-28T17:00:00+00:00,0,-0.51,168,219,3,3,0.6148060527015261,0.6106823416368791,0.6928104575163399,0.3779864824384317,0.3729329223871019,0.47998633004400015,-0.005053560051329786
776560,2025-08-28,2025,Philadelphia Phillies,Atlanta Braves,2025-08-28T17:00:00+00:00,1,1.21,213,92,3,3,0.5658574549619124,0.5777032112617635,0.6201923076923077,0.1884797494121479,0.17833457777862677,0.14425388313609466,-0.010145171633521133
776564,2025-08-28,2025,Baltimore Orioles,Boston Red Sox,2025-08-28T17:00:00+00:00,0,0.33,197,164,3,3,0.44272159649901927,0.4440460542978314,0.3568075117370892,0.19600241200664043,0.19717689833747262,0.12731160043201303,0.0011744863308321973
776533,2025-08-29,2025,San Francisco Giants,Baltimore Orioles,2025-08-29T17:00:00+00:00,1,-0.82,123,205,3,3,0.6028943268115368,0.5955492981049023,0.57,0.15769291567846258,0.16358037026343716,0.18490000000000004,0.005887454584974583
776534,2025-08-29,2025,Los Angeles Dodgers,Arizona Diamondbacks,2025-08-29T17:00:00+00:00,0,-0.96,138,234,2,3,0.4974803744896994,0.49338578945219436,0.6440281030444964,0.24748672300241156,0.24342953723336505,0.4147721975110925,-0.004057185769046512
776540,2025-08-29,2025,Kansas City Royals,Detroit Tigers,2025-08-29T17:00:00+00:00,0,-0.32,106,138,2,2,0.5068268123968888,0.5026636587632662,0.5267175572519084,0.2568734177643911,0.25267075384127335,0.2774313851174174,-0.004202663923117744
776541,2025-08-29,2025,Minnesota Twins,San Diego Padres,2025-08-29T17:00:00+00:00,1,0.08,160,152,2,2,0.49620445515405714,0.4958823355446461,0.4545454545454545,0.25380995100662035,0.25413461961592076,0.29752066115702486,0.00032466860930041586
776542,2025-08-29,2025,Colorado Rockies,Chicago Cubs,2025-08-29T17:00:00+00:00,0,0.14,124,110,3,3,0.3331705162104624,0.33106194872412137,0.33031674208144796,0.11100259287194598,0.10960201389301277,0.1091091500993018,-0.0014005789789332118
776543,2025-08-29,2025,Houston Astros,Los Angeles Angels,2025-08-29T17:00:00+00:00,1,-0.52,110,162,3,2,0.6772467954019771,0.6684408410791298,0.5945945945945945,0.10416963107829325,0.10993147586431484,0.16435354273192118,0.005761844786021597
776544,2025-08-29,2025,Chicago White Sox,New York Yankees,2025-08-29T17:00:00+00:00,0,1.13,244,131,3,3,0.42169370560852065,0.4305180831230559,0.33409090909090905,0.1778255813498457,0.18534581989595048,0.11161673553719005,0.007520238546104785
776545,2025-08-29,2025,Washington Nationals,Tampa Bay Rays,2025-08-29T17:00:00+00:00,0,1.28,210,82,2,2,0.4315742983674964,0.44208596586833,0.4335839598997493,0.1862563750113968,0.19544000121773422,0.1879950502823474,0.00918362620633742
776546,2025-08-29,2025,Toronto Blue Jays,Milwaukee Brewers,2025-08-29T17:00:00+00:00,0,-1.32,137,269,2,3,0.425461545583113,0.4168438121781415,0.547979797979798,0.18101752676997135,0.1737587637512057,0.30028185899398024,-0.007258763018765657
776547,2025-08-29,2025,Cleveland Guardians,Seattle Mariners,2025-08-29T17:00:00+00:00,1,-0.29,85,114,2,2,0.48381966161167844,0.4796021882478529,0.4088669950738916,0.26644214173868214,0.2708138824764231,0.3494382295129704,0.004371740737740937
776548,2025-08-29,2025,New York Mets,Miami Marlins,2025-08-29T17:00:00+00:00,1,-0.93,178,271,3,3,0.616652066032992,0.6085623809181055,0.6244019138755981,0.14695563847677348,0.1532234096325023,0.14107392230031365,0.006267771155728824
776549,2025-08-29,2025,Boston Red Sox,Pittsburgh Pirates,2025-08-29T17:00:00+00:00,0,-0.65,97,162,3,3,0.6205581397283513,0.6152203871364756,0.5178571428571429,0.38509240478311196,0.378496124748355,0.2681760204081633,-0.006596280034756985
776551,2025-08-29,2025,Cincinnati Reds,St. Louis Cardinals,2025-08-29T17:00:00+00:00,0,-0.58,111,169,2,3,0.49082012464223673,0.49042834387030176,0.5566750629722922,0.2409043947538208,0.24051996047136695,0.3098871257352055,-0.0003844342824538549
776552,2025-08-29,2025,Philadelphia Phillies,Atlanta Braves,2025-08-29T17:00:00+00:00,1,-0.03,182,185,3,3,0.5814635586594447,0.581387213765219,0.6276849642004773,0.17517275273001612,0.1752366647992465,0.1386184858823999,6.391206923037074e-05
776516,2025-08-30,2025,San Francisco Giants,Baltimore Orioles,2025-08-30T17:00:00+00:00,0,-1.07,143,250,3,3,0.6056691126931878,0.5959746937101594,0.4707379134860051,0.36683507407055344,0.3551858355429183,0.2215941831931576,-0.011649238527635108
776523,2025-08-30,2025,Los Angeles Dodgers,Arizona Diamondbacks,2025-08-30T17:00:00+00:00,0,-0.24,153,177,2,3,0.5630474840567169,0.5606085050346797,0.6711711711711711,0.31702246930259886,0.31428189591721856,0.45047074101128143,-0.002740573385380307
776525,2025-08-30,2025,Washington Nationals,Tampa Bay Rays,2025-08-30T17:00:00+00:00,0,0.43,189,146,2,2,0.4295968726429412,0.43169054448899524,0.41234567901234565,0.18455347298459546,0.1863567262012052,0.17002895900015239,0.0018032532166097348
776526,2025-08-30,2025,Colorado Rockies,Chicago Cubs,2025-08-30T17:00:00+00:00,0,-0.19,149,168,3,3,0.3288047235146441,0.32374020517018476,0.35116279069767437,0.10811254620554157,0.10480772044363332,0.12331530557057865,-0.003304825761908256
776527,2025-08-30,2025,Toronto Blue Jays,Milwaukee Brewers,2025-08-30T17:00:00+00:00,0,-0.73,159,232,2,3,0.49097654577932553,0.4824632621694885,0.5639097744360902,0.24105796850539815,0.2327707993432246,0.3179942337045622,-0.008287169162173563
776528,2025-08-30,2025,Kansas City Royals,Detroit Tigers,2025-08-30T17:00:00+00:00,1,-0.22,124,146,2,2,0.5058363095091455,0.5026594091321717,0.48346055979643765,0.24419775299954105,0.2473476633247606,0.26681299328580954,0.0031499103252195515
776529,2025-08-30,2025,Chicago White Sox,New York Yankees,2025-08-30T17:00:00+00:00,0,1.53,282,129,3,3,0.4201987354136562,0.43292275171721833,0.33257918552036203,0.17656697724323586,0.18742210895440828,0.11060891464138739,0.010855131711172417
776530,2025-08-30,2025,Minnesota Twins,San Diego Padres,2025-08-30T17:00:00+00:00,0,-0.26,151,177,2,2,0.5042565296005869,0.5006539978797877,0.4133663366336633,0.25427464764482755,0.2506544255930145,0.17087172826193503,-0.00362022205181306
776531,2025-08-30,2025,Houston Astros,Los Angeles Angels,2025-08-30T17:00:00+00:00,0,-0.18,138,156,3,2,0.6136875801320987,0.612684947040329,0.5980392156862746,0.37661244600839106,0.37538284432981084,0.35765090349865447,-0.0012296016785802166
776532,2025-08-30,2025,Philadelphia Phillies,Atlanta Braves,2025-08-30T17:00:00+00:00,1,-0.21,145,166,3,3,0.5812149101150041,0.5793776768010209,0.5628140703517588,0.17538095150998406,0.1769231387733064,0.1911315370823969,0.0015421872633223366
776535,2025-08-30,2025,New York Mets,Miami Marlins,2025-08-30T17:00:00+00:00,0,-1.72,172,344,3,3,0.6261492170793971,0.6107853361908703,0.6048780487804878,0.39206284204914194,0.37305872690579445,0.3658774538964902,-0.01900411514334749
776536,2025-08-30,2025,Cincinnati Reds,St. Louis Cardinals,2025-08-30T17:00:00+00:00,0,-0.67,120,187,2,3,0.5580038001877974,0.5512206013284349,0.57,0.31136824102402333,0.3038441513288813,0.32489999999999997,-0.007524089695142011
776537,2025-08-30,2025,Cleveland Guardians,Seattle Mariners,2025-08-30T17:00:00+00:00,1,0.15,101,86,2,2,0.48147044813356615,0.48161871973122633,0.4325,0.2688728961588048,0.2687191517330929,0.32205625,-0.00015374442571186586
776539,2025-08-30,2025,Boston Red Sox,Pittsburgh Pirates,2025-08-30T17:00:00+00:00,0,-0.13,139,152,3,3,0.620344335374148,0.6199244515294409,0.6125907990314771,0.38482709443079344,0.38430632560407807,0.37526748705802354,-0.0005207688267153676
776507,2025-08-31,2025,San Francisco Giants,Baltimore Orioles,2025-08-31T17:00:00+00:00,1,0.2,199,179,3,3,0.5935402097621009,0.5958743188096242,0.5639097744360902,0.16520956108023696,0.1633175661975853,0.19017468483238167,-0.0018919948826516542
776509,2025-08-31,2025,Los Angeles Dodgers,Arizona Diamondbacks,2025-08-31T17:00:00+00:00,1,-0.54,110,164,2,3,0.5645001490027395,0.5591241455129989,0.6704288939051919,0.18966012021863612,0.19437151906964334,0.10861711397255526,0.004711398851007215
776510,2025-08-31,2025,Houston Astros,Los Angeles Angels,2025-08-31T17:00:00+00:00,0,0.78,174,96,3,2,0.6050265616331723,0.6130452136302261,0.5866336633663367,0.3660571402816588,0.3758244339549296,0.34413905499460845,0.009767293673270783
776511,2025-08-31,2025,Colorado Rockies,Chicago Cubs,2025-08-31T17:00:00+00:00,1,0.37,188,151,3,3,0.32597000418848093,0.3257946084081727,0.32142857142857145,0.4543164352536763,0.4545529100514893,0.46045918367346944,0.00023647479781296887
776512,2025-08-31,2025,Kansas City Royals,Detroit Tigers,2025-08-31T17:00:00+00:00,0,0.22,141,119,2,2,0.5129583931610022,0.514300194424737,0.383132530120482,0.26312631311431733,0.2645046899853222,0.14679053563652203,0.0013783768710048938
776513,2025-08-31,2025,Minnesota Twins,San Diego Padres,2025-08-31T17:00:00+00:00,1,0.4,207,167,2,2,0.49266519907653306,0.49549339020707034,0.5279187817258882,0.2573886002280538,0.25452691932475535,0.22286067664716955,-0.002861680903298469
776514,2025-08-31,2025,Chicago White Sox,New York Yankees,2025-08-31T17:00:00+00:00,1,0.82,254,172,3,3,0.4223244680422961,0.428117703102828,0.38072289156626504,0.3337090202226161,0.3270493615043851,0.38350413703004793,-0.006659658718230987
776515,2025-08-31,2025,Toronto Blue Jays,Milwaukee Brewers,2025-08-31T17:00:00+00:00,1,-0.38,131,169,2,3,0.4853409450385031,0.48024598799612306,0.48346055979643765,0.26487394285386107,0.27014423299412627,0.26681299328580954,0.005270290140265199
776517,2025-08-31,2025,Boston Red Sox,Pittsburgh Pirates,2025-08-31T17:00:00+00:00,1,0.2,163,143,3,3,0.6184135057521306,0.6210799244928977,0.6101694915254237,0.14560825259237925,0.14358042362230808,0.15196782533754674,-0.0020278289700711716
776519,2025-08-31,2025,New York Mets,Miami Marlins,2025-08-31T17:00:00+00:00,0,-0.44,275,319,3,3,0.6283042550760032,0.6251050506170783,0.6225961538461539,0.3947662369466113,0.39075632430698004,0.38762597078402367,-0.004009912639631241
776520,2025-08-31,2025,Washington Nationals,Tampa Bay Rays,2025-08-31T17:00:00+00:00,0,-0.71,85,156,2,2,0.4260723693949996,0.4169594316717834,0.43969849246231163,0.181537663961869,0.1738551676600566,0.19333476427362953,-0.0076824963018123915
776521,2025-08-31,2025,Cleveland Guardians,Seattle Mariners,2025-08-31T17:00:00+00:00,0,-0.08,69,77,2,2,0.4845781328429375,0.4824731823590321,0.49234693877551017,0.23481596682954758,0.23278037169565183,0.24240550812161596,-0.0020355951338957567
776522,2025-08-31,2025,Philadelphia Phillies,Atlanta Braves,2025-08-31T17:00:00+00:00,0,-0.72,139,211,3,3,0.5834946317843746,0.5767143913170932,0.6004901960784313,0.34046598532118283,0.33259948915224535,0.3605884755863129,-0.007866496168937476
776492,2025-09-01,2025,Colorado Rockies,San Francisco Giants,2025-09-01T17:00:00+00:00,0,-0.46,204,250,3,3,0.352359883600649,0.34504295970963317,0.43969849246231163,0.12415748757106292,0.11905464404518354,0.19333476427362953,-0.0051028435258793775
776494,2025-09-01,2025,San Diego Padres,Baltimore Orioles,2025-09-01T17:00:00+00:00,0,0.63,289,226,3,3,0.5879255998242211,0.5943433074561357,0.5901234567901236,0.34565651092867017,0.3532439671178987,0.3482456942539248,0.007587456189228514
776495,2025-09-01,2025,Arizona Diamondbacks,Texas Rangers,2025-09-01T17:00:00+00:00,0,-0.08,154,162,3,3,0.5030613175404588,0.5012434624595298,0.5785536159600998,0.2530706892055423,0.25124500865841803,0.3347242865405066,-0.0018256805471242865
776498,2025-09-01,2025,Washington Nationals,Miami Marlins,2025-09-01T17:00:00+00:00,1,-1.22,153,275,3,3,0.5017162540631648,0.4884575180555907,0.49489795918367346,0.24828669146484456,0.26167571083384633,0.25512807163681794,0.013389019369001776
776499,2025-09-01,2025,Houston Astros,Los Angeles Angels,2025-09-01T17:00:00+00:00,1,0.61,182,121,3,3,0.6025076431880643,0.6088840557032359,0.5841584158415841,0.15800017372390723,0.1529716818831495,0.1729242231153809,-0.005028491840757737
776500,2025-09-01,2025,Milwaukee Brewers,Philadelphia Phillies,2025-09-01T17:00:00+00:00,0,-0.03,140,143,3,3,0.5609228558222963,0.5605222498696842,0.5796019900497512,0.31463445018384056,0.31418519259897276,0.3359384668696319,-0.00044925758486780154
776501,2025-09-01,2025,Detroit Tigers,New York Mets,2025-09-01T17:00:00+00:00,0,-1.24,137,261,3,3,0.5302237443207974,0.5172393606258545,0.49234693877551017,0.28113721904156636,0.26753655618064276,0.24240550812161596,-0.013600662860923596
776502,2025-09-01,2025,Minnesota Twins,Chicago White Sox,2025-09-01T17:00:00+00:00,0,0.23,244,221,3,3,0.5534001218243372,0.5554545667124123,0.6235011990407675,0.3062516948351912,0.3085297756816737,0.3887537452052748,0.002278080846482511
776503,2025-09-01,2025,Cincinnati Reds,Toronto Blue Jays,2025-09-01T17:00:00+00:00,1,-0.28,186,214,3,3,0.5000130548115365,0.49614369911605477,0.5292620865139949,0.24998694535889165,0.25387117194045267,0.22159418319315766,0.003884226581561012
776504,2025-09-01,2025,Tampa Bay Rays,Seattle Mariners,2025-09-01T17:00:00+00:00,1,0.99,216,117,3,3,0.5515976850617238,0.5611396632638646,0.5076530612244898,0.20106463604200503,0.1925983951601542,0.24240550812161596,-0.008466240881850828
776505,2025-09-01,2025,Boston Red Sox,Cleveland Guardians,2025-09-01T17:00:00+00:00,1,0.63,178,115,3,3,0.6224173670555546,0.6291647324467955,0.57356608478803,0.14256864470125977,0.13751879566125677,0.18184588404300966,-0.005049849040002996
776506,2025-09-01,2025,Chicago Cubs,Atlanta Braves,2025-09-01T17:00:00+00:00,1,0.33,170,137,3,3,0.5844593449085072,0.5879297258926285,0.5241730279898218,0.17267403603386702,0.16980191080292428,0.2264113072923749,-0.0028721252309427403
776480,2025-09-02,2025,San Diego Padres,Baltimore Orioles,2025-09-02T17:00:00+00:00,0,0.59,256,197,3,3,0.5880556666163067,0.5940882544591344,0.6058394160583942,0.34580946703954885,0.3529408540863012,0.36704139804997604,0.007131387046752369
776481,2025-09-02,2025,Arizona Diamondbacks,Texas Rangers,2025-09-02T17:00:00+00:00,1,0.05,188,183,3,3,0.5034909736293475,0.5029823207230326,0.5127551020408163,0.24652121326753332,0.24702657351386242,0.23740759058725533,0.0005053602463291063
776482,2025-09-02,2025,Washington Nationals,Miami Marlins,2025-09-02T17:00:00+00:00,1,-0.29,166,195,3,3,0.5004042093667026,0.4964407675473416,0.5178571428571429,0.24959595401850954,0.25357190058831036,0.23246173469387751,0.003975946569800826
776484,2025-09-02,2025,Minnesota Twins,Chicago White Sox,2025-09-02T17:00:00+00:00,0,0.22,254,232,3,3,0.5528649064622907,0.5548124779076036,0.5760598503740648,0.30565960479755744,0.3078168856419751,0.33184495121298996,0.002157280844417686
776485,2025-09-02,2025,Tampa Bay Rays,Seattle Mariners,2025-09-02T17:00:00+00:00,1,0.24,173,149,3,3,0.5582667399772451,0.5604913163014004,0.49109414758269715,0.1951282730103308,0.1931678830464757,0.2589851666245817,-0.0019603899638551137
776486,2025-09-02,2025,Colorado Rockies,San Francisco Giants,2025-09-02T17:00:00+00:00,0,-0.36,203,239,3,3,0.34784217383897903,0.3414004789892297,0.33409090909090905,0.12099417790102651,0.11655428705407547,0.11161673553719005,-0.004439890846951039
776487,2025-09-02,2025,Chicago Cubs,Atlanta Braves,2025-09-02T17:00:00+00:00,1,-0.03,183,186,3,3,0.5828959924457416,0.5828421299671911,0.6092233009708737,0.17397575311782282,0.17402068853030989,0.15270642850410032,4.493541248706823e-05
776488,2025-09-02,2025,Kansas City Royals,Los Angeles Angels,2025-09-02T17:00:00+00:00,0,0.35,155,120,2,3,0.5378000370564061,0.5473919255855727,0.5901234567901236,0.28922887985787177,0.29963792019628116,0.3482456942539248,0.010409040338409392
776489,2025-09-02,2025,Houston Astros,New York Yankees,2025-09-02T17:00:00+00:00,0,0.85,180,95,3,2,0.5537678737039435,0.5554176027289682,0.49234693877551017,0.30665885794658676,0.308488713421194,0.24240550812161596,0.0018298554746072337
776490,2025-09-02,2025,Detroit Tigers,New York Mets,2025-09-02T17:00:00+00:00,0,-0.84,162,246,3,3,0.5277084433079907,0.5186818878238192,0.45569620253164556,0.2784762011385429,0.26903090075648095,0.20765902900176253,-0.009445300382061927
776491,2025-09-02,2025,Cincinnati Reds,Toronto Blue Jays,2025-09-02T17:00:00+00:00,0,0.02,177,175,3,3,0.505073565976545,0.5042891559918226,0.49109414758269715,0.25509930704826334,0.25430755285094475,0.24117346178997592,-0.0007917541973185838
776493,2025-09-02,2025,Boston Red Sox,Cleveland Guardians,2025-09-02T17:00:00+00:00,1,-0.05,155,160,3,3,0.6236578979333633,0.6240437439833378,0.7023554603854391,0.14163337778793475,0.14134310643806602,0.08859227196236394,-0.00029027134986872594
776496,2025-09-02,2025,Pittsburgh Pirates,Los Angeles Dodgers,2025-09-02T17:00:00+00:00,1,0.48,118,70,2,2,0.4441548125062507,0.4469880853494332,0.39853300733496333,0.3089638724599614,0.30582217774548576,0.36176254326552326,-0.003141694714475618
776465,2025-09-03,2025,San Diego Padres,Baltimore Orioles,2025-09-03T17:00:00+00:00,0,0.36,276,240,3,3,0.5819227655805762,0.5856514491103187,0.6029411764705883,0.33863410510094627,0.34298761984501625,0.36353806228373714,0.004353514744069975
776466,2025-09-03,2025,Kansas City Royals,Los Angeles Angels,2025-09-03T17:00:00+00:00,0,-0.03,145,148,2,3,0.6055749479981818,0.6058736701167824,0.608272506082725,0.3667210176430006,0.36708290414077965,0.3699954416561587,0.00036188649777907367
776467,2025-09-03,2025,Colorado Rockies,San Francisco Giants,2025-09-03T17:00:00+00:00,0,0.9,269,179,3,3,0.34775932719077507,0.3527589640054474,0.3591549295774648,0.12093654964818056,0.12443888668619651,0.1289922634397937,0.0035023370380159596
776468,2025-09-03,2025,Arizona Diamondbacks,Texas Rangers,2025-09-03T17:00:00+00:00,1,0.2,203,183,3,3,0.5040806434262178,0.5050839889647079,0.5355329949238579,0.2459360082245541,0.2449418579790854,0.21572959880440104,-0.0009941502454687001
776469,2025-09-03,2025,Minnesota Twins,Chicago White Sox,2025-09-03T17:00:00+00:00,0,0.22,235,213,3,3,0.5423539698436247,0.5441448729214143,0.6235011990407675,0.2941478286051394,0.29609364272666217,0.3887537452052748,0.001945814121522782
776471,2025-09-03,2025,Milwaukee Brewers,Philadelphia Phillies,2025-09-03T17:00:00+00:00,1,-0.18,140,158,2,2,0.5574986782511596,0.5555599519523047,0.5102040816326531,0.19580741974947075,0.19752695630863773,0.23990004164931278,0.0017195365591669842
776472,2025-09-03,2025,Houston Astros,New York Yankees,2025-09-03T17:00:00+00:00,1,1.39,194,55,3,2,0.47745313870673367,0.4899484539628998,0.46446700507614214,0.2730552222474441,0.2601525796148362,0.2867955886521168,-0.01290264263260793
776473,2025-09-03,2025,Chicago Cubs,Atlanta Braves,2025-09-03T17:00:00+00:00,0,0.27,201,174,3,3,0.5854035024725323,0.588304003842359,0.5841584158415841,0.3426972607071081,0.3461016009369504,0.3412410547985491,0.0034043402298423175
776474,2025-09-03,2025,Boston Red Sox,Cleveland Guardians,2025-09-03T17:00:00+00:00,0,-0.43,137,180,3,3,0.6241656083669225,0.6209814663693609,0.57356608478803,0.38958270666805045,0.3856179815742417,0.32897805361906957,-0.003964725093808741
776475,2025-09-03,2025,Cincinnati Reds,Toronto Blue Jays,2025-09-03T17:00:00+00:00,0,-0.44,218,262,3,3,0.4992463791072448,0.49376220419338385,0.40987654320987654,0.24924694705169478,0.2438011142899089,0.1679987806736778,-0.005445832761785896
776476,2025-09-03,2025,Tampa Bay Rays,Seattle Mariners,2025-09-03T17:00:00+00:00,1,0.11,179,168,3,3,0.5573848704695418,0.5583122111984091,0.43609022556390975,0.1959081528892643,0.19508810277643873,0.3179942337045622,-0.000820050112825571
776477,2025-09-03,2025,Washington Nationals,Miami Marlins,2025-09-03T17:00:00+00:00,1,0.7,212,142,3,3,0.5017677235012892,0.5077439257781999,0.42039800995024873,0.24823540134508784,0.24231604260825834,0.335938466869632,-0.0059193587368295
776478,2025-09-03,2025,Detroit Tigers,New York Mets,2025-09-03T17:00:00+00:00,1,0.23,201,178,3,3,0.5204842237587664,0.5220423091014725,0.49234693877551017,0.22993537966423286,0.22844355428905233,0.2577116305705956,-0.0014918253751805277
776479,2025-09-03,2025,Pittsburgh Pirates,Los Angeles Dodgers,2025-09-03T17:00:00+00:00,1,0.67,168,101,2,2,0.43726435051620743,0.4418577236647443,0.3864734299516908,0.3166714111999458,0.31152280063270094,0.3764148521552429,-0.00514861056724486
776458,2025-09-04,2025,Tampa Bay Rays,Cleveland Guardians,2025-09-04T17:00:00+00:00,1,-0.32,150,182,3,3,0.6042242390739075,0.6017201862266803,0.5955882352941176,0.15663845293662748,0.1586268100593102,0.16354887543252597,0.0019883571226827212
776459,2025-09-04,2025,Milwaukee Brewers,Philadelphia Phillies,2025-09-04T17:00:00+00:00,0,-0.18,137,155,2,2,0.5640130989894131,0.5621823809437917,0.5417721518987342,0.3181107758316415,0.3160490294436305,0.2935170645729851,-0.0020617463880109876
776461,2025-09-04,2025,Pittsburgh Pirates,Los Angeles Dodgers,2025-09-04T17:00:00+00:00,1,0.85,202,117,2,2,0.43760236890627435,0.4439818912340583,0.4707379134860051,0.3162910954598343,0.3091561372756546,0.2801183562211475,-0.007134958184179696
776462,2025-09-04,2025,Minnesota Twins,Chicago White Sox,2025-09-04T17:00:00+00:00,0,0.27,251,224,3,3,0.5508773208166835,0.5532907730825817,0.5876543209876544,0.30346582259016724,0.3061306795783209,0.3453376009754611,0.0026648569881536632
776463,2025-09-04,2025,Kansas City Royals,Los Angeles Angels,2025-09-04T17:00:00+00:00,1,-0.71,115,186,2,3,0.6023000767518834,0.5960040066713059,0.5796019900497512,0.15816522895155788,0.16321276262563822,0.17673448677012948,0.00504753367408034
776464,2025-09-04,2025,Houston Astros,New York Yankees,2025-09-04T17:00:00+00:00,0,0.81,192,111,3,2,0.4844115357895967,0.4912145948032267,0.4371859296482412,0.23465453600603575,0.2412917781476982,0.1911315370823969,0.006637242141662447
776442,2025-09-05,2025,Colorado Rockies,San Diego Padres,2025-09-05T17:00:00+00:00,1,0.33,224,191,2,2,0.36974525572353467,0.3698901198304085,0.3441108545034642,0.3972210426829927,0.3970384610873369,0.430190571180176,-0.00018258159565576193
776445,2025-09-05,2025,St. Louis Cardinals,San Francisco Giants,2025-09-05T17:00:00+00:00,0,-0.15,99,114,2,2,0.4820944713036542,0.4792512364554148,0.5216284987277354,0.23241507926154983,0.2296817476440439,0.27209629068495106,-0.0027333316175059408
776446,2025-09-05,2025,Kansas City Royals,Minnesota Twins,2025-09-05T17:00:00+00:00,1,-0.91,173,264,3,3,0.5715280499042158,0.5626367670472071,0.5468354430379747,0.1835882120188842,0.19128659753891897,0.20535811568658865,0.007698385520034767
776448,2025-09-05,2025,Arizona Diamondbacks,Boston Red Sox,2025-09-05T17:00:00+00:00,1,-0.71,114,185,2,2,0.4988968943887716,0.490702821315134,0.4520202020202021,0.2511043224532179,0.25938361621636435,0.30028185899398013,0.008279293763146456
776449,2025-09-05,2025,Texas Rangers,Houston Astros,2025-09-05T17:00:00+00:00,1,-1.38,77,215,2,3,0.49147036650123344,0.483078930151486,0.44810126582278476,0.25860238814638986,0.26720739245333236,0.3045922127864125,0.008605004306942499
776450,2025-09-05,2025,Cincinnati Reds,New York Mets,2025-09-05T17:00:00+00:00,0,1.09,217,108,2,2,0.48798447598452843,0.49765071649732334,0.48469387755102045,0.2381288488018948,0.2476562356302993,0.2349281549354436,0.009527386828404483
776451,2025-09-05,2025,Tampa Bay Rays,Cleveland Guardians,2025-09-05T17:00:00+00:00,0,0.17,160,143,3,3,0.6038634075213059,0.6060510828345291,0.57,0.3646510149432427,0.3672979150049053,0.32489999999999997,0.0026469000616625715
776452,2025-09-05,2025,Detroit Tigers,Chicago White Sox,2025-09-05T17:00:00+00:00,0,-1.14,160,274,2,3,0.5421702539835727,0.5370054793470976,0.6285714285714284,0.2939485843046117,0.2883748848488061,0.3951020408163264,-0.005573699455805603
776453,2025-09-05,2025,Pittsburgh Pirates,Milwaukee Brewers,2025-09-05T17:00:00+00:00,0,1.43,261,118,3,2,0.4127970713799194,0.42436562530113325,0.43859649122807015,0.17040142213983828,0.18008618393722184,0.1923668821175746,0.009684761797383562
776454,2025-09-05,2025,Baltimore Orioles,Los Angeles Dodgers,2025-09-05T17:00:00+00:00,1,-0.32,123,155,2,3,0.3689011517274662,0.36913950537225565,0.4029484029484029,0.39828575629091867,0.3979849636819622,0.3564706095418626,-0.0003007926089564905
776455,2025-09-05,2025,Chicago Cubs,Washington Nationals,2025-09-05T17:00:00+00:00,1,-0.04,131,135,2,2,0.6635912333775142,0.6646556778415056,0.6535796766743649,0.11317085826046208,0.11245581440394009,0.12000704041303757,-0.0007150438565219908
776456,2025-09-05,2025,Miami Marlins,Philadelphia Phillies,2025-09-05T17:00:00+00:00,0,0.21,115,94,2,2,0.3560440522977164,0.3609640393186751,0.3051948051948052,0.12676736717657902,0.13029503768125403,0.09314386911789509,0.0035276705046750068
776457,2025-09-05,2025,New York Yankees,Toronto Blue Jays,2025-09-05T17:00:00+00:00,0,-0.12,180,192,3,2,0.6266380694103215,0.6201889219804735,0.5406091370558376,0.3926752700342949,0.38463429894730183,0.2922582390682574,-0.008040971086993087
776460,2025-09-05,2025,Atlanta Braves,Seattle Mariners,2025-09-05T17:00:00+00:00,1,-0.66,87,153,2,2,0.5330377776501781,0.5259036681035436,0.5505050505050506,0.21805371710188448,0.22476733191767492,0.20204570962146712,0.006713614815790442
776424,2025-09-06,2025,Arizona Diamondbacks,Boston Red Sox,2025-09-06T17:00:00+00:00,1,-1.18,111,229,2,2,0.509296657130965,0.4965564107234054,0.4783715012722647,0.24078977070284577,0.2534554475837005,0.27209629068495095,0.01266567688085471
776431,2025-09-06,2025,Colorado Rockies,San Diego Padres,2025-09-06T17:00:00+00:00,0,-0.61,97,158,2,2,0.369690660169927,0.3610987918166874,0.36320754716981135,0.13667118421687646,0.13039233745147136,0.13191972232111074,-0.006278846765405105
776432,2025-09-06,2025,Texas Rangers,Houston Astros,2025-09-06T17:00:00+00:00,0,-1.63,92,255,2,3,0.5646753942613097,0.548509103759559,0.5216284987277354,0.3188583008841656,0.3008622369071146,0.27209629068495106,-0.017996063977051002
776433,2025-09-06,2025,Miami Marlins,Philadelphia Phillies,2025-09-06T17:00:00+00:00,0,0.97,218,121,2,3,0.4188453330628919,0.4260406688047559,0.4054054054054054,0.17543141302856485,0.1815106514756037,0.16435354273192107,0.006079238447038837
776434,2025-09-06,2025,Kansas City Royals,Minnesota Twins,2025-09-06T17:00:00+00:00,1,0.03,171,168,3,3,0.5694072209709797,0.5697304702544327,0.4783715012722647,0.18541014135193468,0.18513186822747163,0.27209629068495095,-0.00027827312446304653
776435,2025-09-06,2025,Detroit Tigers,Chicago White Sox,2025-09-06T17:00:00+00:00,1,-1.65,156,321,2,3,0.6077342847164258,0.592489518405039,0.7201646090534979,0.15387239138693412,0.166064792609757,0.07830784602618168,0.01219240122282289
776436,2025-09-06,2025,New York Yankees,Toronto Blue Jays,2025-09-06T17:00:00+00:00,1,1.79,257,78,3,2,0.55018239089899,0.5675936471483896,0.5577889447236182,0.20233588145734901,0.18697525398643144,0.19555061740865123,-0.01536062747091757
776437,2025-09-06,2025,St. Louis Cardinals,San Francisco Giants,2025-09-06T17:00:00+00:00,1,0.24,143,119,2,2,0.47563624959610445,0.4765927822545336,0.4582278481012658,0.27495734273763894,0.2739551155880501,0.2935170645729851,-0.0010022271495888635
776438,2025-09-06,2025,Tampa Bay Rays,Cleveland Guardians,2025-09-06T17:00:00+00:00,0,1.07,240,133,3,3,0.5966434466570225,0.6073653417919941,0.5591939546599496,0.35598340243877125,0.3688926584101058,0.31269787892823375,0.012909255971334577
776439,2025-09-06,2025,Cincinnati Reds,New York Mets,2025-09-06T17:00:00+00:00,1,0.4,166,126,2,2,0.48533366894439955,0.48804553376891857,0.4494949494949495,0.26488143232223293,0.2620973754939515,0.3030558106315682,-0.0027840568282814226
776440,2025-09-06,2025,Chicago Cubs,Washington Nationals,2025-09-06T17:00:00+00:00,0,-0.19,129,148,2,2,0.6635688653401111,0.6632917325473419,0.6921397379912664,0.4403236390487624,0.4399559224656545,0.47905741690661885,-0.0003677165831079132
776441,2025-09-06,2025,Pittsburgh Pirates,Milwaukee Brewers,2025-09-06T17:00:00+00:00,0,0.94,237,143,3,3,0.41230567457111306,0.4190744062447019,0.42750000000000005,0.16999596928354058,0.17562335796934941,0.18275625000000004,0.005627388685808837
776443,2025-09-06,2025,Baltimore Orioles,Los Angeles Dodgers,2025-09-06T17:00:00+00:00,1,-0.3,150,180,2,3,0.4374393168518714,0.4324706058972403,0.4239401496259351,0.3164745222240892,0.32208961317064555,0.33184495121298996,0.005615090946556323
776447,2025-09-06,2025,Atlanta Braves,Seattle Mariners,2025-09-06T17:00:00+00:00,0,-0.51,75,126,2,2,0.533903320885675,0.5282825800961546,0.5406091370558376,0.2850527560527521,0.27908248443305,0.2922582390682574,-0.005970271619702094
776415,2025-09-07,2025,Arizona Diamondbacks,Boston Red Sox,2025-09-07T17:00:00+00:00,0,-0.41,90,131,2,2,0.5153388102847305,0.5104101292186334,0.5051020408163266,0.26557408938568144,0.260518500008982,0.25512807163681805,-0.005055589376699421
776416,2025-09-07,2025,St. Louis Cardinals,San Francisco Giants,2025-09-07T17:00:00+00:00,1,0.25,119,94,2,2,0.4791782750919328,0.4802909048940888,0.5541561712846348,0.27125526913621445,0.27009754353580495,0.1987767196035759,-0.0011577256004094982
776417,2025-09-07,2025,Colorado Rockies,San Diego Padres,2025-09-07T17:00:00+00:00,0,0.53,161,108,2,2,0.3651073252110248,0.36703916414161164,0.32,0.13330335892274903,0.13471774801377293,0.1024,0.0014143890910238988
776418,2025-09-07,2025,Texas Rangers,Houston Astros,2025-09-07T17:00:00+00:00,1,-0.66,166,232,2,3,0.5561440597779372,0.5494253811022183,0.44584382871536526,0.19700809567041136,0.20301748719488125,0.3070890621728455,0.006009391524469887
776419,2025-09-07,2025,Pittsburgh Pirates,Milwaukee Brewers,2025-09-07T17:00:00+00:00,0,0.54,201,147,3,3,0.41414485616902724,0.41704862507823764,0.45088161209068006,0.17151596189126425,0.17392955567964843,0.20329422812149048,0.002413593788384183
776420,2025-09-07,2025,Chicago Cubs,Washington Nationals,2025-09-07T17:00:00+00:00,0,-0.79,72,151,2,2,0.6610451668570362,0.655316466547607,0.6318289786223278,0.4369807126250468,0.4294396713284409,0.39920785822693394,-0.007541041296605877
776422,2025-09-07,2025,Kansas City Royals,Minnesota Twins,2025-09-07T17:00:00+00:00,0,-0.94,136,230,3,3,0.5734534013288355,0.5643063187633144,0.5241730279898218,0.32884880349561046,0.3184416213962034,0.2747573632720185,-0.010407182099407053
776423,2025-09-07,2025,New York Yankees,Toronto Blue Jays,2025-09-07T17:00:00+00:00,1,1.68,230,62,3,2,0.5566857161877543,0.5730626076887462,0.6201923076923077,0.19652755423196433,0.18227553695353346,0.14425388313609466,-0.014252017278430867
776425,2025-09-07,2025,Detroit Tigers,Chicago White Sox,2025-09-07T17:00:00+00:00,0,-2.08,101,309,2,3,0.6100525207727626,0.5907146791670619,0.6211031175059952,0.37216407810120194,0.3489438321834449,0.3857690825756661,-0.023220245917757065
776426,2025-09-07,2025,Miami Marlins,Philadelphia Phillies,2025-09-07T17:00:00+00:00,1,0.68,182,114,2,3,0.4195134110852328,0.4238816021084844,0.4483627204030227,0.336964679909902,0.33191240838908675,0.30430368824115367,-0.005052271520815221
776427,2025-09-07,2025,Baltimore Orioles,Los Angeles Dodgers,2025-09-07T17:00:00+00:00,0,-0.15,144,159,2,3,0.43650157831814557,0.43299600233472946,0.4029484029484029,0.19053362787423217,0.18748553803785703,0.16236741543866848,-0.0030480898363751396
776429,2025-09-07,2025,Cincinnati Reds,New York Mets,2025-09-07T17:00:00+00:00,1,0.17,122,105,2,2,0.4922725821387733,0.4927905070915212,0.5292620865139949,0.2577871308480288,0.2572614696964761,0.22159418319315766,-0.0005256611515526699
776399,2025-09-08,2025,San Francisco Giants,Arizona Diamondbacks,2025-09-08T17:00:00+00:00,1,0.04,158,154,3,3,0.5441892415672638,0.5442189033212923,0.6267942583732058,0.20776344750302622,0.2077364080896455,0.13928252558320547,-2.703941338072502e-05
776400,2025-09-08,2025,Seattle Mariners,St. Louis Cardinals,2025-09-08T17:00:00+00:00,1,-0.59,119,178,3,3,0.5735248798592242,0.5678246941738565,0.6689342403628117,0.18188102809908918,0.18677549496592066,0.10960453720414855,0.004894466866831482
776405,2025-09-08,2025,Philadelphia Phillies,New York Mets,2025-09-08T17:00:00+00:00,1,-0.13,120,133,3,3,0.5521918229449263,0.5506612483193509,0.46329113924050636,0.20053216343738822,0.201905313761924,0.28805640121775355,0.0013731503245357768
776406,2025-09-08,2025,Texas Rangers,Milwaukee Brewers,2025-09-08T17:00:00+00:00,1,0.97,208,111,3,3,0.4857190815256603,0.49414622114608514,0.4809160305343511,0.2644848631068105,0.2558880455807853,0.26944816735621463,-0.008596817526025202
776407,2025-09-08,2025,San Diego Padres,Cincinnati Reds,2025-09-08T17:00:00+00:00,1,0.16,167,151,3,3,0.5444384858929149,0.5456645769582154,0.5614035087719298,0.20753629313553992,0.2064206766305574,0.19236688211757466,-0.001115616504982514
776408,2025-09-08,2025,Los Angeles Dodgers,Colorado Rockies,2025-09-08T17:00:00+00:00,1,-0.95,186,281,3,3,0.7362116888581134,0.7310790635068517,0.7509652509652509,0.06958427309508879,0.0723184700843519,0.06201830622680046,0.00273419698926311
776409,2025-09-08,2025,Miami Marlins,Washington Nationals,2025-09-08T17:00:00+00:00,0,0.84,301,217,3,3,0.5616924355259038,0.5698704892672279,0.5443037974683544,0.3154983921270215,0.32475237453766975,0.2962666239384714,0.009253982410648232
776411,2025-09-08,2025,Los Angeles Angels,Minnesota Twins,2025-09-08T17:00:00+00:00,0,0.51,266,215,3,3,0.4972157027655186,0.501217601343091,0.5228426395939086,0.2472234550766085,0.2512190838961217,0.27336442577752584,0.003995628819513181
776412,2025-09-08,2025,Atlanta Braves,Chicago Cubs,2025-09-08T17:00:00+00:00,1,0.81,259,178,3,3,0.4727413307159382,0.47935024744228033,0.48600508905852424,0.2780017043351996,0.2710761648384147,0.26419076847373557,-0.006925539496784927
776413,2025-09-08,2025,Cleveland Guardians,Kansas City Royals,2025-09-08T17:00:00+00:00,1,-0.11,136,147,3,3,0.48762462270877993,0.4852662617171178,0.49744897959183665,0.26252852725432013,0.26495082132667075,0.25255752811328624,0.002422294072350617
776388,2025-09-09,2025,Chicago White Sox,Tampa Bay Rays,2025-09-09T17:00:00+00:00,0,-0.22,123,145,2,2,0.45970139472807653,0.4558286903176213,0.43576826196473545,0.21132537231493884,0.2077797949166779,0.1898939781357663,-0.003545577398260946
776389,2025-09-09,2025,Los Angeles Dodgers,Colorado Rockies,2025-09-09T17:00:00+00:00,1,-2.13,110,323,3,3,0.7337339333381028,0.7190783028292254,0.7391304347826088,0.0708976182555979,0.07891699994130841,0.06805293005671074,0.008019381685710508
776390,2025-09-09,2025,Los Angeles Angels,Minnesota Twins,2025-09-09T17:00:00+00:00,1,-0.24,244,268,3,3,0.4950495891822253,0.4915038959725064,0.47328244274809167,0.2549749173850394,0.25856828781113955,0.2774313851174173,0.00359337042610014
776391,2025-09-09,2025,Seattle Mariners,St. Louis Cardinals,2025-09-09T17:00:00+00:00,1,0.04,129,125,3,3,0.5754107763744815,0.575924530143958,0.647196261682243,0.18027600881892059,0.17984000413362283,0.12447047777098437,-0.0004360046852977528
776392,2025-09-09,2025,San Diego Padres,Cincinnati Reds,2025-09-09T17:00:00+00:00,0,0.3,180,150,3,3,0.5516511624633741,0.554372959116142,0.635933806146572,0.30431900504719195,0.3073293777991877,0.40441180580006586,0.003010372751995727
776393,2025-09-09,2025,Toronto Blue Jays,Houston Astros,2025-09-09T17:00:00+00:00,1,0.4,100,60,2,2,0.5543488922816889,0.5580982238912491,0.5841584158415841,0.1986049098105577,0.19527717972806863,0.1729242231153809,-0.003327730082489072
776394,2025-09-09,2025,San Francisco Giants,Arizona Diamondbacks,2025-09-09T17:00:00+00:00,1,-0.3,135,165,3,3,0.546820873597448,0.5435130102897878,0.568922305764411,0.20537132060698018,0.20838037177469135,0.18582797846747193,0.003009051167711163
776395,2025-09-09,2025,Texas Rangers,Milwaukee Brewers,2025-09-09T17:00:00+00:00,1,1.01,206,105,3,3,0.4917431273038028,0.5006682294565218,0.49744897959183665,0.25832504864291833,0.2493322170740848,0.25255752811328624,-0.008992831568833543
776397,2025-09-09,2025,Miami Marlins,Washington Nationals,2025-09-09T17:00:00+00:00,0,0.37,253,216,3,3,0.5543397599011486,0.5577924256526298,0.5253807106598984,0.30729256940726307,0.3111323901154445,0.27602489113349993,0.0038398207081814517
776398,2025-09-09,2025,New York Yankees,Detroit Tigers,2025-09-09T17:00:00+00:00,0,-0.56,88,144,2,2,0.5554574693453983,0.5497182595651222,0.5891089108910892,0.3085330002515941,0.30219016489930706,0.34704930889128527,-0.006342835352287024
776401,2025-09-09,2025,Baltimore Orioles,Pittsburgh Pirates,2025-09-09T17:00:00+00:00,1,-0.18,151,169,2,2,0.527475316142735,0.5250447635525775,0.5841584158415841,0.22327957685440822,0.22558247662882705,0.1729242231153809,0.0023028997744188318
776402,2025-09-09,2025,Atlanta Braves,Chicago Cubs,2025-09-09T17:00:00+00:00,0,0.74,249,175,3,3,0.47285823424050705,0.4787690125883369,0.49744897959183665,0.22359490968905024,0.22921976741481107,0.24745548729695951,0.0056248577257608234
776403,2025-09-09,2025,Cleveland Guardians,Kansas City Royals,2025-09-09T17:00:00+00:00,1,-0.69,135,204,3,3,0.4909693204907606,0.4828562149165495,0.5165394402035622,0.259112232681638,0.267437694450438,0.23373411287868498,0.008325461768800002
776404,2025-09-09,2025,Philadelphia Phillies,New York Mets,2025-09-09T17:00:00+00:00,1,0.42,137,95,3,3,0.5620656741471873,0.5661181341595568,0.5505050505050506,0.1917864737601575,0.18825347350518434,0.20204570962146712,-0.003533000254973162
776373,2025-09-10,2025,Seattle Mariners,St. Louis Cardinals,2025-09-10T17:00:00+00:00,1,-0.09,152,161,3,3,0.5781239760903873,0.5774085052647351,0.6659090909090909,0.17797937954978407,0.17858357142258544,0.11161673553719009,0.0006041918728013629
776374,2025-09-10,2025,San Francisco Giants,Arizona Diamondbacks,2025-09-10T17:00:00+00:00,0,0.07,164,157,3,3,0.5462737737331016,0.546634001124008,0.530456852791878,0.2984150358686039,0.2988087311848419,0.2813844726738642,0.00039369531623800746
776375,2025-09-10,2025,Texas Rangers,Milwaukee Brewers,2025-09-10T17:00:00+00:00,1,0.49,167,118,3,3,0.49296003802791494,0.496694556696861,0.4707379134860051,0.2570895230366535,0.25331636925856926,0.2801183562211475,-0.0037731537780842372
776376,2025-09-10,2025,Los Angeles Angels,Minnesota Twins,2025-09-10T17:00:00+00:00,1,-0.67,168,235,3,3,0.5055771691245091,0.4978875908176055,0.5516372795969774,0.24445393569093427,0.2521168714549484,0.20102912904719902,0.007662935764014112
776377,2025-09-10,2025,San Diego Padres,Cincinnati Reds,2025-09-10T17:00:00+00:00,0,0.38,180,142,3,3,0.5507088322273962,0.5542092333018239,0.565,0.3032802178932624,0.3071478742769955,0.3192249999999999,0.003867656383733098
776378,2025-09-10,2025,Chicago White Sox,Tampa Bay Rays,2025-09-10T17:00:00+00:00,1,-0.11,121,132,2,2,0.4564377499436088,0.4536109297782413,0.4408060453400503,0.2954599196863668,0.2985410160577979,0.31269787892823386,0.0030810963714311135
776380,2025-09-10,2025,Los Angeles Dodgers,Colorado Rockies,2025-09-10T17:00:00+00:00,1,-1.03,119,222,3,3,0.7353978094016373,0.729610205401237,0.744140625,0.07001431926945223,0.07311064102316124,0.06546401977539062,0.003096321753709011
776381,2025-09-10,2025,Atlanta Braves,Chicago Cubs,2025-09-10T17:00:00+00:00,0,0.18,206,188,3,3,0.4696993274138624,0.46996273953515305,0.6135265700483092,0.2206174581730347,0.22086497655138612,0.3764148521552429,0.00024751837835143564
776382,2025-09-10,2025,Cleveland Guardians,Kansas City Royals,2025-09-10T17:00:00+00:00,0,-0.92,106,198,3,3,0.4932031806364206,0.4828212412665891,0.5,0.24324937738988173,0.23311635101820985,0.25,-0.010133026371671877
776383,2025-09-10,2025,New York Yankees,Detroit Tigers,2025-09-10T17:00:00+00:00,0,-0.3,126,156,2,2,0.5417334075460711,0.5383399763513509,0.6014669926650367,0.2934750848514776,0.289809930137973,0.36176254326552326,-0.0036651547135045925
776384,2025-09-10,2025,Philadelphia Phillies,New York Mets,2025-09-10T17:00:00+00:00,1,0.28,160,132,3,3,0.5669070577839392,0.5696494909472515,0.6004901960784313,0.18756949659736413,0.18520156064195978,0.15960808342945024,-0.0023679359554043544
776385,2025-09-10,2025,Toronto Blue Jays,Houston Astros,2025-09-10T17:00:00+00:00,0,-0.38,109,147,2,2,0.5548238127735055,0.5508585592014887,0.568922305764411,0.30782946322052984,0.3034451522455401,0.323672589996294,-0.004384310974989758
776386,2025-09-10,2025,Miami Marlins,Washington Nationals,2025-09-10T17:00:00+00:00,1,0.9,283,193,3,3,0.5527078352764474,0.5613742900529608,0.5831265508684863,0.20007028062308171,0.19239251342654418,0.17378347259080473,-0.007677767196537538
776387,2025-09-10,2025,Baltimore Orioles,Pittsburgh Pirates,2025-09-10T17:00:00+00:00,1,-0.46,173,219,2,2,0.5277229621725248,0.5224974632673727,0.41791044776119407,0.22304560045909444,0.2280086725860941,0.3388282468255735,0.004963072126999674
776362,2025-09-11,2025,Seattle Mariners,Los Angeles Angels,2025-09-11T17:00:00+00:00,1,0.13,216,203,3,3,0.6123984750908574,0.614322125702025,0.5876543209876544,0.15023494211189267,0.14874742272300456,0.17002895900015239,-0.0014875193888881089
776364,2025-09-11,2025,Chicago White Sox,Tampa Bay Rays,2025-09-11T17:00:00+00:00,1,-0.5,135,185,2,2,0.4565459813390783,0.4498496216701991,0.46329113924050636,0.2953422703987054,0.30266543877642316,0.28805640121775355,0.007323168377717737
776365,2025-09-11,2025,San Diego Padres,Colorado Rockies,2025-09-11T17:00:00+00:00,1,0.17,170,153,3,3,0.7085503704051772,0.7119376124744308,0.6829268292682927,0.0849428865909594,0.08297993910693122,0.10053539559785839,-0.001962947484028185
776367,2025-09-11,2025,Miami Marlins,Washington Nationals,2025-09-11T17:00:00+00:00,1,0.1,210,200,3,3,0.5577872632703651,0.5586219106213016,0.5127551020408163,0.1955521045259134,0.19481461778359024,0.23740759058725533,-0.0007374867423231568
776368,2025-09-11,2025,New York Yankees,Detroit Tigers,2025-09-11T17:00:00+00:00,1,0.67,165,98,2,2,0.5388988638147818,0.5451132047460558,0.6039119804400979,0.21261425779129914,0.20692199649640372,0.15688571923888542,-0.005692261294895418
776369,2025-09-11,2025,Toronto Blue Jays,Houston Astros,2025-09-11T17:00:00+00:00,1,-0.34,130,164,2,2,0.5541170047547561,0.5505361824667897,0.5945945945945945,0.19881164544887017,0.20201772327152695,0.16435354273192118,0.0032060778226567777
776370,2025-09-11,2025,Cleveland Guardians,Kansas City Royals,2025-09-11T17:00:00+00:00,1,-1.16,121,237,3,3,0.4933307636216088,0.4805493005395752,0.5614035087719298,0.256713715092262,0.26982902916992463,0.19236688211757466,0.013115314077662643
776371,2025-09-11,2025,Philadelphia Phillies,New York Mets,2025-09-11T17:00:00+00:00,1,-0.2,166,186,3,3,0.5720273169891444,0.5701334488303818,0.5355329949238579,0.18316061740351025,0.18478525181446204,0.21572959880440104,0.0016246344109517863
776372,2025-09-11,2025,Baltimore Orioles,Pittsburgh Pirates,2025-09-11T17:00:00+00:00,1,-0.35,143,178,2,2,0.5324388499459313,0.5283913292660224,0.5178571428571429,0.21861342903988337,0.2224147383114693,0.23246173469387751,0.003801309271585923
776345,2025-09-12,2025,Seattle Mariners,Los Angeles Angels,2025-09-12T17:00:00+00:00,1,0.35,261,226,3,3,0.6156011572722324,0.6196489677528809,0.6367924528301887,0.147762470290447,0.14466690773144902,0.1319197223211107,-0.003095562558997983
776350,2025-09-12,2025,San Francisco Giants,Los Angeles Dodgers,2025-09-12T17:00:00+00:00,1,1.0,198,98,2,2,0.49625453102034417,0.5051505572426057,0.4133663366336633,0.25375949751753346,0.24487597099730365,0.34413905499460845,-0.008883526520229806
776351,2025-09-12,2025,Washington Nationals,Pittsburgh Pirates,2025-09-12T17:00:00+00:00,1,-0.38,182,220,3,3,0.4868653192675955,0.4817931837438414,0.5051020408163266,0.2633072005703466,0.2685383044143441,0.24492399000416487,0.005231103843997498
776352,2025-09-12,2025,Chicago Cubs,Tampa Bay Rays,2025-09-12T17:00:00+00:00,1,-1.45,101,246,2,3,0.4815418688254357,0.47230792311790165,0.5980392156862746,0.2687988337810217,0.27845892800414235,0.16157247212610526,0.009660094223120641
776353,2025-09-12,2025,Toronto Blue Jays,Baltimore Orioles,2025-09-12T17:00:00+00:00,1,-0.7,130,200,3,3,0.6100232999366672,0.60398604857301,0.5505050505050506,0.15208182659228667,0.15682704972481842,0.20204570962146712,0.004745223132531756
776354,2025-09-12,2025,Philadelphia Phillies,Kansas City Royals,2025-09-12T17:00:00+00:00,1,-0.18,133,151,3,3,0.5987716149907668,0.5975204648882122,0.5566750629722922,0.16098421693711745,0.16198977618380084,0.1965369997906211,0.0010055592466833851
776355,2025-09-12,2025,Minnesota Twins,Arizona Diamondbacks,2025-09-12T17:00:00+00:00,1,0.26,100,74,2,2,0.4892194646265375,0.49059087050887407,0.5628140703517588,0.26089675531640094,0.2594976612089067,0.1911315370823969,-0.0013990941074942254
776356,2025-09-12,2025,Milwaukee Brewers,St. Louis Cardinals,2025-09-12T17:00:00+00:00,1,-0.53,115,168,2,2,0.6343497632176176,0.6304267051283784,0.6391509433962265,0.1337000956590123,0.13658442028226658,0.13021204165183337,0.002884324623254275
776357,2025-09-12,2025,San Diego Padres,Colorado Rockies,2025-09-12T17:00:00+00:00,0,0.0,153,153,3,3,0.7058962014339085,0.7078533499661837,0.6995708154506437,0.4982894471988212,0.5010563650583485,0.48939932583027856,0.002766917859527318
776359,2025-09-12,2025,New York Mets,Texas Rangers,2025-09-12T17:00:00+00:00,0,0.99,209,110,3,2,0.5914399727888624,0.5949871591306551,0.5051020408163266,0.3498012414124903,0.35400971953036753,0.25512807163681805,0.0042084781178772235
776360,2025-09-12,2025,Atlanta Braves,Houston Astros,2025-09-12T17:00:00+00:00,0,-0.7,124,194,2,3,0.43648343567014664,0.4340744860352764,0.5165394402035622,0.19051778961441504,0.18842065942678934,0.26681299328580943,-0.0020971301876256954
776361,2025-09-12,2025,Cleveland Guardians,Chicago White Sox,2025-09-12T17:00:00+00:00,1,-0.75,125,200,3,3,0.5388301751815582,0.5308993930432151,0.57,0.2126776073230723,0.220055379447224,0.18490000000000004,0.007377772124151694
776363,2025-09-12,2025,Boston Red Sox,New York Yankees,2025-09-12T17:00:00+00:00,0,-0.44,170,214,2,3,0.44990603105381055,0.45027017689559073,0.4746192893401016,0.20241543677859233,0.20274323220158658,0.2252634698137031,0.0003277954229942426
776366,2025-09-12,2025,Miami Marlins,Detroit Tigers,2025-09-12T17:00:00+00:00,1,-0.73,183,256,3,3,0.4443621609936716,0.43524389718476364,0.3640661938534279,0.30873340813562244,0.31894945566705385,0.40441180580006586,0.010216047531431405
776328,2025-09-13,2025,San Francisco Giants,Los Angeles Dodgers,2025-09-13T17:00:00+00:00,0,0.67,166,99,2,2,0.49886976832305685,0.5045005290570134,0.49234693877551017,0.2488710457467004,0.2545207838188064,0.24240550812161596,0.005649738072105975
776333,2025-09-13,2025,Seattle Mariners,Los Angeles Angels,2025-09-13T17:00:00+00:00,1,0.23,246,223,3,3,0.6183305199288075,0.6212788000116511,0.6659090909090909,0.1456715920178144,0.14342974732061492,0.11161673553719009,-0.0022418446971994854
776336,2025-09-13,2025,Washington Nationals,Pittsburgh Pirates,2025-09-13T17:00:00+00:00,0,0.19,187,168,3,3,0.48694330960629734,0.4875778779893376,0.4885496183206107,0.23711378677033434,0.23773218710458538,0.23868072956121442,0.0006184003342510347
776337,2025-09-13,2025,Minnesota Twins,Arizona Diamondbacks,2025-09-13T17:00:00+00:00,0,-0.43,83,126,2,2,0.492539940066649,0.4870530063423312,0.5541561712846348,0.24259559256085816,0.2372206309871029,0.3070890621728455,-0.005374961573755277
776338,2025-09-13,2025,Chicago Cubs,Tampa Bay Rays,2025-09-13T17:00:00+00:00,0,-1.91,112,303,2,3,0.5480511305788037,0.5287217072060675,0.4885496183206107,0.30036004172870495,0.27954664367089854,0.23868072956121442,-0.02081339805780641
776339,2025-09-13,2025,Milwaukee Brewers,St. Louis Cardinals,2025-09-13T17:00:00+00:00,1,-0.61,117,178,2,2,0.6394804369951002,0.6349183740470279,0.5945945945945945,0.12997435530924395,0.13328459360846584,0.16435354273192118,0.0033102382992218904
776341,2025-09-13,2025,San Diego Padres,Colorado Rockies,2025-09-13T17:00:00+00:00,1,-0.25,134,159,3,3,0.7051030166851197,0.7049713114628927,0.7566037735849056,0.08696423076821681,0.08704192705992546,0.059241723033107895,7.769629170864545e-05
776342,2025-09-13,2025,Philadelphia Phillies,Kansas City Royals,2025-09-13T17:00:00+00:00,1,-0.77,134,211,3,3,0.5995677088885187,0.5926341776831289,0.568922305764411,0.16034601976479007,0.1659469131919006,0.18582797846747193,0.005600893427110537
776343,2025-09-13,2025,Toronto Blue Jays,Baltimore Orioles,2025-09-13T17:00:00+00:00,1,-0.63,131,194,3,3,0.6108734529703232,0.6055245110030676,0.6168674698795181,0.15141946960323924,0.15561091141936895,0.14679053563652195,0.0041914418161297096
776344,2025-09-13,2025,Boston Red Sox,New York Yankees,2025-09-13T17:00:00+00:00,0,-0.11,164,175,2,3,0.5207845179924833,0.5189465262807819,0.42144638403990026,0.2712165141806631,0.26930549713889024,0.1776170546203071,-0.0019110170417728778
776346,2025-09-13,2025,Atlanta Braves,Houston Astros,2025-09-13T17:00:00+00:00,0,-0.26,141,167,2,3,0.496043905173458,0.4923132585240219,0.4422110552763819,0.24605955585973457,0.24237234451854042,0.19555061740865126,-0.003687211341194152
776347,2025-09-13,2025,Miami Marlins,Detroit Tigers,2025-09-13T17:00:00+00:00,1,-1.23,144,267,3,3,0.4491922640091991,0.4351970723765289,0.4582278481012658,0.3033891620273118,0.319002347052044,0.2935170645729851,0.01561318502473219
776348,2025-09-13,2025,Cleveland Guardians,Chicago White Sox,2025-09-13T17:00:00+00:00,1,-0.57,108,165,3,3,0.5473078874443749,0.5413227739678035,0.6116504854368933,0.2049301487700748,0.2103847976805907,0.15081534546140066,0.005454648910515919
776349,2025-09-13,2025,New York Mets,Texas Rangers,2025-09-13T17:00:00+00:00,0,1.79,253,74,3,2,0.5115683888721811,0.5285903584230706,0.5866336633663367,0.2617022164932791,0.2794077670178302,0.34413905499460845,0.017705550524551084
776317,2025-09-14,2025,Seattle Mariners,Los Angeles Angels,2025-09-14T17:00:00+00:00,1,-0.2,175,195,3,3,0.6209873555895891,0.6199170349659294,0.6605504587155964,0.14365058462297262,0.1444630603090905,0.11522599107819205,0.0008124756861178917
776321,2025-09-14,2025,Chicago Cubs,Tampa Bay Rays,2025-09-14T17:00:00+00:00,1,-1.2,106,226,2,3,0.5494096433659204,0.5371911593100365,0.6048780487804878,0.2030316694916271,0.21419202302078805,0.15612135633551458,0.011160353529160949
776322,2025-09-14,2025,Toronto Blue Jays,Baltimore Orioles,2025-09-14T17:00:00+00:00,1,-0.63,119,182,3,3,0.6125063198005373,0.6071910509192898,0.6480186480186481,0.1501513521945235,0.15429887047789195,0.12389087214262037,0.0041475182833684565
776323,2025-09-14,2025,San Diego Padres,Colorado Rockies,2025-09-14T17:00:00+00:00,1,-0.72,132,204,3,3,0.7169051719665688,0.7131211513712246,0.746615087040619,0.080142681659278,0.08229947379057186,0.06420391411543311,0.0021567921312938554
776324,2025-09-14,2025,Minnesota Twins,Arizona Diamondbacks,2025-09-14T17:00:00+00:00,0,0.06,161,155,2,2,0.48864686243205574,0.4880063782469539,0.5216284987277354,0.2387757561646924,0.23815022520970905,0.27209629068495106,-0.0006255309549833554
776325,2025-09-14,2025,San Francisco Giants,Los Angeles Dodgers,2025-09-14T17:00:00+00:00,0,-0.16,126,142,2,2,0.49238739865975,0.4896018223125044,0.4531645569620253,0.2424453503589156,0.2397099444117251,0.20535811568658865,-0.002735405947190489
776326,2025-09-14,2025,Milwaukee Brewers,St. Louis Cardinals,2025-09-14T17:00:00+00:00,0,-0.23,168,191,2,2,0.6401943212877972,0.6391670990152122,0.6391509433962265,0.4098487690091433,0.40853458046352203,0.4085139284442863,-0.0013141885456212643
776329,2025-09-14,2025,Atlanta Braves,Houston Astros,2025-09-14T17:00:00+00:00,1,-0.35,140,175,2,3,0.49552599434164163,0.4908858835080696,0.44332493702770776,0.25449402238498936,0.25919718361135885,0.3098871257352056,0.00470316122636949
776330,2025-09-14,2025,Boston Red Sox,New York Yankees,2025-09-14T17:00:00+00:00,1,-0.33,119,152,2,3,0.5181260577225344,0.5140435234143348,0.5760598503740648,0.23220249624602626,0.23615369713555417,0.17972525046486032,0.003951200889527912
776331,2025-09-14,2025,Cleveland Guardians,Chicago White Sox,2025-09-14T17:00:00+00:00,1,-0.46,77,123,3,3,0.5511737670962601,0.546350747747112,0.5876543209876544,0.2014449873425622,0.2057976440696044,0.17002895900015239,0.0043526567270422145
776332,2025-09-14,2025,Miami Marlins,Detroit Tigers,2025-09-14T17:00:00+00:00,0,-1.02,174,276,3,3,0.4500473677682892,0.43813064383234307,0.46329113924050636,0.20254263323516575,0.19195846106494346,0.21463867969876624,-0.010584172170222284
776334,2025-09-14,2025,Philadelphia Phillies,Kansas City Royals,2025-09-14T17:00:00+00:00,0,-0.33,138,171,3,3,0.6002637289077045,0.597592710095467,0.5771144278606966,0.3603165442421822,0.35711704715924486,0.3330610628449791,-0.0031994970829373193
776335,2025-09-14,2025,New York Mets,Texas Rangers,2025-09-14T17:00:00+00:00,1,0.99,220,121,3,2,0.5119260140498414,0.5209573822759428,0.6058394160583942,0.2382162157612756,0.2294818295959172,0.15536256593318767,-0.008734386165358404
776309,2025-09-15,2025,Arizona Diamondbacks,San Francisco Giants,2025-09-15T17:00:00+00:00,1,0.1,245,235,3,3,0.5287530314148791,0.5291398776439781,0.5417721518987342,0.22207370540066595,0.22170925482512793,0.20997276077551674,-0.0003644505755380223
776311,2025-09-15,2025,Los Angeles Dodgers,Philadelphia Phillies,2025-09-15T17:00:00+00:00,0,-0.22,177,199,3,3,0.5349607868167614,0.5322526494720725,0.5178571428571429,0.28618304343160844,0.2832928828700409,0.2681760204081633,-0.002890160561567545
776312,2025-09-15,2025,St. Louis Cardinals,Cincinnati Reds,2025-09-15T17:00:00+00:00,0,0.78,265,187,3,3,0.5084682265811781,0.515347440897818,0.5089058524173028,0.2585399374426082,0.26558298483993004,0.2589851666245816,0.007043047397321811
776313,2025-09-15,2025,Minnesota Twins,New York Yankees,2025-09-15T17:00:00+00:00,1,0.73,219,146,3,3,0.4479986915418426,0.45337871109064953,0.36492890995260663,0.30470544453951787,0.2987948334889196,0.4033152894139844,-0.005910611050598258
776314,2025-09-15,2025,Chicago White Sox,Baltimore Orioles,2025-09-15T17:00:00+00:00,0,-1.15,113,228,3,3,0.5283886261530317,0.5162719075549509,0.43969849246231163,0.2791945402478883,0.2665366825304278,0.19333476427362953,-0.01265785771746053
776315,2025-09-15,2025,Washington Nationals,Atlanta Braves,2025-09-15T17:00:00+00:00,0,-0.3,191,221,3,3,0.4587918895617516,0.4541112845943572,0.40196078431372556,0.21048999792764247,0.20621705879593727,0.1615724721261054,-0.004272939131705206
776316,2025-09-15,2025,Tampa Bay Rays,Toronto Blue Jays,2025-09-15T17:00:00+00:00,0,0.46,206,160,3,3,0.5172343210723209,0.5210430963511656,0.46954314720812185,0.26753134289514474,0.2714859082552101,0.220470767090108,0.003954565360065332
776318,2025-09-15,2025,Pittsburgh Pirates,Chicago Cubs,2025-09-15T17:00:00+00:00,0,-0.31,144,175,3,3,0.4456100556062557,0.44065027422294123,0.4783715012722647,0.1985683216574103,0.1941726641727533,0.22883929322948032,-0.004395657484657006
776319,2025-09-15,2025,Houston Astros,Texas Rangers,2025-09-15T17:00:00+00:00,1,0.41,230,189,3,3,0.5055375597850724,0.5086671771424685,0.5406091370558376,0.24449310478330083,0.24140794281715047,0.21103996495658223,-0.003085161966150357
776293,2025-09-16,2025,Colorado Rockies,Miami Marlins,2025-09-16T17:00:00+00:00,0,0.42,169,127,2,2,0.412654684383305,0.41436454792482147,0.43609022556390975,0.17028388854348506,0.17169797857694166,0.19017468483238167,0.0014140900334566053
776294,2025-09-16,2025,Arizona Diamondbacks,San Francisco Giants,2025-09-16T17:00:00+00:00,1,-0.74,214,288,3,3,0.5379850190843717,0.5301389500898085,0.5468354430379747,0.2134578425904684,0.22076940622270746,0.20535811568658865,0.00731156363223906
776295,2025-09-16,2025,Milwaukee Brewers,Los Angeles Angels,2025-09-16T17:00:00+00:00,1,0.55,193,138,2,2,0.6742161504307091,0.680590034231848,0.7029914529914529,0.10613511664018634,0.102022726232012,0.08821407699612831,-0.004112390408174335
776297,2025-09-16,2025,Los Angeles Dodgers,Philadelphia Phillies,2025-09-16T17:00:00+00:00,0,0.88,292,204,3,3,0.5357787683318913,0.5440391268009148,0.5555555555555556,0.2870588885952385,0.2959785714903019,0.308641975308642,0.008919682895063397
776298,2025-09-16,2025,Minnesota Twins,New York Yankees,2025-09-16T17:00:00+00:00,0,0.73,213,140,3,3,0.4468399719260255,0.4521993061354201,0.41687344913151364,0.19966596051085125,0.2044842124693554,0.17378347259080468,0.004818251958504133
776300,2025-09-16,2025,St. Louis Cardinals,Cincinnati Reds,2025-09-16T17:00:00+00:00,1,0.62,274,212,3,3,0.5025745083579379,0.507761815209368,0.47582697201017815,0.24743211973534715,0.24229843056597636,0.2747573632720185,-0.005133689169370792
776301,2025-09-16,2025,Houston Astros,Texas Rangers,2025-09-16T17:00:00+00:00,1,0.12,185,173,3,3,0.5080652729281292,0.5083294700650003,0.4783715012722647,0.24199977569927603,0.24173991000656345,0.27209629068495095,-0.00025986569271257975
776302,2025-09-16,2025,Kansas City Royals,Seattle Mariners,2025-09-16T17:00:00+00:00,0,0.06,94,88,2,2,0.5077329605706893,0.5073909547353606,0.43969849246231163,0.2577927592498771,0.2574455809472607,0.19333476427362953,-0.00034717830261637994
776303,2025-09-16,2025,Detroit Tigers,Cleveland Guardians,2025-09-16T17:00:00+00:00,0,0.54,135,81,2,2,0.5993507966232321,0.6050253101746038,0.5591939546599496,0.35922137741290294,0.3660556259518756,0.31269787892823375,0.0068342485389726315
776304,2025-09-16,2025,New York Mets,San Diego Padres,2025-09-16T17:00:00+00:00,1,-0.22,102,124,2,2,0.5309198009402537,0.5281455665564035,0.5329949238578681,0.2200362331499312,0.2226466063603774,0.21809374114251845,0.0026103732104461874
776305,2025-09-16,2025,Tampa Bay Rays,Toronto Blue Jays,2025-09-16T17:00:00+00:00,0,-0.27,159,186,3,3,0.5204885740804123,0.5170448397981272,0.5025510204081632,0.27090835574826083,0.26733536636187105,0.2525575281132861,-0.00357298938638978
776306,2025-09-16,2025,Chicago White Sox,Baltimore Orioles,2025-09-16T17:00:00+00:00,0,0.55,267,212,3,3,0.5250862512161328,0.5299107944043483,0.5076530612244898,0.27571557121621176,0.2808054500262475,0.2577116305705956,0.005089878810035753
776307,2025-09-16,2025,Washington Nationals,Atlanta Braves,2025-09-16T17:00:00+00:00,0,0.16,215,199,3,3,0.4529068065569034,0.4527081607070223,0.41687344913151364,0.20512457542557233,0.20494467877073513,0.17378347259080468,-0.0001798966548371972
776308,2025-09-16,2025,Pittsburgh Pirates,Chicago Cubs,2025-09-16T17:00:00+00:00,0,-0.06,185,191,3,3,0.44410079557937415,0.44159009263974763,0.5516372795969774,0.19722551663423307,0.1950018099175809,0.30430368824115384,-0.002223706716652174
777825,2025-09-16,2025,Washington Nationals,Atlanta Braves,2025-09-16T17:00:00+00:00,0,0.16,215,199,3,3,0.4529068065569034,0.4527081607070223,0.3642857142857143,0.20512457542557233,0.20494467877073513,0.1327040816326531,-0.0001798966548371972
776277,2025-09-17,2025,Colorado Rockies,Miami Marlins,2025-09-17T17:00:00+00:00,0,-0.01,116,117,2,2,0.4173158509884754,0.4149148797857194,0.41234567901234565,0.17415251948623542,0.17215435746759797,0.17002895900015239,-0.0019981620186374505
776279,2025-09-17,2025,Arizona Diamondbacks,San Francisco Giants,2025-09-17T17:00:00+00:00,0,-1.17,173,290,3,3,0.536519839924208,0.5243515909674937,0.5051020408163266,0.28785353863229785,0.27494459095014184,0.25512807163681805,-0.012908947682156002
776280,2025-09-17,2025,Los Angeles Dodgers,Philadelphia Phillies,2025-09-17T17:00:00+00:00,1,0.83,259,176,3,3,0.5317005826832523,0.5394096848649469,0.57356608478803,0.21930434425920545,0.21214343839620753,0.18184588404300966,-0.007160905862997918
776283,2025-09-17,2025,St. Louis Cardinals,Cincinnati Reds,2025-09-17T17:00:00+00:00,0,0.43,179,136,3,3,0.5079547499054712,0.5113219654945665,0.4821428571428572,0.2580180279515298,0.2614501523972267,0.23246173469387763,0.0034321244456969047
776284,2025-09-17,2025,Minnesota Twins,New York Yankees,2025-09-17T17:00:00+00:00,0,0.64,213,149,3,3,0.4473988710224128,0.4518746635377127,0.4193548387096774,0.2001657497921296,0.20419071154732107,0.17585848074921953,0.004024961755191486
776285,2025-09-17,2025,Chicago White Sox,Baltimore Orioles,2025-09-17T17:00:00+00:00,0,0.93,320,227,3,3,0.5256415233109383,0.5342654582531166,0.47328244274809167,0.2762990110286437,0.28543957988241264,0.22399627061360067,0.00914056885376896
776286,2025-09-17,2025,Washington Nationals,Atlanta Braves,2025-09-17T17:00:00+00:00,0,0.88,278,190,4,4,0.44752364962266483,0.45438514888726755,0.42750000000000005,0.20027741697158968,0.2064658635293043,0.18275625000000004,0.006188446557714611
776288,2025-09-17,2025,New York Mets,San Diego Padres,2025-09-17T17:00:00+00:00,0,-0.52,124,176,2,2,0.5265566999100398,0.5207116397625747,0.5292620865139949,0.27726195822015176,0.2711406117842294,0.2801183562211474,-0.006121346435922381
776289,2025-09-17,2025,Kansas City Royals,Seattle Mariners,2025-09-17T17:00:00+00:00,1,0.46,152,106,2,2,0.5002815801855967,0.503830459979561,0.5355329949238579,0.24971849910180427,0.24618421244409402,0.21572959880440104,-0.003534286657710245
776290,2025-09-17,2025,Tampa Bay Rays,Toronto Blue Jays,2025-09-17T17:00:00+00:00,1,-0.51,183,234,3,3,0.519620318974428,0.5137601063752061,0.4531645569620253,0.23076463794223034,0.2364292341522509,0.2990290017625381,0.0056645962100205505
776291,2025-09-17,2025,Milwaukee Brewers,Los Angeles Angels,2025-09-17T17:00:00+00:00,1,-0.19,142,161,2,2,0.6732548179952218,0.673132246195578,0.6778523489932886,0.10676241396333563,0.10684252847714824,0.10377910904914192,8.01145138126097e-05
776292,2025-09-17,2025,Houston Astros,Texas Rangers,2025-09-17T17:00:00+00:00,1,1.08,268,160,3,3,0.5111546750465709,0.5210750704460789,0.44584382871536526,0.23896975172882373,0.22936908814822826,0.3070890621728455,-0.00960066358059547
776296,2025-09-17,2025,Detroit Tigers,Cleveland Guardians,2025-09-17T17:00:00+00:00,0,0.03,145,142,2,2,0.5955401922815667,0.5962627708245788,0.5664160401002506,0.3546681206227655,0.3555292918714042,0.32082713048284867,0.0008611712486387146
776269,2025-09-18,2025,Tampa Bay Rays,Toronto Blue Jays,2025-09-18T17:00:00+00:00,1,-0.5,165,215,3,3,0.5231787177694828,0.5174773876890781,0.46700507614213205,0.22735853518795457,0.2328280713913562,0.28408358885825447,0.005469536203401626
776270,2025-09-18,2025,Colorado Rockies,Miami Marlins,2025-09-18T17:00:00+00:00,0,0.07,138,131,2,2,0.41302286253750625,0.41133832568149337,0.3883495145631068,0.17058788497867577,0.1691992181744543,0.15081534546140068,-0.0013886668042214778
776271,2025-09-18,2025,Los Angeles Dodgers,San Francisco Giants,2025-09-18T17:00:00+00:00,1,0.22,260,238,3,3,0.5778550807536895,0.5801643575256923,0.6125907990314771,0.178206332845474,0.17626196669181474,0.1500858889950694,-0.001944366153659255
776272,2025-09-18,2025,Kansas City Royals,Seattle Mariners,2025-09-18T17:00:00+00:00,0,1.05,217,112,2,2,0.49870534704459224,0.5081402195556008,0.4821428571428572,0.24870702317086718,0.25820648273001423,0.23246173469387763,0.00949945955914705
776274,2025-09-18,2025,Milwaukee Brewers,Los Angeles Angels,2025-09-18T17:00:00+00:00,1,-0.98,102,200,2,2,0.6752686466513872,0.6681962344866668,0.6543778801843317,0.10545045184762163,0.11009373880882703,0.11945464970587615,0.004643286961205403
776275,2025-09-18,2025,Detroit Tigers,Cleveland Guardians,2025-09-18T17:00:00+00:00,0,0.14,172,158,2,2,0.5907876918454884,0.5925032794759233,0.669683257918552,0.34903009683611974,0.3510601361897241,0.4484756659364058,0.0020300393536043515
776276,2025-09-18,2025,New York Mets,San Diego Padres,2025-09-18T17:00:00+00:00,1,-0.37,138,175,2,2,0.5246321363292582,0.5202554599247023,0.5664160401002506,0.22597460581088497,0.23015482373205887,0.1879950502823475,0.004180217921173901
776278,2025-09-18,2025,Baltimore Orioles,New York Yankees,2025-09-18T17:00:00+00:00,0,0.02,162,160,3,3,0.4382346368004383,0.4364279589446127,0.3480278422273782,0.19204959689161205,0.19046936334856057,0.12112337896544485,-0.0015802335430514791
776282,2025-09-18,2025,Cincinnati Reds,Chicago Cubs,2025-09-18T17:00:00+00:00,1,-0.76,150,226,3,3,0.4908048627091717,0.48198885949131853,0.5664160401002506,0.2592796878406255,0.2683355416911049,0.1879950502823475,0.009055853850479412
776251,2025-09-19,2025,Texas Rangers,Miami Marlins,2025-09-19T17:00:00+00:00,0,-0.56,115,171,2,3,0.5473556884832962,0.5480448838628154,0.5841584158415841,0.2995982497150232,0.30035319472820676,0.3412410547985491,0.0007549450131835722
776253,2025-09-19,2025,Colorado Rockies,Los Angeles Angels,2025-09-19T17:00:00+00:00,1,-0.63,183,246,3,3,0.43581735676426286,0.42758762002018724,0.4707379134860051,0.318302054928463,0.32765593275415356,0.2801183562211475,0.009353877825690582
776255,2025-09-19,2025,Arizona Diamondbacks,Philadelphia Phillies,2025-09-19T17:00:00+00:00,0,0.22,87,65,2,2,0.4905889546941541,0.4915812802021778,0.5367088607594936,0.24067752246790278,0.24165215504521204,0.28805640121775355,0.000974632577309259
776256,2025-09-19,2025,Los Angeles Dodgers,San Francisco Giants,2025-09-19T17:00:00+00:00,1,0.22,186,164,3,3,0.5799218233230193,0.582260242167353,0.6225961538461539,0.17646567452025658,0.1745065052740786,0.14243366309171596,-0.0019591692461779775
776259,2025-09-19,2025,New York Mets,Washington Nationals,2025-09-19T17:00:00+00:00,1,-0.26,187,213,3,3,0.7135688236838219,0.7080393330685553,0.6574712643678161,0.0820428187658695,0.08524103103505401,0.11732593473378253,0.003198212269184514
776260,2025-09-19,2025,Kansas City Royals,Toronto Blue Jays,2025-09-19T17:00:00+00:00,1,0.57,240,183,3,3,0.4930370182930984,0.4975742613968903,0.4582278481012658,0.25701146482115234,0.2524316228108803,0.2935170645729851,-0.004579842010272062
776261,2025-09-19,2025,Tampa Bay Rays,Boston Red Sox,2025-09-19T17:00:00+00:00,0,-0.65,159,224,3,3,0.5185295564315819,0.5112495506483773,0.44584382871536526,0.2688729008931331,0.2613761030381677,0.19877671960357596,-0.007496797854965376
776262,2025-09-19,2025,Houston Astros,Seattle Mariners,2025-09-19T17:00:00+00:00,0,0.22,170,148,2,3,0.44802895599601444,0.4549141405610552,0.4885496183206107,0.20072994541087866,0.20694687528240352,0.23868072956121442,0.006216929871524862
776263,2025-09-19,2025,Minnesota Twins,Cleveland Guardians,2025-09-19T17:00:00+00:00,0,-0.42,171,213,2,3,0.44867300857434106,0.4492159836876789,0.5025510204081632,0.20130746862315071,0.201795000000489,0.2525575281132861,0.000487531377338285
776264,2025-09-19,2025,Chicago White Sox,San Diego Padres,2025-09-19T17:00:00+00:00,1,-1.03,177,280,2,3,0.38036033132929326,0.3740960560290398,0.3640661938534279,0.38395331899034324,0.3917557470784028,0.40441180580006586,0.0078024280880595875
776265,2025-09-19,2025,St. Louis Cardinals,Milwaukee Brewers,2025-09-19T17:00:00+00:00,1,-0.66,88,154,2,3,0.36353561339840507,0.3605413266968043,0.47582697201017815,0.4050869154121444,0.4089073948626832,0.2747573632720185,0.0038204794505387607
776267,2025-09-19,2025,Cincinnati Reds,Chicago Cubs,2025-09-19T17:00:00+00:00,1,-0.92,89,181,3,3,0.4933571426717865,0.48297745820755994,0.49234693877551017,0.25668698488169656,0.2673123087215155,0.2577116305705956,0.010625323839818956
776268,2025-09-19,2025,Detroit Tigers,Atlanta Braves,2025-09-19T17:00:00+00:00,0,0.99,223,124,3,3,0.6403553955718105,0.6444763040523472,0.5216284987277354,0.41005503263793,0.41534970648497355,0.27209629068495106,0.005294673847043574
776273,2025-09-19,2025,Baltimore Orioles,New York Yankees,2025-09-19T17:00:00+00:00,1,0.54,193,139,3,3,0.4333069398622434,0.4365471356052849,0.46954314720812185,0.3211410244082951,0.3174791303946092,0.2813844726738643,-0.00366189401368594
776233,2025-09-20,2025,Los Angeles Dodgers,San Francisco Giants,2025-09-20T17:00:00+00:00,1,0.84,192,108,3,3,0.5856911641384019,0.5941157690169845,0.6778523489932886,0.1716518114729926,0.1647420089606739,0.10377910904914192,-0.006909802512318708
776241,2025-09-20,2025,Colorado Rockies,Los Angeles Angels,2025-09-20T17:00:00+00:00,0,-0.28,196,224,3,3,0.4354137363581522,0.4306153433346612,0.46446700507614214,0.18958512180936649,0.18542957391522816,0.21572959880440104,-0.004155547894138328
776242,2025-09-20,2025,Texas Rangers,Miami Marlins,2025-09-20T17:00:00+00:00,0,-0.26,154,180,2,3,0.6124003156156912,0.6106142452074454,0.5876543209876544,0.3750341465661982,0.3728497564502583,0.3453376009754611,-0.002184390115939905
776243,2025-09-20,2025,Minnesota Twins,Cleveland Guardians,2025-09-20T17:00:00+00:00,0,-0.12,157,169,2,3,0.5101888003323911,0.5080824203966288,0.5216284987277354,0.26029261198460446,0.2581477459160966,0.27209629068495106,-0.0021448660685078336
776244,2025-09-20,2025,St. Louis Cardinals,Milwaukee Brewers,2025-09-20T17:00:00+00:00,0,-0.78,119,197,2,3,0.43662481799561126,0.4269325716132972,0.44332493702770776,0.19064123168970065,0.18227142070434313,0.19653699979062106,-0.008369810985357523
776245,2025-09-20,2025,Kansas City Royals,Toronto Blue Jays,2025-09-20T17:00:00+00:00,1,-0.92,128,220,3,3,0.5052725847229969,0.4950735579260632,0.4520202020202021,0.2447552154266643,0.2549507119054446,0.30028185899398013,0.010195496478780292
776246,2025-09-20,2025,Arizona Diamondbacks,Philadelphia Phillies,2025-09-20T17:00:00+00:00,1,0.46,147,101,2,2,0.4858736501651776,0.48919497497804065,0.5165394402035622,0.2643259035944782,0.26092177358768454,0.23373411287868498,-0.003404130006793682
776247,2025-09-20,2025,Tampa Bay Rays,Boston Red Sox,2025-09-20T17:00:00+00:00,0,-0.27,191,218,3,3,0.5189016076816894,0.5154322344009054,0.5063938618925831,0.26925887845464186,0.26567038825950984,0.2564347433624845,-0.0035884901951320214
776248,2025-09-20,2025,Houston Astros,Seattle Mariners,2025-09-20T17:00:00+00:00,0,-0.53,94,147,2,3,0.5095466537067947,0.5033227658900072,0.5025510204081632,0.2596377923037922,0.253333806663167,0.2525575281132861,-0.006303985640625176
776250,2025-09-20,2025,Chicago White Sox,San Diego Padres,2025-09-20T17:00:00+00:00,0,-0.79,124,203,2,3,0.4510319938440369,0.4413968558536347,0.39608801955990225,0.20342985947092734,0.19483118435747437,0.1568857192388855,-0.00859867511345297
776252,2025-09-20,2025,New York Mets,Washington Nationals,2025-09-20T17:00:00+00:00,0,0.26,188,162,3,2,0.6585709276097546,0.6622588051984709,0.7094736842105264,0.43371566669277256,0.43858672506290625,0.5033529085872577,0.004871058370133685
776254,2025-09-20,2025,Cincinnati Reds,Chicago Cubs,2025-09-20T17:00:00+00:00,1,-0.85,113,198,3,3,0.49985020617524634,0.49026852866158804,0.5051020408163266,0.2501498162629436,0.25982617287282234,0.24492399000416487,0.009676356609878756
776257,2025-09-20,2025,Baltimore Orioles,New York Yankees,2025-09-20T17:00:00+00:00,0,0.44,159,115,3,3,0.4301309701051324,0.43233199650916637,0.3591549295774648,0.1850126514435823,0.18691095520560183,0.1289922634397937,0.0018983037620195209
776258,2025-09-20,2025,Detroit Tigers,Atlanta Braves,2025-09-20T17:00:00+00:00,0,1.7,260,90,3,2,0.5698693909405482,0.5865192091421073,0.530456852791878,0.3247511227309514,0.34400478269268303,0.2813844726738642,0.019253659961731617
777839,2025-09-20,2025,Minnesota Twins,Cleveland Guardians,2025-09-20T17:00:00+00:00,0,-0.12,157,169,2,3,0.5101888003323911,0.5080824203966288,0.526854219948849,0.26029261198460446,0.2581477459160966,0.27757536907791014,-0.0021448660685078336
776225,2025-09-21,2025,Minnesota Twins,Cleveland Guardians,2025-09-21T17:00:00+00:00,1,0.59,205,146,3,4,0.49772156661926864,0.5025329096678621,0.43969849246231163,0.25228362463940174,0.2474735059635234,0.31393777934900624,-0.004810118675878328
776226,2025-09-21,2025,Texas Rangers,Miami Marlins,2025-09-21T17:00:00+00:00,0,-0.26,169,195,2,3,0.6147912276882931,0.6130466521703661,0.530456852791878,0.3779682536424786,0.37582619773729387,0.2813844726738642,-0.0021420559051847365
776227,2025-09-21,2025,Los Angeles Dodgers,San Francisco Giants,2025-09-21T17:00:00+00:00,0,0.75,220,145,3,3,0.5897665956766406,0.5973612284986815,0.6558891454965358,0.34782463737601405,0.35684043731345394,0.43019057118017584,0.009015799937439894
776228,2025-09-21,2025,Houston Astros,Seattle Mariners,2025-09-21T17:00:00+00:00,0,-0.27,116,143,2,3,0.5103712789230618,0.5067652492803102,0.44332493702770776,0.2604788423495617,0.25681101787813493,0.19653699979062106,-0.0036678244714267727
776229,2025-09-21,2025,Kansas City Royals,Toronto Blue Jays,2025-09-21T17:00:00+00:00,0,-1.55,81,236,3,3,0.5024686031188971,0.4859170047973953,0.46700507614213205,0.2524746971202557,0.2361153355512719,0.21809374114251856,-0.01635936156898382
776230,2025-09-21,2025,Arizona Diamondbacks,Philadelphia Phillies,2025-09-21T17:00:00+00:00,1,0.08,137,129,2,2,0.4911188724937441,0.4907172592649963,0.4531645569620253,0.2589600019320383,0.25936891001055695,0.2990290017625381,0.00040890807851867716
776231,2025-09-21,2025,St. Louis Cardinals,Milwaukee Brewers,2025-09-21T17:00:00+00:00,1,-1.06,111,217,2,3,0.43510250074574713,0.4226542586573924,0.4483627204030227,0.3191091846637086,0.33332810504644506,0.30430368824115367,0.014218920382736477
776232,2025-09-21,2025,Colorado Rockies,Los Angeles Angels,2025-09-21T17:00:00+00:00,1,0.23,150,127,3,3,0.436485554421997,0.43672238445998895,0.5025510204081632,0.3175485303750841,0.31728167216844044,0.24745548729695963,-0.0002668582066436831
776235,2025-09-21,2025,Chicago White Sox,San Diego Padres,2025-09-21T17:00:00+00:00,0,-0.69,118,187,2,3,0.4498326064132335,0.44117167151393244,0.3864734299516908,0.20234937379252307,0.1946324437463971,0.14936171205862447,-0.007716930046125975
776236,2025-09-21,2025,Tampa Bay Rays,Boston Red Sox,2025-09-21T17:00:00+00:00,1,0.32,230,198,3,3,0.512971183396982,0.5153142199255518,0.46446700507614214,0.23719706820173614,0.23492030540637635,0.2867955886521168,-0.0022767627953597935
776237,2025-09-21,2025,New York Mets,Washington Nationals,2025-09-21T17:00:00+00:00,0,0.1,192,182,3,2,0.6562272201636901,0.6584501808640183,0.723360655737705,0.4306341644837641,0.4335566406798584,0.5232506382692826,0.002922476196094259
776238,2025-09-21,2025,Detroit Tigers,Atlanta Braves,2025-09-21T17:00:00+00:00,0,1.94,274,80,3,2,0.5658988203798296,0.5848653912544394,0.5204081632653061,0.32024147490728266,0.34206752588720846,0.27082465639316955,0.021826050979925793
776239,2025-09-21,2025,Cincinnati Reds,Chicago Cubs,2025-09-21T17:00:00+00:00,1,-0.24,123,147,3,3,0.502885741193555,0.4994620678256923,0.5355329949238579,0.24712258630868117,0.2505382215453319,0.21572959880440104,0.003415635236650727
776240,2025-09-21,2025,Baltimore Orioles,New York Yankees,2025-09-21T17:00:00+00:00,0,1.21,203,82,3,3,0.43064175855486536,0.440442163309319,0.4494949494949495,0.18545232421122695,0.19398929922059283,0.2020457096214672,0.008536975009365871
776220,2025-09-22,2025,San Francisco Giants,St. Louis Cardinals,2025-09-22T17:00:00+00:00,0,-0.07,170,177,3,3,0.5594401708050583,0.5586208369166679,0.57,0.31297330471039275,0.31205723943747843,0.32489999999999997,-0.0009160652729143237
776221,2025-09-22,2025,Atlanta Braves,Washington Nationals,2025-09-22T17:00:00+00:00,1,-0.82,153,235,3,3,0.6281706898633405,0.6213927403637874,0.6941431670281994,0.13825703587670415,0.14334345704924248,0.0935484022755399,0.005086421172538325
776222,2025-09-22,2025,San Diego Padres,Milwaukee Brewers,2025-09-22T17:00:00+00:00,1,-0.86,154,240,3,3,0.4853641917022825,0.4754698397516933,0.5204081632653061,0.26485001518224505,0.27513188901011426,0.23000832986255726,0.010281873827869215
776207,2025-09-23,2025,Los Angeles Angels,Kansas City Royals,2025-09-23T17:00:00+00:00,0,-0.35,67,102,2,2,0.46562887988813356,0.4605470156760582,0.4044117647058823,0.2168102537858779,0.21210355364812342,0.16354887543252591,-0.004706700137754483
776209,2025-09-23,2025,Chicago Cubs,New York Mets,2025-09-23T17:00:00+00:00,0,-0.93,72,165,2,2,0.5465596097842811,0.5369759705255447,0.5025510204081632,0.29872740704754563,0.2883431929218506,0.2525575281132861,-0.010384214125695013
776210,2025-09-23,2025,Texas Rangers,Minnesota Twins,2025-09-23T17:00:00+00:00,0,-0.71,109,180,2,3,0.60986664544401,0.6037302032243796,0.5577889447236182,0.37193732522512984,0.36449015828535075,0.31112850685588755,-0.007447166939779093
776211,2025-09-23,2025,San Francisco Giants,St. Louis Cardinals,2025-09-23T17:00:00+00:00,0,0.02,185,183,3,3,0.5621440470888625,0.5622560483799908,0.64,0.31600592967744523,0.3161318639398825,0.4096,0.00012593426243728834
776212,2025-09-23,2025,Seattle Mariners,Colorado Rockies,2025-09-23T17:00:00+00:00,1,0.02,92,90,2,2,0.7230186914621805,0.7253279468218095,0.7078891257995735,0.07671864527932279,0.07544473679712274,0.08532876282613738,-0.001273908482200048
776213,2025-09-23,2025,Arizona Diamondbacks,Los Angeles Dodgers,2025-09-23T17:00:00+00:00,1,-0.16,86,102,2,2,0.49037197486815975,0.4875553157747846,0.4088669950738916,0.2597207239997796,0.2625995543906807,0.3494382295129704,0.0028788303909011437
776214,2025-09-23,2025,San Diego Padres,Milwaukee Brewers,2025-09-23T17:00:00+00:00,1,-0.16,217,233,3,3,0.48403994104183135,0.48112628301215166,0.5051020408163266,0.26621478244011687,0.2692299341807857,0.24492399000416487,0.0030151517406688533
776215,2025-09-23,2025,Philadelphia Phillies,Miami Marlins,2025-09-23T17:00:00+00:00,0,-0.11,143,154,2,2,0.627904093193019,0.6277927457859003,0.6734234234234234,0.3942635502485475,0.3941237316614,0.45349910721532344,-0.00013981858714745554
776216,2025-09-23,2025,New York Yankees,Chicago White Sox,2025-09-23T17:00:00+00:00,1,-0.48,105,153,2,2,0.6435276330000139,0.6402522880846409,0.6756152125279643,0.12707254843457277,0.12941841622833625,0.10522549034327777,0.002345867793763473
776217,2025-09-23,2025,Toronto Blue Jays,Boston Red Sox,2025-09-23T17:00:00+00:00,0,-0.45,93,138,2,2,0.5190105038870049,0.513740986097848,0.5945945945945945,0.2693719031450427,0.2639298007967893,0.3535427319211102,-0.00544210234825343
776218,2025-09-23,2025,Cleveland Guardians,Detroit Tigers,2025-09-23T17:00:00+00:00,1,-0.83,103,186,3,2,0.49104579678785737,0.48153291077239657,0.4133663366336633,0.2590343809673069,0.2688081226121437,0.34413905499460845,0.009773741644836798
776219,2025-09-23,2025,Atlanta Braves,Washington Nationals,2025-09-23T17:00:00+00:00,1,-0.99,190,289,3,3,0.6335121068645817,0.6252626541616232,0.6350710900473934,0.1343133758148378,0.14042807836599122,0.13317310931919768,0.006114702551153428
776223,2025-09-23,2025,Baltimore Orioles,Tampa Bay Rays,2025-09-23T17:00:00+00:00,1,0.24,166,142,2,2,0.4582671279744579,0.4589480912141402,0.47959183673469385,0.29347450463304237,0.2927371680008224,0.27082465639316955,-0.0007373366322199759
776224,2025-09-23,2025,Cincinnati Reds,Pittsburgh Pirates,2025-09-23T17:00:00+00:00,0,0.18,137,119,2,2,0.5915048848703228,0.59361751774553,0.608272506082725,0.3498780288254539,0.35238175737436456,0.3699954416561587,0.0025037285489106775
776192,2025-09-24,2025,Texas Rangers,Minnesota Twins,2025-09-24T17:00:00+00:00,1,1.0,177,77,2,2,0.6080215909301607,0.6181477862936406,0.635933806146572,0.15364707317692225,0.14581111311244713,0.1325441935069218,-0.007835960064475123
776193,2025-09-24,2025,Arizona Diamondbacks,Los Angeles Dodgers,2025-09-24T17:00:00+00:00,0,-0.12,84,96,2,2,0.4932557863001145,0.4908842602931131,0.42039800995024873,0.24330127071854424,0.24096735700351682,0.17673448677012943,-0.002333913715027419
776194,2025-09-24,2025,Seattle Mariners,Colorado Rockies,2025-09-24T17:00:00+00:00,1,-0.01,97,98,2,2,0.7219246317434896,0.7239822807255917,0.7239263803680981,0.07732591043099385,0.07618578135344609,0.07621664345666006,-0.0011401290775477635
776196,2025-09-24,2025,San Francisco Giants,St. Louis Cardinals,2025-09-24T17:00:00+00:00,1,-0.62,166,228,3,3,0.5596612642038118,0.5534044265257415,0.5,0.19389820224258525,0.1994476062468018,0.25,0.0055494040042165516
776197,2025-09-24,2025,Los Angeles Angels,Kansas City Royals,2025-09-24T17:00:00+00:00,1,-0.05,114,119,2,2,0.4621518011186712,0.46000617403106947,0.5153061224489797,0.28928068503988946,0.2915933320845636,0.2349281549354435,0.0023126470446741543
776198,2025-09-24,2025,San Diego Padres,Milwaukee Brewers,2025-09-24T17:00:00+00:00,0,0.02,190,188,3,3,0.4872588029968324,0.4861962157487159,0.5355329949238579,0.2374211410979059,0.2363867602083719,0.2867955886521168,-0.0010343808895340034
776199,2025-09-24,2025,New York Yankees,Chicago White Sox,2025-09-24T17:00:00+00:00,1,-0.07,129,136,2,2,0.6442427529483193,0.6447539925296337,0.7634011090573012,0.12656321882979055,0.12619972582363553,0.05597903519531509,-0.00036349300615501345
776201,2025-09-24,2025,Philadelphia Phillies,Miami Marlins,2025-09-24T17:00:00+00:00,1,-0.17,165,182,2,2,0.6253882962868994,0.6246736076159694,0.6350710900473934,0.14033392855883187,0.14086990082001133,0.13317310931919768,0.0005359722611794626
776202,2025-09-24,2025,Cincinnati Reds,Pittsburgh Pirates,2025-09-24T17:00:00+00:00,0,-0.16,121,137,2,2,0.5915503621843032,0.5903725052890038,0.5241730279898218,0.34993183100038033,0.3485396950012148,0.2747573632720185,-0.0013921359991655446
776203,2025-09-24,2025,Baltimore Orioles,Tampa Bay Rays,2025-09-24T17:00:00+00:00,0,-0.62,122,184,2,2,0.4695411396711515,0.46182437594830217,0.530456852791878,0.22046888184368382,0.21328175422003873,0.2813844726738642,-0.007187127623645095
776204,2025-09-24,2025,Cleveland Guardians,Detroit Tigers,2025-09-24T17:00:00+00:00,1,-0.23,101,124,2,2,0.4953943801040476,0.4919541834820415,0.57,0.2546268316305783,0.25811055168139907,0.18490000000000004,0.00348372005082076
776205,2025-09-24,2025,Chicago Cubs,New York Mets,2025-09-24T17:00:00+00:00,1,-1.13,113,226,2,2,0.5429462326333648,0.531299201999332,0.5267175572519084,0.20889814626403425,0.21968043804646298,0.2239962706136006,0.010782291782428732
776206,2025-09-24,2025,Toronto Blue Jays,Boston Red Sox,2025-09-24T17:00:00+00:00,0,-0.33,99,132,2,2,0.5155706009069805,0.5114468102207154,0.46446700507614214,0.26581304451958493,0.2615778396849444,0.21572959880440104,-0.004235204834640516
776178,2025-09-25,2025,Los Angeles Angels,Kansas City Royals,2025-09-25T17:00:00+00:00,0,0.36,132,96,2,2,0.4591346395374324,0.4610241479591436,0.47715736040609136,0.21080461722316798,0.21254326500145432,0.22767914658970856,0.001738647778286334
776183,2025-09-25,2025,Texas Rangers,Minnesota Twins,2025-09-25T17:00:00+00:00,0,1.03,162,59,2,2,0.6101127254583699,0.6205341662294517,0.57,0.37223753776624025,0.3850626514580808,0.32489999999999997,0.012825113691840528
776184,2025-09-25,2025,New York Yankees,Chicago White Sox,2025-09-25T17:00:00+00:00,1,-1.22,69,191,2,2,0.6528518902929767,0.6429825824539781,0.7287449392712552,0.12051181007315945,0.12746143643123053,0.07357930797095505,0.006949626358071087
776185,2025-09-25,2025,Arizona Diamondbacks,Los Angeles Dodgers,2025-09-25T17:00:00+00:00,0,-0.47,99,146,2,2,0.49083133178842603,0.48491809070171027,0.39853300733496333,0.24091539626519995,0.23514555468979212,0.15882855793544995,-0.00576984157540783
776186,2025-09-25,2025,Toronto Blue Jays,Boston Red Sox,2025-09-25T17:00:00+00:00,1,0.15,103,88,2,2,0.5134737113995822,0.514122745397333,0.5614035087719298,0.23670782949929703,0.23607670654022483,0.19236688211757466,-0.0006311229590721945
776187,2025-09-25,2025,Chicago Cubs,New York Mets,2025-09-25T17:00:00+00:00,0,-0.65,152,217,2,2,0.5509071574141524,0.5441913246504612,0.4885496183206107,0.3034986960901417,0.2961441978248236,0.23868072956121442,-0.007354498265318088
776188,2025-09-25,2025,Philadelphia Phillies,Miami Marlins,2025-09-25T17:00:00+00:00,1,-0.6,103,163,2,2,0.6347560068601417,0.6301876008401611,0.5911330049261084,0.1334031745247489,0.136761210572356,0.16717221966075368,0.0033580360476070936
776189,2025-09-25,2025,Cleveland Guardians,Detroit Tigers,2025-09-25T17:00:00+00:00,0,-0.16,88,104,2,2,0.4978924586427865,0.49519227348854106,0.5614035087719298,0.24789690037335885,0.24521538772275003,0.3151738996614343,-0.002681512650608814
776191,2025-09-25,2025,Baltimore Orioles,Tampa Bay Rays,2025-09-25T17:00:00+00:00,1,-0.74,98,172,2,2,0.463074351125606,0.45407935068309035,0.48469387755102045,0.288289152419189,0.2980293553505962,0.2655403998334027,0.009740202931407205
776165,2025-09-26,2025,Washington Nationals,Chicago White Sox,2025-09-26T17:00:00+00:00,0,-1.36,130,266,2,3,0.42436572266542383,0.4153477438410492,0.5429292929292929,0.18008626657334742,0.17251374831384983,0.29477221712070195,-0.00757251825949759
776166,2025-09-26,2025,San Francisco Giants,Colorado Rockies,2025-09-26T17:00:00+00:00,1,-0.63,153,216,2,3,0.6419893787851442,0.6434001240380263,0.6829268292682927,0.12817160490264698,0.12716347153609506,0.10053539559785839,-0.001008133366551922
776167,2025-09-26,2025,Chicago Cubs,St. Louis Cardinals,2025-09-26T17:00:00+00:00,1,0.64,198,134,3,2,0.666870098361339,0.6681453454773559,0.6192771084337348,0.11097553136578393,0.11012751172834345,0.1449499201625781,-0.0008480196374404808
776168,2025-09-26,2025,Seattle Mariners,Los Angeles Dodgers,2025-09-26T17:00:00+00:00,0,-0.22,170,192,3,3,0.5130260285704369,0.5099630829712317,0.5392405063291139,0.2631957059907547,0.26006234599352335,0.29078032366607914,-0.0031333599972313553
776169,2025-09-26,2025,Los Angeles Angels,Houston Astros,2025-09-26T17:00:00+00:00,1,0.78,215,137,3,3,0.45149303037290334,0.4574324024998446,0.4422110552763819,0.3008598957295007,0.2943795978570906,0.31112850685588755,-0.006480297872410112
776170,2025-09-26,2025,San Diego Padres,Arizona Diamondbacks,2025-09-26T17:00:00+00:00,1,-1.62,96,258,2,3,0.4857106312438432,0.47483615230562054,0.5577889447236182,0.26449355481560616,0.2757970669251653,0.19555061740865123,0.011303512109559155
776171,2025-09-26,2025,Milwaukee Brewers,Cincinnati Reds,2025-09-26T17:00:00+00:00,0,-0.47,116,163,2,3,0.5259388182031705,0.527195459814925,0.6073170731707317,0.27661164049294756,0.2779350528494702,0.36883402736466386,0.001323412356522613
776173,2025-09-26,2025,Miami Marlins,New York Mets,2025-09-26T17:00:00+00:00,1,-0.37,229,266,3,3,0.45842120007649756,0.453040168325407,0.44584382871536526,0.29330759652658106,0.29916505746549904,0.3070890621728455,0.00585746093891798
776174,2025-09-26,2025,New York Yankees,Baltimore Orioles,2025-09-26T17:00:00+00:00,1,-0.35,118,153,3,3,0.6454764794241886,0.6434358668638657,0.5785536159600998,0.12568692664146774,0.12713798103912294,0.17761705462030705,0.0014510543976551937
776175,2025-09-26,2025,Cleveland Guardians,Texas Rangers,2025-09-26T17:00:00+00:00,0,-0.67,158,225,3,3,0.4894468602446511,0.48151142653317097,0.5945945945945945,0.23955822900334703,0.2318532538820093,0.3535427319211102,-0.0077049751213377204
776176,2025-09-26,2025,Philadelphia Phillies,Minnesota Twins,2025-09-26T17:00:00+00:00,1,0.55,160,105,3,3,0.6314309315091193,0.6375095677052974,0.5841584158415841,0.13584315824823548,0.13139931350520034,0.1729242231153809,-0.004443844743035136
776177,2025-09-26,2025,Toronto Blue Jays,Tampa Bay Rays,2025-09-26T17:00:00+00:00,1,-0.66,206,272,3,3,0.5387778127549665,0.5317442851515441,0.6285714285714284,0.21272590600709274,0.21926341448823838,0.1379591836734695,0.0065375084811456485
776180,2025-09-26,2025,Atlanta Braves,Pittsburgh Pirates,2025-09-26T17:00:00+00:00,0,-1.6,67,227,2,3,0.5048514207919432,0.4944599469040076,0.5945945945945945,0.2548749570756437,0.244490639092314,0.3535427319211102,-0.010384317983329727
776181,2025-09-26,2025,Boston Red Sox,Detroit Tigers,2025-09-26T17:00:00+00:00,1,-0.28,139,167,3,3,0.5560990776312712,0.5531468079122934,0.5216284987277354,0.19704802887980818,0.1996777752789728,0.22883929322948024,0.0026297463991646064
776146,2025-09-27,2025,San Francisco Giants,Colorado Rockies,2025-09-27T17:00:00+00:00,1,-1.3,106,236,2,3,0.704048477625107,0.69505476383528,0.6756152125279643,0.08758730359601677,0.09299159705955687,0.10522549034327777,0.0054042934635401
776150,2025-09-27,2025,Seattle Mariners,Los Angeles Dodgers,2025-09-27T17:00:00+00:00,0,-0.86,183,269,3,3,0.5141179680431699,0.5046618465087238,0.5279187817258882,0.26431728506483787,0.2546835793215947,0.27869824009894606,-0.009633705743243182
776152,2025-09-27,2025,San Diego Padres,Arizona Diamondbacks,2025-09-27T17:00:00+00:00,1,-1.26,164,290,2,3,0.5580825084392245,0.5454448709505241,0.5566750629722922,0.19529106934736812,0.2066203653451857,0.1965369997906211,0.011329295997817596
776153,2025-09-27,2025,Milwaukee Brewers,Cincinnati Reds,2025-09-27T17:00:00+00:00,0,-0.29,134,163,2,3,0.5902050614296485,0.587743134939925,0.5541561712846348,0.3483420145371751,0.34544199266901093,0.3070890621728455,-0.002900021868164182
776155,2025-09-27,2025,Los Angeles Angels,Houston Astros,2025-09-27T17:00:00+00:00,0,0.7,208,138,3,3,0.45592139530171527,0.4611426782985863,0.4335839598997493,0.20786431869386293,0.21265256974839344,0.1879950502823474,0.004788251054530512
776156,2025-09-27,2025,Atlanta Braves,Pittsburgh Pirates,2025-09-27T17:00:00+00:00,0,-1.28,118,246,2,3,0.5647863696826291,0.5520937785586791,0.6125907990314771,0.31898364337928337,0.30480754032319984,0.37526748705802354,-0.014176103056083522
776157,2025-09-27,2025,Boston Red Sox,Detroit Tigers,2025-09-27T17:00:00+00:00,0,0.21,173,152,3,3,0.5588887899448793,0.5608263148212934,0.5355329949238579,0.31235667952605145,0.3145261553960325,0.2867955886521168,0.0021694758699810635
776158,2025-09-27,2025,Cleveland Guardians,Texas Rangers,2025-09-27T17:00:00+00:00,1,0.5,196,146,3,3,0.4888616641802439,0.492631318504513,0.568922305764411,0.26126239834458975,0.2574229789624689,0.18582797846747193,-0.0038394193821208455
776159,2025-09-27,2025,Toronto Blue Jays,Tampa Bay Rays,2025-09-27T17:00:00+00:00,1,0.41,241,200,3,3,0.5370762359076788,0.5406792264524828,0.6073170731707317,0.214298411361403,0.21097557301228959,0.15419988102320048,-0.0033228383491134272
776160,2025-09-27,2025,Washington Nationals,Chicago White Sox,2025-09-27T17:00:00+00:00,1,-0.89,168,257,2,3,0.4931811950975685,0.4830991593763093,0.5241730279898218,0.2568653010027289,0.26718647903747805,0.2264113072923749,0.010321178034749134
776161,2025-09-27,2025,Miami Marlins,New York Mets,2025-09-27T17:00:00+00:00,0,-0.39,156,195,3,3,0.4645360145561007,0.4590406443567656,0.4520202020202021,0.2157937088196658,0.21071831317147457,0.2043222630343843,-0.005075395648191233
776162,2025-09-27,2025,New York Yankees,Baltimore Orioles,2025-09-27T17:00:00+00:00,1,-0.47,155,202,3,3,0.6461616452019762,0.6430303942507755,0.6756152125279643,0.1252015813261722,0.1274272994287568,0.10522549034327777,0.002225718102584595
776163,2025-09-27,2025,Philadelphia Phillies,Minnesota Twins,2025-09-27T17:00:00+00:00,0,-0.34,104,138,3,3,0.635701054838977,0.6335748786500617,0.6566820276497696,0.404115831123388,0.4014171268564404,0.4312312854382127,-0.002698704266947627
776164,2025-09-27,2025,Chicago Cubs,St. Louis Cardinals,2025-09-27T17:00:00+00:00,1,0.27,148,121,3,2,0.6156885489774491,0.6189815133264903,0.6159420289855072,0.14769529138705856,0.14517508718697147,0.147500525099769,-0.002520204200087084
776135,2025-09-28,2025,Los Angeles Angels,Houston Astros,2025-09-28T17:00:00+00:00,0,-0.02,183,185,3,3,0.4527155839970314,0.4507273963195389,0.46954314720812185,0.20495139999377318,0.2031551857929907,0.220470767090108,-0.0017962142007824922
776136,2025-09-28,2025,San Diego Padres,Arizona Diamondbacks,2025-09-28T17:00:00+00:00,1,-0.75,191,266,2,3,0.5607353693745272,0.5532111190936972,0.5355329949238579,0.19295341571853308,0.19962030410150639,0.21572959880440104,0.006666888382973302
776137,2025-09-28,2025,San Francisco Giants,Colorado Rockies,2025-09-28T17:00:00+00:00,1,-1.2,74,194,2,3,0.7033048579620985,0.69513648723152,0.7303822937625754,0.08802800730889053,0.09294176141753717,0.07269370751673021,0.00491375410864664
776139,2025-09-28,2025,Seattle Mariners,Los Angeles Dodgers,2025-09-28T17:00:00+00:00,0,-0.69,221,290,3,3,0.5078661606196084,0.5000124348116892,0.49234693877551017,0.2579280371025019,0.25001243496631376,0.24240550812161596,-0.007915602136188138
776140,2025-09-28,2025,New York Yankees,Baltimore Orioles,2025-09-28T17:00:00+00:00,1,-0.42,157,199,3,3,0.6476259203202246,0.6449824558698323,0.6244019138755981,0.1241674920301687,0.1260374566402156,0.14107392230031365,0.0018699646100468897
776141,2025-09-28,2025,Philadelphia Phillies,Minnesota Twins,2025-09-28T17:00:00+00:00,1,0.03,155,152,3,3,0.6323661420496779,0.6336284817926127,0.6879120879120879,0.1351546535114376,0.13422808935358596,0.09739886487139235,-0.0009265641578516393
776142,2025-09-28,2025,Chicago Cubs,St. Louis Cardinals,2025-09-28T17:00:00+00:00,1,-0.09,150,159,3,2,0.6203520020763698,0.6203098774868716,0.5796019900497512,0.14413260232742076,0.14416458913403446,0.17673448677012948,3.198680661370412e-05
776143,2025-09-28,2025,Washington Nationals,Chicago White Sox,2025-09-28T17:00:00+00:00,0,-1.45,125,270,2,3,0.49293963547291303,0.47725231088381265,0.5165394402035622,0.2429894842201684,0.22776976824393935,0.26681299328580943,-0.015219715976229037
776144,2025-09-28,2025,Milwaukee Brewers,Cincinnati Reds,2025-09-28T17:00:00+00:00,1,0.36,183,147,2,3,0.5944373496603025,0.5983258568697811,0.5505050505050506,0.16448106335055976,0.16134211725939557,0.20204570962146712,-0.003138946091164191
776145,2025-09-28,2025,Toronto Blue Jays,Tampa Bay Rays,2025-09-28T17:00:00+00:00,1,0.78,248,170,3,3,0.5457507468679328,0.553146274167677,0.6527777777777778,0.20634238397104088,0.19967825229022887,0.12056327160493827,-0.006664131680812008
776147,2025-09-28,2025,Cleveland Guardians,Texas Rangers,2025-09-28T17:00:00+00:00,1,0.22,192,170,3,3,0.4907638382690307,0.49175891328131166,0.5639097744360902,0.25932146841448994,0.25830900222899333,0.19017468483238167,-0.0010124661854966077
776148,2025-09-28,2025,Miami Marlins,New York Mets,2025-09-28T17:00:00+00:00,1,0.28,175,147,3,3,0.4639202515667014,0.4650897712412572,0.4531645569620253,0.28738149668030877,0.2861289528307306,0.2990290017625381,-0.0012525438495781804
776149,2025-09-28,2025,Atlanta Braves,Pittsburgh Pirates,2025-09-28T17:00:00+00:00,1,-0.32,147,179,2,3,0.5582800027579483,0.5549689130806087,0.6431924882629109,0.19511655596351815,0.19805266832465482,0.127311600432013,0.002936112361136667
776151,2025-09-28,2025,Boston Red Sox,Detroit Tigers,2025-09-28T17:00:00+00:00,1,0.62,208,146,3,3,0.5531880141022198,0.559095708385107,0.4757033248081842,0.1996409507419181,0.19439659436443057,0.27488700361719237,-0.005244356377487519
823244,2026-03-25,2026,San Francisco Giants,New York Yankees,2026-03-25T17:00:00+00:00,0,-0.68,195,263,3,3,0.5126650314160822,0.5035502663575484,0.4582278481012658,0.2628254344368526,0.25356287074875794,0.20997276077551674,-0.009262563688094638
823081,2026-03-26,2026,St. Louis Cardinals,Tampa Bay Rays,2026-03-26T17:00:00+00:00,1,-1.07,84,191,1,2,0.4943811137131702,0.4874402155873069,0.46954314720812185,0.25565045816993415,0.26271753259718644,0.2813844726738643,0.007067074427252296
823163,2026-03-26,2026,Seattle Mariners,Cleveland Guardians,2026-03-26T17:00:00+00:00,0,-0.74,69,143,1,2,0.4992608667757993,0.49634052910013704,0.6225961538461539,0.2492614130937224,0.24635392082740398,0.38762597078402367,-0.0029074922663184233
823325,2026-03-26,2026,San Diego Padres,Detroit Tigers,2026-03-26T17:00:00+00:00,0,0.45,133,88,1,2,0.5242903044945065,0.5359618509438951,0.46329113924050636,0.27488032338694235,0.2872551056672061,0.21463867969876624,0.01237478228026373
823486,2026-03-26,2026,Philadelphia Phillies,Texas Rangers,2026-03-26T17:00:00+00:00,1,-0.74,80,154,1,2,0.49862625180019593,0.4956950341849611,0.5911330049261084,0.25137563538392055,0.25432349854570757,0.16717221966075368,0.0029478631617870232
823649,2026-03-26,2026,New York Mets,Pittsburgh Pirates,2026-03-26T17:00:00+00:00,1,-1.1,0,110,0,1,0.5436878332770261,0.5372790308641886,0.5228426395939086,0.20822079349941514,0.21411069527798451,0.22767914658970856,0.005889901778569379
823812,2026-03-26,2026,Milwaukee Brewers,Chicago White Sox,2026-03-26T17:00:00+00:00,1,1.45,228,83,2,1,0.6690503829663232,0.6795670280657281,0.6285714285714284,0.10952764901473731,0.10267728950262987,0.1379591836734695,-0.00685035951210744
823974,2026-03-26,2026,Los Angeles Dodgers,Arizona Diamondbacks,2026-03-26T17:00:00+00:00,1,-1.13,76,189,1,2,0.6109092245016986,0.5987046083733671,0.6989247311827957,0.15139163157786958,0.16103799134077262,0.09064631749335181,0.00964635976290304
824218,2026-03-26,2026,Houston Astros,Los Angeles Angels,2026-03-26T17:00:00+00:00,0,0.63,150,87,2,1,0.6101341645128956,0.6179334144959303,0.6092233009708737,0.37226369870584913,0.3818417047505992,0.3711530304458478,0.009578006044750065
824541,2026-03-26,2026,Cincinnati Reds,Boston Red Sox,2026-03-26T17:00:00+00:00,0,-0.62,114,176,2,2,0.505541165455676,0.4970175817949729,0.4133663366336633,0.25557186997028314,0.24702647661332258,0.17087172826193503,-0.008545393356960557
824704,2026-03-26,2026,Chicago Cubs,Washington Nationals,2026-03-26T17:00:00+00:00,0,0.15,132,117,2,1,0.6782902120764468,0.6753470199296575,0.6527777777777778,0.46007761179871115,0.4560935973278692,0.4261188271604938,-0.003984014470841957
824865,2026-03-26,2026,Baltimore Orioles,Minnesota Twins,2026-03-26T17:00:00+00:00,1,-1.38,60,198,1,2,0.522521967282143,0.5123755695058357,0.5603015075376885,0.22798527172811497,0.23777758521475803,0.19333476427362942,0.009792313486643056
823162,2026-03-27,2026,Seattle Mariners,Cleveland Guardians,2026-03-27T17:00:00+00:00,1,-0.42,77,119,1,2,0.5239930434895496,0.5181846169780896,0.6092233009708737,0.22658262264634185,0.23214606331655022,0.15270642850410032,0.005563440670208364
823243,2026-03-27,2026,San Francisco Giants,New York Yankees,2026-03-27T17:00:00+00:00,0,-0.56,98,154,2,2,0.5088001189218525,0.5010494315152834,0.4483627204030227,0.25887756101489123,0.25105053282178863,0.20102912904719913,-0.007827028193102603
823324,2026-03-27,2026,San Diego Padres,Detroit Tigers,2026-03-27T17:00:00+00:00,0,-0.1,97,107,1,2,0.5496732361454253,0.5481331688288673,0.5367088607594936,0.3021406665345845,0.30044997077037555,0.28805640121775355,-0.0016906957642089382
823893,2026-03-27,2026,Miami Marlins,Colorado Rockies,2026-03-27T17:00:00+00:00,1,-0.79,0,79,0,1,0.5821358110926333,0.5870561046417023,0.6350710900473934,0.1746104803712114,0.1705226607136847,0.13317310931919768,-0.00408781965752672
823971,2026-03-27,2026,Los Angeles Dodgers,Arizona Diamondbacks,2026-03-27T17:00:00+00:00,1,-0.52,108,160,2,2,0.6170936756434455,0.612002758613115,0.6892778993435448,0.1466172532322469,0.15054185932383268,0.09654822383636029,0.003924606091585792
824216,2026-03-27,2026,Houston Astros,Los Angeles Angels,2026-03-27T17:00:00+00:00,0,0.31,157,126,2,2,0.6089278416593039,0.6130976174388506,0.5925925925925927,0.3707931163478583,0.3758886885091952,0.3511659807956105,0.0050955721613369365
824946,2026-03-27,2026,Atlanta Braves,Kansas City Royals,2026-03-27T17:00:00+00:00,1,-0.19,50,69,1,1,0.5632706328145708,0.5609152994131976,0.5796019900497512,0.19073254016218544,0.19279537428940188,0.17673448677012948,0.002062834127216445
823082,2026-03-28,2026,St. Louis Cardinals,Tampa Bay Rays,2026-03-28T17:00:00+00:00,1,0.18,90,72,1,1,0.5223547660197093,0.5236666107411927,0.49234693877551017,0.22814496954408664,0.22689349772278244,0.2577116305705956,-0.0012514718213041953
823161,2026-03-28,2026,Seattle Mariners,Cleveland Guardians,2026-03-28T17:00:00+00:00,0,0.25,128,103,2,2,0.5257312595297373,0.5279332843334089,0.6276849642004773,0.27639335724672404,0.27871355270706,0.3939884142833544,0.002320195460335961
823241,2026-03-28,2026,San Francisco Giants,New York Yankees,2026-03-28T17:00:00+00:00,0,0.28,116,88,2,2,0.5071397467785256,0.5093853697216867,0.4582278481012658,0.25719072276258703,0.2594734548864994,0.20997276077551674,0.00228273212391239
823323,2026-03-28,2026,San Diego Padres,Detroit Tigers,2026-03-28T17:00:00+00:00,1,0.78,176,98,2,2,0.5497897733104651,0.558635238680824,0.5025510204081632,0.20268924821584242,0.19480285253433322,0.24745548729695963,-0.0078863956815092
823488,2026-03-28,2026,Philadelphia Phillies,Texas Rangers,2026-03-28T17:00:00+00:00,0,-0.02,61,63,1,1,0.5248008394833737,0.5237728375004628,0.5760598503740648,0.27541592112245383,0.2743379853032862,0.33184495121298996,-0.0010779358191676525
823651,2026-03-28,2026,New York Mets,Pittsburgh Pirates,2026-03-28T17:00:00+00:00,1,-0.96,59,155,1,1,0.5727674950652505,0.561557367386933,0.6168674698795181,0.18252761327282077,0.19223194209267688,0.14679053563652195,0.009704328819856112
823811,2026-03-28,2026,Milwaukee Brewers,Chicago White Sox,2026-03-28T17:00:00+00:00,1,-0.71,61,132,1,1,0.6541287633696558,0.6478100899897318,0.6431924882629109,0.11962691232820359,0.12403773271304083,0.127311600432013,0.004410820384837241
823892,2026-03-28,2026,Miami Marlins,Colorado Rockies,2026-03-28T17:00:00+00:00,1,-0.09,35,44,1,1,0.640267823309655,0.6404397819291273,0.6391509433962265,0.12940723894637357,0.12928355041917353,0.13021204165183337,-0.0001236885272000443
823973,2026-03-28,2026,Los Angeles Dodgers,Arizona Diamondbacks,2026-03-28T17:00:00+00:00,1,0.15,134,119,2,2,0.6154687524667395,0.6179221323921971,0.6843267108167771,0.14786428032948568,0.1459834969157258,0.09964962550375467,-0.0018807834137598844
824213,2026-03-28,2026,Houston Astros,Los Angeles Angels,2026-03-28T17:00:00+00:00,1,0.47,159,112,2,2,0.6072740582019907,0.6132352517347738,0.5725,0.15423366536113342,0.1495869705006638,0.18275624999999998,-0.004646694860469619
824540,2026-03-28,2026,Cincinnati Reds,Boston Red Sox,2026-03-28T17:00:00+00:00,1,0.02,48,46,1,1,0.5036963073773102,0.502779925757409,0.43500000000000005,0.24631735531091736,0.24722780222980767,0.3192249999999999,0.0009104469188903064
824701,2026-03-28,2026,Chicago Cubs,Washington Nationals,2026-03-28T17:00:00+00:00,1,-0.32,75,107,1,1,0.649095664537901,0.6469124396766502,0.68,0.1231338526460973,0.12467082525509515,0.10239999999999996,0.0015369726089978497
824862,2026-03-28,2026,Baltimore Orioles,Minnesota Twins,2026-03-28T17:00:00+00:00,0,-0.12,33,45,1,1,0.5502171743227193,0.5484503310763787,0.6004901960784313,0.3027389389196777,0.3007977656577895,0.3605884755863129,-0.001941173261888196
824945,2026-03-28,2026,Atlanta Braves,Kansas City Royals,2026-03-28T17:00:00+00:00,1,-0.2,39,59,1,1,0.5718163381214825,0.5695016752774508,0.5796019900497512,0.1833412482996966,0.18532880758892145,0.17673448677012948,0.0019875592892248384
823079,2026-03-29,2026,St. Louis Cardinals,Tampa Bay Rays,2026-03-29T17:00:00+00:00,0,0.28,163,135,2,2,0.519162684880429,0.5216118389946584,0.47582697201017815,0.2695298933722557,0.2720789105793894,0.22641130729237485,0.002549017207133686
823160,2026-03-29,2026,Seattle Mariners,Cleveland Guardians,2026-03-29T17:00:00+00:00,1,-0.12,208,220,3,3,0.5264553138788819,0.5242654509342669,0.57,0.22424456975354826,0.22632336117477642,0.18490000000000004,0.00207879142122816
823487,2026-03-29,2026,Philadelphia Phillies,Texas Rangers,2026-03-29T17:00:00+00:00,0,-0.2,143,163,2,2,0.5193609159092099,0.5160923187326997,0.5901234567901236,0.26973576097405333,0.26635128145489445,0.3482456942539248,-0.0033844795191588783
823647,2026-03-29,2026,New York Mets,Pittsburgh Pirates,2026-03-29T17:00:00+00:00,0,-0.98,149,247,2,2,0.5662536529090787,0.55465664294056,0.6327014218009479,0.3206431994328754,0.3076439915580919,0.400311089148941,-0.01299920787478348
823810,2026-03-29,2026,Milwaukee Brewers,Chicago White Sox,2026-03-29T17:00:00+00:00,1,-0.77,143,220,2,2,0.6580874549003047,0.6512207280125298,0.5980392156862746,0.11690418849655115,0.12164698056810969,0.16157247212610526,0.0047427920715585326
823891,2026-03-29,2026,Miami Marlins,Colorado Rockies,2026-03-29T17:00:00+00:00,1,-0.53,56,109,2,2,0.6404242619332511,0.6357480827878177,0.635933806146572,0.12929471140624724,0.1326794591927505,0.1325441935069218,0.0033847477865032727
824215,2026-03-29,2026,Houston Astros,Los Angeles Angels,2026-03-29T17:00:00+00:00,1,0.32,241,209,3,3,0.6093647129811675,0.6136534730279085,0.6092233009708737,0.15259592746428569,0.14926363890339703,0.15270642850410032,-0.0033322885608886577
824538,2026-03-29,2026,Cincinnati Reds,Boston Red Sox,2026-03-29T17:00:00+00:00,1,-0.05,159,164,2,2,0.5059565939806555,0.5042437096224109,0.44332493702770776,0.24407888703119487,0.2457742994489484,0.3098871257352056,0.0016954124177535335
824700,2026-03-29,2026,Chicago Cubs,Washington Nationals,2026-03-29T17:00:00+00:00,0,-0.52,116,168,2,2,0.6546891146480149,0.650450239926909,0.6921397379912664,0.42861783683860166,0.42308551462097344,0.47905741690661885,-0.005532322217628227
824864,2026-03-29,2026,Baltimore Orioles,Minnesota Twins,2026-03-29T17:00:00+00:00,1,-0.23,99,122,2,2,0.5506156660096709,0.5475551877752223,0.5911330049261084,0.20194627963593162,0.2047063081091144,0.16717221966075368,0.0027600284731827684
824944,2026-03-29,2026,Atlanta Braves,Kansas City Royals,2026-03-29T17:00:00+00:00,0,-0.11,100,111,2,2,0.5743872886858771,0.5731719606679426,0.5980392156862746,0.3299207574039131,0.32852609649593356,0.35765090349865447,-0.001394660907979517
822834,2026-03-30,2026,Toronto Blue Jays,Colorado Rockies,2026-03-30T17:00:00+00:00,0,0.1,181,171,3,3,0.7238971377328389,0.7271792480615415,0.7139874739039667,0.5240270660177968,0.528789658811349,0.5097781128917674,0.004762592793552178
823080,2026-03-30,2026,St. Louis Cardinals,New York Mets,2026-03-30T17:00:00+00:00,0,-0.07,174,181,2,2,0.4988901335760238,0.4968168092075896,0.42750000000000005,0.24889136537950288,0.24682694191121046,0.18275625000000004,-0.0020644234682924145
823159,2026-03-30,2026,Seattle Mariners,New York Yankees,2026-03-30T17:00:00+00:00,1,0.59,175,116,3,2,0.5204408374305017,0.5194740256611478,0.49234693877551017,0.22997699040435846,0.23090521201430328,0.2577116305705956,0.0009282216099448237
823320,2026-03-30,2026,San Diego Padres,San Francisco Giants,2026-03-30T17:00:00+00:00,0,-0.14,120,134,2,2,0.5549520510776601,0.5530341147905653,0.5153061224489797,0.30797177899530187,0.30584673212218416,0.26554039983340283,-0.0021250468731177086
823484,2026-03-30,2026,Philadelphia Phillies,Washington Nationals,2026-03-30T17:00:00+00:00,0,0.43,144,101,2,2,0.662178941839508,0.6682439787988422,0.6092233009708737,0.4384809510156905,0.4465500152009075,0.3711530304458478,0.008069064185216968
823809,2026-03-30,2026,Milwaukee Brewers,Tampa Bay Rays,2026-03-30T17:00:00+00:00,0,0.33,163,130,2,2,0.6284798225090041,0.6331201520951457,0.6014669926650367,0.39498688730094933,0.40084112698898045,0.36176254326552326,0.005854239688031115
823890,2026-03-30,2026,Miami Marlins,Chicago White Sox,2026-03-30T17:00:00+00:00,0,-0.74,103,177,3,2,0.5391105857691272,0.5297780813589709,0.5603015075376885,0.2906402236883314,0.28066481548839234,0.3139377793490064,-0.009975408199939084
823972,2026-03-30,2026,Los Angeles Dodgers,Cleveland Guardians,2026-03-30T17:00:00+00:00,0,-0.99,139,238,2,3,0.5648546816764174,0.5601596163323932,0.6294536817102138,0.31906081141176684,0.31377879576965395,0.3962119374185431,-0.005282015642112892
824135,2026-03-30,2026,Kansas City Royals,Minnesota Twins,2026-03-30T17:00:00+00:00,1,-0.11,150,161,3,2,0.577683759851511,0.57652760085734,0.6039119804400979,0.17835100669315623,0.17932887283564033,0.15688571923888542,0.0009778661424841018
824214,2026-03-30,2026,Houston Astros,Boston Red Sox,2026-03-30T17:00:00+00:00,1,1.12,270,158,3,2,0.5216579232725076,0.5341409205709396,0.4809160305343511,0.22881114236797023,0.21702468188649157,0.26944816735621463,-0.011786460481478661
824539,2026-03-30,2026,Cincinnati Reds,Pittsburgh Pirates,2026-03-30T17:00:00+00:00,1,0.19,190,171,2,2,0.5432503689715856,0.5450314671161597,0.547979797979798,0.20862022544459266,0.2069963659144741,0.20432226303438422,-0.0016238595301185654
824702,2026-03-30,2026,Chicago Cubs,Los Angeles Angels,2026-03-30T17:00:00+00:00,1,-1.28,107,235,2,3,0.6253553292344072,0.6118672910012837,0.6267942583732058,0.14035862933305945,0.1506469997946822,0.13928252558320547,0.010288370461622759
824863,2026-03-30,2026,Baltimore Orioles,Texas Rangers,2026-03-30T17:00:00+00:00,0,-0.02,169,171,2,2,0.43303667175881794,0.43046895362998394,0.5329949238578681,0.18752075908795424,0.18530352003929326,0.2840835888582546,-0.002217239048660974
825108,2026-03-30,2026,Arizona Diamondbacks,Detroit Tigers,2026-03-30T17:00:00+00:00,1,-0.09,101,110,2,2,0.5184061560782335,0.5164323673503682,0.5165394402035622,0.2319326305033428,0.23383765534636922,0.23373411287868498,0.0019050248430264038
822836,2026-03-31,2026,Toronto Blue Jays,Colorado Rockies,2026-03-31T17:00:00+00:00,1,0.66,268,202,3,3,0.7167736560135973,0.7253436038999782,0.7070063694267517,0.0802171619279041,0.07543613591865207,0.08584526755649313,-0.0047810260092520235
823077,2026-03-31,2026,St. Louis Cardinals,New York Mets,2026-03-31T17:00:00+00:00,1,0.07,231,224,3,3,0.500261748890206,0.49988304876478795,0.41234567901234565,0.2497383196222755,0.25011696491280344,0.3453376009754611,0.0003786452905279458
823158,2026-03-31,2026,Seattle Mariners,New York Yankees,2026-03-31T17:00:00+00:00,0,0.5,178,128,3,2,0.4943227248397233,0.49897416778350134,0.49489795918367346,0.24435495629296877,0.24897522011523776,0.24492399000416493,0.0046202638222689885
823322,2026-03-31,2026,San Diego Padres,San Francisco Giants,2026-03-31T17:00:00+00:00,0,-0.15,104,119,2,2,0.5492141336138169,0.5470744311843609,0.44584382871536526,0.3016361645611755,0.2992904332556921,0.19877671960357596,-0.0023457313054833784
823485,2026-03-31,2026,Philadelphia Phillies,Washington Nationals,2026-03-31T17:00:00+00:00,1,0.6,230,170,3,3,0.6498643019050127,0.6576534281425033,0.6350710900473934,0.12259500708046413,0.11720117526258017,0.13317310931919768,-0.005393831817883957
823807,2026-03-31,2026,Milwaukee Brewers,Tampa Bay Rays,2026-03-31T17:00:00+00:00,1,0.43,217,174,3,3,0.62721815082568,0.6329533247729966,0.5392405063291139,0.13896630707382546,0.1347232617951973,0.21229931100785132,-0.004243045278628149
823888,2026-03-31,2026,Miami Marlins,Chicago White Sox,2026-03-31T17:00:00+00:00,1,-1.09,132,241,3,3,0.5389969688153036,0.5254972767061852,0.582089552238806,0.2125237947614782,0.2251528344132466,0.17464914234796167,0.012629039651768398
823969,2026-03-31,2026,Los Angeles Dodgers,Cleveland Guardians,2026-03-31T17:00:00+00:00,1,-1.38,113,251,2,3,0.5923184121754351,0.5766953186470908,0.6982758620689655,0.1662042770511584,0.17918685325528802,0.09103745541022591,0.012982576204129626
824212,2026-03-31,2026,Houston Astros,Boston Red Sox,2026-03-31T17:00:00+00:00,1,0.05,235,230,3,3,0.5294408397591246,0.5293264001316749,0.5760598503740648,0.22142592328659785,0.22153363761300823,0.17972525046486032,0.0001077143264103797
824537,2026-03-31,2026,Cincinnati Reds,Pittsburgh Pirates,2026-03-31T17:00:00+00:00,0,0.61,263,202,3,3,0.5426918645161897,0.5494326727269002,0.49744897959183665,0.29451445981205837,0.301876261859825,0.24745548729695951,0.007361802047766652
824699,2026-03-31,2026,Chicago Cubs,Los Angeles Angels,2026-03-31T17:00:00+00:00,0,-0.82,149,231,3,3,0.631434974051729,0.6233083650989222,0.568922305764411,0.3987101264557077,0.3885133180022913,0.323672589996294,-0.010196808453416417
824861,2026-03-31,2026,Baltimore Orioles,Texas Rangers,2026-03-31T17:00:00+00:00,0,0.48,250,202,3,3,0.43215369249709723,0.43543134096006614,0.4582278481012658,0.18675681393887567,0.18960045269028136,0.20997276077551674,0.002843638751405697
825107,2026-03-31,2026,Arizona Diamondbacks,Detroit Tigers,2026-03-31T17:00:00+00:00,1,-0.1,144,154,2,2,0.5223713627969641,0.5203478452516884,0.5153061224489797,0.22812911507642933,0.23006618955469824,0.2349281549354435,0.0019370744782689076
822835,2026-04-01,2026,Toronto Blue Jays,Colorado Rockies,2026-04-01T17:00:00+00:00,0,-0.14,237,251,3,3,0.7178486801565777,0.718760492913608,0.7042553191489361,0.5153067276025405,0.5166166461734127,0.4959755545495699,0.0013099185708722594
823078,2026-04-01,2026,St. Louis Cardinals,New York Mets,2026-04-01T17:00:00+00:00,1,0.44,207,163,3,3,0.5047644460847903,0.5088788179783468,0.39172749391727496,0.24525825386170455,0.24120001543034583,0.3699954416561587,-0.004058238431358718
823157,2026-04-01,2026,Seattle Mariners,New York Yankees,2026-04-01T17:00:00+00:00,0,0.65,147,82,3,2,0.491196424039151,0.4975838515461544,0.5165394402035622,0.24127392698884942,0.24758968931950545,0.26681299328580943,0.006315762330656033
823321,2026-04-01,2026,San Diego Padres,San Francisco Giants,2026-04-01T17:00:00+00:00,1,0.57,153,96,2,2,0.5382684675773389,0.5444701997109693,0.5901234567901236,0.2131960080333789,0.20750739895136416,0.1679987806736777,-0.0056886090820147395
823483,2026-04-01,2026,Philadelphia Phillies,Washington Nationals,2026-04-01T17:00:00+00:00,1,0.13,220,207,3,3,0.648557802320232,0.6512592154757908,0.7070063694267517,0.12351161830998515,0.12162013479056091,0.08584526755649313,-0.001891483519424239
823806,2026-04-01,2026,Milwaukee Brewers,Tampa Bay Rays,2026-04-01T17:00:00+00:00,1,0.34,206,172,3,3,0.629892755095777,0.6346605720945198,0.5664160401002506,0.1369793727305945,0.1334728975823036,0.1879950502823475,-0.0035064751482908885
823889,2026-04-01,2026,Miami Marlins,Chicago White Sox,2026-04-01T17:00:00+00:00,1,-0.22,184,206,3,3,0.5470045587074351,0.5439960571765119,0.5664160401002506,0.20520486983184558,0.207939595870567,0.1879950502823475,0.0027347260387214356
823970,2026-04-01,2026,Los Angeles Dodgers,Cleveland Guardians,2026-04-01T17:00:00+00:00,0,-0.8,138,218,2,3,0.5935157529639598,0.5846665231783766,0.7036247334754797,0.3522609490163761,0.34183494332549125,0.49508776555843986,-0.010426005690884865
824136,2026-04-01,2026,Kansas City Royals,Minnesota Twins,2026-04-01T17:00:00+00:00,1,-0.63,71,134,2,2,0.5776530858448792,0.5704236130223069,0.4809160305343511,0.178376915896353,0.1845358722488087,0.26944816735621463,0.0061589563524557245
824211,2026-04-01,2026,Houston Astros,Boston Red Sox,2026-04-01T17:00:00+00:00,1,0.38,203,165,3,3,0.5399856452191663,0.5439637977658472,0.4239401496259351,0.21161320660442678,0.20796901774814908,0.33184495121298996,-0.003644188856277708
824698,2026-04-01,2026,Chicago Cubs,Los Angeles Angels,2026-04-01T17:00:00+00:00,1,0.09,189,180,3,3,0.624309891389201,0.6262217897651047,0.5990220048899756,0.14114305770799393,0.13971015044640162,0.16078335256245477,-0.0014329072615923144
825106,2026-04-01,2026,Arizona Diamondbacks,Detroit Tigers,2026-04-01T17:00:00+00:00,1,-0.09,130,139,2,2,0.5260586112402207,0.5242190028769643,0.41234567901234565,0.22462043997954828,0.22636755722339008,0.3453376009754611,0.0017471172438418003
823242,2026-04-02,2026,San Francisco Giants,New York Mets,2026-04-02T17:00:00+00:00,1,-0.04,142,146,3,3,0.5384666085918971,0.537439471550275,0.46954314720812185,0.2130130713846651,0.2139622424796888,0.2813844726738643,0.0009491710950237098
824133,2026-04-02,2026,Kansas City Royals,Minnesota Twins,2026-04-02T17:00:00+00:00,0,0.1,155,145,2,2,0.5830224942762327,0.5843993490229199,0.5841584158415841,0.33991522883207975,0.34152259913841254,0.3412410547985491,0.0016073703063327893
825105,2026-04-02,2026,Arizona Diamondbacks,Atlanta Braves,2026-04-02T17:00:00+00:00,0,0.37,175,138,3,3,0.5011491469858974,0.5043664645961997,0.47582697201017815,0.2511504675246926,0.2543855306092696,0.22641130729237485,0.0032350630845769945
822758,2026-04-03,2026,Washington Nationals,Los Angeles Dodgers,2026-04-03T17:00:00+00:00,0,0.53,176,123,2,2,0.4073270441050369,0.4107057671210779,0.2833333333333334,0.16591532085934668,0.1686792271465131,0.08027777777777781,0.002763906287166412
822919,2026-04-03,2026,Texas Rangers,Cincinnati Reds,2026-04-03T17:00:00+00:00,0,0.05,138,133,2,2,0.6184920589096411,0.6198654587651996,0.6116504854368933,0.38253242693428696,0.3842331869701914,0.37411631633518716,0.001700760035904414
823240,2026-04-03,2026,San Francisco Giants,New York Mets,2026-04-03T17:00:00+00:00,0,-0.36,141,177,3,3,0.5434178095220403,0.5386830611010719,0.4582278481012658,0.2953029157057325,0.29017944031722115,0.20997276077551674,-0.005123475388511378
823406,2026-04-03,2026,Pittsburgh Pirates,Baltimore Orioles,2026-04-03T17:00:00+00:00,1,0.34,153,119,2,2,0.5723775073365138,0.5763804690515641,0.47328244274809167,0.1828609962317333,0.1794535070009728,0.2774313851174173,-0.0034074892307605076
823568,2026-04-03,2026,New York Yankees,Miami Marlins,2026-04-03T17:00:00+00:00,1,0.15,88,73,2,2,0.6104988352125451,0.6128784748290009,0.5891089108910892,0.15171115737078408,0.14986307525072046,0.1688314871091069,-0.0018480821200636266
823732,2026-04-03,2026,Minnesota Twins,Tampa Bay Rays,2026-04-03T17:00:00+00:00,1,0.12,138,126,2,2,0.518732545622471,0.5121311329352244,0.49744897959183665,0.23161836264302701,0.2380160314510677,0.25255752811328624,0.006397668808040685
824056,2026-04-03,2026,Los Angeles Angels,Seattle Mariners,2026-04-03T17:00:00+00:00,0,0.19,111,92,2,2,0.4794921347849494,0.48018712518766915,0.41687344913151364,0.22991270732062807,0.23057967519599826,0.17378347259080468,0.0006669678753701835
824299,2026-04-03,2026,Detroit Tigers,St. Louis Cardinals,2026-04-03T17:00:00+00:00,1,-0.55,71,126,2,2,0.5583547911187359,0.5516617941215759,0.6235011990407675,0.19505049052777543,0.2010071468502842,0.14175134712373977,0.005956656322508774
824377,2026-04-03,2026,Colorado Rockies,Philadelphia Phillies,2026-04-03T17:00:00+00:00,0,0.47,184,137,2,2,0.37337711028517306,0.3754048999496046,0.36492890995260663,0.1394104664849063,0.1409288389061726,0.13317310931919768,0.0015183724212663174
824458,2026-04-03,2026,Cleveland Guardians,Chicago Cubs,2026-04-03T17:00:00+00:00,1,0.02,125,123,2,2,0.5250511118495189,0.524503790129727,0.47959183673469385,0.22557644635537819,0.22609664560099468,0.27082465639316955,0.0005201992456164983
824621,2026-04-03,2026,Chicago White Sox,Toronto Blue Jays,2026-04-03T17:00:00+00:00,1,0.13,135,122,2,2,0.4453378205651075,0.4447339856438631,0.36492890995260663,0.30765013329546487,0.3083203466989497,0.4033152894139844,0.0006702134034848317
824786,2026-04-03,2026,Boston Red Sox,San Diego Padres,2026-04-03T17:00:00+00:00,1,-0.32,122,154,2,2,0.5474843112887714,0.5433001836818226,0.5329949238578681,0.20477044852979753,0.20857472222505694,0.21809374114251845,0.0038042736952594025
825103,2026-04-03,2026,Arizona Diamondbacks,Atlanta Braves,2026-04-03T17:00:00+00:00,0,0.56,207,151,3,3,0.4871444254279385,0.49238649642613264,0.49744897959183665,0.23730969122551634,0.24244446186280194,0.24745548729695951,0.005134770637285596
822757,2026-04-04,2026,Washington Nationals,Los Angeles Dodgers,2026-04-04T17:00:00+00:00,0,0.47,161,114,2,2,0.40632761442937965,0.4089939198908602,0.27607361963190186,0.1651021302478706,0.16727602650769138,0.07621664345666003,0.0021738962598207845
822920,2026-04-04,2026,Texas Rangers,Cincinnati Reds,2026-04-04T17:00:00+00:00,0,-0.03,127,130,2,2,0.6205750461745847,0.6210827976057547,0.568922305764411,0.38511338793458794,0.38574384148179086,0.323672589996294,0.0006304535472029249
823239,2026-04-04,2026,San Francisco Giants,New York Mets,2026-04-04T17:00:00+00:00,0,-0.29,201,230,3,3,0.5370794718750177,0.533058232542965,0.4936061381074168,0.2884543591095479,0.28415107928182975,0.24364701957731824,-0.004303279827718165
823404,2026-04-04,2026,Pittsburgh Pirates,Baltimore Orioles,2026-04-04T17:00:00+00:00,1,0.08,120,112,2,2,0.5721928396019246,0.5731589038473527,0.5190839694656489,0.18301896648786464,0.18219332136479352,0.23128022842491688,-0.0008256451230711226
823569,2026-04-04,2026,New York Yankees,Miami Marlins,2026-04-04T17:00:00+00:00,1,0.08,104,96,2,2,0.6145279587021226,0.6161773343999983,0.6431924882629109,0.14858869462235247,0.1473198386282907,0.127311600432013,-0.0012688559940617627
823730,2026-04-04,2026,Minnesota Twins,Tampa Bay Rays,2026-04-04T17:00:00+00:00,0,0.84,221,137,3,2,0.4946521927571666,0.5033676000621882,0.5051020408163266,0.2446807917994731,0.253378940792367,0.25512807163681805,0.008698148992893895
824054,2026-04-04,2026,Los Angeles Angels,Seattle Mariners,2026-04-04T17:00:00+00:00,1,0.46,129,83,2,2,0.47932102125972464,0.4832314569746191,0.40640394088669946,0.2711065989020161,0.26704972706057495,0.35235628139484093,-0.004056871841441156
824132,2026-04-04,2026,Kansas City Royals,Milwaukee Brewers,2026-04-04T17:00:00+00:00,0,1.53,196,43,2,1,0.4618609338765561,0.47106146527924686,0.47959183673469385,0.2133155222413245,0.2218989040710311,0.23000832986255726,0.00858338182970661
824134,2026-04-04,2026,Kansas City Royals,Milwaukee Brewers,2026-04-04T17:00:00+00:00,1,1.53,196,43,2,1,0.4618609338765561,0.47106146527924686,0.5051020408163266,0.2895936544882124,0.27977597351253736,0.24492399000416487,-0.009817680975675036
824295,2026-04-04,2026,Detroit Tigers,St. Louis Cardinals,2026-04-04T17:00:00+00:00,1,-0.75,60,135,2,2,0.562060269995603,0.5530834864155544,0.6039119804400979,0.19179120711632416,0.19973437011447598,0.15688571923888542,0.007943162998151815
824378,2026-04-04,2026,Colorado Rockies,Philadelphia Phillies,2026-04-04T17:00:00+00:00,0,0.43,147,104,2,2,0.3698122880729243,0.371324925152155,0.32657657657657657,0.13676112840973156,0.1378822000392535,0.10665226036847658,0.0011210716295219358
824622,2026-04-04,2026,Chicago White Sox,Toronto Blue Jays,2026-04-04T17:00:00+00:00,1,0.66,214,148,2,2,0.4450109755520578,0.450658039992158,0.4239401496259351,0.30801281725767854,0.30177658902525745,0.33184495121298996,-0.006236228232421093
824782,2026-04-04,2026,Boston Red Sox,San Diego Padres,2026-04-04T17:00:00+00:00,0,0.22,116,94,2,2,0.544368546661123,0.5465231575670473,0.5639097744360902,0.29633711459394324,0.2986875617570556,0.3179942337045622,0.0023504471631123347
825104,2026-04-04,2026,Arizona Diamondbacks,Atlanta Braves,2026-04-04T17:00:00+00:00,1,0.61,186,125,3,3,0.4867999737710559,0.4926326354344085,0.5153061224489797,0.26337426692138893,0.25742164262623385,0.2349281549354435,-0.0059526242951550845
822756,2026-04-05,2026,Washington Nationals,Los Angeles Dodgers,2026-04-05T17:00:00+00:00,0,0.65,174,109,2,2,0.4017253939736367,0.40637437541631977,0.39512195121951227,0.16138329216327363,0.165140132995004,0.15612135633551463,0.0037568408317303625
822917,2026-04-05,2026,Texas Rangers,Cincinnati Reds,2026-04-05T17:00:00+00:00,0,0.04,108,104,2,2,0.6168537170517822,0.6180885055615922,0.5292620865139949,0.3805085082406001,0.3820334007073624,0.2801183562211474,0.0015248924667622954
823238,2026-04-05,2026,San Francisco Giants,New York Mets,2026-04-05T17:00:00+00:00,0,0.35,221,186,3,3,0.5298663769684118,0.53332586322662,0.5241730279898218,0.28075837744163107,0.2844364763864194,0.2747573632720185,0.0036780989447883217
823405,2026-04-05,2026,Pittsburgh Pirates,Baltimore Orioles,2026-04-05T17:00:00+00:00,1,-0.08,133,141,2,2,0.5713318833696432,0.5704127293435188,0.530456852791878,0.18375635421541714,0.1845452231100848,0.2204707670901081,0.0007888688946676714
823566,2026-04-05,2026,New York Yankees,Miami Marlins,2026-04-05T17:00:00+00:00,0,-0.45,143,188,2,2,0.6142252373041072,0.609866166860189,0.71900826446281,0.37727264214128675,0.3719367414807399,0.5169728843658221,-0.005335900660546844
823729,2026-04-05,2026,Minnesota Twins,Tampa Bay Rays,2026-04-05T17:00:00+00:00,0,0.86,207,121,3,2,0.48899959290413253,0.49785494164809946,0.5051020408163266,0.23912060186040734,0.2478595429234325,0.25512807163681805,0.008738941063025168
824053,2026-04-05,2026,Los Angeles Angels,Seattle Mariners,2026-04-05T17:00:00+00:00,1,0.53,118,65,2,2,0.4813515105244303,0.4861328814605713,0.39853300733496333,0.26899625563529006,0.26405941551601525,0.36176254326552326,-0.00493684011927481
824131,2026-04-05,2026,Kansas City Royals,Milwaukee Brewers,2026-04-05T17:00:00+00:00,0,0.29,231,202,3,2,0.433750919946153,0.43482824626149197,0.5241730279898218,0.18813986055413404,0.1890756037468447,0.2747573632720185,0.0009357431927106696
824296,2026-04-05,2026,Detroit Tigers,St. Louis Cardinals,2026-04-05T17:00:00+00:00,0,-0.32,116,148,2,2,0.57095835247114,0.5672218573863334,0.5566750629722922,0.3259934402565586,0.3217406354968019,0.3098871257352055,-0.004252804759756701
824379,2026-04-05,2026,Colorado Rockies,Philadelphia Phillies,2026-04-05T17:00:00+00:00,1,1.31,203,72,2,2,0.37697375193358423,0.38855603048671866,0.41687344913151364,0.388161705779715,0.3738637278541586,0.34003657432777745,-0.014297977925556371
824459,2026-04-05,2026,Cleveland Guardians,Chicago Cubs,2026-04-05T17:00:00+00:00,0,-0.74,52,126,1,1,0.5272536899956481,0.5176911577276396,0.457070707070707,0.27799645361402703,0.26800413478938384,0.20891363126211607,-0.009992318824643187
824460,2026-04-05,2026,Cleveland Guardians,Chicago Cubs,2026-04-05T17:00:00+00:00,1,-0.74,52,126,1,1,0.5272536899956481,0.5176911577276396,0.4593908629441624,0.22348907362273074,0.23262181933410458,0.2922582390682574,0.009132745711373846
824620,2026-04-05,2026,Chicago White Sox,Toronto Blue Jays,2026-04-05T17:00:00+00:00,1,0.74,277,203,2,2,0.44642650597407135,0.453047623144334,0.3941605839416058,0.3064436132880749,0.2991569025480625,0.36704139804997604,-0.007286710740012414
824781,2026-04-05,2026,Boston Red Sox,San Diego Padres,2026-04-05T17:00:00+00:00,0,0.46,126,80,2,2,0.5434625019467649,0.5484415867706303,0.5935960591133005,0.29535149102223746,0.30078817409948677,0.35235628139484093,0.005436683077249316
825102,2026-04-05,2026,Arizona Diamondbacks,Atlanta Braves,2026-04-05T17:00:00+00:00,1,1.04,198,94,3,3,0.485919201871534,0.4968681164915968,0.49489795918367346,0.2642790670044007,0.25314169220271343,0.25512807163681794,-0.01113737480168725
822755,2026-04-06,2026,Washington Nationals,St. Louis Cardinals,2026-04-06T17:00:00+00:00,1,0.39,261,222,3,3,0.488378313555507,0.4916134098602203,0.4809160305343511,0.26175675004030713,0.25845692503395234,0.26944816735621463,-0.003299825006354784
822832,2026-04-06,2026,Toronto Blue Jays,Los Angeles Dodgers,2026-04-06T17:00:00+00:00,0,1.26,296,170,3,3,0.5395116564493322,0.5538861771006152,0.43609022556390975,0.29107282744470225,0.30678989718313404,0.19017468483238167,0.015717069738431788
822918,2026-04-06,2026,Texas Rangers,Seattle Mariners,2026-04-06T17:00:00+00:00,1,0.14,176,162,3,3,0.6073827489125829,0.6096020662932511,0.5204081632653061,0.1541483058514399,0.15241054664249912,0.23000832986255726,-0.0017377592089407867
823002,2026-04-06,2026,Tampa Bay Rays,Chicago Cubs,2026-04-06T17:00:00+00:00,1,-0.72,184,256,3,3,0.5234760127759617,0.5140809434388406,0.5355329949238579,0.22707511039989545,0.23611732952928724,0.21572959880440104,0.009042219129391793
823237,2026-04-06,2026,San Francisco Giants,Philadelphia Phillies,2026-04-06T17:00:00+00:00,0,1.18,223,105,3,3,0.5048541313153417,0.5177962548747157,0.47959183673469385,0.2548776939061683,0.26811296156228154,0.23000832986255726,0.013235267656113214
823401,2026-04-06,2026,Pittsburgh Pirates,San Diego Padres,2026-04-06T17:00:00+00:00,0,0.21,189,168,3,3,0.5344735736406233,0.5363460283552217,0.5603015075376885,0.2856620009201788,0.28766706213242027,0.3139377793490064,0.002005061212241477
823728,2026-04-06,2026,Minnesota Twins,Detroit Tigers,2026-04-06T17:00:00+00:00,1,0.36,221,185,3,3,0.4846239027181028,0.4874353771062181,0.5292620865139949,0.26561252164951965,0.26272249264224484,0.22159418319315766,-0.002890029007274808
823886,2026-04-06,2026,Miami Marlins,Cincinnati Reds,2026-04-06T17:00:00+00:00,0,1.75,347,172,3,3,0.521449679047232,0.541406665733255,0.5541561712846348,0.2719097677784613,0.2931211777004005,0.3070890621728455,0.021211409921939206
824052,2026-04-06,2026,Los Angeles Angels,Atlanta Braves,2026-04-06T17:00:00+00:00,1,1.31,239,108,3,3,0.4469271450709397,0.4603112954673323,0.39512195121951227,0.3058895828593813,0.2912638978001491,0.36587745389649,-0.014625685059232174
824376,2026-04-06,2026,Colorado Rockies,Houston Astros,2026-04-06T17:00:00+00:00,1,0.04,249,245,3,3,0.39768261473087196,0.3952641664141476,0.3941605839416058,0.3627862325974392,0.3657054284227757,0.36704139804997604,0.002919195825336507
824456,2026-04-06,2026,Cleveland Guardians,Kansas City Royals,2026-04-06T17:00:00+00:00,0,-0.55,192,247,3,3,0.5686812812119795,0.5621998161992546,0.5190839694656489,0.3233983996008985,0.3160686333344757,0.26944816735621474,-0.007329766266422788
824619,2026-04-06,2026,Chicago White Sox,Baltimore Orioles,2026-04-06T17:00:00+00:00,0,0.95,330,235,3,3,0.5393066972954156,0.5500184001937144,0.43859649122807015,0.29085171374768903,0.30252024055165294,0.1923668821175746,0.011668526803963908
824783,2026-04-06,2026,Boston Red Sox,Milwaukee Brewers,2026-04-06T17:00:00+00:00,0,-0.55,208,263,3,3,0.46937624627477664,0.4611054429491406,0.4821428571428572,0.2203140605669998,0.21261822951732312,0.23246173469387763,-0.007695831049676666
822754,2026-04-07,2026,Washington Nationals,St. Louis Cardinals,2026-04-07T17:00:00+00:00,0,0.17,261,244,3,3,0.49265491122672495,0.49333881846884187,0.5190839694656489,0.24270886155581223,0.2433831898082329,0.26944816735621474,0.0006743282524206695
822831,2026-04-07,2026,Toronto Blue Jays,Los Angeles Dodgers,2026-04-07T17:00:00+00:00,0,2.09,382,173,3,3,0.5294588275817272,0.5535224581465427,0.425,0.2803266501042172,0.3063871116725911,0.18062499999999998,0.026060461568373883
822916,2026-04-07,2026,Texas Rangers,Seattle Mariners,2026-04-07T17:00:00+00:00,1,0.21,178,157,3,3,0.6094964040589131,0.6125411666250581,0.48469387755102045,0.15249305844291963,0.15012434756027102,0.2655403998334027,-0.002368710882648617
822999,2026-04-07,2026,Tampa Bay Rays,Chicago Cubs,2026-04-07T17:00:00+00:00,0,0.22,181,159,3,3,0.5267343597101795,0.5285962473488576,0.5454545454545454,0.2774490856992927,0.27941399271129463,0.29752066115702475,0.001964907012001915
823235,2026-04-07,2026,San Francisco Giants,Philadelphia Phillies,2026-04-07T17:00:00+00:00,1,0.32,180,148,3,3,0.5018026523188542,0.504434403590076,0.4158415841584158,0.24820059723652843,0.2455852603451237,0.34124105479854927,-0.0026153368914047237
823402,2026-04-07,2026,Pittsburgh Pirates,San Diego Padres,2026-04-07T17:00:00+00:00,1,0.03,210,207,3,3,0.5273606659792924,0.5269723520104239,0.5831265508684863,0.223387940063538,0.2237551557625503,0.17378347259080473,0.0003672156990123243
823648,2026-04-07,2026,New York Mets,Arizona Diamondbacks,2026-04-07T17:00:00+00:00,1,-0.62,73,135,2,2,0.5780189570283838,0.5709143800415104,0.582089552238806,0.17806800062741301,0.18411446925516137,0.17464914234796167,0.006046468627748353
823727,2026-04-07,2026,Minnesota Twins,Detroit Tigers,2026-04-07T17:00:00+00:00,1,-0.16,201,217,3,3,0.49306254482694023,0.4898156185940554,0.39608801955990225,0.25698558345733796,0.2602881030305663,0.364709680119081,0.0033025195732283574
823887,2026-04-07,2026,Miami Marlins,Cincinnati Reds,2026-04-07T17:00:00+00:00,0,1.2,274,154,3,3,0.5182081598501805,0.5315921690758231,0.5577889447236182,0.26853969693531027,0.2825902342227385,0.31112850685588755,0.014050537287428222
824051,2026-04-07,2026,Los Angeles Angels,Atlanta Braves,2026-04-07T17:00:00+00:00,0,0.97,206,109,3,3,0.44879399821038035,0.45818704544608757,0.43107769423558895,0.20141605282965888,0.20993536861461512,0.18582797846747193,0.008519315784956238
824375,2026-04-07,2026,Colorado Rockies,Houston Astros,2026-04-07T17:00:00+00:00,1,0.06,244,238,3,3,0.4031444601000183,0.40103823942180244,0.39172749391727496,0.3562365355092987,0.3587551906349341,0.3699954416561587,0.0025186551256354273
824457,2026-04-07,2026,Cleveland Guardians,Kansas City Royals,2026-04-07T17:00:00+00:00,1,-0.75,210,285,3,4,0.5632830276171309,0.5543325533894364,0.530456852791878,0.19072171396725965,0.19861947296837953,0.2204707670901081,0.007897759001119886
824618,2026-04-07,2026,Chicago White Sox,Baltimore Orioles,2026-04-07T17:00:00+00:00,0,0.74,305,231,3,3,0.5388636464637678,0.5470862743743524,0.4158415841584158,0.29037402948022856,0.2993033916088092,0.17292422311538083,0.008929362128580642
824780,2026-04-07,2026,Boston Red Sox,Milwaukee Brewers,2026-04-07T17:00:00+00:00,1,-0.51,266,317,3,4,0.46647546763353354,0.4586360210909928,0.5796019900497512,0.28464842663685674,0.29307495766019204,0.17673448677012948,0.008426531023335293
822753,2026-04-08,2026,Washington Nationals,St. Louis Cardinals,2026-04-08T17:00:00+00:00,0,0.51,276,225,3,3,0.4998677116160395,0.5047340186040741,0.4707379134860051,0.24986772911625602,0.2547564295362178,0.2215941831931576,0.004888700419961783
822833,2026-04-08,2026,Toronto Blue Jays,Los Angeles Dodgers,2026-04-08T17:00:00+00:00,1,1.5,315,165,3,3,0.5284795008930956,0.5455596959305467,0.41791044776119407,0.22233158107802425,0.2065159899627372,0.3388282468255735,-0.015815591115287048
822915,2026-04-08,2026,Texas Rangers,Seattle Mariners,2026-04-08T17:00:00+00:00,1,0.28,160,132,3,3,0.6061068386209916,0.609898298457501,0.4607594936708861,0.15515182258114957,0.152179337546353,0.29078032366607914,-0.0029724850347965792
823000,2026-04-08,2026,Tampa Bay Rays,Chicago Cubs,2026-04-08T17:00:00+00:00,0,0.09,227,218,3,4,0.522568875785314,0.5228124360559024,0.5051020408163266,0.2730782299395269,0.2733328432947071,0.25512807163681805,0.0002546133551801777
823234,2026-04-08,2026,San Francisco Giants,Philadelphia Phillies,2026-04-08T17:00:00+00:00,1,-0.22,150,172,3,3,0.5042613151341885,0.5004900311079921,0.4531645569620253,0.24575684367248438,0.24951020902249474,0.2990290017625381,0.0037533653500103625
823646,2026-04-08,2026,New York Mets,Arizona Diamondbacks,2026-04-08T17:00:00+00:00,0,-0.06,129,135,2,2,0.5766271589466533,0.5760351499613475,0.547979797979798,0.33249888043488895,0.3318164939909921,0.30028185899398024,-0.000682386443896843
823726,2026-04-08,2026,Minnesota Twins,Detroit Tigers,2026-04-08T17:00:00+00:00,1,-0.15,177,192,3,3,0.4939415318079038,0.49082886096664863,0.43107769423558895,0.25609517322893083,0.2592552488245204,0.323672589996294,0.003160075595589562
823885,2026-04-08,2026,Miami Marlins,Cincinnati Reds,2026-04-08T17:00:00+00:00,1,0.64,238,174,3,3,0.5222956556864605,0.529081851788342,0.5443037974683544,0.22820144057602867,0.2217639023150971,0.20765902900176253,-0.0064375382609315746
824050,2026-04-08,2026,Los Angeles Angels,Atlanta Braves,2026-04-08T17:00:00+00:00,0,0.39,228,189,3,3,0.44399430872786455,0.4464334532207029,0.46954314720812185,0.1971309461827343,0.19930282815456152,0.220470767090108,0.0021718819718272164
824374,2026-04-08,2026,Colorado Rockies,Houston Astros,2026-04-08T17:00:00+00:00,1,-0.8,144,224,3,3,0.4066548401319963,0.3947516035688902,0.4422110552763819,0.35205847873878693,0.36632562138242974,0.31112850685588755,0.014267142643642816
824455,2026-04-08,2026,Cleveland Guardians,Kansas City Royals,2026-04-08T17:00:00+00:00,1,0.88,271,183,4,3,0.5647365603272013,0.5749383179220476,0.4483627204030227,0.18945426191579606,0.18067743357093824,0.30430368824115367,-0.008776828344857823
824617,2026-04-08,2026,Chicago White Sox,Baltimore Orioles,2026-04-08T17:00:00+00:00,0,0.48,258,210,3,3,0.5339567007141983,0.5390252494559319,0.42999999999999994,0.28510975823759194,0.2905482195510296,0.18489999999999995,0.00543846131343767
824779,2026-04-08,2026,Boston Red Sox,Milwaukee Brewers,2026-04-08T17:00:00+00:00,1,0.62,219,157,3,3,0.46879216211005564,0.4744180023298941,0.5603015075376885,0.28218176703570935,0.27623643627489924,0.19333476427362942,-0.005945330760810108
823319,2026-04-09,2026,San Diego Padres,Colorado Rockies,2026-04-09T17:00:00+00:00,1,0.32,174,142,3,3,0.6727709057798178,0.677771113914257,0.6391509433962265,0.10707888010416088,0.10383145502805871,0.13021204165183337,-0.0032474250761021645
823645,2026-04-09,2026,New York Mets,Arizona Diamondbacks,2026-04-09T17:00:00+00:00,0,0.47,156,109,2,2,0.5685530110645829,0.5740177142132167,0.6004901960784313,0.3232525263906037,0.3294963362305661,0.3605884755863129,0.006243809839962422
823724,2026-04-09,2026,Minnesota Twins,Detroit Tigers,2026-04-09T17:00:00+00:00,1,0.31,206,175,3,3,0.49529208280662707,0.49769244647319155,0.4531645569620253,0.2547300816776726,0.25231287833008753,0.2990290017625381,-0.0024172033475850507
824130,2026-04-09,2026,Kansas City Royals,Chicago White Sox,2026-04-09T17:00:00+00:00,0,-0.45,239,284,3,3,0.5621218298905248,0.5566840177008335,0.6244019138755981,0.31598095163947215,0.30989709556354195,0.38987775005150976,-0.006083856075930205
822829,2026-04-10,2026,Toronto Blue Jays,Minnesota Twins,2026-04-10T17:00:00+00:00,1,-0.67,125,192,2,3,0.6144264954071931,0.6143620051869655,0.5516372795969774,0.1486669274439793,0.14871666304341805,0.20102912904719902,4.973559943874384e-05
822997,2026-04-10,2026,Tampa Bay Rays,New York Yankees,2026-04-10T17:00:00+00:00,1,0.07,156,149,2,3,0.46842350254553955,0.47461991925581004,0.45569620253164556,0.282573572645952,0.27602422924277153,0.2962666239384714,-0.006549343403180474
823076,2026-04-10,2026,St. Louis Cardinals,Boston Red Sox,2026-04-10T17:00:00+00:00,1,0.32,106,74,2,2,0.4826321252964326,0.4849316261342074,0.44332493702770776,0.2676695177752862,0.2652954297567519,0.3098871257352056,-0.0023740880185342816
823156,2026-04-10,2026,Seattle Mariners,Houston Astros,2026-04-10T17:00:00+00:00,1,-1.57,33,190,2,2,0.5338826286286438,0.5145557687654035,0.5577889447236182,0.2172654038941428,0.23565610163894835,0.19555061740865123,0.018390697744805534
823318,2026-04-10,2026,San Diego Padres,Colorado Rockies,2026-04-10T17:00:00+00:00,1,-0.53,187,240,3,3,0.6740973976789798,0.6702022414195083,0.6244019138755981,0.10621250619961303,0.10876656156471626,0.14107392230031365,0.002554055365103225
823482,2026-04-10,2026,Philadelphia Phillies,Arizona Diamondbacks,2026-04-10T17:00:00+00:00,0,-0.43,97,140,2,3,0.5635489648324342,0.5654092875513056,0.6135265700483092,0.3175874357637082,0.319687662449275,0.3764148521552429,0.0021002266855668084
823808,2026-04-10,2026,Milwaukee Brewers,Washington Nationals,2026-04-10T17:00:00+00:00,0,-1.15,125,240,2,2,0.7012146071201917,0.6916796574627551,0.6488372093023256,0.49170192523872475,0.47842074854779415,0.42098972417522984,-0.013281176690930596
823968,2026-04-10,2026,Los Angeles Dodgers,Texas Rangers,2026-04-10T17:00:00+00:00,1,0.05,92,87,2,2,0.5386125929637193,0.53865602676875,0.6741573033707866,0.21287833937166253,0.2128382616367963,0.10617346294659759,-4.00777348662229e-05
824128,2026-04-10,2026,Kansas City Royals,Chicago White Sox,2026-04-10T17:00:00+00:00,1,0.07,239,232,3,3,0.5582427397496079,0.5588575741445776,0.6159420289855072,0.19514947698393265,0.19460663988960686,0.147500525099769,-0.0005428370943257876
824297,2026-04-10,2026,Detroit Tigers,Miami Marlins,2026-04-10T17:00:00+00:00,1,-0.05,162,167,3,3,0.549434235259047,0.5484811754529388,0.5664160401002506,0.2030095083565998,0.2038692489203598,0.1879950502823475,0.0008597405637599809
824534,2026-04-10,2026,Cincinnati Reds,Los Angeles Angels,2026-04-10T17:00:00+00:00,0,0.35,200,165,3,2,0.6238606813021815,0.6219733587250292,0.6244019138755981,0.3892021496748221,0.3868508589636939,0.38987775005150976,-0.0023512907111281622
824695,2026-04-10,2026,Chicago Cubs,Pittsburgh Pirates,2026-04-10T17:00:00+00:00,0,0.24,116,92,2,2,0.5572457595220026,0.5598447772269108,0.57356608478803,0.3105228365052536,0.31342617458824945,0.32897805361906957,0.0029033380829958655
824858,2026-04-10,2026,Baltimore Orioles,San Francisco Giants,2026-04-10T17:00:00+00:00,0,0.22,114,92,2,2,0.5100705962881079,0.5116503553030541,0.5392405063291139,0.26017201319770594,0.26178608608174153,0.29078032366607914,0.001614072884035589
824941,2026-04-10,2026,Atlanta Braves,Cleveland Guardians,2026-04-10T17:00:00+00:00,1,-0.01,118,119,2,2,0.5596894262587735,0.5593874957353073,0.5628140703517588,0.19387340134832806,0.19413937891440383,0.1911315370823969,0.00026597756607577017
822830,2026-04-11,2026,Toronto Blue Jays,Minnesota Twins,2026-04-11T17:00:00+00:00,0,-0.65,148,213,2,3,0.6457313507898507,0.6398578191895846,0.5216284987277354,0.4169689773928852,0.40941802877805117,0.27209629068495106,-0.007550948614834019
822996,2026-04-11,2026,Tampa Bay Rays,New York Yankees,2026-04-11T17:00:00+00:00,1,-0.34,121,155,2,3,0.4961479005924715,0.49080554254785985,0.37320574162679426,0.253866938077374,0.2592789954999793,0.39287104232961706,0.00541205742260531
823074,2026-04-11,2026,St. Louis Cardinals,Boston Red Sox,2026-04-11T17:00:00+00:00,0,-0.43,74,117,2,2,0.4815499978091111,0.47489388511216213,0.4531645569620253,0.23189040038995493,0.22552420211692345,0.20535811568658865,-0.006366198273031476
823155,2026-04-11,2026,Seattle Mariners,Houston Astros,2026-04-11T17:00:00+00:00,1,-2.0,109,309,2,2,0.5397236342106129,0.5153963786240899,0.57356608478803,0.2118543329042857,0.2348406698506464,0.18184588404300966,0.02298633694636068
823316,2026-04-11,2026,San Diego Padres,Colorado Rockies,2026-04-11T17:00:00+00:00,1,-0.88,177,265,3,3,0.6835371264177782,0.6762153933009702,0.6014669926650367,0.1001487503559173,0.10483647153524538,0.15882855793544995,0.004687721179328072
823480,2026-04-11,2026,Philadelphia Phillies,Arizona Diamondbacks,2026-04-11T17:00:00+00:00,1,-0.4,93,133,2,3,0.5917609950746991,0.5875058552576319,0.5292620865139949,0.16665908514239983,0.17015141944673773,0.22159418319315766,0.003492334304337902
823805,2026-04-11,2026,Milwaukee Brewers,Washington Nationals,2026-04-11T17:00:00+00:00,0,-0.05,185,190,2,2,0.694792003978687,0.6962511631116637,0.6168674698795181,0.4827359287927198,0.4847656821343445,0.3805254753955582,0.002029753341624696
823967,2026-04-11,2026,Los Angeles Dodgers,Texas Rangers,2026-04-11T17:00:00+00:00,1,-0.33,96,129,2,2,0.5421278358915463,0.5377249333707544,0.6294536817102138,0.20964691866535873,0.21369823722707343,0.13730457399811558,0.004051318561714701
824129,2026-04-11,2026,Kansas City Royals,Chicago White Sox,2026-04-11T17:00:00+00:00,1,0.52,200,148,3,3,0.5562408607605795,0.5621170743864599,0.6350710900473934,0.19692217365851136,0.19174145654387312,0.13317310931919768,-0.005180717114638245
824294,2026-04-11,2026,Detroit Tigers,Miami Marlins,2026-04-11T17:00:00+00:00,1,0.0,145,145,3,3,0.5508154752697592,0.5504775071964862,0.547979797979798,0.20176673725713234,0.20207047153628507,0.20432226303438422,0.00030373427915272866
824535,2026-04-11,2026,Cincinnati Reds,Los Angeles Angels,2026-04-11T17:00:00+00:00,1,0.81,207,126,3,2,0.5906458969851516,0.6003064431014581,0.547979797979798,0.16757078165509115,0.15975493942620797,0.20432226303438422,-0.00781584222888318
824697,2026-04-11,2026,Chicago Cubs,Pittsburgh Pirates,2026-04-11T17:00:00+00:00,0,-0.19,108,127,2,2,0.5560805398105534,0.5535931084819484,0.5639097744360902,0.30922556675599644,0.30646532975870633,0.3179942337045622,-0.002760236997290111
824857,2026-04-11,2026,Baltimore Orioles,San Francisco Giants,2026-04-11T17:00:00+00:00,1,0.14,116,102,2,2,0.5091640431554242,0.5097738321277433,0.49489795918367346,0.2409199365315303,0.24032169566671802,0.25512807163681794,-0.0005982408648122772
824939,2026-04-11,2026,Atlanta Braves,Cleveland Guardians,2026-04-11T17:00:00+00:00,0,-0.28,102,130,2,2,0.5650151688916323,0.5616343222867103,0.5165394402035622,0.31924214107763976,0.3154331119704524,0.26681299328580943,-0.0038090291071873894
822828,2026-04-12,2026,Toronto Blue Jays,Minnesota Twins,2026-04-12T17:00:00+00:00,0,-0.43,123,166,2,3,0.6444929811672697,0.6410096030971997,0.5566750629722922,0.4153712027738747,0.41089331126282946,0.3098871257352055,-0.004477891511045218
822998,2026-04-12,2026,Tampa Bay Rays,New York Yankees,2026-04-12T17:00:00+00:00,1,0.2,137,117,2,3,0.5011587668862696,0.5023471899375086,0.4335839598997493,0.24884257585442712,0.24765831936309415,0.32082713048284883,-0.001184256491332969
823075,2026-04-12,2026,St. Louis Cardinals,Boston Red Sox,2026-04-12T17:00:00+00:00,0,0.12,133,121,2,2,0.4729175538940146,0.4726655222699875,0.46954314720812185,0.22365101278109817,0.22341269594276003,0.220470767090108,-0.00023831683833813733
823154,2026-04-12,2026,Seattle Mariners,Houston Astros,2026-04-12T17:00:00+00:00,1,-0.81,169,250,2,2,0.5397588068290132,0.5296066545656497,0.6101694915254237,0.21182195589145356,0.22126989942892,0.15196782533754674,0.009447943537466447
823317,2026-04-12,2026,San Diego Padres,Colorado Rockies,2026-04-12T17:00:00+00:00,1,-0.86,213,299,3,3,0.6859665506562709,0.678925014201003,0.6689342403628117,0.09861700730672049,0.1030891465058261,0.10960453720414855,0.004472139199105607
823479,2026-04-12,2026,Philadelphia Phillies,Arizona Diamondbacks,2026-04-12T17:00:00+00:00,0,0.04,122,118,2,3,0.5913737344573331,0.5921937166546103,0.5796019900497512,0.34972289380601235,0.35069339804520083,0.3359384668696319,0.0009705042391884855
823804,2026-04-12,2026,Milwaukee Brewers,Washington Nationals,2026-04-12T17:00:00+00:00,0,0.74,184,110,2,2,0.6925247648314656,0.7019026375022258,0.6621004566210046,0.47959054990487676,0.492667312532581,0.43837701465774276,0.013076762627704241
823966,2026-04-12,2026,Los Angeles Dodgers,Texas Rangers,2026-04-12T17:00:00+00:00,0,-0.52,101,153,2,2,0.5451300814302749,0.5385296853221981,0.5329949238578681,0.2971668056801781,0.29001422197322574,0.2840835888582546,-0.007152583706952376
824126,2026-04-12,2026,Kansas City Royals,Chicago White Sox,2026-04-12T17:00:00+00:00,0,-0.41,67,108,3,3,0.5595153722063618,0.5544977106212773,0.6235011990407675,0.3130574517352236,0.30746771108423776,0.3887537452052748,-0.0055897406509858305
824293,2026-04-12,2026,Detroit Tigers,Miami Marlins,2026-04-12T17:00:00+00:00,1,0.25,154,129,3,3,0.5535417214511446,0.5561993163317364,0.6092233009708737,0.1993249944848074,0.1969590468244182,0.15270642850410032,-0.002365947660389195
824533,2026-04-12,2026,Cincinnati Reds,Los Angeles Angels,2026-04-12T17:00:00+00:00,0,0.61,205,144,3,2,0.5937545549754331,0.6011566946301773,0.49489795918367346,0.35254447155407453,0.3613893714986802,0.24492399000416493,0.008844899944605689
824696,2026-04-12,2026,Chicago Cubs,Pittsburgh Pirates,2026-04-12T17:00:00+00:00,1,-0.26,150,176,2,2,0.5522176852557059,0.5488321250100221,0.5516372795969774,0.20050900139775804,0.20355245142297232,0.20102912904719902,0.003043450025214278
824859,2026-04-12,2026,Baltimore Orioles,San Francisco Giants,2026-04-12T17:00:00+00:00,1,0.14,106,92,2,2,0.5141159892835713,0.5148106561429999,0.530456852791878,0.23608327186988262,0.23540869939238626,0.2204707670901081,-0.0006745724774963602
824938,2026-04-12,2026,Atlanta Braves,Cleveland Guardians,2026-04-12T17:00:00+00:00,1,0.55,170,115,2,2,0.5601691727895729,0.5664530615781399,0.635933806146572,0.19345115656460857,0.18796294781496814,0.1325441935069218,-0.0054882087496404275
823073,2026-04-13,2026,St. Louis Cardinals,Cleveland Guardians,2026-04-13T17:00:00+00:00,0,0.08,196,188,3,3,0.4934021338431132,0.49302484481528697,0.48346055979643765,0.2434456656809374,0.2430734976051378,0.23373411287868487,-0.0003721680757995949
823153,2026-04-13,2026,Seattle Mariners,Houston Astros,2026-04-13T17:00:00+00:00,1,-1.84,184,368,3,3,0.5451677989649413,0.5228731461725726,0.6039119804400979,0.20687233109839606,0.22765003464325925,0.15688571923888542,0.02077770354486319
823400,2026-04-13,2026,Pittsburgh Pirates,Washington Nationals,2026-04-13T17:00:00+00:00,1,0.88,259,171,3,3,0.6144098922002805,0.6250509556900391,0.6566820276497696,0.1486797312329993,0.140586785828953,0.11786723013867359,-0.008092945404046287
823481,2026-04-13,2026,Philadelphia Phillies,Chicago Cubs,2026-04-13T17:00:00+00:00,1,0.44,242,198,3,3,0.5573103183535757,0.5622619687333077,0.6168674698795181,0.1959741542362125,0.1916145840172397,0.14679053563652195,-0.004359570218972819
823563,2026-04-13,2026,New York Yankees,Los Angeles Angels,2026-04-13T17:00:00+00:00,1,-0.65,138,203,3,3,0.6445715135252924,0.6386693979895222,0.6309523809523809,0.1263294089977014,0.13055980394925434,0.13619614512471656,0.004230394951552946
823725,2026-04-13,2026,Minnesota Twins,Boston Red Sox,2026-04-13T17:00:00+00:00,1,0.47,196,149,3,3,0.45504281973681643,0.45863159092522016,0.40196078431372556,0.2969783283204,0.2930797543441582,0.3576509034986542,-0.0038985739762417704
823964,2026-04-13,2026,Los Angeles Dodgers,New York Mets,2026-04-13T17:00:00+00:00,1,-0.02,186,188,3,3,0.6027501930034563,0.6030717697124853,0.5935960591133005,0.15780740915879118,0.15755201999917828,0.16516416316823995,-0.000255389159612901
824856,2026-04-13,2026,Baltimore Orioles,Arizona Diamondbacks,2026-04-13T17:00:00+00:00,1,-0.02,137,139,3,3,0.5345158672655915,0.5336571776494018,0.5417721518987342,0.2166754778275044,0.2174756279579216,0.20997276077551674,0.0008001501304172043
824937,2026-04-13,2026,Atlanta Braves,Miami Marlins,2026-04-13T17:00:00+00:00,0,0.86,203,117,3,3,0.5991240729658857,0.6094296063854647,0.5831265508684863,0.3589496548072319,0.37140444513914245,0.34003657432777734,0.012454790331910548
823072,2026-04-14,2026,St. Louis Cardinals,Cleveland Guardians,2026-04-14T17:00:00+00:00,1,0.4,228,188,3,3,0.4853754170181941,0.4886772476690986,0.47959183673469385,0.26483846140919765,0.2614509570512483,0.27082465639316955,-0.0033875043579493225
823315,2026-04-14,2026,San Diego Padres,Seattle Mariners,2026-04-14T17:00:00+00:00,1,0.48,176,128,2,3,0.5390464732419599,0.5512728838327162,0.47715736040609136,0.21247815383067523,0.20135602478380699,0.27336442577752584,-0.01112212904686824
823398,2026-04-14,2026,Pittsburgh Pirates,Washington Nationals,2026-04-14T17:00:00+00:00,0,0.04,255,251,3,3,0.6234605243583088,0.6248001001953919,0.6285714285714284,0.38870302543313734,0.39037516520417176,0.3951020408163264,0.00167213977103442
823478,2026-04-14,2026,Philadelphia Phillies,Chicago Cubs,2026-04-14T17:00:00+00:00,0,0.4,257,217,3,3,0.5618391352970551,0.5663881609538599,0.5639097744360902,0.31566321395134256,0.32079554886869555,0.3179942337045622,0.0051323349173529875
823562,2026-04-14,2026,New York Yankees,Los Angeles Angels,2026-04-14T17:00:00+00:00,0,-1.19,166,285,3,3,0.6455179225627411,0.633675168353872,0.6168674698795181,0.41669338834971703,0.4015442189883081,0.3805254753955582,-0.01514916936140892
823723,2026-04-14,2026,Minnesota Twins,Boston Red Sox,2026-04-14T17:00:00+00:00,1,0.13,174,161,3,3,0.46203433161268004,0.4617147427384254,0.4520202020202021,0.2894070603634159,0.2897510181851596,0.30028185899398013,0.00034395782174367895
823802,2026-04-14,2026,Milwaukee Brewers,Toronto Blue Jays,2026-04-14T17:00:00+00:00,0,0.28,148,120,2,2,0.5821001779994407,0.5855491851196236,0.5367088607594936,0.33884061722698056,0.34286784819425525,0.28805640121775355,0.0040272309672746975
823965,2026-04-14,2026,Los Angeles Dodgers,New York Mets,2026-04-14T17:00:00+00:00,1,-0.65,142,207,3,3,0.6041951951076835,0.5973279947534711,0.6488372093023256,0.15666144357584474,0.1621447438092606,0.1233153055705787,0.0054833002334158665
824210,2026-04-14,2026,Houston Astros,Colorado Rockies,2026-04-14T17:00:00+00:00,1,0.41,237,196,3,2,0.6830491224278787,0.6829050831027896,0.6207729468599034,0.1004578587937378,0.10054918632204875,0.1438131578333217,9.13275283109527e-05
824292,2026-04-14,2026,Detroit Tigers,Kansas City Royals,2026-04-14T17:00:00+00:00,1,0.11,90,79,2,2,0.5524597488304669,0.5534486343042448,0.5165394402035622,0.2002922764168888,0.19940812220474405,0.23373411287868498,-0.0008841542121447443
824531,2026-04-14,2026,Cincinnati Reds,San Francisco Giants,2026-04-14T17:00:00+00:00,1,0.54,182,128,2,2,0.5252761910404067,0.5309202858130174,0.5089058524173028,0.22536269479310445,0.22003577826174125,0.24117346178997598,-0.0053269165313631905
824616,2026-04-14,2026,Chicago White Sox,Tampa Bay Rays,2026-04-14T17:00:00+00:00,0,0.29,160,131,2,2,0.5171688255819783,0.5197036208404708,0.44332493702770776,0.2674635941538427,0.2700918535146959,0.19653699979062106,0.0026282593608532023
824853,2026-04-14,2026,Baltimore Orioles,Arizona Diamondbacks,2026-04-14T17:00:00+00:00,0,0.11,148,137,3,3,0.5384928462816669,0.539246060706491,0.5990220048899756,0.28997454549653096,0.2907863139874685,0.3588273623424059,0.0008117684909375589
824935,2026-04-14,2026,Atlanta Braves,Miami Marlins,2026-04-14T17:00:00+00:00,1,0.66,237,171,3,3,0.5950970673018142,0.6030856483554888,0.5980392156862746,0.16394638490759156,0.15754100254138267,0.16157247212610526,-0.006405382366208884
823071,2026-04-15,2026,St. Louis Cardinals,Cleveland Guardians,2026-04-15T17:00:00+00:00,1,0.27,226,199,3,3,0.48397556237625294,0.48570222696210386,0.5025510204081632,0.2662812202249044,0.26450219935173935,0.24745548729695963,-0.0017790208731650603
823314,2026-04-15,2026,San Diego Padres,Seattle Mariners,2026-04-15T17:00:00+00:00,1,0.83,139,56,2,3,0.5715364141196272,0.5812319161829411,0.5102040816326531,0.1835810444254676,0.17536670802381124,0.23990004164931278,-0.008214336401656364
823399,2026-04-15,2026,Pittsburgh Pirates,Washington Nationals,2026-04-15T17:00:00+00:00,1,-1.07,222,329,3,3,0.6240856772235531,0.6129396278766782,0.6225961538461539,0.1413115780684747,0.14981573166824433,0.14243366309171596,0.008504153599769637
823477,2026-04-15,2026,Philadelphia Phillies,Chicago Cubs,2026-04-15T17:00:00+00:00,0,0.37,286,249,3,3,0.5528168820682516,0.5568771353442648,0.5603015075376885,0.30560650509966325,0.3101121438692346,0.3139377793490064,0.00450563876957133
823561,2026-04-15,2026,New York Yankees,Los Angeles Angels,2026-04-15T17:00:00+00:00,1,0.03,226,223,3,3,0.6404027190471023,0.641895024930649,0.6235011990407675,0.12931020446871722,0.12823917316942052,0.14175134712373977,-0.0010710312992966986
823722,2026-04-15,2026,Minnesota Twins,Boston Red Sox,2026-04-15T17:00:00+00:00,0,-0.17,172,189,3,3,0.46717356945326327,0.46337852509410915,0.4746192893401016,0.218251143995703,0.21471965751839195,0.2252634698137031,-0.003531486477311052
823803,2026-04-15,2026,Milwaukee Brewers,Toronto Blue Jays,2026-04-15T17:00:00+00:00,1,-0.47,129,176,2,2,0.5790194090081098,0.5736889419213401,0.4582278481012658,0.17722465799188117,0.18174111824014652,0.2935170645729851,0.004516460248265353
823963,2026-04-15,2026,Los Angeles Dodgers,New York Mets,2026-04-15T17:00:00+00:00,1,-0.06,110,116,3,3,0.6054616465291233,0.6053728918783988,0.6440281030444964,0.15566051235951048,0.15573055446441791,0.12671599142209966,7.004210490743623e-05
824209,2026-04-15,2026,Houston Astros,Colorado Rockies,2026-04-15T17:00:00+00:00,1,0.62,245,183,3,2,0.657673155306745,0.6657226829986645,0.6309523809523809,0.11718766859763995,0.11174132466161131,0.13619614512471656,-0.005446343936028636
824291,2026-04-15,2026,Detroit Tigers,Kansas City Royals,2026-04-15T17:00:00+00:00,1,-0.52,57,109,2,2,0.5533774343498462,0.5469392426534921,0.5454545454545454,0.19947171614792594,0.20526404984739127,0.20661157024793392,0.00579233369946533
824532,2026-04-15,2026,Cincinnati Reds,San Francisco Giants,2026-04-15T17:00:00+00:00,1,0.1,143,133,2,2,0.5274915438015825,0.5279384949568038,0.5,0.22326424117901186,0.22284206454364758,0.25,-0.0004221766353642853
824615,2026-04-15,2026,Chicago White Sox,Tampa Bay Rays,2026-04-15T17:00:00+00:00,0,0.74,198,124,2,2,0.5145137631042019,0.5223667217033442,0.49234693877551017,0.2647244124236468,0.27286699194309905,0.24240550812161596,0.008142579519452242
824936,2026-04-15,2026,Atlanta Braves,Miami Marlins,2026-04-15T17:00:00+00:00,1,0.19,192,173,3,3,0.5957108241486411,0.5983248772171411,0.6058394160583942,0.16344973771057103,0.16134290426262476,0.15536256593318767,-0.002106833447946266
823313,2026-04-16,2026,San Diego Padres,Seattle Mariners,2026-04-16T17:00:00+00:00,1,0.48,143,95,2,3,0.571018158741644,0.5766337006709231,0.4746192893401016,0.18402542012940937,0.1792390234075975,0.27602489113349993,-0.004786396721811859
823560,2026-04-16,2026,New York Yankees,Los Angeles Angels,2026-04-16T17:00:00+00:00,0,0.29,225,196,3,3,0.6464833450433065,0.6508943158781524,0.7227926078028747,0.4179407154183829,0.423663410442488,0.5224291538944802,0.005722695024105107
823801,2026-04-16,2026,Milwaukee Brewers,Toronto Blue Jays,2026-04-16T17:00:00+00:00,1,-0.29,104,133,2,2,0.5829182572561775,0.5797636279119408,0.5190839694656489,0.17395718013022413,0.17659860842573374,0.23128022842491688,0.002641428295509618
824208,2026-04-16,2026,Houston Astros,Colorado Rockies,2026-04-16T17:00:00+00:00,0,0.35,171,136,3,2,0.6578378840605957,0.6630141758658934,0.6029411764705883,0.43275068170532177,0.43958779739912984,0.36353806228373714,0.006837115693808071
824289,2026-04-16,2026,Detroit Tigers,Kansas City Royals,2026-04-16T17:00:00+00:00,1,0.12,78,66,2,2,0.5533993550698512,0.5545219396234664,0.4681933842239186,0.1994521360520249,0.1984507022768385,0.28281827658320874,-0.0010014337751863833
824453,2026-04-16,2026,Cleveland Guardians,Baltimore Orioles,2026-04-16T17:00:00+00:00,1,0.18,188,170,3,3,0.5674382204731448,0.5694960032421138,0.5367088607594936,0.18710969310743963,0.1853336912245141,0.21463867969876624,-0.0017760018829255375
824614,2026-04-16,2026,Chicago White Sox,Tampa Bay Rays,2026-04-16T17:00:00+00:00,0,-0.45,139,184,2,2,0.509230393155069,0.5028002047965118,0.4607594936708861,0.2593155933128662,0.25280804594341416,0.21229931100785132,-0.006507547369452027
822752,2026-04-17,2026,Washington Nationals,San Francisco Giants,2026-04-17T17:00:00+00:00,0,1.01,255,154,3,3,0.4728767950487631,0.48322617390416955,0.42144638403990026,0.22361246329558992,0.2335075351460627,0.1776170546203071,0.00989507185047278
823152,2026-04-17,2026,Seattle Mariners,Texas Rangers,2026-04-17T17:00:00+00:00,0,-0.8,112,192,3,3,0.4824347433983621,0.4713887853780358,0.5468354430379747,0.2327432816378435,0.2222073869801799,0.2990290017625381,-0.010535894657663608
823397,2026-04-17,2026,Pittsburgh Pirates,Tampa Bay Rays,2026-04-17T17:00:00+00:00,1,0.14,266,252,3,3,0.5513321835056065,0.5526562873020628,0.530456852791878,0.20130280955784674,0.20011639729037453,0.2204707670901081,-0.0011864122674722088
823476,2026-04-17,2026,Philadelphia Phillies,Atlanta Braves,2026-04-17T17:00:00+00:00,0,0.52,163,111,2,2,0.5290030961482601,0.5344685535385165,0.49234693877551017,0.27984427573444537,0.2856566347215541,0.24240550812161596,0.0058123589871087455
823559,2026-04-17,2026,New York Yankees,Kansas City Royals,2026-04-17T17:00:00+00:00,1,0.69,214,145,3,3,0.5929945428598707,0.6013042597461806,0.6201923076923077,0.1656534421418456,0.15895829329654101,0.14425388313609466,-0.006695148845304588
823720,2026-04-17,2026,Minnesota Twins,Cincinnati Reds,2026-04-17T17:00:00+00:00,0,-0.45,100,145,2,3,0.47383557741008087,0.47393855914229815,0.608272506082725,0.22452015441954473,0.22461775784187765,0.3699954416561587,9.76034223329203e-05
823883,2026-04-17,2026,Miami Marlins,Milwaukee Brewers,2026-04-17T17:00:00+00:00,0,-0.42,95,137,2,3,0.4097492488233679,0.4091128484595607,0.5076530612244898,0.16789444691131425,0.16737332277469547,0.2577116305705956,-0.0005211241366187835
824048,2026-04-17,2026,Los Angeles Angels,San Diego Padres,2026-04-17T17:00:00+00:00,1,-0.21,178,199,3,3,0.4411671061655525,0.43649589718925075,0.5516372795969774,0.31229420323138296,0.3175368738845475,0.20102912904719902,0.005242670653164527
824207,2026-04-17,2026,Houston Astros,St. Louis Cardinals,2026-04-17T17:00:00+00:00,0,0.86,234,148,3,2,0.6209415638974839,0.6247239232916576,0.5491183879093199,0.3855684257754531,0.3902799803329209,0.3015310039401303,0.004711554557467801
824373,2026-04-17,2026,Colorado Rockies,Los Angeles Dodgers,2026-04-17T17:00:00+00:00,0,2.18,280,62,3,2,0.3819616513854546,0.39678572200451845,0.274949083503055,0.14589470312910358,0.157438909186647,0.07559699851916993,0.011544206057543416
824454,2026-04-17,2026,Cleveland Guardians,Baltimore Orioles,2026-04-17T17:00:00+00:00,0,-0.2,135,155,3,3,0.571172920737742,0.5688463160087887,0.547979797979798,0.32623850538408283,0.32358613123677066,0.30028185899398024,-0.0026523741473121754
824693,2026-04-17,2026,Chicago Cubs,New York Mets,2026-04-17T17:00:00+00:00,1,0.88,167,79,2,2,0.5604854932965073,0.5706383310418475,0.5796019900497512,0.1931730016028145,0.18435144277053017,0.17673448677012948,-0.008821558832284332
824778,2026-04-17,2026,Boston Red Sox,Detroit Tigers,2026-04-17T17:00:00+00:00,1,0.08,145,137,2,3,0.5324069245468178,0.5398063102167407,0.5417721518987342,0.21864328421176532,0.21177823211633065,0.20997276077551674,-0.0068650520954346705
825101,2026-04-17,2026,Arizona Diamondbacks,Toronto Blue Jays,2026-04-17T17:00:00+00:00,1,-0.57,115,172,2,3,0.4569170364844786,0.45530795070373936,0.5516372795969774,0.2949391052608012,0.29668942856655994,0.20102912904719902,0.0017503233057587497
822751,2026-04-18,2026,Washington Nationals,San Francisco Giants,2026-04-18T17:00:00+00:00,0,0.66,212,146,3,3,0.4669516304400472,0.4730193654323987,0.49489795918367346,0.21804382517061843,0.22374732007406914,0.24492399000416493,0.0057034949034507065
823151,2026-04-18,2026,Seattle Mariners,Texas Rangers,2026-04-18T17:00:00+00:00,1,-0.39,169,208,3,3,0.47855413846777317,0.4723262435536349,0.5516372795969774,0.27190578650908626,0.2784395932422179,0.20102912904719902,0.006533806733131642
823394,2026-04-18,2026,Pittsburgh Pirates,Tampa Bay Rays,2026-04-18T17:00:00+00:00,0,-0.08,232,240,3,3,0.5583297538586134,0.557179775759153,0.5841584158415841,0.3117321140438198,0.31044930251502,0.3412410547985491,-0.0012828115287997766
823474,2026-04-18,2026,Philadelphia Phillies,Atlanta Braves,2026-04-18T17:00:00+00:00,0,0.31,140,109,2,2,0.5199083765501601,0.5227274074999707,0.5355329949238579,0.27030472000702305,0.2732439425516404,0.2867955886521168,0.0029392225446173703
823558,2026-04-18,2026,New York Yankees,Kansas City Royals,2026-04-18T17:00:00+00:00,1,0.24,172,148,3,3,0.5961069452884574,0.5993003679198233,0.5980392156862746,0.16312959964422113,0.16056019514918896,0.16157247212610526,-0.0025694044950321793
823721,2026-04-18,2026,Minnesota Twins,Cincinnati Reds,2026-04-18T17:00:00+00:00,0,-0.58,102,160,2,3,0.4989574561553564,0.4907988245513096,0.5329949238578681,0.24895854305302442,0.24088348618094715,0.2840835888582546,-0.008075056872077269
823882,2026-04-18,2026,Miami Marlins,Milwaukee Brewers,2026-04-18T17:00:00+00:00,0,-0.28,140,168,2,3,0.43726138528110964,0.43171242012711275,0.5089058524173028,0.191197519057955,0.1863756136920087,0.2589851666245816,-0.004821905365946316
824049,2026-04-18,2026,Los Angeles Angels,San Diego Padres,2026-04-18T17:00:00+00:00,0,-0.65,183,248,3,3,0.4495225161133809,0.4397948373658227,0.49234693877551017,0.2020704924929048,0.19341949897363045,0.24240550812161596,-0.008650993519274341
824206,2026-04-18,2026,Houston Astros,St. Louis Cardinals,2026-04-18T17:00:00+00:00,0,0.82,200,118,3,2,0.5910731836476449,0.6008522673772873,0.5639097744360902,0.3493675084273626,0.3610234472124271,0.3179942337045622,0.01165593878506449
824372,2026-04-18,2026,Colorado Rockies,Los Angeles Dodgers,2026-04-18T17:00:00+00:00,1,2.05,281,76,3,2,0.35281374662413617,0.3718871027960203,0.27983539094650206,0.4188500465586879,0.39452581163397726,0.5186370641331775,-0.02432423492471064
824451,2026-04-18,2026,Cleveland Guardians,Baltimore Orioles,2026-04-18T17:00:00+00:00,1,-0.1,146,156,3,3,0.5698652610457771,0.5686858753126788,0.5603015075376885,0.1850158936552175,0.18603187415479008,0.19333476427362942,0.0010159804995725774
824694,2026-04-18,2026,Chicago Cubs,New York Mets,2026-04-18T17:00:00+00:00,1,-0.68,83,151,2,2,0.5631104313554478,0.5549818190400011,0.5216284987277354,0.19087249519042288,0.19804118138494634,0.22883929322948024,0.00716868619452346
824775,2026-04-18,2026,Boston Red Sox,Detroit Tigers,2026-04-18T17:00:00+00:00,0,-0.59,97,156,2,3,0.5596452313653585,0.5525062594047957,0.4228855721393035,0.3132027849899856,0.3052631666814794,0.17883220712358608,-0.007939618308506202
825098,2026-04-18,2026,Arizona Diamondbacks,Toronto Blue Jays,2026-04-18T17:00:00+00:00,1,-1.15,85,200,2,3,0.48806499513826634,0.4729384609790618,0.5796019900497512,0.2620774492027833,0.27779386591512,0.17673448677012948,0.0157164167123367
822750,2026-04-19,2026,Washington Nationals,San Francisco Giants,2026-04-19T17:00:00+00:00,1,1.28,294,166,3,3,0.4647526848516025,0.4781602187281973,0.44332493702770776,0.286489688373568,0.2723167573178029,0.3098871257352056,-0.014172931055765059
823150,2026-04-19,2026,Seattle Mariners,Texas Rangers,2026-04-19T17:00:00+00:00,1,-0.01,200,201,3,3,0.48047461701908134,0.47880320718094715,0.5603015075376885,0.2699066235614702,0.2716460968448667,0.19333476427362942,0.0017394732833964643
823393,2026-04-19,2026,Pittsburgh Pirates,Tampa Bay Rays,2026-04-19T17:00:00+00:00,1,-0.05,270,275,3,3,0.5577860929982261,0.5569799283569576,0.5,0.19555313954577352,0.19626678387860638,0.25,0.0007136443328328579
823475,2026-04-19,2026,Philadelphia Phillies,Atlanta Braves,2026-04-19T17:00:00+00:00,0,0.58,139,81,2,2,0.5164167788116907,0.5223944856048383,0.5253807106598984,0.26668628943824263,0.2728959985903436,0.27602489113349993,0.006209709152100951
823556,2026-04-19,2026,New York Yankees,Kansas City Royals,2026-04-19T17:00:00+00:00,1,-0.43,165,208,3,3,0.6043022346978113,0.5999611396716338,0.57356608478803,0.156576721465146,0.1600310897728181,0.18184588404300966,0.0034543683076720955
823718,2026-04-19,2026,Minnesota Twins,Cincinnati Reds,2026-04-19T17:00:00+00:00,0,-1.05,86,191,2,3,0.49999800215846085,0.486249689229103,0.5241730279898218,0.24999800216245222,0.23643876027539926,0.2747573632720185,-0.013559241887052959
823881,2026-04-19,2026,Miami Marlins,Milwaukee Brewers,2026-04-19T17:00:00+00:00,1,0.05,169,164,2,3,0.43535763035175534,0.4336471921907341,0.5139949109414759,0.31882100560198495,0.3207555029134393,0.23620094659078397,0.0019344973114543418
824047,2026-04-19,2026,Los Angeles Angels,San Diego Padres,2026-04-19T17:00:00+00:00,0,-0.08,211,219,3,3,0.4462484682306801,0.44318443053893813,0.47582697201017815,0.19913769539822831,0.1964124394721229,0.22641130729237485,-0.0027252559261054243
824205,2026-04-19,2026,Houston Astros,St. Louis Cardinals,2026-04-19T17:00:00+00:00,0,1.0,236,136,3,2,0.5893283398979974,0.6011534023137836,0.5664160401002506,0.34730789220692954,0.3613854131134377,0.32082713048284867,0.014077520906508156
824371,2026-04-19,2026,Colorado Rockies,Los Angeles Dodgers,2026-04-19T17:00:00+00:00,1,1.8,261,81,3,2,0.3577106714909178,0.3741817062180495,0.3295711060948081,0.4125355815166478,0.39164853683215173,0.44947490178293903,-0.020887044684496092
824452,2026-04-19,2026,Cleveland Guardians,Baltimore Orioles,2026-04-19T17:00:00+00:00,1,-0.21,123,144,3,3,0.5721658231703791,0.5697406125162252,0.5318066157760813,0.1830420828634793,0.18512314051791307,0.21920504503104593,0.0020810576544337545
824691,2026-04-19,2026,Chicago Cubs,New York Mets,2026-04-19T17:00:00+00:00,1,-0.19,99,118,2,2,0.5618167555197356,0.5594346625365872,0.5664160401002506,0.19200455574325112,0.19409781657425076,0.1879950502823475,0.0020932608309996437
824777,2026-04-19,2026,Boston Red Sox,Detroit Tigers,2026-04-19T17:00:00+00:00,0,-0.5,98,148,2,3,0.5564718631590235,0.5503316713674058,0.5760598503740648,0.309660934487675,0.3028649485100423,0.33184495121298996,-0.006795985977632701
825100,2026-04-19,2026,Arizona Diamondbacks,Toronto Blue Jays,2026-04-19T17:00:00+00:00,0,-1.35,66,201,2,3,0.49057754012582716,0.47310767000766424,0.49744897959183665,0.24066632287590756,0.22383086742008093,0.24745548729695951,-0.016835455455826626
822749,2026-04-20,2026,Washington Nationals,Atlanta Braves,2026-04-20T17:00:00+00:00,0,1.78,333,155,3,3,0.4254799292735228,0.44389399033075533,0.40640394088669946,0.18103317021460197,0.1970418746517607,0.1651641631682399,0.01600870443715874
822994,2026-04-20,2026,Tampa Bay Rays,Cincinnati Reds,2026-04-20T17:00:00+00:00,0,0.63,267,204,3,3,0.5502369312184511,0.5573221539778513,0.5267175572519084,0.30276068047669846,0.31060798331451184,0.2774313851174174,0.007847302837813375
823879,2026-04-20,2026,Miami Marlins,St. Louis Cardinals,2026-04-20T17:00:00+00:00,1,0.09,222,213,3,3,0.5707611973226959,0.5718203512064359,0.5468354430379747,0.1842459497238456,0.18333781164097987,0.20535811568658865,-0.0009081380828657171
824046,2026-04-20,2026,Los Angeles Angels,Toronto Blue Jays,2026-04-20T17:00:00+00:00,0,-0.5,149,199,3,3,0.4411147584465843,0.43304025436471044,0.47959183673469385,0.19458223011938844,0.1875238619002531,0.23000832986255726,-0.00705836821913533
824125,2026-04-20,2026,Kansas City Royals,Baltimore Orioles,2026-04-20T17:00:00+00:00,0,0.35,187,152,3,3,0.534193836215256,0.5377235977419368,0.49109414758269715,0.2853630546503717,0.28914666756853225,0.24117346178997592,0.0037836129181605394
824370,2026-04-20,2026,Colorado Rockies,Los Angeles Dodgers,2026-04-20T17:00:00+00:00,0,0.51,202,151,3,3,0.35670225952258344,0.3588459118331413,0.33031674208144796,0.12723650194851646,0.12877038843935862,0.1091091500993018,0.0015338864908421568
824450,2026-04-20,2026,Cleveland Guardians,Houston Astros,2026-04-20T17:00:00+00:00,0,-0.82,171,253,3,3,0.5573896956492576,0.5474854779473257,0.5267175572519084,0.31068327281597197,0.2997403485632117,0.2774313851174174,-0.010942924252760278
824692,2026-04-20,2026,Chicago Cubs,Philadelphia Phillies,2026-04-20T17:00:00+00:00,1,-0.59,161,220,3,3,0.5472336518686558,0.5398442016973432,0.5076530612244898,0.20499736600019358,0.21174335871155542,0.24240550812161596,0.006745992711361837
822747,2026-04-21,2026,Washington Nationals,Atlanta Braves,2026-04-21T17:00:00+00:00,1,1.9,321,131,3,3,0.4198287333735054,0.43949755070531016,0.43609022556390975,0.33659869861899117,0.31416299566534633,0.3179942337045622,-0.02243570295364483
822914,2026-04-21,2026,Texas Rangers,Pittsburgh Pirates,2026-04-21T17:00:00+00:00,1,-0.55,120,175,2,2,0.5944505589567648,0.5885172028604043,0.5178571428571429,0.1644703491304805,0.16931809234182565,0.23246173469387751,0.004847743211345151
822995,2026-04-21,2026,Tampa Bay Rays,Cincinnati Reds,2026-04-21T17:00:00+00:00,0,0.47,249,202,3,3,0.5394894885086863,0.5445257200818223,0.49109414758269715,0.2910489082113639,0.2965082598306271,0.24117346178997592,0.0054593516192631975
823236,2026-04-21,2026,San Francisco Giants,Los Angeles Dodgers,2026-04-21T17:00:00+00:00,1,-0.62,98,160,2,3,0.4373975329055778,0.4348812215345404,0.37980769230769235,0.3165215359807304,0.31935923377429326,0.3846384985207101,0.0028376977935628545
823640,2026-04-21,2026,New York Mets,Minnesota Twins,2026-04-21T17:00:00+00:00,0,0.13,144,131,2,2,0.5926948673763794,0.5945729682775007,0.597051597051597,0.351287205814304,0.3535170146063179,0.3564706095418626,0.0022298087920138987
823880,2026-04-21,2026,Miami Marlins,St. Louis Cardinals,2026-04-21T17:00:00+00:00,0,-0.11,185,196,3,3,0.5712200453216195,0.5699478639711935,0.5114503816793893,0.3262923401772331,0.32484056764532604,0.261581492919993,-0.0014517725319070363
824045,2026-04-21,2026,Los Angeles Angels,Toronto Blue Jays,2026-04-21T17:00:00+00:00,0,0.07,137,130,3,3,0.4394855983831654,0.4380775972681689,0.5076530612244898,0.19314759118620897,0.191911981228252,0.2577116305705956,-0.0012356099579569624
824127,2026-04-21,2026,Kansas City Royals,Baltimore Orioles,2026-04-21T17:00:00+00:00,1,0.53,249,196,3,3,0.5315433785897187,0.5371674860958815,0.5329949238578681,0.21945160614313564,0.21421393592680604,0.21809374114251845,-0.005237670216329593
824290,2026-04-21,2026,Detroit Tigers,Milwaukee Brewers,2026-04-21T17:00:00+00:00,0,0.89,183,94,3,2,0.4923880232260522,0.4945173288272682,0.5051020408163266,0.2424459654164593,0.2445473885104565,0.25512807163681805,0.00210142309399719
824369,2026-04-21,2026,Colorado Rockies,San Diego Padres,2026-04-21T17:00:00+00:00,0,0.75,220,145,3,2,0.41656174315537775,0.41572645535096686,0.42999999999999994,0.1735236858606469,0.17282848567867945,0.18489999999999995,-0.000695200181967448
824448,2026-04-21,2026,Cleveland Guardians,Houston Astros,2026-04-21T17:00:00+00:00,1,-0.86,166,252,3,3,0.5504537715550704,0.539927981309116,0.57356608478803,0.20209181150906086,0.2116662623823051,0.18184588404300966,0.009574450873244239
824690,2026-04-21,2026,Chicago Cubs,Philadelphia Phillies,2026-04-21T17:00:00+00:00,1,-0.52,158,210,3,3,0.5491101025916216,0.542587578610425,0.5429292929292929,0.20330169958493796,0.2092261232414742,0.20891363126211612,0.005924423656536226
824773,2026-04-21,2026,Boston Red Sox,New York Yankees,2026-04-21T17:00:00+00:00,0,1.83,249,66,3,2,0.5444018878798074,0.5584966428237833,0.5367088607594936,0.29637341552709834,0.3119185000454366,0.28805640121775355,0.015545084518338248
825099,2026-04-21,2026,Arizona Diamondbacks,Chicago White Sox,2026-04-21T17:00:00+00:00,0,-0.3,158,188,2,2,0.5568000437862465,0.5530279537986361,0.57356608478803,0.310026288760366,0.3058399176827064,0.32897805361906957,-0.0041863710776595675
822748,2026-04-22,2026,Washington Nationals,Atlanta Braves,2026-04-22T17:00:00+00:00,0,0.12,257,245,3,3,0.4247211021192197,0.4236547707975494,0.4228855721393035,0.18038801458536466,0.1794833648195241,0.17883220712358608,-0.000904649765840565
822913,2026-04-22,2026,Texas Rangers,Pittsburgh Pirates,2026-04-22T17:00:00+00:00,0,0.06,94,88,2,2,0.5972287749281496,0.5983749256018099,0.49109414758269715,0.3566822096021784,0.3580525515889716,0.24117346178997592,0.0013703419867931999
822993,2026-04-22,2026,Tampa Bay Rays,Cincinnati Reds,2026-04-22T17:00:00+00:00,1,0.16,224,208,3,3,0.5336832708891119,0.5349487068812973,0.5577889447236182,0.21745129184867737,0.2162727052313776,0.19555061740865123,-0.001178586617299776
823231,2026-04-22,2026,San Francisco Giants,Los Angeles Dodgers,2026-04-22T17:00:00+00:00,1,-0.28,98,126,2,3,0.46576120500443596,0.46063830773548226,0.34252873563218394,0.2854110900783123,0.29091103508244426,0.4322684634694146,0.005499945004131979
823641,2026-04-22,2026,New York Mets,Minnesota Twins,2026-04-22T17:00:00+00:00,1,0.2,162,142,2,2,0.590047921890431,0.5926913732696849,0.5901234567901236,0.16806070634635417,0.16590031740893516,0.1679987806736777,-0.0021603889374190166
824044,2026-04-22,2026,Los Angeles Angels,Toronto Blue Jays,2026-04-22T17:00:00+00:00,1,-0.38,117,155,3,3,0.43989306738019707,0.43320896685827454,0.5771144278606966,0.31371977596876444,0.3212520752498645,0.17883220712358602,0.007532299281100052
824123,2026-04-22,2026,Kansas City Royals,Baltimore Orioles,2026-04-22T17:00:00+00:00,0,0.09,224,215,3,3,0.5342244531397742,0.5346675852303242,0.5505050505050506,0.28539576633249075,0.285869426696026,0.30305581063156833,0.0004736603635352443
824286,2026-04-22,2026,Detroit Tigers,Milwaukee Brewers,2026-04-22T17:00:00+00:00,1,0.69,226,157,3,2,0.45612598188099834,0.46234476443817824,0.5516372795969774,0.2957989475849081,0.2890731523270381,0.20102912904719902,-0.006725795257869982
824367,2026-04-22,2026,Colorado Rockies,San Diego Padres,2026-04-22T17:00:00+00:00,1,2.19,312,93,3,2,0.38679025400774525,0.40876662943026965,0.41791044776119407,0.37602619257988557,0.34955689847524407,0.3388282468255735,-0.026469294104641494
824449,2026-04-22,2026,Cleveland Guardians,Houston Astros,2026-04-22T17:00:00+00:00,0,-0.46,204,250,3,3,0.5531541632076271,0.5474213638179973,0.5980392156862746,0.30597952827393016,0.29967014956435617,0.35765090349865447,-0.006309378709573987
824688,2026-04-22,2026,Chicago Cubs,Philadelphia Phillies,2026-04-22T17:00:00+00:00,1,-1.04,136,240,3,3,0.5531174629823361,0.540514549917511,0.6048780487804878,0.19970400189134374,0.21112687883750747,0.15612135633551458,0.01142287694616373
824774,2026-04-22,2026,Boston Red Sox,New York Yankees,2026-04-22T17:00:00+00:00,0,1.52,228,76,3,2,0.5160233392647289,0.5331800422028868,0.4483627204030227,0.26628008666592146,0.2842809574034722,0.20102912904719913,0.018000870737550745
825097,2026-04-22,2026,Arizona Diamondbacks,Chicago White Sox,2026-04-22T17:00:00+00:00,1,0.43,198,155,2,2,0.5490402188445832,0.5537501306873953,0.5866336633663367,0.20336472421974142,0.19913894586151676,0.17087172826193503,-0.004225778358224658
822745,2026-04-23,2026,Washington Nationals,Atlanta Braves,2026-04-23T17:00:00+00:00,0,-0.94,169,263,3,3,0.42469197713034545,0.4113182008087142,0.43969849246231163,0.18036327543888186,0.1691826623165177,0.19333476427362953,-0.011180613122364153
822912,2026-04-23,2026,Texas Rangers,Pittsburgh Pirates,2026-04-23T17:00:00+00:00,1,-0.01,103,104,2,2,0.591468433045894,0.5917133808075787,0.5911330049261084,0.16689804119797716,0.16669796341157722,0.16717221966075368,-0.00020007778639993812
823233,2026-04-23,2026,San Francisco Giants,Los Angeles Dodgers,2026-04-23T17:00:00+00:00,0,0.14,99,85,2,3,0.4710157510808896,0.47096903057706435,0.4054054054054054,0.22185583776629456,0.22181182776269978,0.16435354273192107,-4.401000359477436e-05
823639,2026-04-23,2026,New York Mets,Minnesota Twins,2026-04-23T17:00:00+00:00,1,-0.38,95,133,2,2,0.5897036919143378,0.58563833949567,0.49234693877551017,0.16834306042872463,0.17169558569590562,0.2577116305705956,0.0033525252671809946
824288,2026-04-23,2026,Detroit Tigers,Milwaukee Brewers,2026-04-23T17:00:00+00:00,1,0.23,238,215,3,2,0.4616956516558628,0.4625569821201953,0.6756152125279643,0.2897715714462062,0.288844997467752,0.10522549034327777,-0.0009265739784541926
824368,2026-04-23,2026,Colorado Rockies,San Diego Padres,2026-04-23T17:00:00+00:00,0,1.71,288,117,3,2,0.39248642253480726,0.40911625149359476,0.4239401496259351,0.15404559187417124,0.16737610723617027,0.17972525046486026,0.013330515361999029
824689,2026-04-23,2026,Chicago Cubs,Philadelphia Phillies,2026-04-23T17:00:00+00:00,1,-1.24,143,267,3,3,0.5526227562965735,0.5376360987172516,0.4872448979591837,0.20014639818367502,0.2137803772094031,0.2629177946688879,0.013633979025728077
824770,2026-04-23,2026,Boston Red Sox,New York Yankees,2026-04-23T17:00:00+00:00,0,1.55,223,68,3,2,0.5122876880775882,0.5297487980839058,0.43609022556390975,0.2624386753558803,0.28063378907134284,0.19017468483238167,0.018195113715462563
825096,2026-04-23,2026,Arizona Diamondbacks,Chicago White Sox,2026-04-23T17:00:00+00:00,0,-0.38,143,181,2,2,0.5527567631880613,0.5479624687044818,0.5866336633663367,0.3055400392501425,0.30026286710871025,0.34413905499460845,-0.0052771721414322514
822827,2026-04-24,2026,Toronto Blue Jays,Cleveland Guardians,2026-04-24T17:00:00+00:00,0,0.1,127,117,2,2,0.5743935035211566,0.5756293779437542,0.4607594936708861,0.32992789688730895,0.33134918075191344,0.21229931100785132,0.0014212838646044945
822992,2026-04-24,2026,Tampa Bay Rays,Minnesota Twins,2026-04-24T17:00:00+00:00,1,-0.42,137,179,2,3,0.5538715545353058,0.5556917599846202,0.5468354430379747,0.19903058985274463,0.19740981214556436,0.20535811568658865,-0.0016207777071802765
823069,2026-04-24,2026,St. Louis Cardinals,Seattle Mariners,2026-04-24T17:00:00+00:00,0,-0.18,125,143,2,2,0.4805093502473849,0.47681336810634756,0.42999999999999994,0.230889235675164,0.2273509880049193,0.18489999999999995,-0.003538247670244715
823232,2026-04-24,2026,San Francisco Giants,Miami Marlins,2026-04-24T17:00:00+00:00,0,0.09,124,115,3,2,0.5887637021857407,0.5831887700155894,0.5025510204081632,0.34664269701145956,0.3401091414722961,0.2525575281132861,-0.00653355553916346
823638,2026-04-24,2026,New York Mets,Colorado Rockies,2026-04-24T17:00:00+00:00,0,-1.32,231,363,3,3,0.6481011350894251,0.6349035376850342,0.6621004566210046,0.4200350813042013,0.40310250216497157,0.43837701465774276,-0.016932579139229742
823800,2026-04-24,2026,Milwaukee Brewers,Pittsburgh Pirates,2026-04-24T17:00:00+00:00,0,1.12,275,163,3,3,0.603191016120847,0.6164678836604276,0.46954314720812185,0.3638394019288999,0.3800326515847665,0.220470767090108,0.016193249655866604
823962,2026-04-24,2026,Los Angeles Dodgers,Chicago Cubs,2026-04-24T17:00:00+00:00,0,-1.2,58,178,3,3,0.5917951068799523,0.5782544917165521,0.597051597051597,0.35022144852705417,0.334378257190368,0.3564706095418626,-0.015843191336686158
824124,2026-04-24,2026,Kansas City Royals,Los Angeles Angels,2026-04-24T17:00:00+00:00,1,0.13,123,110,2,2,0.5789197956743922,0.5805786545842873,0.5127551020408163,0.17730853847489558,0.1759142649903266,0.23740759058725533,-0.0013942734845689697
824204,2026-04-24,2026,Houston Astros,New York Yankees,2026-04-24T17:00:00+00:00,0,0.56,135,79,2,3,0.4568674706691126,0.4686665770632618,0.42750000000000005,0.20872788575559245,0.21964836045619432,0.18275625000000004,0.010920474700601868
824529,2026-04-24,2026,Cincinnati Reds,Detroit Tigers,2026-04-24T17:00:00+00:00,1,-0.65,131,196,2,3,0.5057912895139907,0.5040576696962585,0.46700507614213205,0.2442422495202442,0.2459587949871054,0.28408358885825447,0.0017165454668612024
824611,2026-04-24,2026,Chicago White Sox,Washington Nationals,2026-04-24T17:00:00+00:00,1,0.53,219,166,3,3,0.5918170700901338,0.5982798643515813,0.5417721518987342,0.1666133042698027,0.1613790673853839,0.20997276077551674,-0.005234236884418791
824854,2026-04-24,2026,Baltimore Orioles,Boston Red Sox,2026-04-24T17:00:00+00:00,1,-0.73,95,168,2,3,0.4807229921340116,0.4776082864825791,0.5228426395939086,0.26964861089825376,0.27289310235166725,0.22767914658970856,0.0032444914534134894
824932,2026-04-24,2026,Atlanta Braves,Philadelphia Phillies,2026-04-24T17:00:00+00:00,1,0.0,258,258,3,3,0.5691253509534474,0.5691039382694583,0.57,0.18565296319098987,0.18567141601489084,0.18490000000000004,1.8452823900977355e-05
822826,2026-04-25,2026,Toronto Blue Jays,Cleveland Guardians,2026-04-25T17:00:00+00:00,1,0.77,154,77,2,2,0.5747701661726184,0.5838050409973059,0.5760598503740648,0.18082041157686252,0.17321824389925422,0.17972525046486032,-0.007602167677608296
822989,2026-04-25,2026,Tampa Bay Rays,Minnesota Twins,2026-04-25T17:00:00+00:00,1,-0.7,68,138,2,3,0.5820321779295335,0.5740810791441243,0.5468354430379747,0.1746971002863291,0.1814069271430337,0.20535811568658865,0.006709826856704598
823070,2026-04-25,2026,St. Louis Cardinals,Seattle Mariners,2026-04-25T17:00:00+00:00,0,-0.07,97,104,2,2,0.4795403733548187,0.4771384360093883,0.42999999999999994,0.2299589696772789,0.22766108711748514,0.18489999999999995,-0.002297882559793768
823229,2026-04-25,2026,San Francisco Giants,Miami Marlins,2026-04-25T17:00:00+00:00,1,0.49,150,101,3,2,0.5587702187281721,0.5643303891684809,0.5102040816326531,0.19468371988118507,0.1898080098020873,0.23990004164931278,-0.0048757100790977614
823799,2026-04-25,2026,Milwaukee Brewers,Pittsburgh Pirates,2026-04-25T17:00:00+00:00,0,1.28,246,118,3,3,0.6016414682039163,0.6167180539302033,0.5639097744360902,0.361972456262564,0.38034115804345714,0.3179942337045622,0.018368701780893115
823960,2026-04-25,2026,Los Angeles Dodgers,Chicago Cubs,2026-04-25T17:00:00+00:00,1,-1.0,97,197,3,3,0.5883605456670009,0.5770603889521124,0.5491183879093199,0.16944704036356925,0.17887791459333843,0.20329422812149053,0.009430874229769182
824121,2026-04-25,2026,Kansas City Royals,Los Angeles Angels,2026-04-25T17:00:00+00:00,1,-0.24,109,133,2,2,0.5814772285467104,0.5788767960251101,0.582089552238806,0.17516131022494252,0.1773447529260767,0.17464914234796167,0.002183442701134186
824203,2026-04-25,2026,Houston Astros,New York Yankees,2026-04-25T17:00:00+00:00,0,0.43,137,94,2,3,0.48013704482056285,0.4837042827927316,0.4228855721393035,0.2305315818090232,0.23396983319203085,0.17883220712358608,0.0034382513830076566
824527,2026-04-25,2026,Cincinnati Reds,Detroit Tigers,2026-04-25T17:00:00+00:00,1,-0.52,148,200,2,3,0.5357865934178747,0.5290064553572976,0.49744897959183665,0.21549408685058155,0.22183491909509728,0.25255752811328624,0.006340832244515732
824613,2026-04-25,2026,Chicago White Sox,Washington Nationals,2026-04-25T17:00:00+00:00,0,0.65,277,212,3,3,0.5926061542769263,0.6004537374907473,0.5725,0.3511820540868882,0.36054469086660723,0.32775625,0.009362636779719047
824933,2026-04-25,2026,Atlanta Braves,Philadelphia Phillies,2026-04-25T17:00:00+00:00,0,-0.22,176,198,3,3,0.5679340718983241,0.5653127791861253,0.5329949238578681,0.3225491100230108,0.3195785383111409,0.2840835888582546,-0.002970571711869874
825093,2026-04-25,2026,Arizona Diamondbacks,San Diego Padres,2026-04-25T17:00:00+00:00,0,-0.31,117,148,2,2,0.4909922741074253,0.48592107603306695,0.5190839694656489,0.24107341323318104,0.23611929213313362,0.26944816735621474,-0.004954121100047421
822824,2026-04-26,2026,Toronto Blue Jays,Cleveland Guardians,2026-04-26T17:00:00+00:00,1,0.38,139,101,2,2,0.5777696179072532,0.5823159340563748,0.5443037974683544,0.17827849556218694,0.17445997894319862,0.20765902900176253,-0.003818516618988327
822991,2026-04-26,2026,Tampa Bay Rays,Minnesota Twins,2026-04-26T17:00:00+00:00,1,0.1,115,105,2,3,0.581331400839379,0.5826807592802586,0.5725,0.17528339592311679,0.17415534867490143,0.18275624999999998,-0.001128047248215358
823068,2026-04-26,2026,St. Louis Cardinals,Seattle Mariners,2026-04-26T17:00:00+00:00,0,0.33,167,134,2,2,0.48214389620685394,0.4845540943599096,0.4582278481012658,0.23246273664952555,0.23479267036095217,0.20997276077551674,0.0023299337114266183
823230,2026-04-26,2026,San Francisco Giants,Miami Marlins,2026-04-26T17:00:00+00:00,1,0.9,188,98,3,2,0.5610113065101446,0.5714041583459495,0.5392405063291139,0.1927110730119302,0.18369439548314395,0.21229931100785132,-0.009016677528786238
823635,2026-04-26,2026,New York Mets,Colorado Rockies,2026-04-26T17:00:00+00:00,0,0.16,197,181,2,2,0.6444926258767353,0.647465416036689,0.6857142857142857,0.4153707448094895,0.4192114649635627,0.4702040816326531,0.0038407201540732183
823637,2026-04-26,2026,New York Mets,Colorado Rockies,2026-04-26T17:00:00+00:00,0,0.16,197,181,2,2,0.6444926258767353,0.647465416036689,0.6267942583732058,0.4153707448094895,0.4192114649635627,0.39287104232961706,0.0038407201540732183
823797,2026-04-26,2026,Milwaukee Brewers,Pittsburgh Pirates,2026-04-26T17:00:00+00:00,1,0.28,180,152,3,3,0.5986868849515733,0.6023752744178145,0.5253807106598984,0.16105221630987177,0.15810542239430836,0.22526346981370304,-0.002946793915563406
823959,2026-04-26,2026,Los Angeles Dodgers,Chicago Cubs,2026-04-26T17:00:00+00:00,1,-0.98,131,229,3,3,0.596099275370865,0.5852273255802677,0.5267175572519084,0.1631357953559403,0.17203637144529726,0.2239962706136006,0.00890057608935696
824122,2026-04-26,2026,Kansas City Royals,Los Angeles Angels,2026-04-26T17:00:00+00:00,1,-0.9,90,180,2,2,0.5911915140940228,0.5811252705231316,0.5114503816793893,0.16712437814873754,0.17545603899431972,0.23868072956121442,0.008331660845582178
824202,2026-04-26,2026,Houston Astros,New York Yankees,2026-04-26T17:00:00+00:00,1,0.64,177,113,2,3,0.48159320803809413,0.4876909875498692,0.4582278481012658,0.26874560195223474,0.2624605242376283,0.2935170645729851,-0.006285077714606457
824528,2026-04-26,2026,Cincinnati Reds,Detroit Tigers,2026-04-26T17:00:00+00:00,0,-1.01,147,248,2,3,0.5428410061612665,0.5303734200970746,0.5,0.2946763579701762,0.2812959647454679,0.25,-0.013380393224708298
824612,2026-04-26,2026,Chicago White Sox,Washington Nationals,2026-04-26T17:00:00+00:00,0,-0.03,245,248,3,3,0.5877548656002392,0.5877051634850656,0.5292620865139949,0.3454557820367552,0.3453973591870077,0.2801183562211474,-5.842284974749701e-05
824852,2026-04-26,2026,Baltimore Orioles,Boston Red Sox,2026-04-26T17:00:00+00:00,0,-0.07,185,192,2,3,0.4994391324432576,0.4973752358505522,0.5577889447236182,0.2494394470156738,0.24738212523739245,0.31112850685588755,-0.002057321778281357
824934,2026-04-26,2026,Atlanta Braves,Philadelphia Phillies,2026-04-26T17:00:00+00:00,1,-0.14,155,169,3,3,0.5616778831305383,0.5598815689560567,0.6527777777777778,0.192126278136926,0.19370423334458228,0.12056327160493827,0.001577955207656273
825094,2026-04-26,2026,Arizona Diamondbacks,San Diego Padres,2026-04-26T17:00:00+00:00,1,0.59,167,108,2,2,0.490604708093798,0.49626563482511865,0.4483627204030227,0.25948356341620465,0.25374831065814074,0.30430368824115367,-0.0057352527580639134
822825,2026-04-27,2026,Toronto Blue Jays,Boston Red Sox,2026-04-27T17:00:00+00:00,0,0.56,213,157,3,3,0.5649068177585179,0.5713728930252798,0.5541561712846348,0.31911971275005535,0.3264669828840779,0.3070890621728455,0.007347270134022532
822906,2026-04-27,2026,Texas Rangers,New York Yankees,2026-04-27T17:00:00+00:00,0,-0.17,139,156,3,3,0.5557575297594256,0.5535001817412434,0.40196078431372556,0.30886643188429885,0.3063624511875894,0.1615724721261054,-0.002503980696709429
823311,2026-04-27,2026,San Diego Padres,Chicago Cubs,2026-04-27T17:00:00+00:00,1,-0.5,127,177,2,3,0.5567395569801725,0.5506046957114991,0.5190839694656489,0.19647982034613373,0.20195613951655436,0.23128022842491688,0.005476319170420629
823395,2026-04-27,2026,Pittsburgh Pirates,St. Louis Cardinals,2026-04-27T17:00:00+00:00,0,-0.69,157,226,3,3,0.6026545967928022,0.5952918538208684,0.5516372795969774,0.363192563035495,0.3543723912254861,0.30430368824115384,-0.008820171810008937
823719,2026-04-27,2026,Minnesota Twins,Seattle Mariners,2026-04-27T17:00:00+00:00,1,-0.67,105,172,3,3,0.4703212889837535,0.4606407721617091,0.4593908629441624,0.2805595369038323,0.2909083766543173,0.2922582390682574,0.010348839750485006
823961,2026-04-27,2026,Los Angeles Dodgers,Miami Marlins,2026-04-27T17:00:00+00:00,1,0.14,162,148,3,3,0.6357321120350985,0.6383656948618428,0.7244897959183673,0.13269109420241004,0.1307793706527578,0.07590587255310292,-0.0019117235496522444
824446,2026-04-27,2026,Cleveland Guardians,Tampa Bay Rays,2026-04-27T17:00:00+00:00,0,-1.01,128,229,3,3,0.5659697631786218,0.5540123441736395,0.5516372795969774,0.32032177283246527,0.30692967749677125,0.30430368824115384,-0.013392095335694021
824609,2026-04-27,2026,Chicago White Sox,Los Angeles Angels,2026-04-27T17:00:00+00:00,1,0.31,311,280,3,3,0.5791167699616608,0.5828697729845647,0.4885496183206107,0.1771426933275055,0.1739976262899486,0.261581492919993,-0.0031450670375569034
822823,2026-04-28,2026,Toronto Blue Jays,Boston Red Sox,2026-04-28T17:00:00+00:00,1,0.87,175,88,3,3,0.5572651835590945,0.5672626404708918,0.5051020408163266,0.1960141176889623,0.18726162233222465,0.24492399000416487,-0.008752495356737638
822908,2026-04-28,2026,Texas Rangers,New York Yankees,2026-04-28T17:00:00+00:00,0,-0.07,150,157,3,3,0.5505732089962985,0.5494037993921312,0.4783715012722647,0.30313085846448173,0.3018445347865092,0.22883929322948032,-0.001286323677972545
823310,2026-04-28,2026,San Diego Padres,Chicago Cubs,2026-04-28T17:00:00+00:00,0,-0.22,192,214,3,3,0.5593325074554193,0.5565512691577309,0.48600508905852424,0.3128528538963667,0.309749315201081,0.23620094659078408,-0.003103538695285679
823390,2026-04-28,2026,Pittsburgh Pirates,St. Louis Cardinals,2026-04-28T17:00:00+00:00,0,0.4,256,216,3,3,0.6027713776941707,0.6078833276927055,0.5831265508684863,0.3633333337673285,0.36952214008675716,0.34003657432777734,0.006188806319428641
823473,2026-04-28,2026,Philadelphia Phillies,San Francisco Giants,2026-04-28T17:00:00+00:00,1,0.39,118,79,2,2,0.5534178478474474,0.5577228866900797,0.6004901960784313,0.19943561862120562,0.19560904495775605,0.15960808342945024,-0.003826573663449573
823636,2026-04-28,2026,New York Mets,Washington Nationals,2026-04-28T17:00:00+00:00,1,0.22,134,112,2,2,0.6111187442557736,0.6142998048633327,0.6285714285714284,0.1512286310692064,0.14876464052846325,0.1379591836734695,-0.002463990540743144
823716,2026-04-28,2026,Minnesota Twins,Seattle Mariners,2026-04-28T17:00:00+00:00,0,-0.7,142,212,3,3,0.476924495172207,0.46698484587010697,0.46954314720812185,0.22745697409526447,0.21807484627232757,0.220470767090108,-0.009382127822936903
823798,2026-04-28,2026,Milwaukee Brewers,Arizona Diamondbacks,2026-04-28T17:00:00+00:00,1,-0.49,116,165,2,2,0.6270803580953526,0.6225493411257587,0.5139949109414759,0.13906905931829047,0.1424689998845989,0.23620094659078397,0.0033999405663084348
823956,2026-04-28,2026,Los Angeles Dodgers,Miami Marlins,2026-04-28T17:00:00+00:00,0,-0.39,160,199,3,3,0.6382683686291923,0.6350933225387182,0.7201646090534979,0.40738651039257057,0.40334352833326836,0.5186370641331775,-0.0040429820593022026
824447,2026-04-28,2026,Cleveland Guardians,Tampa Bay Rays,2026-04-28T17:00:00+00:00,0,-0.65,150,215,3,3,0.5718816458050283,0.5642932065416422,0.5380710659898477,0.32704861680866787,0.31842682294904845,0.289520472055451,-0.00862179385961942
824526,2026-04-28,2026,Cincinnati Reds,Colorado Rockies,2026-04-28T17:00:00+00:00,1,0.28,124,96,2,2,0.639173748278715,0.6433904659555306,0.6448598130841121,0.13019558393123215,0.12717035977141355,0.1261245523626518,-0.003025224159818596
824610,2026-04-28,2026,Chicago White Sox,Los Angeles Angels,2026-04-28T17:00:00+00:00,1,0.15,274,259,3,3,0.5859554388698375,0.58795828246052,0.4593908629441624,0.1714328986014689,0.16977837699288464,0.2922582390682574,-0.0016545216085842585
824849,2026-04-28,2026,Baltimore Orioles,Houston Astros,2026-04-28T17:00:00+00:00,1,0.76,208,132,2,2,0.527941630319058,0.5362410920060818,0.5603015075376885,0.22283910438582885,0.21507232474371146,0.19333476427362942,-0.0077667796421173885
824931,2026-04-28,2026,Atlanta Braves,Detroit Tigers,2026-04-28T17:00:00+00:00,1,-0.48,120,168,2,2,0.5917768758663121,0.5865961143523392,0.5292620865139949,0.16664611907746835,0.17090277266858425,0.22159418319315766,0.004256653591115905
822821,2026-04-29,2026,Toronto Blue Jays,Boston Red Sox,2026-04-29T17:00:00+00:00,1,0.89,175,86,3,3,0.5624523449435109,0.5727448670816203,0.5367088607594936,0.19144795044543234,0.1825469486051023,0.21463867969876624,-0.008901001840330047
822907,2026-04-29,2026,Texas Rangers,New York Yankees,2026-04-29T17:00:00+00:00,1,-0.2,150,170,3,3,0.5510421135212543,0.5483442632012616,0.48346055979643765,0.2015631838314623,0.20399290458321123,0.26681299328580954,0.002429720751748937
823312,2026-04-29,2026,San Diego Padres,Chicago Cubs,2026-04-29T17:00:00+00:00,0,0.68,225,157,3,3,0.5534645119956568,0.5611827657170062,0.49109414758269715,0.30632296603859055,0.31492609653778825,0.24117346178997592,0.008603130499197698
823392,2026-04-29,2026,Pittsburgh Pirates,St. Louis Cardinals,2026-04-29T17:00:00+00:00,0,1.13,270,157,3,3,0.5959437135958743,0.6092960344325342,0.5417721518987342,0.3551489097744414,0.37124165757521194,0.2935170645729851,0.016092747800770524
823633,2026-04-29,2026,New York Mets,Washington Nationals,2026-04-29T17:00:00+00:00,0,0.73,173,100,3,2,0.6223569126727735,0.6313790546148842,0.5945945945945945,0.38732812675158623,0.3986395106063849,0.3535427319211102,0.011311383854798684
823717,2026-04-29,2026,Minnesota Twins,Seattle Mariners,2026-04-29T17:00:00+00:00,0,-0.24,151,175,3,3,0.46883659812966794,0.46423706540595006,0.44584382871536526,0.21980775574579975,0.21551605289672834,0.19877671960357596,-0.004291702849071405
823796,2026-04-29,2026,Milwaukee Brewers,Arizona Diamondbacks,2026-04-29T17:00:00+00:00,0,-0.05,112,117,2,2,0.635026857017917,0.635551931844479,0.5417721518987342,0.40325910913405394,0.40392625807124927,0.2935170645729851,0.0006671489371953276
823958,2026-04-29,2026,Los Angeles Dodgers,Miami Marlins,2026-04-29T17:00:00+00:00,0,-0.25,157,182,3,3,0.6364536969237641,0.6347915192422944,0.6748878923766817,0.40507330832792654,0.4029602729019402,0.45547366727663946,-0.0021130354259863426
824445,2026-04-29,2026,Cleveland Guardians,Tampa Bay Rays,2026-04-29T17:00:00+00:00,1,-0.39,144,183,3,3,0.5696376804638849,0.5650544412798324,0.5102040816326531,0.18521172607650527,0.18917763905039878,0.23990004164931278,0.0039659129738935095
824525,2026-04-29,2026,Cincinnati Reds,Colorado Rockies,2026-04-29T17:00:00+00:00,0,-0.19,127,146,2,3,0.6463925267478611,0.6455764326351102,0.5796019900497512,0.4178232986354843,0.416768930373875,0.3359384668696319,-0.001054368261609262
824608,2026-04-29,2026,Chicago White Sox,Los Angeles Angels,2026-04-29T17:00:00+00:00,1,0.44,247,203,3,3,0.5849987208487307,0.590339127207843,0.4885496183206107,0.17222606169718974,0.16782203069683185,0.261581492919993,-0.004404031000357883
824930,2026-04-29,2026,Atlanta Braves,Detroit Tigers,2026-04-29T17:00:00+00:00,1,-0.32,106,138,2,2,0.5935041515974545,0.5902087660668556,0.42039800995024873,0.16523887476850524,0.1679288554084491,0.335938466869632,0.0026899806399438564
823471,2026-04-30,2026,Philadelphia Phillies,San Francisco Giants,2026-04-30T17:00:00+00:00,1,-0.3,37,67,1,1,0.5596833574232883,0.5559658931427864,0.39702233250620345,0.19387874573002764,0.19716628805248335,0.3635820674962595,0.0032875423224557054
823634,2026-04-30,2026,New York Mets,Washington Nationals,2026-04-30T17:00:00+00:00,0,0.63,162,99,2,2,0.6124568062817645,0.620278122535019,0.635933806146572,0.3751033395608588,0.3847449492955681,0.40441180580006586,0.009641609734709289
823714,2026-04-30,2026,Minnesota Twins,Toronto Blue Jays,2026-04-30T17:00:00+00:00,1,0.07,168,161,3,3,0.42956090279600556,0.427990273367834,0.457070707070707,0.32540076361890824,0.3271951273618053,0.29477221712070206,0.0017943637428970427
823795,2026-04-30,2026,Milwaukee Brewers,Arizona Diamondbacks,2026-04-30T17:00:00+00:00,1,0.05,136,131,2,2,0.6354391597941088,0.6370756982180497,0.5392405063291139,0.13290460621162534,0.13171404882391616,0.21229931100785132,-0.001190557387709179
822744,2026-05-01,2026,Washington Nationals,Milwaukee Brewers,2026-05-01T17:00:00+00:00,0,-0.79,167,246,3,3,0.378041222433026,0.36608963662819205,0.4133663366336633,0.14291516585865666,0.1340216220465617,0.17087172826193503,-0.00889354381209495
822990,2026-05-01,2026,Tampa Bay Rays,San Francisco Giants,2026-05-01T17:00:00+00:00,1,-1.12,75,187,2,3,0.4927964015339398,0.4852328166330768,0.571072319201995,0.25725549029692046,0.2649852530715155,0.18397895535475528,0.007729762774595028
823066,2026-05-01,2026,St. Louis Cardinals,Los Angeles Dodgers,2026-05-01T17:00:00+00:00,1,1.32,228,96,3,2,0.4484974595573984,0.45494071804014485,0.3883495145631068,0.30415505211464344,0.29708962085059293,0.37411631633518705,-0.007065431264050515
823146,2026-05-01,2026,Seattle Mariners,Kansas City Royals,2026-05-01T17:00:00+00:00,0,-0.5,126,176,2,3,0.5355117841779935,0.536077849864941,0.568922305764411,0.2867728709934979,0.28737946111581825,0.323672589996294,0.0006065901223203385
823309,2026-05-01,2026,San Diego Padres,Chicago White Sox,2026-05-01T17:00:00+00:00,0,0.8,172,92,2,2,0.5965798782168459,0.6061808035929177,0.5796019900497512,0.35590755109322664,0.36745516664455546,0.3359384668696319,0.011547615551328827
823389,2026-05-01,2026,Pittsburgh Pirates,Cincinnati Reds,2026-05-01T17:00:00+00:00,1,0.5,228,178,3,3,0.5613640608091276,0.5670785632548826,0.547979797979798,0.19240148714985872,0.1874209703934567,0.20432226303438422,-0.004980516756402015
823557,2026-05-01,2026,New York Yankees,Baltimore Orioles,2026-05-01T17:00:00+00:00,1,-0.41,119,160,2,3,0.5854138260391897,0.5878535887384693,0.6267942583732058,0.1718816956394633,0.16986466431575883,0.13928252558320547,-0.0020170313237044546
823713,2026-05-01,2026,Minnesota Twins,Toronto Blue Jays,2026-05-01T17:00:00+00:00,0,-0.03,159,162,3,3,0.4379544873405847,0.4353472359269165,0.5025510204081632,0.19180413298175433,0.18952721582920629,0.2525575281132861,-0.002276917152548047
823877,2026-05-01,2026,Miami Marlins,Philadelphia Phillies,2026-05-01T17:00:00+00:00,0,-1.66,79,245,2,3,0.470833790840323,0.45651940616088726,0.47959183673469385,0.22168445859706903,0.20840996820148916,0.23000832986255726,-0.013274490395579874
824041,2026-05-01,2026,Los Angeles Angels,New York Mets,2026-05-01T17:00:00+00:00,0,-0.09,192,201,2,3,0.45440567804407295,0.45843902984897156,0.46700507614213205,0.20648452023869368,0.21016634408886622,0.21809374114251856,0.003681823850172544
824287,2026-05-01,2026,Detroit Tigers,Texas Rangers,2026-05-01T17:00:00+00:00,0,0.98,171,73,3,2,0.4986103446454173,0.5019213233244005,0.5139949109414759,0.24861227578742184,0.2519250148077174,0.2641907684737357,0.003312739020295552
824366,2026-05-01,2026,Colorado Rockies,Atlanta Braves,2026-05-01T17:00:00+00:00,0,-0.36,153,189,3,3,0.3907033063927808,0.38365463068631694,0.37740384615384615,0.15264907362625113,0.14719087564705424,0.14243366309171596,-0.005458197979196888
824686,2026-05-01,2026,Chicago Cubs,Arizona Diamondbacks,2026-05-01T17:00:00+00:00,1,-1.44,77,221,2,3,0.5555192133437148,0.545320451708637,0.5925925925925927,0.19756316970659013,0.20673349163443794,0.16598079561042517,0.009170321927847808
824772,2026-05-01,2026,Boston Red Sox,Houston Astros,2026-05-01T17:00:00+00:00,1,-0.94,113,207,2,3,0.5397538762974382,0.5351702375269406,0.5292620865139949,0.2118264943832338,0.21606670808076084,0.22159418319315766,0.004240213697527029
822746,2026-05-02,2026,Washington Nationals,Milwaukee Brewers,2026-05-02T17:00:00+00:00,0,-0.69,192,261,3,3,0.3754071313155843,0.3645508078698858,0.4531645569620253,0.14093051424259634,0.1328972915185864,0.20535811568658865,-0.008033222724009942
822988,2026-05-02,2026,Tampa Bay Rays,San Francisco Giants,2026-05-02T17:00:00+00:00,1,-0.58,83,141,2,3,0.5232689500500386,0.5155396430324567,0.4885496183206107,0.2272724939863926,0.23470183747311948,0.261581492919993,0.007429343486726886
823067,2026-05-02,2026,St. Louis Cardinals,Los Angeles Dodgers,2026-05-02T17:00:00+00:00,1,1.39,232,93,3,2,0.42890572488823475,0.442813164414664,0.44332493702770776,0.3261486710654326,0.31045716974960025,0.3098871257352056,-0.015691501315832357
823144,2026-05-02,2026,Seattle Mariners,Kansas City Royals,2026-05-02T17:00:00+00:00,0,-0.25,121,146,2,3,0.5643793640863408,0.5613391838778559,0.5639097744360902,0.31852406660650245,0.3151016793566573,0.3179942337045622,-0.0034223872498451713
823308,2026-05-02,2026,San Diego Padres,Chicago White Sox,2026-05-02T17:00:00+00:00,0,0.66,157,91,2,2,0.59120335851173,0.5991503574642641,0.6235011990407675,0.34952141111554913,0.3589811508495555,0.3887537452052748,0.009459739734006378
823388,2026-05-02,2026,Pittsburgh Pirates,Cincinnati Reds,2026-05-02T17:00:00+00:00,1,-0.79,172,251,3,3,0.5689260543347937,0.559627675211245,0.5468354430379747,0.18582474663136922,0.1939277844398527,0.20535811568658865,0.008103037808483482
823554,2026-05-02,2026,New York Yankees,Baltimore Orioles,2026-05-02T17:00:00+00:00,1,-0.95,97,192,2,3,0.6182347351420988,0.6082883982033354,0.608272506082725,0.14574471745202344,0.15343797898210876,0.15345042949070872,0.007693261530085316
823715,2026-05-02,2026,Minnesota Twins,Toronto Blue Jays,2026-05-02T17:00:00+00:00,0,-0.13,158,171,3,3,0.43426623108051304,0.43042987426835133,0.43609022556390975,0.18858715945687354,0.18526987666266873,0.19017468483238167,-0.0033172827942048178
823876,2026-05-02,2026,Miami Marlins,Philadelphia Phillies,2026-05-02T17:00:00+00:00,1,-1.67,121,288,2,3,0.49832468113868006,0.4771595695402485,0.5591939546599496,0.251678125554607,0.27336211572333824,0.19430996960833458,0.021683990168731238
824042,2026-05-02,2026,Los Angeles Angels,New York Mets,2026-05-02T17:00:00+00:00,1,-0.14,198,212,2,3,0.48183812621124783,0.47864073686840614,0.46700507614213205,0.26849172744827066,0.27181548125311855,0.28408358885825447,0.0033237538048478954
824284,2026-05-02,2026,Detroit Tigers,Texas Rangers,2026-05-02T17:00:00+00:00,1,0.51,163,112,3,2,0.4686396259038045,0.4729533193190063,0.5443037974683544,0.28234384715964883,0.27777820361685335,0.20765902900176253,-0.004565643542795483
824365,2026-05-02,2026,Colorado Rockies,Atlanta Braves,2026-05-02T17:00:00+00:00,0,-0.23,167,190,3,3,0.3916218333525589,0.38605282241955247,0.3394495412844037,0.15336766035841942,0.1490367816981025,0.11522599107819208,-0.0043308786603169225
824685,2026-05-02,2026,Chicago Cubs,Arizona Diamondbacks,2026-05-02T17:00:00+00:00,1,-1.05,105,210,2,3,0.5836516418108448,0.5716499899025056,0.5955882352941176,0.17334595536680505,0.18348373115052355,0.16354887543252597,0.010137775783718495
824771,2026-05-02,2026,Boston Red Sox,Houston Astros,2026-05-02T17:00:00+00:00,0,-0.3,126,156,2,3,0.5665168527399079,0.5629295957417177,0.5468354430379747,0.3209413444383305,0.31688972976193375,0.2990290017625381,-0.004051614676396753
822742,2026-05-03,2026,Washington Nationals,Milwaukee Brewers,2026-05-03T17:00:00+00:00,1,-0.06,216,222,3,3,0.37326139336158964,0.36937330178051564,0.4088669950738916,0.39280128105105616,0.3976900325072086,0.3494382295129704,0.004888751456152418
822987,2026-05-03,2026,Tampa Bay Rays,San Francisco Giants,2026-05-03T17:00:00+00:00,1,-0.69,122,191,2,4,0.5268703508986995,0.5178966273617348,0.530456852791878,0.22385166485871974,0.23242366190918998,0.2204707670901081,0.008571997050470237
823065,2026-05-03,2026,St. Louis Cardinals,Los Angeles Dodgers,2026-05-03T17:00:00+00:00,0,1.3,218,88,3,2,0.42971402145170157,0.4425809693523875,0.4483627204030227,0.18465414023219343,0.19587791443289895,0.20102912904719913,0.011223774200705527
823145,2026-05-03,2026,Seattle Mariners,Kansas City Royals,2026-05-03T17:00:00+00:00,0,-0.53,86,139,2,3,0.5578960927242914,0.5514300258389635,0.5241730279898218,0.3112480502770312,0.30407507339675993,0.2747573632720185,-0.007172976880271242
823307,2026-05-03,2026,San Diego Padres,Chicago White Sox,2026-05-03T17:00:00+00:00,1,0.17,111,94,2,2,0.5905232606973037,0.5928282229229628,0.6276849642004773,0.16767120002996835,0.1657888560480725,0.1386184858823999,-0.001882343981895851
823387,2026-05-03,2026,Pittsburgh Pirates,Cincinnati Reds,2026-05-03T17:00:00+00:00,1,-1.83,134,317,3,3,0.5783888169070299,0.557088514517234,0.5204081632653061,0.17775598970905393,0.19617058397255047,0.23000832986255726,0.018414594263496536
823555,2026-05-03,2026,New York Yankees,Baltimore Orioles,2026-05-03T17:00:00+00:00,1,-1.73,101,274,2,4,0.6241285029734759,0.6054819569083507,0.71900826446281,0.14127938227696032,0.15564448632486444,0.07895635544020214,0.014365104047904115
823875,2026-05-03,2026,Miami Marlins,Philadelphia Phillies,2026-05-03T17:00:00+00:00,0,-2.26,106,332,2,4,0.5024389377533549,0.47430901449258045,0.43969849246231163,0.25244488617071964,0.2249690412289229,0.19333476427362953,-0.02747584494179675
824043,2026-05-03,2026,Los Angeles Angels,New York Mets,2026-05-03T17:00:00+00:00,0,-0.67,108,175,2,3,0.4826038445372822,0.4731073995976265,0.4545454545454545,0.23290647076216528,0.22383061155402822,0.2066115702479338,-0.009075859208137055
824285,2026-05-03,2026,Detroit Tigers,Texas Rangers,2026-05-03T17:00:00+00:00,1,-0.41,151,192,3,2,0.4736850761281552,0.46714243678749556,0.5443037974683544,0.27700739909022576,0.2839371826727682,0.20765902900176253,0.006929783582542426
824364,2026-05-03,2026,Colorado Rockies,Atlanta Braves,2026-05-03T17:00:00+00:00,0,0.72,243,171,3,3,0.3876733308852691,0.3928219504492311,0.4228855721393035,0.15029061147967934,0.1543090847547382,0.17883220712358608,0.004018473275058859
824687,2026-05-03,2026,Chicago Cubs,Arizona Diamondbacks,2026-05-03T17:00:00+00:00,1,-0.99,96,195,2,3,0.584167869011072,0.572880240113429,0.5911330049261084,0.172916361162793,0.1824312892855621,0.16717221966075368,0.009514928122769106
824769,2026-05-03,2026,Boston Red Sox,Houston Astros,2026-05-03T17:00:00+00:00,0,-0.92,124,216,2,4,0.5648336392842258,0.5539119970424579,0.6235011990407675,0.3190370400670629,0.30681850046756387,0.3887537452052748,-0.012218539599499034
822984,2026-05-04,2026,Tampa Bay Rays,Toronto Blue Jays,2026-05-04T17:00:00+00:00,1,0.21,167,146,3,3,0.4717463871740734,0.4725451672782972,0.5355329949238579,0.2790518794636439,0.2782086005614795,0.21572959880440104,-0.0008432789021644016
823064,2026-05-04,2026,St. Louis Cardinals,Milwaukee Brewers,2026-05-04T17:00:00+00:00,1,0.22,162,140,3,3,0.41693845506421845,0.4169042815803671,0.49109414758269715,0.3399607651829004,0.3400006168393078,0.2589851666245817,3.9851656407408065e-05
823143,2026-05-04,2026,Seattle Mariners,Atlanta Braves,2026-05-04T17:00:00+00:00,1,-0.16,140,156,3,3,0.4862755916507822,0.48291409320368567,0.57356608478803,0.26391276773375394,0.2673778350073666,0.18184588404300966,0.0034650672736126764
823228,2026-05-04,2026,San Francisco Giants,San Diego Padres,2026-05-04T17:00:00+00:00,1,-0.5,124,174,3,3,0.5101582186235881,0.5031475256364978,0.44332493702770776,0.2399449707820165,0.24686238128113464,0.3098871257352056,0.006917410499118148
823552,2026-05-04,2026,New York Yankees,Baltimore Orioles,2026-05-04T17:00:00+00:00,1,-0.95,152,247,3,3,0.631198814778943,0.6216071958052634,0.6535796766743649,0.13601431422045637,0.1431811142663563,0.12000704041303757,0.007166800045899924
823874,2026-05-04,2026,Miami Marlins,Philadelphia Phillies,2026-05-04T17:00:00+00:00,0,0.41,189,148,3,3,0.4988077704889481,0.5024623414316394,0.5025510204081632,0.2488091919001551,0.25246840455696534,0.2525575281132861,0.00365921265681024
824039,2026-05-04,2026,Los Angeles Angels,Chicago White Sox,2026-05-04T17:00:00+00:00,0,0.03,151,148,3,3,0.49287930662914514,0.491896369805134,0.5866336633663367,0.24293001090322688,0.24196203862746915,0.34413905499460845,-0.0009679722757577336
824120,2026-05-04,2026,Kansas City Royals,Cleveland Guardians,2026-05-04T17:00:00+00:00,1,-0.72,143,215,3,3,0.5188709292915119,0.5093908044965553,0.5216284987277354,0.23148518268081333,0.24069738271253724,0.22883929322948024,0.009212200031723905
824201,2026-05-04,2026,Houston Astros,Los Angeles Dodgers,2026-05-04T17:00:00+00:00,0,0.72,199,127,3,3,0.46309497537746436,0.46980377845717386,0.3591549295774648,0.2144569562198543,0.2207155902526373,0.1289922634397937,0.006258634032782984
824283,2026-05-04,2026,Detroit Tigers,Boston Red Sox,2026-05-04T17:00:00+00:00,0,-0.04,221,225,3,3,0.5195845006062977,0.5182273664028375,0.6431924882629109,0.26996805327029577,0.2685596032888208,0.41369657695783474,-0.0014084499814749907
824363,2026-05-04,2026,Colorado Rockies,New York Mets,2026-05-04T17:00:00+00:00,0,1.21,289,168,3,3,0.4451780054122113,0.4573377970536475,0.4335839598997493,0.19818345650279484,0.20915786061388328,0.1879950502823474,0.010974404111088437
824684,2026-05-04,2026,Chicago Cubs,Cincinnati Reds,2026-05-04T17:00:00+00:00,1,-1.37,162,299,3,3,0.5865159922413132,0.5708475623510836,0.6574712643678161,0.17096902467218575,0.1841718147400071,0.11732593473378253,0.013202790067821352
822743,2026-05-05,2026,Washington Nationals,Minnesota Twins,2026-05-05T17:00:00+00:00,0,-0.56,149,205,2,2,0.5172677985905554,0.5096676506709825,0.49109414758269715,0.26756597545871935,0.25976111414047864,0.24117346178997592,-0.007804861318240708
822986,2026-05-05,2026,Tampa Bay Rays,Toronto Blue Jays,2026-05-05T17:00:00+00:00,1,0.48,196,148,3,3,0.47820059408877275,0.4823294883970834,0.5406091370558376,0.27227462000930963,0.26798275858322534,0.21103996495658223,-0.004291861426084287
823142,2026-05-05,2026,Seattle Mariners,Atlanta Braves,2026-05-05T17:00:00+00:00,0,-0.23,131,154,3,3,0.48932435554693154,0.48517931930190855,0.5429292929292929,0.23943832493141987,0.23539897187826334,0.29477221712070195,-0.00403935305315653
823227,2026-05-05,2026,San Francisco Giants,San Diego Padres,2026-05-05T17:00:00+00:00,0,-0.04,129,133,3,3,0.5092052580548974,0.5076678983433498,0.5454545454545454,0.2592899948307546,0.25772669500835377,0.29752066115702475,-0.001563299822400832
823553,2026-05-05,2026,New York Yankees,Texas Rangers,2026-05-05T17:00:00+00:00,1,0.23,157,134,3,2,0.5746131560333672,0.5703801499379223,0.5355329949238579,0.18095396701989244,0.18457321556736211,0.21572959880440104,0.0036192485474696723
823873,2026-05-05,2026,Miami Marlins,Baltimore Orioles,2026-05-05T17:00:00+00:00,0,-0.41,165,206,3,3,0.5588046456926706,0.5537730870848886,0.565,0.31226263204771115,0.3066646319795276,0.3192249999999999,-0.005598000068183562
824040,2026-05-05,2026,Los Angeles Angels,Chicago White Sox,2026-05-05T17:00:00+00:00,1,0.33,157,124,3,3,0.48705855721859387,0.4895546983196578,0.5089058524173028,0.2631089237226705,0.26055440600753554,0.24117346178997598,-0.0025545177151349296
824119,2026-05-05,2026,Kansas City Royals,Cleveland Guardians,2026-05-05T17:00:00+00:00,1,-1.04,93,197,3,3,0.5211688044656176,0.5079128300772623,0.47715736040609136,0.2292793138168859,0.24214978280256932,0.27336442577752584,0.01287046898568342
824200,2026-05-05,2026,Houston Astros,Los Angeles Dodgers,2026-05-05T17:00:00+00:00,1,2.06,325,119,3,3,0.4588503409820453,0.48142589169499334,0.3251121076233184,0.2928429534552487,0.2689191058043327,0.45547366727663946,-0.023923847650915986
824281,2026-05-05,2026,Detroit Tigers,Boston Red Sox,2026-05-05T17:00:00+00:00,0,0.89,294,205,3,3,0.5187522304889215,0.5284574902534306,0.5796019900497512,0.2691038766372311,0.27926731900495466,0.3359384668696319,0.01016344236772354
824682,2026-05-05,2026,Chicago Cubs,Cincinnati Reds,2026-05-05T17:00:00+00:00,1,-0.88,145,233,3,3,0.5858405090801864,0.575877443927559,0.6004901960784313,0.17152808391895918,0.17987994256942083,0.15960808342945024,0.008351858650461647
825092,2026-05-05,2026,Arizona Diamondbacks,Pittsburgh Pirates,2026-05-05T17:00:00+00:00,1,0.71,116,45,2,2,0.5066600925153729,0.5140273567580498,0.5566750629722922,0.2433842643169404,0.2361694099795678,0.1965369997906211,-0.007214854337372595
822740,2026-05-06,2026,Washington Nationals,Minnesota Twins,2026-05-06T17:00:00+00:00,1,-0.04,177,181,2,2,0.5147808636456557,0.5133401858349411,0.4483627204030227,0.23543761028445578,0.23683777472316964,0.30430368824115367,0.0014001644387138523
822985,2026-05-06,2026,Tampa Bay Rays,Toronto Blue Jays,2026-05-06T17:00:00+00:00,1,-0.18,149,167,3,3,0.48248923053614406,0.4788261029431287,0.544529262086514,0.26781739651107217,0.27162223097344634,0.20745359309545547,0.0038048344623741737
823063,2026-05-06,2026,St. Louis Cardinals,Milwaukee Brewers,2026-05-06T17:00:00+00:00,0,-0.15,94,109,2,2,0.416568052736521,0.41224064320874176,0.5076530612244898,0.17352894256069692,0.16994234791315713,0.2577116305705956,-0.003586594647539798
823141,2026-05-06,2026,Seattle Mariners,Atlanta Braves,2026-05-06T17:00:00+00:00,1,-0.51,128,179,3,3,0.488035929688504,0.4805314234714426,0.547979797979798,0.2621072092899145,0.2698476020006057,0.20432226303438422,0.007740392710691213
823226,2026-05-06,2026,San Francisco Giants,San Diego Padres,2026-05-06T17:00:00+00:00,0,0.37,173,136,3,3,0.5016153003618679,0.5048406011693447,0.49744897959183665,0.25161790955712693,0.25486403258902535,0.24745548729695951,0.003246123031898418
823550,2026-05-06,2026,New York Yankees,Texas Rangers,2026-05-06T17:00:00+00:00,0,1.05,164,59,3,2,0.5516318244104067,0.5636746513261922,0.6431924882629109,0.3042976697023538,0.31772911254770436,0.41369657695783474,0.013431442845350583
823872,2026-05-06,2026,Miami Marlins,Baltimore Orioles,2026-05-06T17:00:00+00:00,0,0.06,205,199,3,3,0.5587777407007424,0.5592839378927829,0.5541561712846348,0.31223256350262607,0.3127985231848582,0.3070890621728455,0.0005659596822321089
824036,2026-05-06,2026,Los Angeles Angels,Chicago White Sox,2026-05-06T17:00:00+00:00,1,0.76,199,123,3,3,0.49251375579159334,0.5002371664119399,0.49109414758269715,0.25754228806075463,0.249762889835967,0.2589851666245817,-0.007779398224787626
824118,2026-05-06,2026,Kansas City Royals,Cleveland Guardians,2026-05-06T17:00:00+00:00,0,-0.8,82,162,3,3,0.5238358372354958,0.5134933307679523,0.5566750629722922,0.2744039843722128,0.2636754007431657,0.3098871257352055,-0.010728583629047106
824198,2026-05-06,2026,Houston Astros,Los Angeles Dodgers,2026-05-06T17:00:00+00:00,0,2.03,302,99,3,3,0.4608706664461037,0.48313407256044805,0.3348519362186788,0.21240177119047576,0.23341853206884428,0.11212581918939814,0.021016760878368512
824282,2026-05-06,2026,Detroit Tigers,Boston Red Sox,2026-05-06T17:00:00+00:00,0,0.85,333,248,3,3,0.5169762390177692,0.5261780141498873,0.5139949109414759,0.26726443170895764,0.276863302574719,0.2641907684737357,0.009598870865761333
824361,2026-05-06,2026,Colorado Rockies,New York Mets,2026-05-06T17:00:00+00:00,0,-0.17,131,148,2,2,0.44641618109985576,0.44229458490087437,0.3995098039215686,0.1992874067477792,0.19562449983263677,0.15960808342945018,-0.0036629069151424276
824683,2026-05-06,2026,Chicago Cubs,Cincinnati Reds,2026-05-06T17:00:00+00:00,1,0.44,188,144,3,3,0.583086820579534,0.5884017304781739,0.6092233009708737,0.1738165991744817,0.1694131354733618,0.15270642850410032,-0.0044034637011199085
825091,2026-05-06,2026,Arizona Diamondbacks,Pittsburgh Pirates,2026-05-06T17:00:00+00:00,0,0.04,90,86,2,2,0.5188910841926407,0.5184755356932368,0.4593908629441624,0.2692479572546142,0.26881688111238883,0.21103996495658223,-0.0004310761422253728
822741,2026-05-07,2026,Washington Nationals,Minnesota Twins,2026-05-07T17:00:00+00:00,1,0.04,129,125,2,2,0.5200003076976942,0.5196039130464812,0.5355329949238579,0.2303997046103082,0.23078040036025277,0.21572959880440104,0.0003806957499445651
823306,2026-05-07,2026,San Diego Padres,St. Louis Cardinals,2026-05-07T17:00:00+00:00,0,0.64,179,115,3,2,0.6123029419268115,0.6202352765956122,0.6039119804400979,0.3749148926922282,0.38469179833363554,0.36470968011908117,0.009776905641407319
823870,2026-05-07,2026,Miami Marlins,Baltimore Orioles,2026-05-07T17:00:00+00:00,1,0.16,186,170,3,3,0.5537382210992725,0.5553381149150597,0.5417721518987342,0.1991495753076418,0.19772419204729266,0.20997276077551674,-0.0014253832603491334
824117,2026-05-07,2026,Kansas City Royals,Cleveland Guardians,2026-05-07T17:00:00+00:00,0,0.17,174,157,3,3,0.5238067108478288,0.5250241011576627,0.565,0.27437347032922094,0.27565030679641167,0.3192249999999999,0.001276836467190734
824362,2026-05-07,2026,Colorado Rockies,New York Mets,2026-05-07T17:00:00+00:00,1,-0.94,103,197,2,2,0.4414298237132453,0.4282081907240509,0.4228855721393035,0.3120006418370163,0.32694587315506335,0.3330610628449791,0.014945231318047036
824681,2026-05-07,2026,Chicago Cubs,Cincinnati Reds,2026-05-07T17:00:00+00:00,1,0.01,190,189,3,3,0.5917588207890911,0.5922393288612284,0.6318289786223278,0.1666608604035134,0.16626876492754142,0.13554990098227837,-0.000392095475971993
824767,2026-05-07,2026,Boston Red Sox,Tampa Bay Rays,2026-05-07T17:00:00+00:00,0,0.63,214,151,3,3,0.5811800516209725,0.5886676372268254,0.5127551020408163,0.3377702524021563,0.34652958711821324,0.2629177946688879,0.008759334716056943
825090,2026-05-07,2026,Arizona Diamondbacks,Pittsburgh Pirates,2026-05-07T17:00:00+00:00,0,-0.22,62,84,2,2,0.5157395320775265,0.5121685044125186,0.5228426395939086,0.26598726494754604,0.2623165769121561,0.27336442577752584,-0.0036706880353899463
822822,2026-05-08,2026,Toronto Blue Jays,Los Angeles Angels,2026-05-08T17:00:00+00:00,1,-0.4,102,142,2,2,0.6500484765391882,0.6470125386182162,0.5901234567901236,0.12246606877254312,0.12460014789275634,0.1679987806736777,0.0021340791202132114
822904,2026-05-08,2026,Texas Rangers,Chicago Cubs,2026-05-08T17:00:00+00:00,0,-0.9,127,217,3,3,0.5589715202173797,0.5481555215643173,0.44584382871536526,0.31244916041412857,0.30047447582144876,0.19877671960357596,-0.011974684592679807
823225,2026-05-08,2026,San Francisco Giants,Pittsburgh Pirates,2026-05-08T17:00:00+00:00,1,0.24,157,133,2,3,0.49318880248601743,0.5018609734235038,0.5025510204081632,0.25685758992555713,0.24814248979857922,0.24745548729695963,-0.008715100126977904
823303,2026-05-08,2026,San Diego Padres,St. Louis Cardinals,2026-05-08T17:00:00+00:00,0,1.1,199,89,3,2,0.6073111570156354,0.620381890295322,0.5760598503740648,0.3688268414356698,0.3848736898063969,0.33184495121298996,0.016046848370727118
823466,2026-05-08,2026,Philadelphia Phillies,Colorado Rockies,2026-05-08T17:00:00+00:00,0,0.65,172,107,3,2,0.6608296931364604,0.669213064441974,0.6613272311212814,0.4366958833308285,0.4478461256198177,0.4373537066225408,0.011150242288989198
823794,2026-05-08,2026,Milwaukee Brewers,New York Yankees,2026-05-08T17:00:00+00:00,1,-2.04,76,280,1,3,0.5397545285959894,0.5220848846217858,0.4607594936708861,0.21182589394789997,0.22840285750697178,0.29078032366607914,0.016576963559071817
823871,2026-05-08,2026,Miami Marlins,Washington Nationals,2026-05-08T17:00:00+00:00,0,-0.14,191,205,3,3,0.5961258872677148,0.5949550548033189,0.5639097744360902,0.3553660734707202,0.3539715172360202,0.3179942337045622,-0.001394556234699973
823957,2026-05-08,2026,Los Angeles Dodgers,Atlanta Braves,2026-05-08T17:00:00+00:00,1,-0.01,106,107,2,2,0.5720174750155074,0.5719289249031665,0.5216284987277354,0.18316904169210185,0.18324484533455887,0.22883929322948024,7.580364245701743e-05
824116,2026-05-08,2026,Kansas City Royals,Detroit Tigers,2026-05-08T17:00:00+00:00,1,1.11,260,149,3,2,0.5697495485638112,0.5757149745859106,0.568922305764411,0.18511545096104423,0.1800177827906345,0.18582797846747193,-0.0050976681704097415
824443,2026-05-08,2026,Cleveland Guardians,Minnesota Twins,2026-05-08T17:00:00+00:00,1,-0.38,164,202,3,3,0.6077043016627431,0.6040058248657534,0.57,0.15389591493391602,0.15681138674025238,0.18490000000000004,0.0029154718063363616
824522,2026-05-08,2026,Cincinnati Reds,Houston Astros,2026-05-08T17:00:00+00:00,0,0.77,225,148,3,2,0.5537946084935628,0.5555309862769621,0.5566750629722922,0.30668846839653846,0.30861467671385423,0.3098871257352055,0.0019262083173157696
824607,2026-05-08,2026,Chicago White Sox,Seattle Mariners,2026-05-08T17:00:00+00:00,0,0.21,99,78,2,2,0.5184048776265011,0.5200071565189548,0.4494949494949495,0.2687436171469476,0.27040744283092877,0.2020457096214672,0.0016638256839811572
824768,2026-05-08,2026,Boston Red Sox,Tampa Bay Rays,2026-05-08T17:00:00+00:00,1,0.88,243,155,3,3,0.5761462488487296,0.5864707985259943,0.5566750629722922,0.1796520023650031,0.17100640047172883,0.1965369997906211,-0.008645601893274263
825088,2026-05-08,2026,Arizona Diamondbacks,New York Mets,2026-05-08T17:00:00+00:00,0,-0.54,102,156,3,2,0.5322027315644211,0.5251167140708471,0.457070707070707,0.28323974748463127,0.2757475633965638,0.20891363126211607,-0.007492184088067455
822820,2026-05-09,2026,Toronto Blue Jays,Los Angeles Angels,2026-05-09T17:00:00+00:00,1,-0.48,80,128,2,2,0.6525901620372833,0.6487383154912427,0.6159420289855072,0.1206935955132811,0.12338477100392974,0.147500525099769,0.002691175490648637
822905,2026-05-09,2026,Texas Rangers,Chicago Cubs,2026-05-09T17:00:00+00:00,1,-0.25,195,220,3,3,0.5473536193982274,0.5439962255982342,0.4531645569620253,0.20488874587188483,0.2079394422686565,0.2990290017625381,0.0030506963967716627
823224,2026-05-09,2026,San Francisco Giants,Pittsburgh Pirates,2026-05-09T17:00:00+00:00,0,0.17,122,105,2,3,0.5215123195087238,0.5226907581952321,0.49744897959183665,0.2719750993993692,0.27320562870270665,0.24745548729695951,0.0012305293033374465
823304,2026-05-09,2026,San Diego Padres,St. Louis Cardinals,2026-05-09T17:00:00+00:00,1,0.98,219,121,3,3,0.6030240678912522,0.6147182484730217,0.5664160401002506,0.15758989067360915,0.14844202805969625,0.1879950502823475,-0.0091478626139129
823468,2026-05-09,2026,Philadelphia Phillies,Colorado Rockies,2026-05-09T17:00:00+00:00,1,0.62,257,195,3,3,0.6549381838499995,0.662972462986108,0.6258992805755395,0.11906765696473677,0.11358756070565033,0.13995134827389896,-0.005480096259086437
823792,2026-05-09,2026,Milwaukee Brewers,New York Yankees,2026-05-09T17:00:00+00:00,1,-1.21,116,237,2,3,0.5662205879132,0.5519086549157504,0.4494949494949495,0.1881645783503699,0.20078585353941208,0.3030558106315682,0.012621275189042186
823869,2026-05-09,2026,Miami Marlins,Washington Nationals,2026-05-09T17:00:00+00:00,1,0.2,177,157,3,3,0.597566937614046,0.6003234464331954,0.5935960591133005,0.16195236970133714,0.15974134747103885,0.16516416316823995,-0.0022110222302982874
823955,2026-05-09,2026,Los Angeles Dodgers,Atlanta Braves,2026-05-09T17:00:00+00:00,0,1.06,171,65,2,2,0.5752190682173428,0.587618205006927,0.6183574879227054,0.3308769764408281,0.34529515485556284,0.3823659828700787,0.01441817841473475
824115,2026-05-09,2026,Kansas City Royals,Detroit Tigers,2026-05-09T17:00:00+00:00,1,1.36,274,138,3,2,0.5467485553575863,0.5623799091596542,0.5639097744360902,0.20543687207043504,0.19151134390711252,0.19017468483238167,-0.013925528163322515
824444,2026-05-09,2026,Cleveland Guardians,Minnesota Twins,2026-05-09T17:00:00+00:00,0,-0.21,195,216,3,3,0.6092842881522512,0.6075552326026726,0.5216284987277354,0.3712273437891955,0.36912336066288765,0.27209629068495106,-0.002103983126307829
824523,2026-05-09,2026,Cincinnati Reds,Houston Astros,2026-05-09T17:00:00+00:00,1,0.66,218,152,3,2,0.520447884691472,0.5274428280601662,0.5901234567901236,0.22997023129688376,0.22331028075177367,0.1679987806736777,-0.006659950545110094
824606,2026-05-09,2026,Chicago White Sox,Seattle Mariners,2026-05-09T17:00:00+00:00,1,0.46,140,94,2,2,0.5158826115671006,0.5204218426065004,0.4531645569620253,0.23436964578309083,0.2299952090489443,0.2990290017625381,-0.004374436734146531
825089,2026-05-09,2026,Arizona Diamondbacks,New York Mets,2026-05-09T17:00:00+00:00,1,-0.96,113,209,3,3,0.532314465230774,0.5202277538281174,0.5,0.21872975943237694,0.23018140819681354,0.25,0.011451648764436606
822819,2026-05-10,2026,Toronto Blue Jays,Los Angeles Angels,2026-05-10T17:00:00+00:00,0,-0.64,92,156,2,2,0.6623038234474823,0.6569506313670467,0.5025510204081632,0.43864635455315376,0.4315841320535613,0.2525575281132861,-0.007062222499592485
822902,2026-05-10,2026,Texas Rangers,Chicago Cubs,2026-05-10T17:00:00+00:00,1,0.26,233,207,3,3,0.5553678619465995,0.5581723814535026,0.5241730279898218,0.19769773818993822,0.19521164451046924,0.2264113072923749,-0.002486093679468976
823221,2026-05-10,2026,San Francisco Giants,Pittsburgh Pirates,2026-05-10T17:00:00+00:00,1,0.63,197,134,2,3,0.51549549992038,0.5220538855103632,0.5165394402035622,0.23474461059740248,0.22843248835574095,0.23373411287868498,-0.0063121222416615275
823305,2026-05-10,2026,San Diego Padres,St. Louis Cardinals,2026-05-10T17:00:00+00:00,1,0.9,182,92,3,3,0.6055423752526764,0.616349481083765,0.547979797979798,0.15559681772130035,0.1471877206646964,0.20432226303438422,-0.008409097056603948
823463,2026-05-10,2026,Philadelphia Phillies,Colorado Rockies,2026-05-10T17:00:00+00:00,1,0.72,260,188,3,3,0.661365562558405,0.6704902181835679,0.7244897959183673,0.11467328222138555,0.10857669631271268,0.07590587255310292,-0.006096585908672875
823793,2026-05-10,2026,Milwaukee Brewers,New York Yankees,2026-05-10T17:00:00+00:00,1,-0.89,131,220,2,3,0.5628010644469936,0.5521879279675128,0.5228426395939086,0.19114290924868182,0.2005356518580295,0.22767914658970856,0.009392742609347665
823954,2026-05-10,2026,Los Angeles Dodgers,Atlanta Braves,2026-05-10T17:00:00+00:00,0,1.02,171,69,2,2,0.5700131677663053,0.581900384324507,0.5566750629722922,0.3249150114269781,0.33860805727700893,0.3098871257352055,0.013693045850030838
824113,2026-05-10,2026,Kansas City Royals,Detroit Tigers,2026-05-10T17:00:00+00:00,0,0.3,186,156,3,2,0.5476996262044498,0.5508539344962999,0.5216284987277354,0.299974880544494,0.3034400571500539,0.27209629068495106,0.0034651766055598943
824440,2026-05-10,2026,Cleveland Guardians,Minnesota Twins,2026-05-10T17:00:00+00:00,0,0.07,217,210,3,3,0.6098275598774234,0.6112899669534987,0.6048780487804878,0.37188965278605246,0.3736754236980095,0.3658774538964902,0.0017857709119570297
824520,2026-05-10,2026,Cincinnati Reds,Houston Astros,2026-05-10T17:00:00+00:00,1,1.26,191,65,3,2,0.521793712766229,0.5359414861772901,0.5102040816326531,0.2286812531499079,0.21535030425134224,0.23990004164931278,-0.013330948898565648
824605,2026-05-10,2026,Chicago White Sox,Seattle Mariners,2026-05-10T17:00:00+00:00,1,0.21,144,123,2,2,0.5207640399106616,0.5224062698387308,0.4520202020202021,0.22966710544274999,0.22809577108935516,0.30028185899398013,-0.001571334353394821
824765,2026-05-10,2026,Boston Red Sox,Tampa Bay Rays,2026-05-10T17:00:00+00:00,0,-0.19,96,115,2,2,0.5766359262539228,0.5745275467822571,0.5806451612903225,0.33250899144671947,0.3300819020116387,0.33714880332986463,-0.002427089435080798
825085,2026-05-10,2026,Arizona Diamondbacks,New York Mets,2026-05-10T17:00:00+00:00,1,-0.58,106,164,3,3,0.5351432574304718,0.5276369792418227,0.5089058524173028,0.21609179111235266,0.2231268233797902,0.24117346178997598,0.007035032267437541
822818,2026-05-11,2026,Toronto Blue Jays,Tampa Bay Rays,2026-05-11T17:00:00+00:00,0,0.74,180,106,3,2,0.601369705074515,0.6103314373023337,0.5367088607594936,0.3616455221814092,0.3725044633595325,0.28805640121775355,0.010858941178123305
822901,2026-05-11,2026,Texas Rangers,Arizona Diamondbacks,2026-05-11T17:00:00+00:00,0,1.04,179,75,3,3,0.6089896677902326,0.6213940698350224,0.5468354430379747,0.37086841547525784,0.38613059002613276,0.2990290017625381,0.015262174550874918
823953,2026-05-11,2026,Los Angeles Dodgers,San Francisco Giants,2026-05-11T17:00:00+00:00,0,-1.13,182,295,3,3,0.6242453326244938,0.612424114611188,0.6276849642004773,0.38968223530346485,0.3750632961572975,0.3939884142833544,-0.014618939146167353
824199,2026-05-11,2026,Houston Astros,Seattle Mariners,2026-05-11T17:00:00+00:00,0,-0.08,155,163,3,3,0.5238166755621844,0.5220568112953957,0.4335839598997493,0.2743839095970187,0.2725433142199164,0.1879950502823474,-0.0018405953771022943
824441,2026-05-11,2026,Cleveland Guardians,Los Angeles Angels,2026-05-11T17:00:00+00:00,1,0.03,179,176,3,3,0.6254449454332136,0.6267040518422871,0.6125907990314771,0.14029148890152834,0.1393498649109659,0.1500858889950694,-0.0009416239905624402
824844,2026-05-11,2026,Baltimore Orioles,New York Yankees,2026-05-11T17:00:00+00:00,1,0.74,231,157,3,3,0.4447912058499558,0.45137964500829325,0.4193548387096774,0.3082568051015462,0.3009842939112264,0.33714880332986474,-0.007272511190319797
822817,2026-05-12,2026,Toronto Blue Jays,Tampa Bay Rays,2026-05-12T17:00:00+00:00,0,1.11,220,109,3,2,0.5998596810701154,0.6130065560224988,0.48346055979643765,0.35983163697354065,0.3757770377265649,0.23373411287868487,0.015945400753024253
822903,2026-05-12,2026,Texas Rangers,Arizona Diamondbacks,2026-05-12T17:00:00+00:00,1,0.86,157,71,3,3,0.6053704861416676,0.6157246168187396,0.5355329949238579,0.1557324532080638,0.14766757011910453,0.21572959880440104,-0.00806488308895928
823385,2026-05-12,2026,Pittsburgh Pirates,Colorado Rockies,2026-05-12T17:00:00+00:00,1,0.61,163,102,2,2,0.6589917169307771,0.6669422891603226,0.7416829745596869,0.11628664912181927,0.11092743874976616,0.06672768563233136,-0.005359210372053114
823632,2026-05-12,2026,New York Mets,Detroit Tigers,2026-05-12T17:00:00+00:00,1,-0.65,145,210,2,2,0.5256793252167804,0.5171601100701755,0.57,0.22498010252680878,0.23313435930744505,0.18490000000000004,0.008154256780636276
823712,2026-05-12,2026,Minnesota Twins,Miami Marlins,2026-05-12T17:00:00+00:00,1,1.38,223,85,2,2,0.5019943618538163,0.5172750229533928,0.5025510204081632,0.24800961562538767,0.23302340346464748,0.24745548729695963,-0.014986212160740198
823790,2026-05-12,2026,Milwaukee Brewers,San Diego Padres,2026-05-12T17:00:00+00:00,1,0.32,156,124,2,2,0.5943023960270803,0.5983877292969207,0.5468354430379747,0.16459054586936794,0.1612924159792834,0.20535811568658865,-0.0032981298900845446
823951,2026-05-12,2026,Los Angeles Dodgers,San Francisco Giants,2026-05-12T17:00:00+00:00,0,-0.85,198,283,3,3,0.6168889012162765,0.6080448749251649,0.7270875763747455,0.3805519164438249,0.3697185699227594,0.5286563437185015,-0.01083334652106549
824197,2026-05-12,2026,Houston Astros,Seattle Mariners,2026-05-12T17:00:00+00:00,0,-0.31,141,172,3,3,0.5233193172933662,0.5188098872223055,0.39268292682926825,0.2738631078523949,0.26916369907962134,0.15419988102320045,-0.004699408772773583
824442,2026-05-12,2026,Cleveland Guardians,Los Angeles Angels,2026-05-12T17:00:00+00:00,1,-0.47,199,246,3,3,0.6277594568695849,0.6234676629349956,0.5603015075376885,0.13856302195002643,0.14177660085563412,0.19333476427362942,0.0032135789056076947
824521,2026-05-12,2026,Cincinnati Reds,Washington Nationals,2026-05-12T17:00:00+00:00,0,-0.92,81,173,2,2,0.587981346849731,0.5776038635531487,0.568922305764411,0.3457220642432237,0.33362622319152446,0.323672589996294,-0.012095841051699252
824604,2026-05-12,2026,Chicago White Sox,Kansas City Royals,2026-05-12T17:00:00+00:00,1,-0.19,109,128,2,2,0.5259944479911325,0.5229627419956071,0.4746192893401016,0.2246812633352312,0.2275645455243497,0.27602489113349993,0.0028832821891185134
824764,2026-05-12,2026,Boston Red Sox,Philadelphia Phillies,2026-05-12T17:00:00+00:00,0,-0.15,62,77,1,2,0.5362678146207553,0.5338954432650219,0.42999999999999994,0.2875831689981208,0.28504434433915427,0.18489999999999995,-0.002538824658966543
824843,2026-05-12,2026,Baltimore Orioles,New York Yankees,2026-05-12T17:00:00+00:00,0,0.85,242,157,3,3,0.4464437420837796,0.45436693346192836,0.4228855721393035,0.19931201484576835,0.20644931022359644,0.17883220712358608,0.00713729537782809
824927,2026-05-12,2026,Atlanta Braves,Chicago Cubs,2026-05-12T17:00:00+00:00,1,0.21,115,94,2,2,0.5646401085421491,0.5670046043219481,0.5267175572519084,0.18953823509019174,0.18748501267839274,0.2239962706136006,-0.002053222411799005
822815,2026-05-13,2026,Toronto Blue Jays,Tampa Bay Rays,2026-05-13T17:00:00+00:00,1,0.83,278,195,3,3,0.6017088387243191,0.6116948079305282,0.575,0.15863584915033044,0.15078092218810937,0.18062500000000004,-0.007854926962221065
822900,2026-05-13,2026,Texas Rangers,Arizona Diamondbacks,2026-05-13T17:00:00+00:00,1,0.35,130,95,3,3,0.6096077495032552,0.6142391444062922,0.5025510204081632,0.1524061092479131,0.14881143770838945,0.24745548729695963,-0.0035946715395236417
823386,2026-05-13,2026,Pittsburgh Pirates,Colorado Rockies,2026-05-13T17:00:00+00:00,0,0.31,143,112,2,2,0.6628676652774205,0.6676682032107437,0.6225961538461539,0.43939354167033834,0.44578082957866294,0.38762597078402367,0.0063872879083246015
823631,2026-05-13,2026,New York Mets,Detroit Tigers,2026-05-13T17:00:00+00:00,1,-0.47,168,215,2,2,0.5324620460193893,0.526214231485228,0.5076530612244898,0.21859173841237567,0.22447295444713317,0.24240550812161596,0.005881216034757497
823710,2026-05-13,2026,Minnesota Twins,Miami Marlins,2026-05-13T17:00:00+00:00,0,0.63,152,89,2,2,0.5065014879111046,0.5129119101600762,0.46700507614213205,0.25654375725616285,0.2630786275840581,0.21809374114251856,0.006534870327895237
823791,2026-05-13,2026,Milwaukee Brewers,San Diego Padres,2026-05-13T17:00:00+00:00,0,-0.51,122,173,2,2,0.5973361698320346,0.5919272204309011,0.5841584158415841,0.35681049978960533,0.35037783428705255,0.3412410547985491,-0.006432665502552781
823952,2026-05-13,2026,Los Angeles Dodgers,San Francisco Giants,2026-05-13T17:00:00+00:00,1,-0.6,148,208,3,3,0.6201667964455413,0.6142396554429643,0.68,0.14427326252244285,0.14881104343276289,0.10239999999999996,0.004537780910320033
824195,2026-05-13,2026,Houston Astros,Seattle Mariners,2026-05-13T17:00:00+00:00,1,0.75,212,137,3,3,0.5144469256979806,0.5224179364130268,0.4582278481012658,0.2357617879641424,0.2280846274599917,0.2935170645729851,-0.00767716050415071
824438,2026-05-13,2026,Cleveland Guardians,Los Angeles Angels,2026-05-13T17:00:00+00:00,1,0.04,214,210,3,3,0.6337802801838841,0.6352808625517488,0.5831265508684863,0.13411688318219442,0.1330200492209964,0.17378347259080473,-0.0010968339611980293
824519,2026-05-13,2026,Cincinnati Reds,Washington Nationals,2026-05-13T17:00:00+00:00,0,0.07,149,142,2,2,0.5845759399706499,0.5856304528501541,0.597051597051597,0.3417290295925689,0.3429630273054766,0.3564706095418626,0.0012339977129077195
824603,2026-05-13,2026,Chicago White Sox,Kansas City Royals,2026-05-13T17:00:00+00:00,1,-0.36,113,149,2,2,0.5296370613092422,0.5246465622184461,0.49489795918367346,0.22124129409380563,0.22596089081074167,0.25512807163681794,0.004719596716936031
824763,2026-05-13,2026,Boston Red Sox,Philadelphia Phillies,2026-05-13T17:00:00+00:00,1,1.26,177,51,2,2,0.5398977315045528,0.5542767627362163,0.5505050505050506,0.2116940974746566,0.19866920423690723,0.20204570962146712,-0.013024893237749358
824841,2026-05-13,2026,Baltimore Orioles,New York Yankees,2026-05-13T17:00:00+00:00,1,1.16,250,134,3,3,0.4360339329285508,0.44739757280338144,0.40196078431372556,0.3180577248080384,0.3053694425435941,0.3576509034986542,-0.012688282264444295
824928,2026-05-13,2026,Atlanta Braves,Chicago Cubs,2026-05-13T17:00:00+00:00,1,0.22,116,94,2,2,0.5654896239064219,0.5679847892028485,0.4444444444444444,0.1887992669329827,0.18663714236010728,0.308641975308642,-0.002162124572875429
823630,2026-05-14,2026,New York Mets,Detroit Tigers,2026-05-14T17:00:00+00:00,1,-0.06,137,143,2,2,0.5360576815761818,0.5347507791011252,0.5806451612903225,0.21524247482446748,0.21645683754700998,0.17585848074921961,0.0012143627225424947
823709,2026-05-14,2026,Minnesota Twins,Miami Marlins,2026-05-14T17:00:00+00:00,1,-0.08,82,90,2,2,0.5002662001307253,0.49809715587859443,0.49489795918367346,0.2497338707317843,0.2519064649371559,0.25512807163681794,0.0021725942053716085
823789,2026-05-14,2026,Milwaukee Brewers,San Diego Padres,2026-05-14T17:00:00+00:00,1,-0.76,90,166,2,2,0.5928171163967,0.5844151514413501,0.5614035087719298,0.16579790069949857,0.17271076635151594,0.19236688211757466,0.006912865652017375
823950,2026-05-14,2026,Los Angeles Dodgers,San Francisco Giants,2026-05-14T17:00:00+00:00,1,0.08,166,158,3,3,0.6250331434693615,0.6268442997412946,0.6168674698795181,0.14060014349646846,0.13924517663556477,0.14679053563652195,-0.0013549668609036947
824196,2026-05-14,2026,Houston Astros,Seattle Mariners,2026-05-14T17:00:00+00:00,0,0.37,203,166,3,3,0.5167244489429661,0.5202051749864038,0.4821428571428572,0.26700415613541195,0.27061342408263506,0.23246173469387763,0.003609267947223105
824602,2026-05-14,2026,Chicago White Sox,Kansas City Royals,2026-05-14T17:00:00+00:00,1,0.31,138,107,2,2,0.5362589417936946,0.5393475601115725,0.43859649122807015,0.21505576906630394,0.21220067037516133,0.3151738996614343,-0.0028550986911426157
824762,2026-05-14,2026,Boston Red Sox,Philadelphia Phillies,2026-05-14T17:00:00+00:00,0,0.85,162,77,2,2,0.5412743795811765,0.5508310488079673,0.5089058524173028,0.2929779539909876,0.3034148443308852,0.2589851666245816,0.010436890339897642
824926,2026-05-14,2026,Atlanta Braves,Chicago Cubs,2026-05-14T17:00:00+00:00,0,0.49,121,72,2,2,0.5698686473547374,0.5755849714592697,0.6201923076923077,0.32475027523791805,0.3312980593697683,0.3846384985207101,0.006547784131850254
822739,2026-05-15,2026,Washington Nationals,Baltimore Orioles,2026-05-15T17:00:00+00:00,1,1.42,261,119,3,2,0.5333636253747245,0.542472350622921,0.43969849246231163,0.21774950612342048,0.20933154994451536,0.31393777934900624,-0.008417956178905117
822983,2026-05-15,2026,Tampa Bay Rays,Miami Marlins,2026-05-15T17:00:00+00:00,1,0.02,175,173,2,3,0.5100207133504242,0.5163524673335146,0.530456852791878,0.24007970134562717,0.23391493585437909,0.2204707670901081,-0.0061647654912480865
823061,2026-05-15,2026,St. Louis Cardinals,Kansas City Royals,2026-05-15T17:00:00+00:00,1,0.02,167,165,3,3,0.5171939337351202,0.5165106213086937,0.5139949109414759,0.23310169762216748,0.23376197930730536,0.23620094659078397,0.0006602816851378757
823140,2026-05-15,2026,Seattle Mariners,San Diego Padres,2026-05-15T17:00:00+00:00,0,-1.03,168,271,3,3,0.5231237770138328,0.5100240271973722,0.5443037974683544,0.2736584860772183,0.2601245083186258,0.2962666239384714,-0.013533977758592497
823384,2026-05-15,2026,Pittsburgh Pirates,Philadelphia Phillies,2026-05-15T17:00:00+00:00,0,0.61,191,130,3,3,0.5409977970198382,0.547713683255461,0.5505050505050506,0.29267861638031806,0.29999027882526347,0.30305581063156833,0.00731166244494541
823629,2026-05-15,2026,New York Mets,New York Yankees,2026-05-15T17:00:00+00:00,0,0.32,166,134,3,2,0.49751997625840666,0.4929347672583837,0.4133663366336633,0.24752612677616553,0.2429846847720769,0.17087172826193503,-0.004541442004088625
823707,2026-05-15,2026,Minnesota Twins,Milwaukee Brewers,2026-05-15T17:00:00+00:00,0,-0.36,123,159,3,3,0.4101954052461242,0.4033638307355196,0.49487179487179483,0.16826027048503206,0.1627023799456329,0.24489809335963178,-0.005557890539399146
824037,2026-05-15,2026,Los Angeles Angels,Los Angeles Dodgers,2026-05-15T17:00:00+00:00,0,-0.31,90,121,2,3,0.35928883864619154,0.3590466445593363,0.33409090909090905,0.12908846957572906,0.1289144929693184,0.11161673553719005,-0.00017397660641066404
824194,2026-05-15,2026,Houston Astros,Texas Rangers,2026-05-15T17:00:00+00:00,1,0.98,232,134,3,2,0.4911026977775065,0.4942838205119714,0.49744897959183665,0.2589764642093319,0.255748854195968,0.25255752811328624,-0.003227610013363913
824280,2026-05-15,2026,Detroit Tigers,Toronto Blue Jays,2026-05-15T17:00:00+00:00,1,0.32,215,183,3,2,0.5132490044922464,0.5089361543202624,0.46446700507614214,0.23692653162778915,0.24114370053377315,0.2867955886521168,0.004217168905984003
824360,2026-05-15,2026,Colorado Rockies,Arizona Diamondbacks,2026-05-15T17:00:00+00:00,0,1.3,218,88,3,2,0.4738817019281015,0.4805724235740893,0.47328244274809167,0.22456386742227402,0.2309498542998739,0.22399627061360067,0.006385986877599892
824439,2026-05-15,2026,Cleveland Guardians,Cincinnati Reds,2026-05-15T17:00:00+00:00,0,-0.99,135,234,2,3,0.5527625739713483,0.5478324074507464,0.5516372795969774,0.3055464631834303,0.3001203466532806,0.30430368824115384,-0.005426116530149738
824601,2026-05-15,2026,Chicago White Sox,Chicago Cubs,2026-05-15T17:00:00+00:00,0,0.3,173,143,3,3,0.5070349283323686,0.5095174033268391,0.42750000000000005,0.2570844185490102,0.25960798429292486,0.18275625000000004,0.0025235657439146575
824925,2026-05-15,2026,Atlanta Braves,Boston Red Sox,2026-05-15T17:00:00+00:00,1,-0.58,167,225,3,3,0.5706457509165271,0.5638528666207605,0.5796019900497512,0.18434507120603286,0.19022432195492814,0.17673448677012948,0.005879250748895282
822737,2026-05-16,2026,Washington Nationals,Baltimore Orioles,2026-05-16T17:00:00+00:00,1,1.85,238,53,3,2,0.509095553754194,0.530079919658554,0.5063938618925831,0.2409871753439014,0.220824881908111,0.24364701957731835,-0.0201622934357904
822981,2026-05-16,2026,Tampa Bay Rays,Miami Marlins,2026-05-16T17:00:00+00:00,0,0.18,176,158,2,3,0.5428554809377445,0.5445116247716127,0.5566750629722922,0.29469207318414986,0.2964929095114216,0.3098871257352055,0.0018008363272717376
823060,2026-05-16,2026,St. Louis Cardinals,Kansas City Royals,2026-05-16T17:00:00+00:00,1,-0.09,171,180,3,3,0.519087092818039,0.5171252129820415,0.5089058524173028,0.23127722429420544,0.23316805993763878,0.24117346178997598,0.0018908356434333418
823139,2026-05-16,2026,Seattle Mariners,San Diego Padres,2026-05-16T17:00:00+00:00,0,-0.51,166,217,3,3,0.5191127716720587,0.5121424813987355,0.6116504854368933,0.26947806971304694,0.2622899212532542,0.37411631633518716,-0.007188148459792765
823382,2026-05-16,2026,Pittsburgh Pirates,Philadelphia Phillies,2026-05-16T17:00:00+00:00,0,0.31,247,216,3,3,0.5340625297454287,0.5371153848869594,0.39853300733496333,0.2852227856780869,0.28849293668226655,0.15882855793544995,0.0032701510041796555
823627,2026-05-16,2026,New York Mets,New York Yankees,2026-05-16T17:00:00+00:00,1,0.55,182,127,3,2,0.46835564769945776,0.47314020756810204,0.4707379134860051,0.28264571733306315,0.2775812408813826,0.2801183562211475,-0.005064476451680566
823706,2026-05-16,2026,Minnesota Twins,Milwaukee Brewers,2026-05-16T17:00:00+00:00,0,0.33,185,152,3,3,0.4143186035858248,0.41551438895686366,0.46954314720812185,0.17165990527730782,0.17265220743019577,0.220470767090108,0.0009923021528879528
824038,2026-05-16,2026,Los Angeles Angels,Los Angeles Dodgers,2026-05-16T17:00:00+00:00,0,-1.11,79,190,2,3,0.37488373948044323,0.3593951735482074,0.44332493702770776,0.14053781812684082,0.1291648907697461,0.19653699979062106,-0.01137292735709472
824193,2026-05-16,2026,Houston Astros,Texas Rangers,2026-05-16T17:00:00+00:00,1,0.28,154,126,3,2,0.46035509262309726,0.4617862699612593,0.42750000000000005,0.29121662605782594,0.28967401920221436,0.32775625,-0.0015426068556115835
824278,2026-05-16,2026,Detroit Tigers,Toronto Blue Jays,2026-05-16T17:00:00+00:00,0,1.24,228,104,3,2,0.48933473759753593,0.5027317277175691,0.5076530612244898,0.23944848541964933,0.25273919005389206,0.2577116305705956,0.013290704634242728
824359,2026-05-16,2026,Colorado Rockies,Arizona Diamondbacks,2026-05-16T17:00:00+00:00,1,2.03,238,35,3,2,0.4432284127902661,0.46507034091503524,0.4335839598997493,0.30999460032404624,0.28614974016875666,0.32082713048284883,-0.023844860155289582
824435,2026-05-16,2026,Cleveland Guardians,Cincinnati Reds,2026-05-16T17:00:00+00:00,1,-1.39,84,223,2,3,0.5839356865599522,0.5679622897306397,0.5841584158415841,0.17310951291833834,0.18665658309479174,0.1729242231153809,0.013547070176453402
824600,2026-05-16,2026,Chicago White Sox,Chicago Cubs,2026-05-16T17:00:00+00:00,1,0.45,208,163,3,3,0.504902464383916,0.5091385015462357,0.5051020408163266,0.2451215697731196,0.24094501066427482,0.24492399000416487,-0.004176559108844791
824924,2026-05-16,2026,Atlanta Braves,Boston Red Sox,2026-05-16T17:00:00+00:00,0,0.23,182,159,3,3,0.5728640729810437,0.575591736564818,0.5329949238578681,0.32817324611243054,0.3313058472017028,0.2840835888582546,0.003132601089272269
822738,2026-05-17,2026,Washington Nationals,Baltimore Orioles,2026-05-17T17:00:00+00:00,0,0.93,184,91,3,2,0.5170176472160027,0.5271722411844915,0.47582697201017815,0.2673072475327711,0.27791057187547963,0.22641130729237485,0.010603324342708553
823058,2026-05-17,2026,St. Louis Cardinals,Kansas City Royals,2026-05-17T17:00:00+00:00,0,0.08,163,155,3,3,0.5143551697773471,0.5143383786123655,0.5267175572519084,0.2645612406766835,0.26454396771359706,0.2774313851174174,-1.727296308645654e-05
823138,2026-05-17,2026,Seattle Mariners,San Diego Padres,2026-05-17T17:00:00+00:00,0,-1.0,130,230,3,3,0.5140305703198361,0.5011207636853898,0.5990220048899756,0.264227427223336,0.2511220197966283,0.3588273623424059,-0.013105407426707683
823381,2026-05-17,2026,Pittsburgh Pirates,Philadelphia Phillies,2026-05-17T17:00:00+00:00,0,1.38,304,166,3,3,0.533120148381688,0.5488363805733089,0.5406091370558376,0.284217092610513,0.3012213726408099,0.2922582390682574,0.017004280030296914
823628,2026-05-17,2026,New York Mets,New York Yankees,2026-05-17T17:00:00+00:00,1,1.14,235,121,3,2,0.4718094652747719,0.48368834862398014,0.5292620865139949,0.27898524097332233,0.26657772134663266,0.22159418319315766,-0.012407519626689678
823708,2026-05-17,2026,Minnesota Twins,Milwaukee Brewers,2026-05-17T17:00:00+00:00,1,-0.31,140,171,3,3,0.4156947560531008,0.4095065454141836,0.4444444444444444,0.3414126181038454,0.3486825199086917,0.308641975308642,0.007269901804846324
824034,2026-05-17,2026,Los Angeles Angels,Los Angeles Dodgers,2026-05-17T17:00:00+00:00,0,-0.67,142,209,2,3,0.364000167513899,0.3533128746735619,0.4422110552763819,0.13249612195014654,0.12482998741009607,0.19555061740865126,-0.007666134540050468
824192,2026-05-17,2026,Houston Astros,Texas Rangers,2026-05-17T17:00:00+00:00,0,1.0,149,49,3,2,0.46570752941363663,0.4757990948182188,0.46954314720812185,0.21688350295255324,0.22638477862983636,0.220470767090108,0.009501275677283122
824279,2026-05-17,2026,Detroit Tigers,Toronto Blue Jays,2026-05-17T17:00:00+00:00,0,0.54,234,180,3,2,0.49108433410374724,0.4961568723459458,0.46700507614213205,0.24116382320212085,0.24617164197611116,0.21809374114251856,0.0050078187739903135
824358,2026-05-17,2026,Colorado Rockies,Arizona Diamondbacks,2026-05-17T17:00:00+00:00,0,2.28,279,51,3,2,0.44820720268772374,0.4731481534291537,0.42999999999999994,0.20088969654115427,0.22386917509341794,0.18489999999999995,0.022979478552263677
824436,2026-05-17,2026,Cleveland Guardians,Cincinnati Reds,2026-05-17T17:00:00+00:00,1,-1.32,93,225,2,3,0.5891345111541408,0.5741224271501888,0.5901234567901236,0.16881044992454683,0.18137170705644626,0.1679987806736777,0.012561257131899428
824599,2026-05-17,2026,Chicago White Sox,Chicago Cubs,2026-05-17T17:00:00+00:00,1,0.11,201,190,3,3,0.5072264948411477,0.5074450267695292,0.4531645569620253,0.24282572738654146,0.24261040165406983,0.2990290017625381,-0.00021532573247162734
824923,2026-05-17,2026,Atlanta Braves,Boston Red Sox,2026-05-17T17:00:00+00:00,1,0.04,136,132,3,3,0.5671333435559168,0.5675464116422084,0.5760598503740648,0.18737354226107994,0.18701610608353025,0.17972525046486032,-0.00035743617754968593
822734,2026-05-18,2026,Washington Nationals,New York Mets,2026-05-18T17:00:00+00:00,0,-0.2,257,277,3,3,0.482608688661084,0.4787092515536228,0.4531645569620253,0.23291114637117108,0.22916254752302972,0.20535811568658865,-0.0037485988481413546
822980,2026-05-18,2026,Tampa Bay Rays,Baltimore Orioles,2026-05-18T17:00:00+00:00,1,0.3,211,181,3,3,0.5631626714446074,0.5665591424424459,0.568922305764411,0.190826851619412,0.18787097700022792,0.18582797846747193,-0.00295587461918409
823137,2026-05-18,2026,Seattle Mariners,Chicago White Sox,2026-05-18T17:00:00+00:00,1,-1.39,140,279,3,3,0.5484317326296639,0.5315678100288537,0.5935960591133005,0.2039139000958473,0.21942871660116411,0.16516416316823995,0.015514816505316803
823301,2026-05-18,2026,San Diego Padres,Los Angeles Dodgers,2026-05-18T17:00:00+00:00,1,-0.05,186,191,3,3,0.47607254242962166,0.4738506186727196,0.43107769423558895,0.27449998079616056,0.27683317147107994,0.323672589996294,0.002333190674919383
823465,2026-05-18,2026,Philadelphia Phillies,Cincinnati Reds,2026-05-18T17:00:00+00:00,1,-1.03,138,241,3,3,0.5909535866254164,0.5793696586863657,0.5367088607594936,0.1673189682946107,0.1769298840336245,0.21463867969876624,0.009610915739013792
823549,2026-05-18,2026,New York Yankees,Toronto Blue Jays,2026-05-18T17:00:00+00:00,1,-0.14,221,235,3,3,0.5606377692565723,0.5588226259121225,0.6116504854368933,0.19303916980384103,0.194637475407075,0.15081534546140066,0.001598305603233957
823705,2026-05-18,2026,Minnesota Twins,Houston Astros,2026-05-18T17:00:00+00:00,1,0.26,170,144,3,3,0.532268312733582,0.5346979589972723,0.5204081632653061,0.21877293127309025,0.21650598936130405,0.23000832986255726,-0.0022669419117861966
823867,2026-05-18,2026,Miami Marlins,Atlanta Braves,2026-05-18T17:00:00+00:00,1,0.25,156,131,3,3,0.46933102477493066,0.4705635710440379,0.5127551020408163,0.2816095612664252,0.2803029323056415,0.23740759058725533,-0.0013066289607837067
824114,2026-05-18,2026,Kansas City Royals,Boston Red Sox,2026-05-18T17:00:00+00:00,0,0.23,140,117,3,3,0.5131398540907137,0.5148911757230644,0.49744897959183665,0.26331250985623894,0.2651129228374796,0.24745548729695951,0.0018004129812406733
824277,2026-05-18,2026,Detroit Tigers,Cleveland Guardians,2026-05-18T17:00:00+00:00,0,0.66,205,139,3,3,0.4998905498505863,0.5065474468280804,0.5831265508684863,0.2498905618299215,0.2565903158880469,0.34003657432777734,0.006699754058125423
824357,2026-05-18,2026,Colorado Rockies,Texas Rangers,2026-05-18T17:00:00+00:00,1,1.74,240,66,3,3,0.3778593487802411,0.3943599145396482,0.42039800995024873,0.3870589899001457,0.3667999131164223,0.335938466869632,-0.020259076783723406
824680,2026-05-18,2026,Chicago Cubs,Milwaukee Brewers,2026-05-18T17:00:00+00:00,0,0.24,195,171,3,3,0.48224625925679515,0.48358507771258774,0.6014669926650367,0.2325614545671721,0.23385452738628953,0.36176254326552326,0.0012930728191174468
825087,2026-05-18,2026,Arizona Diamondbacks,San Francisco Giants,2026-05-18T17:00:00+00:00,1,-0.23,97,120,3,3,0.5292734875288261,0.5258241435518068,0.5639097744360902,0.22158344954327425,0.2248427428383775,0.19017468483238167,0.003259293295103244
822736,2026-05-19,2026,Washington Nationals,New York Mets,2026-05-19T17:00:00+00:00,1,-0.31,312,343,3,3,0.47396008589941,0.4686104808639476,0.4494949494949495,0.2767179912269561,0.2823748210476451,0.3030558106315682,0.005656829820688991
822979,2026-05-19,2026,Tampa Bay Rays,Baltimore Orioles,2026-05-19T17:00:00+00:00,1,-0.74,193,267,3,3,0.569908133000061,0.5612195005461958,0.5051020408163266,0.18497901405949319,0.1925283267009298,0.24492399000416487,0.0075493126414366285
823059,2026-05-19,2026,St. Louis Cardinals,Pittsburgh Pirates,2026-05-19T17:00:00+00:00,1,-0.95,72,167,2,2,0.4915508940328661,0.47885920117719055,0.5204081632653061,0.25852049335877775,0.2715877321976759,0.23000832986255726,0.013067238838898154
823136,2026-05-19,2026,Seattle Mariners,Chicago White Sox,2026-05-19T17:00:00+00:00,0,-0.92,151,243,3,3,0.5566804631506693,0.5455775831537047,0.5796019900497512,0.3098931380536437,0.2976548992398376,0.3359384668696319,-0.01223823881380609
823302,2026-05-19,2026,San Diego Padres,Los Angeles Dodgers,2026-05-19T17:00:00+00:00,0,0.86,169,83,3,3,0.47542733578323965,0.48403625309847836,0.40640394088669946,0.2260311516099493,0.2342910943136142,0.1651641631682399,0.008259942703664896
823464,2026-05-19,2026,Philadelphia Phillies,Cincinnati Reds,2026-05-19T17:00:00+00:00,0,-1.0,79,179,3,3,0.5955145743433081,0.5843958052161119,0.5725,0.35463760825529145,0.34151845715418777,0.32775625,-0.013119151101103677
823548,2026-05-19,2026,New York Yankees,Toronto Blue Jays,2026-05-19T17:00:00+00:00,1,-0.05,262,267,3,3,0.5650634942299582,0.5643852509933948,0.5505050505050506,0.18916976405145364,0.1897602095520877,0.20204570962146712,0.000590445500634057
823704,2026-05-19,2026,Minnesota Twins,Houston Astros,2026-05-19T17:00:00+00:00,0,0.3,214,184,3,3,0.5317107718914181,0.5346063850138816,0.5516372795969774,0.2827163449453677,0.2858039868976106,0.30430368824115384,0.0030876419522429255
823865,2026-05-19,2026,Miami Marlins,Atlanta Braves,2026-05-19T17:00:00+00:00,0,0.3,173,143,3,3,0.48122722752686065,0.48326365483703254,0.43609022556390975,0.2315796445131889,0.23354376008644653,0.19017468483238167,0.0019641155732576243
824112,2026-05-19,2026,Kansas City Royals,Boston Red Sox,2026-05-19T17:00:00+00:00,0,-0.01,110,111,3,3,0.5126529339202847,0.5115332199164533,0.4582278481012658,0.26281303065707573,0.26166623507809456,0.20997276077551674,-0.0011467955789811746
824276,2026-05-19,2026,Detroit Tigers,Cleveland Guardians,2026-05-19T17:00:00+00:00,0,0.32,162,130,3,3,0.4879363264800745,0.4903284523003961,0.40196078431372556,0.23808185869886986,0.24042199113530183,0.1615724721261054,0.0023401324364319687
824356,2026-05-19,2026,Colorado Rockies,Texas Rangers,2026-05-19T17:00:00+00:00,0,0.83,222,139,3,3,0.37716125990289834,0.38331732404040586,0.5051020408163266,0.14225061597154162,0.1469321709094975,0.25512807163681805,0.004681554937955884
824677,2026-05-19,2026,Chicago Cubs,Milwaukee Brewers,2026-05-19T17:00:00+00:00,0,0.15,178,163,3,3,0.47563839319534373,0.4757902738932499,0.48346055979643765,0.2262318810814484,0.22637638473141375,0.23373411287868487,0.0001445036499653496
825086,2026-05-19,2026,Arizona Diamondbacks,San Francisco Giants,2026-05-19T17:00:00+00:00,1,0.09,148,139,3,3,0.5376291490863911,0.5381303800296303,0.5267175572519084,0.2137868037745747,0.2133235458515737,0.2239962706136006,-0.00046325792300100366
822735,2026-05-20,2026,Washington Nationals,New York Mets,2026-05-20T17:00:00+00:00,1,0.72,312,240,3,3,0.473686226930202,0.48059384793455157,0.46446700507614214,0.2770061877229668,0.2697827508034358,0.2867955886521168,-0.007223436919531034
822977,2026-05-20,2026,Tampa Bay Rays,Baltimore Orioles,2026-05-20T17:00:00+00:00,1,-0.79,166,245,3,3,0.5664354411660303,0.5570820797277263,0.5089058524173028,0.1879782266768948,0.19617628409831622,0.24117346178997598,0.008198057421421434
823057,2026-05-20,2026,St. Louis Cardinals,Pittsburgh Pirates,2026-05-20T17:00:00+00:00,0,0.18,130,112,2,2,0.49581045502230037,0.4966681056637493,0.5139949109414759,0.24582800730942053,0.24667920718361724,0.2641907684737357,0.000851199874196712
823134,2026-05-20,2026,Seattle Mariners,Chicago White Sox,2026-05-20T17:00:00+00:00,1,-0.45,187,232,3,3,0.5528187434702057,0.5471976809495447,0.57,0.19997107619156573,0.20502994013747033,0.18490000000000004,0.005058863945904601
823299,2026-05-20,2026,San Diego Padres,Los Angeles Dodgers,2026-05-20T17:00:00+00:00,0,0.85,186,101,3,3,0.47846874527874467,0.48701471803847995,0.3681710213776722,0.22893234020861625,0.23718333558610014,0.13554990098227837,0.008250995377483888
823462,2026-05-20,2026,Philadelphia Phillies,Cincinnati Reds,2026-05-20T17:00:00+00:00,0,-0.14,131,145,3,3,0.592578712574264,0.5913434787520346,0.5796019900497512,0.35114953059617215,0.349687109862558,0.3359384668696319,-0.0014624207336141337
823547,2026-05-20,2026,New York Yankees,Toronto Blue Jays,2026-05-20T17:00:00+00:00,0,0.75,251,176,3,3,0.5660897816199458,0.5747904755268756,0.6092233009708737,0.32045764085451794,0.33038409075641173,0.3711530304458478,0.009926449901893786
823703,2026-05-20,2026,Minnesota Twins,Houston Astros,2026-05-20T17:00:00+00:00,1,0.44,212,168,3,3,0.5305811769635489,0.5351214314199463,0.5725,0.220354031420927,0.21611208352503972,0.18275624999999998,-0.004241947895887277
823866,2026-05-20,2026,Miami Marlins,Atlanta Braves,2026-05-20T17:00:00+00:00,0,0.26,227,201,3,3,0.47717338473882775,0.478662163045381,0.3640661938534279,0.22769443910310933,0.2291174663312829,0.13254419350692176,0.0014230272281735845
824111,2026-05-20,2026,Kansas City Royals,Boston Red Sox,2026-05-20T17:00:00+00:00,0,0.59,204,145,3,3,0.5071926569816048,0.5131375010267536,0.5267175572519084,0.2572443912960598,0.26331009495998153,0.2774313851174174,0.006065703663921729
824273,2026-05-20,2026,Detroit Tigers,Cleveland Guardians,2026-05-20T17:00:00+00:00,0,0.1,163,153,3,3,0.48703493721698204,0.48678688714550933,0.47582697201017815,0.23720303006994964,0.23696147349681485,0.22641130729237485,-0.0002415565731347935
824355,2026-05-20,2026,Colorado Rockies,Texas Rangers,2026-05-20T17:00:00+00:00,0,0.32,252,220,3,3,0.36933648031352845,0.36961558467866223,0.4707379134860051,0.13640943569038538,0.13661568043734934,0.2215941831931576,0.00020624474696395723
824678,2026-05-20,2026,Chicago Cubs,Milwaukee Brewers,2026-05-20T17:00:00+00:00,0,0.35,204,169,3,3,0.4720275789109948,0.47449767803579773,0.5204081632653061,0.2228100352525754,0.22514804646136358,0.27082465639316955,0.002338011208788182
825084,2026-05-20,2026,Arizona Diamondbacks,San Francisco Giants,2026-05-20T17:00:00+00:00,1,-0.27,126,153,3,3,0.5319677682464045,0.5280910406114252,0.547979797979798,0.21905416996025137,0.22269806595120753,0.20432226303438422,0.0036438959909561586
822733,2026-05-21,2026,Washington Nationals,New York Mets,2026-05-21T17:00:00+00:00,0,0.06,229,223,3,3,0.47398877803533124,0.47304097468066014,0.5,0.2246653617034265,0.22376776372682894,0.25,-0.0008975979765975528
823056,2026-05-21,2026,St. Louis Cardinals,Pittsburgh Pirates,2026-05-21T17:00:00+00:00,0,0.56,177,121,2,2,0.4874055000955041,0.49265217529730604,0.4809160305343511,0.23756412152334844,0.24270616582516755,0.23128022842491694,0.00514204430181911
823545,2026-05-21,2026,New York Yankees,Toronto Blue Jays,2026-05-21T17:00:00+00:00,0,0.05,176,171,3,3,0.5685078613658818,0.569061336238471,0.565,0.3232011884348087,0.3238308044015141,0.3192249999999999,0.0006296159667054102
823864,2026-05-21,2026,Miami Marlins,Atlanta Braves,2026-05-21T17:00:00+00:00,0,0.43,228,185,3,3,0.47150374876338064,0.4749169515679598,0.43969849246231163,0.22231578509792116,0.2255461108866039,0.19333476427362953,0.0032303257886827363
824274,2026-05-21,2026,Detroit Tigers,Cleveland Guardians,2026-05-21T17:00:00+00:00,0,0.52,197,145,3,3,0.48188409703310997,0.48655568631748597,0.5355329949238579,0.23221228297341576,0.2367364358878798,0.2867955886521168,0.004524152914464036
825083,2026-05-21,2026,Arizona Diamondbacks,Colorado Rockies,2026-05-21T17:00:00+00:00,1,-1.29,117,246,3,3,0.6341990403072161,0.6208775727803555,0.6382978723404256,0.13381034211216172,0.14373381482091466,0.13082842915346307,0.009923472708752934
822816,2026-05-22,2026,Toronto Blue Jays,Pittsburgh Pirates,2026-05-22T17:00:00+00:00,1,0.36,195,159,3,3,0.5658187370926716,0.5699582235283973,0.597051597051597,0.18851336905980262,0.1849359295108519,0.1623674154386685,-0.003577439548950734
823223,2026-05-22,2026,San Francisco Giants,Chicago White Sox,2026-05-22T17:00:00+00:00,0,0.07,101,94,2,2,0.5359320881399721,0.5361669061747166,0.49109414758269715,0.28722320309807076,0.28747495127696737,0.24117346178997592,0.0002517481788966158
823461,2026-05-22,2026,Philadelphia Phillies,Cleveland Guardians,2026-05-22T17:00:00+00:00,0,-0.31,135,166,2,3,0.49251618005650144,0.4946119467192233,0.6225961538461539,0.24257218761744814,0.2446409778373798,0.38762597078402367,0.002068790219931671
823546,2026-05-22,2026,New York Yankees,Tampa Bay Rays,2026-05-22T17:00:00+00:00,0,0.38,155,117,3,2,0.645546381231068,0.6444030599281398,0.5760598503740648,0.41673013032052736,0.4152553036447498,0.33184495121298996,-0.0014748266757775852
823788,2026-05-22,2026,Milwaukee Brewers,Los Angeles Dodgers,2026-05-22T17:00:00+00:00,1,-0.26,85,111,2,2,0.5317022773548834,0.5279397214785644,0.5025510204081632,0.21930275703460256,0.22284090655773536,0.24745548729695963,0.0035381495231328053
823863,2026-05-22,2026,Miami Marlins,New York Mets,2026-05-22T17:00:00+00:00,1,1.17,251,134,3,3,0.5209469866071337,0.534013840673633,0.5076530612244898,0.22949178964078576,0.2171431006837383,0.24240550812161596,-0.012348688957047466
824029,2026-05-22,2026,Los Angeles Angels,Texas Rangers,2026-05-22T17:00:00+00:00,1,0.35,201,166,3,2,0.411333875863519,0.4057988141406283,0.39853300733496333,0.3465278057058669,0.35307504927668354,0.36176254326552326,0.006547243570816652
824110,2026-05-22,2026,Kansas City Royals,Seattle Mariners,2026-05-22T17:00:00+00:00,0,0.48,193,145,2,2,0.5281582212967904,0.5331350013499614,0.4783715012722647,0.27895110672338935,0.2842329296644233,0.22883929322948032,0.0052818229410339645
824679,2026-05-22,2026,Chicago Cubs,Houston Astros,2026-05-22T17:00:00+00:00,0,0.8,164,84,2,2,0.5803389657464446,0.5897816738943435,0.5664160401002506,0.336793315163653,0.3478424228616138,0.32082713048284867,0.011049107697960803
824761,2026-05-22,2026,Boston Red Sox,Minnesota Twins,2026-05-22T17:00:00+00:00,0,0.14,95,81,2,2,0.6131285211797348,0.6154343005192126,0.5785536159600998,0.3759265834840485,0.37875937825557243,0.3347242865405066,0.0028327947715239277
824842,2026-05-22,2026,Baltimore Orioles,Detroit Tigers,2026-05-22T17:00:00+00:00,1,-0.65,109,174,2,3,0.4905394351501478,0.48854410239671553,0.5591939546599496,0.2595500671371305,0.2615871351931814,0.19430996960833458,0.0020370680560508614
824922,2026-05-22,2026,Atlanta Braves,Washington Nationals,2026-05-22T17:00:00+00:00,1,-0.22,128,150,3,3,0.660158826822224,0.6592709162110035,0.6574712643678161,0.1154920229868471,0.11609630853968897,0.11732593473378253,0.0006042855528418656
825082,2026-05-22,2026,Arizona Diamondbacks,Colorado Rockies,2026-05-22T17:00:00+00:00,0,-1.64,104,268,3,3,0.6356384528586169,0.6184278786859615,0.6519721577726217,0.4040362427524961,0.3824530411360183,0.4250676945106884,-0.02158320161647781
822814,2026-05-23,2026,Toronto Blue Jays,Pittsburgh Pirates,2026-05-23T17:00:00+00:00,1,0.17,192,175,3,3,0.5698122962156128,0.5717911767980817,0.41791044776119407,0.18506146048728367,0.18336279626797175,0.3388282468255735,-0.0016986642193119184
823222,2026-05-23,2026,San Francisco Giants,Chicago White Sox,2026-05-23T17:00:00+00:00,1,0.53,136,83,2,2,0.5337445839223527,0.5394029621244361,0.5089058524173028,0.21739411302174003,0.21214963129974368,0.24117346178997598,-0.005244481721996347
823458,2026-05-23,2026,Philadelphia Phillies,Cleveland Guardians,2026-05-23T17:00:00+00:00,1,-0.05,97,102,2,3,0.5212576548362251,0.5198104939040463,0.6244019138755981,0.22919423305291098,0.23058196176467594,0.14107392230031365,0.0013877287117649573
823787,2026-05-23,2026,Milwaukee Brewers,Los Angeles Dodgers,2026-05-23T17:00:00+00:00,0,0.45,120,75,2,2,0.5343083565705771,0.5390265361567073,0.48600508905852424,0.28548541990115095,0.290549606681098,0.23620094659078408,0.0050641867799470774
823862,2026-05-23,2026,Miami Marlins,New York Mets,2026-05-23T17:00:00+00:00,1,-0.27,172,199,3,3,0.5182124821419664,0.5140887705257438,0.5204081632653061,0.2321192123638051,0.2361097229291833,0.23000832986255726,0.003990510565378219
824030,2026-05-23,2026,Los Angeles Angels,Texas Rangers,2026-05-23T17:00:00+00:00,1,0.48,174,126,3,2,0.39265201618000933,0.39516801836013365,0.43969849246231163,0.36887157345020766,0.3658217260144077,0.31393777934900624,-0.003049847435799946
824109,2026-05-23,2026,Kansas City Royals,Seattle Mariners,2026-05-23T17:00:00+00:00,1,-0.32,113,145,2,2,0.5307385310801764,0.5262443790867446,0.46700507614213205,0.22020632621279054,0.22444438834690417,0.28408358885825447,0.004238062134113624
824516,2026-05-23,2026,Cincinnati Reds,St. Louis Cardinals,2026-05-23T17:00:00+00:00,1,-0.79,50,129,1,2,0.5350511426782777,0.5321637742382667,0.5025510204081632,0.21617743992477528,0.21887073413498354,0.24745548729695963,0.0026932942102082524
824518,2026-05-23,2026,Cincinnati Reds,St. Louis Cardinals,2026-05-23T17:00:00+00:00,0,-0.79,50,129,1,2,0.5350511426782777,0.5321637742382667,0.5025510204081632,0.28627972528133067,0.28319828261151686,0.2525575281132861,-0.0030814426698138053
824674,2026-05-23,2026,Chicago Cubs,Houston Astros,2026-05-23T17:00:00+00:00,0,0.91,171,80,2,2,0.5825188019710436,0.5932520993762949,0.5891089108910892,0.33932815464977983,0.35194805341438123,0.34704930889128527,0.0126198987646014
824760,2026-05-23,2026,Boston Red Sox,Minnesota Twins,2026-05-23T17:00:00+00:00,0,-0.02,114,116,2,2,0.6064097566991411,0.606793142417163,0.5355329949238579,0.3677327930199115,0.36819791768449545,0.2867955886521168,0.00046512466458392687
824920,2026-05-23,2026,Atlanta Braves,Washington Nationals,2026-05-23T17:00:00+00:00,0,-1.18,145,263,3,3,0.6641446656747187,0.6530189073780244,0.6039119804400979,0.4410881369441839,0.42643369339318876,0.36470968011908117,-0.014654443550995155
825080,2026-05-23,2026,Arizona Diamondbacks,Colorado Rockies,2026-05-23T17:00:00+00:00,1,-0.24,152,176,3,3,0.6333899824388464,0.6317800756891123,0.6244019138755981,0.13440290497618937,0.13558591265951586,0.14107392230031365,0.0011830076833264924
823220,2026-05-24,2026,San Francisco Giants,Chicago White Sox,2026-05-24T17:00:00+00:00,1,-0.23,165,188,2,2,0.5404163762114881,0.5371688413581006,0.5216284987277354,0.21121710725458046,0.21421268140980304,0.22883929322948024,0.0029955741552225856
823459,2026-05-24,2026,Philadelphia Phillies,Cleveland Guardians,2026-05-24T17:00:00+00:00,0,-0.68,62,130,2,3,0.5231327084452656,0.5142083185221803,0.48600508905852424,0.2736678306452793,0.264410194837408,0.23620094659078408,-0.009257635807871256
823544,2026-05-24,2026,New York Yankees,Tampa Bay Rays,2026-05-24T17:00:00+00:00,1,0.61,113,52,2,1,0.6170252970215259,0.6246648315141043,0.5603015075376885,0.1466696231214505,0.14087648870233568,0.19333476427362942,-0.005793134419114804
823786,2026-05-24,2026,Milwaukee Brewers,Los Angeles Dodgers,2026-05-24T17:00:00+00:00,0,0.98,197,99,2,2,0.5273045029862995,0.5382060293578935,0.4193548387096774,0.2780500388696283,0.28966573003718976,0.17585848074921953,0.011615691167561448
823861,2026-05-24,2026,Miami Marlins,New York Mets,2026-05-24T17:00:00+00:00,1,-0.09,148,157,3,3,0.5190255014159775,0.5170625441483608,0.5417721518987342,0.23133646828815188,0.23322858626445392,0.20997276077551674,0.001892117976302038
824028,2026-05-24,2026,Los Angeles Angels,Texas Rangers,2026-05-24T17:00:00+00:00,1,0.82,182,100,3,2,0.39298079406876535,0.3993907577614084,0.5190839694656489,0.3684723163693867,0.36073146186241517,0.23128022842491688,-0.0077408545069715395
824108,2026-05-24,2026,Kansas City Royals,Seattle Mariners,2026-05-24T17:00:00+00:00,1,-0.61,42,103,2,2,0.5369211259037019,0.5290920922526574,0.47582697201017815,0.21444204363429512,0.2217542575789797,0.2747573632720185,0.007312213944684592
824676,2026-05-24,2026,Chicago Cubs,Houston Astros,2026-05-24T17:00:00+00:00,0,0.11,107,96,2,2,0.5812039107213496,0.582667297287398,0.6004901960784313,0.33779798583779047,0.339501179328201,0.3605884755863129,0.0017031934904105372
824759,2026-05-24,2026,Boston Red Sox,Minnesota Twins,2026-05-24T17:00:00+00:00,0,0.43,196,153,2,2,0.6036720002765643,0.609136379552201,0.608272506082725,0.36441988391790825,0.3710471288939631,0.3699954416561587,0.006627244976054825
824840,2026-05-24,2026,Baltimore Orioles,Detroit Tigers,2026-05-24T17:00:00+00:00,0,-0.37,108,145,1,2,0.5208513283695697,0.5155821875487248,0.5392405063291139,0.27128610626434535,0.2658249921175284,0.29078032366607914,-0.005461114146816937
824921,2026-05-24,2026,Atlanta Braves,Washington Nationals,2026-05-24T17:00:00+00:00,0,-1.04,161,265,3,3,0.6626795135432664,0.6530211537711141,0.6004901960784313,0.43914413766994015,0.4264366272725571,0.3605884755863129,-0.012707510397383048
825081,2026-05-24,2026,Arizona Diamondbacks,Colorado Rockies,2026-05-24T17:00:00+00:00,1,-0.04,164,168,3,3,0.6348126388123483,0.635444771422517,0.6431924882629109,0.13336180877120038,0.1329005146831809,0.127311600432013,-0.0004612940880194816
822812,2026-05-25,2026,Toronto Blue Jays,Miami Marlins,2026-05-25T17:00:00+00:00,0,0.02,160,158,3,3,0.6047712436425615,0.6055832355762107,0.5925925925925927,0.3657482571369705,0.36673105521095234,0.3511659807956105,0.0009827980739818276
822899,2026-05-25,2026,Texas Rangers,Houston Astros,2026-05-25T17:00:00+00:00,0,-0.09,151,160,3,3,0.6234345097238566,0.6233174772445427,0.5253807106598984,0.38867058791462544,0.388524677438501,0.27602489113349993,-0.00014591047612444452
823219,2026-05-25,2026,San Francisco Giants,Arizona Diamondbacks,2026-05-25T17:00:00+00:00,0,0.93,230,137,3,3,0.5465067709882763,0.5570760758300313,0.547979797979798,0.29866965073603224,0.31033375426218673,0.30028185899398024,0.01166410352615449
823296,2026-05-25,2026,San Diego Padres,Philadelphia Phillies,2026-05-25T17:00:00+00:00,0,1.03,202,99,3,3,0.5572923299253021,0.5691643439946141,0.4783715012722647,0.31057474099357174,0.32394805047481945,0.22883929322948032,0.013373309481247708
823380,2026-05-25,2026,Pittsburgh Pirates,Chicago Cubs,2026-05-25T17:00:00+00:00,1,0.06,155,149,3,3,0.5435867970118601,0.5438341088860632,0.46954314720812185,0.20831301186189302,0.20808732021577203,0.2813844726738643,-0.00022569164612099013
823625,2026-05-25,2026,New York Mets,Cincinnati Reds,2026-05-25T17:00:00+00:00,0,-0.47,151,198,3,2,0.5905022681485219,0.5784586512748895,0.5796019900497512,0.3486929286885489,0.3346144112347642,0.3359384668696319,-0.014078517453784689
823784,2026-05-25,2026,Milwaukee Brewers,St. Louis Cardinals,2026-05-25T17:00:00+00:00,1,1.48,275,127,3,2,0.6874175332652139,0.6982216240688639,0.6651480637813212,0.09770779851000364,0.09107018817963411,0.11212581918939814,-0.0066376103303695255
823948,2026-05-25,2026,Los Angeles Dodgers,Colorado Rockies,2026-05-25T17:00:00+00:00,1,-0.4,130,170,3,3,0.7382526668143671,0.7370656712235688,0.7386138613861386,0.06851166642979073,0.0691344612491124,0.06832271345946477,0.0006227948193216759
824107,2026-05-25,2026,Kansas City Royals,New York Yankees,2026-05-25T17:00:00+00:00,0,0.03,93,90,3,2,0.4761060447655821,0.4748370669888298,0.4582278481012658,0.22667696586232647,0.22547024018655445,0.20997276077551674,-0.0012067256757720135
824437,2026-05-25,2026,Cleveland Guardians,Washington Nationals,2026-05-25T17:00:00+00:00,0,-1.5,126,276,3,3,0.6472237062645201,0.6319999388910172,0.6116504854368933,0.41889852595078175,0.3994239227582495,0.37411631633518716,-0.019474603192532247
824598,2026-05-25,2026,Chicago White Sox,Minnesota Twins,2026-05-25T17:00:00+00:00,1,0.64,273,209,3,3,0.570939697877427,0.5784180830639297,0.5076530612244898,0.1840927428575136,0.17773131268749165,0.24240550812161596,-0.006361430170021942
824838,2026-05-25,2026,Baltimore Orioles,Tampa Bay Rays,2026-05-25T17:00:00+00:00,1,1.29,195,66,3,2,0.5176224180101429,0.532067906144206,0.49489795918367346,0.23268813160638135,0.21896044446026763,0.25512807163681794,-0.01372768714611372
822811,2026-05-26,2026,Toronto Blue Jays,Miami Marlins,2026-05-26T17:00:00+00:00,1,-0.07,169,176,3,3,0.5993052807835074,0.5989951767132079,0.5628140703517588,0.16055625800798382,0.16080486829927135,0.1911315370823969,0.0002486102912875321
822898,2026-05-26,2026,Texas Rangers,Houston Astros,2026-05-26T17:00:00+00:00,1,-0.01,142,143,3,3,0.6126727474624309,0.6132745589398332,0.5491183879093199,0.1500224005583018,0.14955656676318055,0.20329422812149053,-0.00046583379512124545
823216,2026-05-26,2026,San Francisco Giants,Arizona Diamondbacks,2026-05-26T17:00:00+00:00,0,1.06,192,86,3,3,0.5465237658212385,0.5586242131150397,0.5051020408163266,0.29868822660742794,0.3120610114783973,0.25512807163681805,0.013372784870969379
823294,2026-05-26,2026,San Diego Padres,Philadelphia Phillies,2026-05-26T17:00:00+00:00,0,0.39,177,138,3,3,0.5554688576805128,0.5598050514524971,0.5076530612244898,0.3085456518528938,0.31338169563173296,0.2577116305705956,0.004836043778839172
823379,2026-05-26,2026,Pittsburgh Pirates,Chicago Cubs,2026-05-26T17:00:00+00:00,1,0.23,139,116,3,3,0.5343417573711178,0.5364494791752779,0.5591939546599496,0.21683759892821894,0.21487908535687117,0.19430996960833458,-0.0019585135713477697
823624,2026-05-26,2026,New York Mets,Cincinnati Reds,2026-05-26T17:00:00+00:00,0,-0.98,154,252,3,3,0.5589323288089993,0.5471692426126695,0.4607594936708861,0.3124053481878514,0.2993941800613224,0.21229931100785132,-0.013011168126528971
823785,2026-05-26,2026,Milwaukee Brewers,St. Louis Cardinals,2026-05-26T17:00:00+00:00,1,0.17,203,186,3,3,0.6638214953874126,0.6671488667328659,0.6244019138755981,0.11301598696355541,0.11078987691721548,0.14107392230031365,-0.0022261100463399353
823949,2026-05-26,2026,Los Angeles Dodgers,Colorado Rockies,2026-05-26T17:00:00+00:00,1,-0.5,142,192,3,3,0.737880778607413,0.7357590806737966,0.6741573033707866,0.06870648622345606,0.06982326344635714,0.10617346294659759,0.0011167772229010858
824106,2026-05-26,2026,Kansas City Royals,New York Yankees,2026-05-26T17:00:00+00:00,0,-0.06,73,79,3,2,0.4773381910059186,0.4750184192513992,0.35597189695550346,0.22785174859280286,0.22564249862809807,0.12671599142209958,-0.0022092499647047847
824275,2026-05-26,2026,Detroit Tigers,Los Angeles Angels,2026-05-26T17:00:00+00:00,0,0.26,124,98,2,2,0.6041680172844603,0.6077051729812833,0.5516372795969774,0.365018993109436,0.3693055772682115,0.30430368824115384,0.0042865841587755305
824434,2026-05-26,2026,Cleveland Guardians,Washington Nationals,2026-05-26T17:00:00+00:00,0,0.07,226,219,3,3,0.6392221956692453,0.6411358888311101,0.5541561712846348,0.40860501543621097,0.4110552279472575,0.3070890621728455,0.0024502125110465456
824597,2026-05-26,2026,Chicago White Sox,Minnesota Twins,2026-05-26T17:00:00+00:00,0,1.01,275,174,3,3,0.570470354636836,0.5822458710580788,0.4872448979591837,0.3254364255194775,0.3390102543641809,0.23740759058725533,0.013573828844703428
824758,2026-05-26,2026,Boston Red Sox,Atlanta Braves,2026-05-26T17:00:00+00:00,0,1.33,226,93,2,2,0.5022669500742456,0.5169558703172495,0.5025510204081632,0.2522720891368847,0.26724337185546493,0.2525575281132861,0.014971282718580226
824837,2026-05-26,2026,Baltimore Orioles,Tampa Bay Rays,2026-05-26T17:00:00+00:00,1,0.6,195,135,3,2,0.5147014547746254,0.5208895079319411,0.4872448979591837,0.235514677997865,0.22954686360969753,0.2629177946688879,-0.005967814388167458
822809,2026-05-27,2026,Toronto Blue Jays,Miami Marlins,2026-05-27T17:00:00+00:00,1,0.47,226,179,3,3,0.6045494599799914,0.6104788066348139,0.5831265508684863,0.1563811296021164,0.1517267600806387,0.17378347259080473,-0.004654369521477686
822897,2026-05-27,2026,Texas Rangers,Houston Astros,2026-05-27T17:00:00+00:00,0,0.21,147,126,3,3,0.6177140682957019,0.6208750034552083,0.5675,0.381570670170427,0.38548576991550493,0.32205625,0.003915099745077921
823217,2026-05-27,2026,San Francisco Giants,Arizona Diamondbacks,2026-05-27T17:00:00+00:00,0,1.01,194,93,3,3,0.5469032916254287,0.5584196984125404,0.4783715012722647,0.29910321039072874,0.31183255957515255,0.22883929322948032,0.01272934918442381
823295,2026-05-27,2026,San Diego Padres,Philadelphia Phillies,2026-05-27T17:00:00+00:00,0,0.49,185,136,3,3,0.5558879606001912,0.5614064568935152,0.43609022556390975,0.30901142474023974,0.31517720984173037,0.19017468483238167,0.006165785101490628
823376,2026-05-27,2026,Pittsburgh Pirates,Chicago Cubs,2026-05-27T17:00:00+00:00,0,0.02,154,152,3,3,0.5425919872128511,0.5423482838846645,0.5355329949238579,0.2944060645875907,0.2941416610326406,0.2867955886521168,-0.00026440355495011003
823626,2026-05-27,2026,New York Mets,Cincinnati Reds,2026-05-27T17:00:00+00:00,1,1.25,226,101,3,2,0.5541333285151022,0.5685484556160353,0.5216284987277354,0.19879708874102175,0.18615043515130827,0.22883929322948024,-0.01264665358971348
823783,2026-05-27,2026,Milwaukee Brewers,St. Louis Cardinals,2026-05-27T17:00:00+00:00,1,0.25,143,118,3,2,0.6645244625386638,0.6687071124303835,0.6125907990314771,0.11254383623497237,0.10975497735421456,0.1500858889950694,-0.002788858880757805
823947,2026-05-27,2026,Los Angeles Dodgers,Colorado Rockies,2026-05-27T17:00:00+00:00,1,-0.8,127,207,3,3,0.7444646565007788,0.7397424434953691,0.7743682310469315,0.065298311777265,0.06773399571776115,0.050909695160890875,0.0024356839404961472
824104,2026-05-27,2026,Kansas City Royals,New York Yankees,2026-05-27T17:00:00+00:00,0,1.16,239,123,3,3,0.4685204755641886,0.48057352531662256,0.4158415841584158,0.2195114360228934,0.23095091323524647,0.17292422311538083,0.011439477212353055
824270,2026-05-27,2026,Detroit Tigers,Los Angeles Angels,2026-05-27T17:00:00+00:00,1,0.79,195,116,3,2,0.6022294077392668,0.6117661161582905,0.5076530612244898,0.15822144406745445,0.150725548562818,0.24240550812161596,-0.007495895504636446
824432,2026-05-27,2026,Cleveland Guardians,Washington Nationals,2026-05-27T17:00:00+00:00,1,0.56,264,208,3,3,0.6378749045768299,0.645142466791765,0.6159420289855072,0.13113458473524003,0.1259238688746336,0.147500525099769,-0.005210715860606424
824596,2026-05-27,2026,Chicago White Sox,Minnesota Twins,2026-05-27T17:00:00+00:00,1,0.6,203,143,3,3,0.5712408904915389,0.5782573749308975,0.5,0.18383437398648853,0.1778668418001776,0.25,-0.0059675321863109365
824756,2026-05-27,2026,Boston Red Sox,Atlanta Braves,2026-05-27T17:00:00+00:00,1,0.41,164,123,2,2,0.4989165243212202,0.5025729640487596,0.5165394402035622,0.2510846495983264,0.2474336560952366,0.23373411287868498,-0.0036509935030897833
824836,2026-05-27,2026,Baltimore Orioles,Tampa Bay Rays,2026-05-27T17:00:00+00:00,1,-0.16,213,229,4,3,0.5163520729392089,0.5135075137661824,0.49744897959183665,0.23391531735020027,0.2366749391619612,0.25255752811328624,0.002759621811760926
822896,2026-05-28,2026,Texas Rangers,Houston Astros,2026-05-28T17:00:00+00:00,0,0.58,155,97,3,3,0.6139627507839965,0.6212365732038017,0.5468354430379747,0.37695025935025184,0.3859348798860024,0.2990290017625381,0.008984620535750554
823378,2026-05-28,2026,Pittsburgh Pirates,Chicago Cubs,2026-05-28T17:00:00+00:00,0,0.05,186,181,3,3,0.5379496081485292,0.5379816437129076,0.6039119804400979,0.2893897809071561,0.28942424897204183,0.36470968011908117,3.446806488571763e-05
824272,2026-05-28,2026,Detroit Tigers,Los Angeles Angels,2026-05-28T17:00:00+00:00,0,0.08,137,129,2,2,0.6068545116878012,0.6083835131943429,0.5505050505050506,0.3682723983558397,0.3701304991266912,0.30305581063156833,0.001858100770851523
824595,2026-05-28,2026,Chicago White Sox,Minnesota Twins,2026-05-28T17:00:00+00:00,1,-0.12,151,163,3,3,0.5812510507594462,0.5800426064405716,0.6039119804400979,0.17535068249006794,0.17636421240522865,0.15688571923888542,0.0010135299151607102
824757,2026-05-28,2026,Boston Red Sox,Atlanta Braves,2026-05-28T17:00:00+00:00,0,-0.43,95,138,2,2,0.5100696162875565,0.5038928589467733,0.4408060453400503,0.26017101345973515,0.25390801329755275,0.1943099696083345,-0.006263000162182397
824834,2026-05-28,2026,Baltimore Orioles,Toronto Blue Jays,2026-05-28T17:00:00+00:00,0,-0.42,179,221,3,3,0.46151483127034243,0.45466802650046817,0.5417721518987342,0.21299593948249265,0.20672301432183043,0.2935170645729851,-0.006272925160662218
822732,2026-05-29,2026,Washington Nationals,San Diego Padres,2026-05-29T17:00:00+00:00,0,0.48,159,111,2,2,0.4447676660158223,0.4482834907086565,0.5204081632653061,0.19781827673316205,0.2009580880419381,0.27082465639316955,0.0031398113087760526
822894,2026-05-29,2026,Texas Rangers,Kansas City Royals,2026-05-29T17:00:00+00:00,1,-1.18,127,245,3,2,0.6257189521481324,0.6065769933850622,0.5417721518987342,0.14008630278109196,0.15478166213393738,0.20997276077551674,0.01469535935284541
822978,2026-05-29,2026,Tampa Bay Rays,Los Angeles Angels,2026-05-29T17:00:00+00:00,1,-0.26,168,194,2,3,0.5786641130567701,0.5827413982096183,0.5945945945945945,0.1775239296262382,0.1741047407680643,0.16435354273192118,-0.0034191888581739105
823055,2026-05-29,2026,St. Louis Cardinals,Chicago Cubs,2026-05-29T17:00:00+00:00,1,-1.33,74,207,2,3,0.4630342617635944,0.45252298518859196,0.4593908629441624,0.28833220403976806,0.29973108174681073,0.2922582390682574,0.011398877707042676
823135,2026-05-29,2026,Seattle Mariners,Arizona Diamondbacks,2026-05-29T17:00:00+00:00,1,-0.06,89,95,2,2,0.555846091718387,0.5548878879627979,0.5639097744360902,0.19727269424183155,0.1981247922822188,0.19017468483238167,0.0008520980403872447
823377,2026-05-29,2026,Pittsburgh Pirates,Minnesota Twins,2026-05-29T17:00:00+00:00,1,0.02,209,207,3,3,0.5819725096891143,0.5824036339241175,0.5541561712846348,0.17474698265561764,0.17438672495978244,0.1987767196035759,-0.00036025769583519773
823623,2026-05-29,2026,New York Mets,Miami Marlins,2026-05-29T17:00:00+00:00,1,1.49,242,93,2,2,0.5641971790064897,0.5814968288456487,0.5139949109414759,0.18992409878590158,0.17514490426624826,0.23620094659078397,-0.014779194519653316
823946,2026-05-29,2026,Los Angeles Dodgers,Philadelphia Phillies,2026-05-29T17:00:00+00:00,1,0.1,94,84,2,2,0.6255433176342546,0.6275854437033408,0.5216284987277354,0.14021780696836073,0.13869260174163756,0.22883929322948024,-0.0015252052267231697
824191,2026-05-29,2026,Houston Astros,Milwaukee Brewers,2026-05-29T17:00:00+00:00,0,0.02,116,114,3,2,0.46241057242824335,0.453700761986825,0.47328244274809167,0.21382353749341568,0.20584438142742564,0.22399627061360067,-0.007979156065990034
824353,2026-05-29,2026,Colorado Rockies,San Francisco Giants,2026-05-29T17:00:00+00:00,1,0.27,123,96,2,2,0.4318981255794444,0.43270807559468283,0.4158415841584158,0.32273973972014874,0.3218201274954881,0.34124105479854927,-0.0009196122246606375
824433,2026-05-29,2026,Cleveland Guardians,Boston Red Sox,2026-05-29T17:00:00+00:00,1,-0.4,141,181,2,3,0.5320423342175437,0.5337376041792357,0.5417721518987342,0.2189843769645651,0.2174006217565191,0.20997276077551674,-0.0015837552080459893
824515,2026-05-29,2026,Cincinnati Reds,Atlanta Braves,2026-05-29T17:00:00+00:00,0,-0.97,92,189,2,3,0.43298456839092786,0.42630663219656095,0.44332493702770776,0.18747563646467807,0.1817373446547739,0.19653699979062106,-0.005738291809904178
824594,2026-05-29,2026,Chicago White Sox,Detroit Tigers,2026-05-29T17:00:00+00:00,1,-0.51,148,199,3,3,0.5722230350500412,0.5662843592761393,0.48469387755102045,0.18299313174179824,0.18810925700850903,0.2655403998334027,0.0051161252667107915
824835,2026-05-29,2026,Baltimore Orioles,Toronto Blue Jays,2026-05-29T17:00:00+00:00,0,-1.04,129,233,3,3,0.4602048058594284,0.44601325503199024,0.5139949109414759,0.2117884633361142,0.19892782366423117,0.2641907684737357,-0.012860639671883028
822731,2026-05-30,2026,Washington Nationals,San Diego Padres,2026-05-30T17:00:00+00:00,1,1.3,270,140,2,2,0.4433019872882925,0.45648609990701733,0.46446700507614214,0.30991267735716443,0.2954073595942848,0.2867955886521168,-0.01450531776287961
822893,2026-05-30,2026,Texas Rangers,Kansas City Royals,2026-05-30T17:00:00+00:00,1,-0.09,131,140,3,2,0.6070039255069479,0.6066000524925932,0.5228426395939086,0.15444591456694853,0.15476351869883043,0.22767914658970856,0.0003176041318818934
822975,2026-05-30,2026,Tampa Bay Rays,Los Angeles Angels,2026-05-30T17:00:00+00:00,0,-0.2,129,149,2,3,0.6050907334866614,0.6033970711005812,0.6014669926650367,0.36613479575142593,0.3640880254127598,0.36176254326552326,-0.0020467703386661262
823054,2026-05-30,2026,St. Louis Cardinals,Chicago Cubs,2026-05-30T17:00:00+00:00,0,-0.86,94,180,2,3,0.49226186677448125,0.48065390456993207,0.4494949494949495,0.2423217454802971,0.23102817597832137,0.2020457096214672,-0.011293569501975742
823132,2026-05-30,2026,Seattle Mariners,Arizona Diamondbacks,2026-05-30T17:00:00+00:00,1,0.26,141,115,2,2,0.5571883190808014,0.5600217179307639,0.5771144278606966,0.19608218475848618,0.19358088869259624,0.17883220712358602,-0.0025012960658899464
823375,2026-05-30,2026,Pittsburgh Pirates,Minnesota Twins,2026-05-30T17:00:00+00:00,1,-0.15,223,238,3,3,0.5859965962435911,0.5845258291501292,0.5541561712846348,0.1713988183218921,0.17261878664338764,0.1987767196035759,0.0012199683214955404
823622,2026-05-30,2026,New York Mets,Miami Marlins,2026-05-30T17:00:00+00:00,1,1.22,220,98,2,2,0.5698281590030639,0.5840352285615215,0.5417721518987342,0.18504781278669324,0.1730266910778657,0.20997276077551674,-0.012021121708827548
823945,2026-05-30,2026,Los Angeles Dodgers,Philadelphia Phillies,2026-05-30T17:00:00+00:00,0,0.05,68,63,2,2,0.6277625579401429,0.629281052914125,0.5392405063291139,0.39408582915155127,0.3959946435567097,0.29078032366607914,0.0019088144051584433
824190,2026-05-30,2026,Houston Astros,Milwaukee Brewers,2026-05-30T17:00:00+00:00,1,-0.02,162,164,3,2,0.43651632314122735,0.4340036032161153,0.4885496183206107,0.31751385408628174,0.3203519211723406,0.261581492919993,0.002838067086058882
824352,2026-05-30,2026,Colorado Rockies,San Francisco Giants,2026-05-30T17:00:00+00:00,1,0.42,141,99,2,2,0.4323050960051228,0.4348814660672343,0.48979591836734687,0.32227750402175287,0.3193589573943184,0.26030820491461903,-0.0029185466274344596
824431,2026-05-30,2026,Cleveland Guardians,Boston Red Sox,2026-05-30T17:00:00+00:00,0,-0.8,103,183,2,3,0.562766378160818,0.5532148008046929,0.5380710659898477,0.3167059963882448,0.30604661582937603,0.289520472055451,-0.01065938055886878
824513,2026-05-30,2026,Cincinnati Reds,Atlanta Braves,2026-05-30T17:00:00+00:00,0,-0.8,103,183,2,3,0.4568712388761364,0.4454700064372365,0.4545454545454545,0.20873132891221569,0.19844352663519152,0.2066115702479338,-0.010287802277024166
824593,2026-05-30,2026,Chicago White Sox,Detroit Tigers,2026-05-30T17:00:00+00:00,1,0.42,204,162,3,3,0.5730367326397882,0.5779813399340207,0.48979591836734687,0.18229763167490773,0.1780997494438846,0.26030820491461903,-0.004197882231023131
824833,2026-05-30,2026,Baltimore Orioles,Toronto Blue Jays,2026-05-30T17:00:00+00:00,1,-0.9,152,242,3,3,0.46589466352697356,0.45342802752789807,0.46700507614213205,0.28526851044896473,0.2987409210920441,0.28408358885825447,0.013472410643079358
822729,2026-05-31,2026,Washington Nationals,San Diego Padres,2026-05-31T17:00:00+00:00,1,1.09,242,133,2,2,0.45013203654465805,0.4609761433625772,0.49489795918367346,0.30235477723452525,0.29054671802428095,0.25512807163681794,-0.011808059210244304
822895,2026-05-31,2026,Texas Rangers,Kansas City Royals,2026-05-31T17:00:00+00:00,1,0.22,139,117,3,2,0.6090625711494984,0.6122144754679602,0.5051020408163266,0.15283207327624104,0.15037761303658928,0.24492399000416487,-0.0024544602396517623
822976,2026-05-31,2026,Tampa Bay Rays,Los Angeles Angels,2026-05-31T17:00:00+00:00,1,-0.25,168,193,2,3,0.5979201059103092,0.595517402433808,0.6496519721577726,0.16166824123117698,0.16360617173389402,0.12274374061293815,0.001937930502717039
823053,2026-05-31,2026,St. Louis Cardinals,Chicago Cubs,2026-05-31T17:00:00+00:00,1,0.23,164,141,2,3,0.48384301367122956,0.4850903326320205,0.5216284987277354,0.26641803453599855,0.2651319655490033,0.22883929322948024,-0.0012860689869952369
823133,2026-05-31,2026,Seattle Mariners,Arizona Diamondbacks,2026-05-31T17:00:00+00:00,1,0.27,140,113,2,2,0.5576493109354959,0.5606076177820267,0.5614035087719298,0.19567413211584161,0.1930656655511855,0.19236688211757466,-0.0026084665646561034
823373,2026-05-31,2026,Pittsburgh Pirates,Minnesota Twins,2026-05-31T17:00:00+00:00,1,-0.04,224,228,3,3,0.5863221244648422,0.5861318931971953,0.6048780487804878,0.17112938470728148,0.17128680982853778,0.15612135633551458,0.00015742512125629937
823621,2026-05-31,2026,New York Mets,Miami Marlins,2026-05-31T17:00:00+00:00,1,0.29,118,89,2,2,0.5786514088549141,0.5821653226344278,0.5771144278606966,0.17753463525994878,0.17458581760919184,0.17883220712358602,-0.002948817650756941
823944,2026-05-31,2026,Los Angeles Dodgers,Philadelphia Phillies,2026-05-31T17:00:00+00:00,1,-0.04,81,85,2,2,0.6285765597077846,0.6291055885715753,0.680709534368071,0.1379553719985049,0.13756266442883758,0.10194640144345402,-0.0003927075696673332
824187,2026-05-31,2026,Houston Astros,Milwaukee Brewers,2026-05-31T17:00:00+00:00,0,-0.03,177,180,3,2,0.43541012555853137,0.4327626740258041,0.35597189695550346,0.18958197743889604,0.18728353202996437,0.12671599142209958,-0.0022984454089316764
824354,2026-05-31,2026,Colorado Rockies,San Francisco Giants,2026-05-31T17:00:00+00:00,0,0.0,148,148,2,2,0.4379208040627748,0.43566514419149793,0.49234693877551017,0.19177463063098718,0.18980411786339868,0.24240550812161596,-0.0019705127675885004
824430,2026-05-31,2026,Cleveland Guardians,Boston Red Sox,2026-05-31T17:00:00+00:00,0,-0.16,169,185,2,3,0.5567856425973466,0.5546649711943736,0.5190839694656489,0.3100102518025402,0.3076532302700553,0.26944816735621474,-0.002357021532484904
824512,2026-05-31,2026,Cincinnati Reds,Atlanta Braves,2026-05-31T17:00:00+00:00,1,-0.53,112,165,2,3,0.4545028187141305,0.44625522118717,0.47328244274809167,0.29756717479082884,0.30663328006247004,0.2774313851174173,0.0090661052716412
824592,2026-05-31,2026,Chicago White Sox,Detroit Tigers,2026-05-31T17:00:00+00:00,1,1.01,227,126,3,3,0.5775714732182515,0.5894133890488821,0.5541561712846348,0.1784458602389984,0.16858136509232466,0.1987767196035759,-0.00986449514667373
822730,2026-06-01,2026,Washington Nationals,Miami Marlins,2026-06-01T17:00:00+00:00,0,0.58,287,229,3,3,0.5169469350358284,0.5229332544348478,0.5725,0.267234133642937,0.2734591885938213,0.32775625,0.006225054950884268
822974,2026-06-01,2026,Tampa Bay Rays,Detroit Tigers,2026-06-01T17:00:00+00:00,0,1.19,221,102,3,3,0.5544914979731169,0.5682074641792842,0.597051597051597,0.3074608213244711,0.3228597223490526,0.3564706095418626,0.015398901024581468
823050,2026-06-01,2026,St. Louis Cardinals,Texas Rangers,2026-06-01T17:00:00+00:00,0,0.64,225,161,3,3,0.43870198287362977,0.4439886801881592,0.46954314720812185,0.19245942977725455,0.1971259481352235,0.220470767090108,0.004666518357968941
823131,2026-06-01,2026,Seattle Mariners,New York Mets,2026-06-01T17:00:00+00:00,1,0.42,211,169,3,3,0.540462105776766,0.5449214340446755,0.5367088607594936,0.2111750762271242,0.2070965011919546,0.21463867969876624,-0.00407857503516959
823702,2026-06-01,2026,Minnesota Twins,Chicago White Sox,2026-06-01T17:00:00+00:00,1,-0.27,214,241,3,3,0.4887775630595703,0.4841463780424421,0.582089552238806,0.2613483800313116,0.26610495928673106,0.17464914234796167,0.004756579255419446
823781,2026-06-01,2026,Milwaukee Brewers,San Francisco Giants,2026-06-01T17:00:00+00:00,1,-0.27,205,232,3,3,0.621724262371657,0.6195539794134931,0.568922305764411,0.143092533678267,0.14473917458010882,0.18582797846747193,0.0016466409018418282
824027,2026-06-01,2026,Los Angeles Angels,Colorado Rockies,2026-06-01T17:00:00+00:00,0,-0.61,228,289,3,3,0.5746754567292963,0.5676160641274617,0.6519721577726217,0.3302518805670253,0.32218799625555067,0.4250676945106884,-0.008063884311474645
824510,2026-06-01,2026,Cincinnati Reds,Kansas City Royals,2026-06-01T17:00:00+00:00,0,-0.04,155,159,3,3,0.5441895254846567,0.5432627150484115,0.6225961538461539,0.2961422396472158,0.2951343775617716,0.38762597078402367,-0.0010078620854442333
825078,2026-06-01,2026,Arizona Diamondbacks,Los Angeles Dodgers,2026-06-01T17:00:00+00:00,1,0.24,167,143,3,3,0.41860772540531543,0.4188346627461028,0.4029484029484029,0.3380169769583811,0.33775314922543603,0.3564706095418626,-0.00026382773294508777
822728,2026-06-02,2026,Washington Nationals,Miami Marlins,2026-06-02T17:00:00+00:00,0,-0.13,205,218,3,3,0.5110542041354531,0.5084749598961846,0.5165394402035622,0.2611763995645214,0.25854678484142657,0.26681299328580943,-0.0026296147230948086
822971,2026-06-02,2026,Tampa Bay Rays,Detroit Tigers,2026-06-02T17:00:00+00:00,0,0.44,250,206,3,3,0.553891152699636,0.558792038202367,0.5639097744360902,0.30679540903893143,0.3122485419583556,0.3179942337045622,0.005453132919424175
823052,2026-06-02,2026,St. Louis Cardinals,Texas Rangers,2026-06-02T17:00:00+00:00,0,0.23,194,171,3,3,0.44026205319350287,0.44074897585953965,0.5025510204081632,0.19383067548215874,0.19425965972123307,0.2525575281132861,0.000428984239074337
823129,2026-06-02,2026,Seattle Mariners,New York Mets,2026-06-02T17:00:00+00:00,1,-0.6,171,231,3,3,0.5422324980898275,0.5346257043564542,0.5760598503740648,0.20955108580507975,0.2165732350457264,0.17972525046486032,0.007022149240646647
823460,2026-06-02,2026,Philadelphia Phillies,San Diego Padres,2026-06-02T17:00:00+00:00,1,0.51,150,99,2,2,0.5266638386221868,0.5319733574009534,0.57356608478803,0.22404712166788324,0.21904893818253568,0.18184588404300966,-0.004998183485347557
823541,2026-06-02,2026,New York Yankees,Cleveland Guardians,2026-06-02T17:00:00+00:00,0,-0.88,82,170,2,2,0.5867686144766537,0.5768278171814921,0.6928104575163399,0.3442974069348519,0.3327303306743649,0.47998633004400015,-0.011567076260486975
823700,2026-06-02,2026,Minnesota Twins,Chicago White Sox,2026-06-02T17:00:00+00:00,1,0.17,181,164,3,3,0.488979905064083,0.48960041474438853,0.46446700507614214,0.26114153742831353,0.2605077366291002,0.2867955886521168,-0.0006338007992133243
823782,2026-06-02,2026,Milwaukee Brewers,San Francisco Giants,2026-06-02T17:00:00+00:00,1,-0.79,186,265,3,3,0.6327282962176027,0.6249714604677364,0.6941431670281994,0.13488850439922495,0.14064640546370258,0.0935484022755399,0.005757901064477627
824026,2026-06-02,2026,Los Angeles Angels,Colorado Rockies,2026-06-02T17:00:00+00:00,0,0.24,272,248,3,3,0.5704081578124403,0.5732144103509373,0.597051597051597,0.32536546649898174,0.3285747602339728,0.3564706095418626,0.00320929373499107
824189,2026-06-02,2026,Houston Astros,Pittsburgh Pirates,2026-06-02T17:00:00+00:00,0,-0.38,84,122,2,2,0.5072952131419753,0.5016667485269697,0.5051020408163266,0.2573484332767622,0.2516695265776218,0.25512807163681805,-0.005678906699140396
824511,2026-06-02,2026,Cincinnati Reds,Kansas City Royals,2026-06-02T17:00:00+00:00,1,0.72,230,158,3,3,0.5376444364012394,0.5456128343901385,0.530456852791878,0.21377266719072757,0.20646769627096367,0.2204707670901081,-0.007304970919763898
824754,2026-06-02,2026,Boston Red Sox,Baltimore Orioles,2026-06-02T17:00:00+00:00,0,0.1,105,95,2,2,0.5902111982378623,0.5917041652929548,0.5566750629722922,0.3483492585253732,0.3501138192250324,0.3098871257352055,0.00176456069965919
824918,2026-06-02,2026,Atlanta Braves,Toronto Blue Jays,2026-06-02T17:00:00+00:00,1,-0.52,102,154,2,2,0.5763436952538827,0.5703733395909375,0.5204081632653061,0.179484664551135,0.18457906733424392,0.23000832986255726,0.005094402783108937
825079,2026-06-02,2026,Arizona Diamondbacks,Los Angeles Dodgers,2026-06-02T17:00:00+00:00,0,-0.13,123,136,3,3,0.42406614126905157,0.420078437166191,0.47959183673469385,0.1798320921708232,0.17646589337198945,0.23000832986255726,-0.003366198798833736
822727,2026-06-03,2026,Washington Nationals,Miami Marlins,2026-06-03T17:00:00+00:00,0,-0.36,228,264,3,3,0.512110507195188,0.5068050787199498,0.49109414758269715,0.26225717157971273,0.25685138781633454,0.24117346178997592,-0.005405783763378191
822973,2026-06-03,2026,Tampa Bay Rays,Detroit Tigers,2026-06-03T17:00:00+00:00,0,0.36,247,211,3,3,0.5452945837842385,0.5491198499411554,0.565,0.29734618310442584,0.301532609599397,0.3192249999999999,0.0041864264949711405
823051,2026-06-03,2026,St. Louis Cardinals,Texas Rangers,2026-06-03T17:00:00+00:00,1,0.33,175,142,3,3,0.4435984478396245,0.4453226269493696,0.5178571428571429,0.30958268724647514,0.3076669881743483,0.23246173469387751,-0.001915699072126853
823130,2026-06-03,2026,Seattle Mariners,New York Mets,2026-06-03T17:00:00+00:00,0,-1.4,165,305,3,3,0.547571727850398,0.5305693798869543,0.5725,0.2998347971410703,0.2815038668736272,0.32775625,-0.01833093026744309
823456,2026-06-03,2026,Philadelphia Phillies,San Diego Padres,2026-06-03T17:00:00+00:00,1,0.37,143,106,2,2,0.5252153745828586,0.5288365814771386,0.6597701149425287,0.22542044053249527,0.22199496695414903,0.11575637468622015,-0.0034254735783462442
823540,2026-06-03,2026,New York Yankees,Cleveland Guardians,2026-06-03T17:00:00+00:00,0,0.24,166,142,2,2,0.5817562524631592,0.5847365118188281,0.5806451612903225,0.338440337279979,0.34191678825405053,0.33714880332986463,0.00347645097407151
823701,2026-06-03,2026,Minnesota Twins,Chicago White Sox,2026-06-03T17:00:00+00:00,0,0.14,168,154,3,3,0.4915596820381969,0.4918667060467976,0.5785536159600998,0.24163092100549322,0.2419328565173268,0.3347242865405066,0.0003019355118335787
823780,2026-06-03,2026,Milwaukee Brewers,San Francisco Giants,2026-06-03T17:00:00+00:00,0,-1.28,153,281,3,3,0.6369531943113629,0.6238325695539857,0.5831265508684863,0.4057093717434488,0.3891670748363284,0.34003657432777734,-0.01654229690712039
824024,2026-06-03,2026,Los Angeles Angels,Colorado Rockies,2026-06-03T17:00:00+00:00,1,0.33,277,244,3,3,0.5603109295022176,0.5640156311019815,0.5796019900497512,0.19332647871520384,0.1900823699234035,0.17673448677012948,-0.003244108791800343
824188,2026-06-03,2026,Houston Astros,Pittsburgh Pirates,2026-06-03T17:00:00+00:00,1,0.21,121,100,2,2,0.49916269886240533,0.500436157486241,0.4133663366336633,0.2508380022107896,0.24956403274711175,0.34413905499460845,-0.0012739694636778598
824509,2026-06-03,2026,Cincinnati Reds,Kansas City Royals,2026-06-03T17:00:00+00:00,0,1.09,258,149,3,3,0.5386603564418354,0.5510176798493701,0.5901234567901236,0.29015497960204517,0.30362048350658294,0.3482456942539248,0.013465503904537768
824755,2026-06-03,2026,Boston Red Sox,Baltimore Orioles,2026-06-03T17:00:00+00:00,1,0.67,128,61,2,2,0.5863176490125396,0.5943258614360446,0.5876543209876544,0.1711330875185124,0.1645715066996073,0.17002895900015239,-0.006561580818905094
824917,2026-06-03,2026,Atlanta Braves,Toronto Blue Jays,2026-06-03T17:00:00+00:00,1,-0.35,81,116,2,2,0.5784035639799084,0.5744615874756155,0.568922305764411,0.17774355486484317,0.18108294053377325,0.18582797846747193,0.0033393856689300783
825077,2026-06-03,2026,Arizona Diamondbacks,Los Angeles Dodgers,2026-06-03T17:00:00+00:00,0,-0.37,139,176,3,3,0.422475293746585,0.4156785188403488,0.3672985781990522,0.17848537382626328,0.1727886310253062,0.13490824554704528,-0.005696742800957083
823457,2026-06-04,2026,Philadelphia Phillies,San Diego Padres,2026-06-04T17:00:00+00:00,1,0.08,91,83,2,2,0.5206429526963613,0.520734301065399,0.6582568807339451,0.22978317879966292,0.22969561017527163,0.11678835956569306,-8.756862439129875e-05
823542,2026-06-04,2026,New York Yankees,Cleveland Guardians,2026-06-04T17:00:00+00:00,1,0.19,146,127,2,2,0.5828655457182759,0.5852832367793575,0.6004901960784313,0.1740011529489118,0.1719899936962065,0.15960808342945024,-0.0020111592527053135
823698,2026-06-04,2026,Minnesota Twins,Kansas City Royals,2026-06-04T17:00:00+00:00,0,0.4,186,146,3,3,0.5123023266966694,0.516066712994421,0.48469387755102045,0.262453673938821,0.26632485226086605,0.2349281549354436,0.0038711783220450324
823779,2026-06-04,2026,Milwaukee Brewers,San Francisco Giants,2026-06-04T17:00:00+00:00,0,-0.46,177,223,3,3,0.6308088224872727,0.6266955939433172,0.6367924528301887,0.3979197705277795,0.3927473674679671,0.4055046279814881,-0.005172403059812369
824185,2026-06-04,2026,Houston Astros,Pittsburgh Pirates,2026-06-04T17:00:00+00:00,0,0.48,208,160,2,2,0.5016427235564644,0.5061813146765223,0.5089058524173028,0.2516454220971474,0.25621952332765247,0.2589851666245816,0.004574101230505057
824753,2026-06-04,2026,Boston Red Sox,Baltimore Orioles,2026-06-04T17:00:00+00:00,0,-0.06,112,118,2,2,0.5892409457313472,0.5888701217922945,0.5253807106598984,0.34720489212637246,0.34676802033967175,0.27602489113349993,-0.0004368717867007099
824919,2026-06-04,2026,Atlanta Braves,Toronto Blue Jays,2026-06-04T17:00:00+00:00,0,-0.04,78,82,2,2,0.5757844417311279,0.5754109255393768,0.6928104575163399,0.3315277233396266,0.33109773323008224,0.47998633004400015,-0.0004299901095443648
825076,2026-06-04,2026,Arizona Diamondbacks,Los Angeles Dodgers,2026-06-04T17:00:00+00:00,1,0.26,184,158,3,3,0.4156845598249808,0.4160927814122041,0.44584382871536526,0.3414245336269265,0.34094763991893595,0.3070890621728455,-0.0004768937079905333
822810,2026-06-05,2026,Toronto Blue Jays,Baltimore Orioles,2026-06-05T17:00:00+00:00,0,0.39,197,158,3,3,0.6165047645630889,0.6216721820816908,0.5796019900497512,0.38007812472898966,0.38647630197421096,0.3359384668696319,0.006398177245221293
822892,2026-06-05,2026,Texas Rangers,Cleveland Guardians,2026-06-05T17:00:00+00:00,1,-0.87,82,169,2,3,0.5327010185177473,0.5288197890590656,0.457070707070707,0.21836833809435074,0.22201079118234346,0.29477221712070206,0.003642453087992714
823049,2026-06-05,2026,St. Louis Cardinals,Cincinnati Reds,2026-06-05T17:00:00+00:00,1,-0.21,127,148,2,2,0.5197381733741591,0.5163570131516577,0.5639097744360902,0.2306514221139893,0.2339105387275858,0.19017468483238167,0.0032591166135964855
823293,2026-06-05,2026,San Diego Padres,New York Mets,2026-06-05T17:00:00+00:00,0,-0.05,161,166,3,2,0.5881812876694061,0.5809676347077434,0.5380710659898477,0.3459572271644407,0.3375233925779099,0.289520472055451,-0.008433834586530797
823455,2026-06-05,2026,Philadelphia Phillies,Chicago White Sox,2026-06-05T17:00:00+00:00,1,0.33,134,101,3,2,0.5744644651661095,0.5713981990303155,0.6192771084337348,0.18108049140636523,0.18369950379445701,0.1449499201625781,0.002619012388091785
823538,2026-06-05,2026,New York Yankees,Boston Red Sox,2026-06-05T17:00:00+00:00,0,0.1,187,177,3,3,0.6037696989133887,0.605477944404311,0.57,0.36453784932596406,0.36660354116006993,0.32489999999999997,0.002065691834105876
823699,2026-06-05,2026,Minnesota Twins,Kansas City Royals,2026-06-05T17:00:00+00:00,1,1.2,263,143,3,3,0.5074778271645909,0.520699907514624,0.5153061224489797,0.2425780907345126,0.22972857865648996,0.2349281549354435,-0.012849512078022651
823860,2026-06-05,2026,Miami Marlins,Tampa Bay Rays,2026-06-05T17:00:00+00:00,0,-0.6,132,192,2,2,0.5411467392813308,0.5335186986319701,0.4483627204030227,0.29283979343481664,0.2846422017899509,0.20102912904719913,-0.00819759164486572
823943,2026-06-05,2026,Los Angeles Dodgers,Los Angeles Angels,2026-06-05T17:00:00+00:00,1,0.45,188,143,3,2,0.7418621813602194,0.7430470967272774,0.6448598130841121,0.06663513341210425,0.06602479450028112,0.1261245523626518,-0.0006103389118231328
824271,2026-06-05,2026,Detroit Tigers,Seattle Mariners,2026-06-05T17:00:00+00:00,1,-0.44,47,91,2,2,0.5059823602833283,0.4996149072099771,0.4707379134860051,0.24405342835123123,0.2503852410864798,0.2801183562211475,0.0063318127352485765
824350,2026-06-05,2026,Colorado Rockies,Milwaukee Brewers,2026-06-05T17:00:00+00:00,0,-0.82,133,215,2,3,0.33248513116121653,0.32642314594656846,0.41687344913151364,0.11054636244329136,0.10655207020965474,0.17378347259080468,-0.0039942922336366204
824673,2026-06-05,2026,Chicago Cubs,San Francisco Giants,2026-06-05T17:00:00+00:00,0,-0.71,153,224,3,3,0.5611038702267964,0.5525787936414995,0.6201923076923077,0.3148375531834896,0.3053433231822949,0.3846384985207101,-0.009494230001194703
824914,2026-06-05,2026,Atlanta Braves,Pittsburgh Pirates,2026-06-05T17:00:00+00:00,1,-0.68,147,215,3,3,0.5960080632866434,0.5886065377525296,0.565,0.16320948492940876,0.16924458077996088,0.18922500000000006,0.006035095850552119
825073,2026-06-05,2026,Arizona Diamondbacks,Washington Nationals,2026-06-05T17:00:00+00:00,0,-0.58,173,231,3,2,0.6135999501723307,0.6009161956969891,0.5541561712846348,0.37650489885148675,0.36110027425094204,0.3070890621728455,-0.015404624600544703
822808,2026-06-06,2026,Toronto Blue Jays,Baltimore Orioles,2026-06-06T17:00:00+00:00,1,0.74,249,175,3,3,0.6089234841496785,0.6179517329885414,0.5139949109414759,0.1529408412496268,0.14596087832645874,0.23620094659078397,-0.006979962923168076
822891,2026-06-06,2026,Texas Rangers,Cleveland Guardians,2026-06-06T17:00:00+00:00,0,-0.1,111,121,2,3,0.5609277918056008,0.5595886181295029,0.5228426395939086,0.31463998761990747,0.3131394215400866,0.27336442577752584,-0.001500566079820853
823048,2026-06-06,2026,St. Louis Cardinals,Cincinnati Reds,2026-06-06T17:00:00+00:00,1,-0.36,139,175,2,2,0.5300544795632354,0.5250716267681754,0.5367088607594936,0.22084879217858155,0.22555695970062725,0.21463867969876624,0.0047081675220456976
823292,2026-06-06,2026,San Diego Padres,New York Mets,2026-06-06T17:00:00+00:00,1,0.91,165,74,3,2,0.5586684888034977,0.5691511724741638,0.4607594936708861,0.1947735027749884,0.18563071218038774,0.29078032366607914,-0.009142790594600658
823454,2026-06-06,2026,Philadelphia Phillies,Chicago White Sox,2026-06-06T17:00:00+00:00,0,0.19,133,114,3,2,0.5484119505567028,0.5502782366339651,0.5541561712846348,0.30075566751340743,0.30280613771298615,0.3070890621728455,0.0020504701995787133
823697,2026-06-06,2026,Minnesota Twins,Kansas City Royals,2026-06-06T17:00:00+00:00,0,1.13,240,127,3,3,0.5075600929129178,0.5199493159952365,0.57,0.25761724791776974,0.2703472912039143,0.32489999999999997,0.012730043286144577
823859,2026-06-06,2026,Miami Marlins,Tampa Bay Rays,2026-06-06T17:00:00+00:00,1,0.31,148,117,2,2,0.5348123884732702,0.5378774697273279,0.45569620253164556,0.2163995139179437,0.21355723298561677,0.2962666239384714,-0.0028422809323269405
823942,2026-06-06,2026,Los Angeles Dodgers,Los Angeles Angels,2026-06-06T17:00:00+00:00,1,0.3,126,96,3,2,0.7228506717257238,0.7280175054764753,0.7566037735849056,0.07681175016288251,0.07397447732723916,0.059241723033107895,-0.002837272835643348
824269,2026-06-06,2026,Detroit Tigers,Seattle Mariners,2026-06-06T17:00:00+00:00,0,-0.12,75,87,2,2,0.5118610072508823,0.5094151354321869,0.46446700507614214,0.26200169074388785,0.2595037802073933,0.21572959880440104,-0.002497910536494563
824351,2026-06-06,2026,Colorado Rockies,Milwaukee Brewers,2026-06-06T17:00:00+00:00,0,-0.8,167,247,2,3,0.356971891087336,0.3448561710728667,0.29700854700854695,0.12742893102646888,0.1189257787270383,0.08821407699612825,-0.008503152299430577
824669,2026-06-06,2026,Chicago Cubs,San Francisco Giants,2026-06-06T17:00:00+00:00,1,0.32,222,190,3,3,0.5450503911304534,0.5483988863127914,0.5851851851851853,0.20697914661055344,0.20394356588352708,0.17207133058984905,-0.0030355807270263657
824915,2026-06-06,2026,Atlanta Braves,Pittsburgh Pirates,2026-06-06T17:00:00+00:00,1,-0.38,169,207,3,3,0.5978098974346785,0.593908989509568,0.5076530612244898,0.16175687860150384,0.16490990880114012,0.24240550812161596,0.003153030199636281
825075,2026-06-06,2026,Arizona Diamondbacks,Washington Nationals,2026-06-06T17:00:00+00:00,0,0.16,207,191,3,2,0.5755116505617541,0.5774650219917676,0.5628140703517588,0.3312136599323146,0.3334658516239527,0.3167596777859145,0.0022521916916380946
822807,2026-06-07,2026,Toronto Blue Jays,Baltimore Orioles,2026-06-07T17:00:00+00:00,1,1.89,324,135,3,3,0.6120070349549904,0.6338943133471577,0.5541561712846348,0.150538540924418,0.13403337379954913,0.1987767196035759,-0.01650516712486888
822890,2026-06-07,2026,Texas Rangers,Cleveland Guardians,2026-06-07T17:00:00+00:00,1,0.62,141,79,2,3,0.5558142257572808,0.5628594220191356,0.5664160401002506,0.1973010020396039,0.19109188491744417,0.1879950502823475,-0.006209117122159741
823047,2026-06-07,2026,St. Louis Cardinals,Cincinnati Reds,2026-06-07T17:00:00+00:00,1,-0.11,143,154,2,2,0.5307590506393521,0.528764279083108,0.57356608478803,0.22018706855688208,0.22206310466806295,0.18184588404300966,0.0018760361111808677
823291,2026-06-07,2026,San Diego Padres,New York Mets,2026-06-07T17:00:00+00:00,0,1.1,182,72,3,2,0.5590763135911901,0.5717863131469634,0.49744897959183665,0.3125663244187148,0.32693958790219724,0.24745548729695951,0.014373263483482446
823453,2026-06-07,2026,Philadelphia Phillies,Chicago White Sox,2026-06-07T17:00:00+00:00,1,-0.46,146,192,3,2,0.5456895571580284,0.5398117734861317,0.6073170731707317,0.2063979784752684,0.2117732038219793,0.15419988102320048,0.005375225346710921
823537,2026-06-07,2026,New York Yankees,Boston Red Sox,2026-06-07T17:00:00+00:00,1,-0.23,71,94,2,2,0.6042942579528656,0.6022426328793942,0.57,0.15658303428907325,0.1582109230987164,0.18490000000000004,0.001627888809643152
823696,2026-06-07,2026,Minnesota Twins,Kansas City Royals,2026-06-07T17:00:00+00:00,0,0.44,203,159,3,3,0.506520140133568,0.5106642624481114,0.47328244274809167,0.2565626523609294,0.26077798894167353,0.22399627061360067,0.004215336580744133
823857,2026-06-07,2026,Miami Marlins,Tampa Bay Rays,2026-06-07T17:00:00+00:00,1,1.63,243,80,2,2,0.5291633595885208,0.5477897373384105,0.5025510204081632,0.22168714195396858,0.20449412165646375,0.24745548729695963,-0.01719302029750483
823941,2026-06-07,2026,Los Angeles Dodgers,Los Angeles Angels,2026-06-07T17:00:00+00:00,0,-0.75,96,171,3,2,0.7250393671238595,0.7202285510099872,0.6582568807339451,0.5256820838793668,0.5187291656899456,0.4333021210335832,-0.00695291818942112
824268,2026-06-07,2026,Detroit Tigers,Seattle Mariners,2026-06-07T17:00:00+00:00,1,0.42,120,78,2,2,0.510892552802801,0.5148717816964394,0.5153061224489797,0.23922609490376082,0.2353493881943871,0.2349281549354435,-0.003876706709373706
824349,2026-06-07,2026,Colorado Rockies,Milwaukee Brewers,2026-06-07T17:00:00+00:00,0,-0.17,217,234,2,3,0.35630119991281084,0.3510056915794846,0.37649880095923266,0.1269505450593088,0.12320499552119225,0.14175134712373988,-0.003745549538116552
824670,2026-06-07,2026,Chicago Cubs,San Francisco Giants,2026-06-07T17:00:00+00:00,0,-0.06,224,230,3,3,0.5441856331209357,0.5430218075865539,0.5468354430379747,0.29613800329523365,0.2948726835145684,0.2990290017625381,-0.0012653197806652416
824916,2026-06-07,2026,Atlanta Braves,Pittsburgh Pirates,2026-06-07T17:00:00+00:00,1,0.47,204,157,3,3,0.596531140989361,0.6023639325732192,0.5796019900497512,0.1627871201913469,0.15811444211863537,0.17673448677012948,-0.004672678072711517
825074,2026-06-07,2026,Arizona Diamondbacks,Washington Nationals,2026-06-07T17:00:00+00:00,1,0.44,161,117,3,2,0.5708340170562068,0.5759806692200593,0.5443037974683544,0.18418344091611216,0.17979239287506876,0.20765902900176253,-0.004391048041043399
822806,2026-06-08,2026,Toronto Blue Jays,Philadelphia Phillies,2026-06-08T17:00:00+00:00,0,0.78,271,193,3,3,0.5673383293882864,0.5764038643585746,0.3883495145631068,0.3218727799930918,0.3322414148474981,0.15081534546140068,0.010368634854406311
822972,2026-06-08,2026,Tampa Bay Rays,Boston Red Sox,2026-06-08T17:00:00+00:00,1,0.84,156,72,3,2,0.5099396957169914,0.5189106773148694,0.4885496183206107,0.240159101833955,0.23144693640163772,0.261581492919993,-0.008712165432317287
823218,2026-06-08,2026,San Francisco Giants,Washington Nationals,2026-06-08T17:00:00+00:00,0,0.17,190,173,3,3,0.5974781647246142,0.5998896060566581,0.5725,0.3569801573226933,0.3598675394548124,0.32775625,0.002887382132119143
823289,2026-06-08,2026,San Diego Padres,Cincinnati Reds,2026-06-08T17:00:00+00:00,1,-0.56,192,248,3,3,0.5964514751715272,0.5904463317650818,0.5516372795969774,0.16285141189123653,0.16773420716467746,0.20102912904719902,0.004882795273440932
824025,2026-06-08,2026,Los Angeles Angels,Houston Astros,2026-06-08T17:00:00+00:00,0,0.65,236,171,3,3,0.48177875931268865,0.48799916439118557,0.457070707070707,0.2321107729248736,0.23814318444649535,0.20891363126211607,0.006032411521621761
824427,2026-06-08,2026,Cleveland Guardians,New York Yankees,2026-06-08T17:00:00+00:00,0,0.22,93,71,3,2,0.48628195494849746,0.48745230652533633,0.547979797979798,0.2364701397085325,0.23760975113687044,0.30028185899398024,0.0011396114283379333
824829,2026-06-08,2026,Baltimore Orioles,Seattle Mariners,2026-06-08T17:00:00+00:00,0,-0.12,142,154,3,3,0.49269377430078815,0.4899178335199195,0.46329113924050636,0.24274715523475596,0.24001948360085157,0.21463867969876624,-0.0027276716339043883
822805,2026-06-09,2026,Toronto Blue Jays,Philadelphia Phillies,2026-06-09T17:00:00+00:00,1,0.95,265,170,3,3,0.5655130110018729,0.5765396824657099,0.5089058524173028,0.18877894360865863,0.17931864052624183,0.24117346178997598,-0.009460303082416799
822969,2026-06-09,2026,Tampa Bay Rays,Boston Red Sox,2026-06-09T17:00:00+00:00,1,0.8,184,104,3,2,0.5112538719685883,0.5197693295525156,0.4783715012722647,0.2388727776656971,0.23062149683844033,0.27209629068495095,-0.008251280827256763
823214,2026-06-09,2026,San Francisco Giants,Washington Nationals,2026-06-09T17:00:00+00:00,0,-0.66,158,224,3,3,0.5950768812928449,0.587885349855659,0.5025510204081632,0.35411649464921857,0.3456091845749106,0.2525575281132861,-0.008507310074307994
823290,2026-06-09,2026,San Diego Padres,Cincinnati Reds,2026-06-09T17:00:00+00:00,0,0.21,205,184,3,3,0.6019671125742017,0.6049029129376318,0.46700507614213205,0.36236440462092157,0.36590753408043214,0.21809374114251856,0.0035431294595105745
823374,2026-06-09,2026,Pittsburgh Pirates,Los Angeles Dodgers,2026-06-09T17:00:00+00:00,0,-0.12,157,169,2,2,0.4415307014775242,0.4379223087215943,0.5153061224489797,0.1949493603472346,0.19177594847605137,0.26554039983340283,-0.0031734118711832238
823620,2026-06-09,2026,New York Mets,St. Louis Cardinals,2026-06-09T17:00:00+00:00,0,0.51,165,114,2,2,0.5866404701594816,0.5928095981478663,0.5367088607594936,0.34414704122893763,0.3514232196562347,0.28805640121775355,0.007276178427297053
823858,2026-06-09,2026,Miami Marlins,Arizona Diamondbacks,2026-06-09T17:00:00+00:00,1,0.96,173,77,2,2,0.5233943748380402,0.5340016981187552,0.5796019900497512,0.22715292193602254,0.21715441735620378,0.17673448677012948,-0.009998504579818768
824023,2026-06-09,2026,Los Angeles Angels,Houston Astros,2026-06-09T17:00:00+00:00,1,0.98,276,178,3,3,0.4797671967049209,0.48988798107065823,0.46446700507614214,0.2706421696242565,0.26021427185616913,0.2867955886521168,-0.01042789776808739
824105,2026-06-09,2026,Kansas City Royals,Texas Rangers,2026-06-09T17:00:00+00:00,1,0.07,118,111,2,2,0.47753877983432097,0.47677049756302,0.46954314720812185,0.2729657265770102,0.27376911222044964,0.2813844726738643,0.0008033856434394582
824267,2026-06-09,2026,Detroit Tigers,Minnesota Twins,2026-06-09T17:00:00+00:00,1,-0.15,120,135,2,2,0.5725072921277599,0.5707904031504547,0.5417721518987342,0.18275001528394044,0.1842208780277492,0.20997276077551674,0.001470862743808754
824347,2026-06-09,2026,Colorado Rockies,Chicago Cubs,2026-06-09T17:00:00+00:00,1,0.02,197,195,2,2,0.42398122897044627,0.42173786276756237,0.41687344913151364,0.3317976245783974,0.3343870993566266,0.34003657432777745,0.002589474778229184
824429,2026-06-09,2026,Cleveland Guardians,New York Yankees,2026-06-09T17:00:00+00:00,0,0.03,155,152,3,2,0.48166586086364327,0.48049132986662774,0.47959183673469385,0.23200200152151457,0.23087191807700047,0.23000832986255726,-0.0011300834445140961
824591,2026-06-09,2026,Chicago White Sox,Atlanta Braves,2026-06-09T17:00:00+00:00,1,1.38,287,149,2,2,0.4805422166790975,0.49545080491137533,0.41687344913151364,0.2698363886526656,0.2545698902645791,0.34003657432777745,-0.015266498388086525
824830,2026-06-09,2026,Baltimore Orioles,Seattle Mariners,2026-06-09T17:00:00+00:00,0,-0.26,171,197,3,3,0.49229075970788777,0.4878377578025804,0.47328244274809167,0.2423501920937693,0.23798567793784905,0.22399627061360067,-0.004364514155920235
822804,2026-06-10,2026,Toronto Blue Jays,Philadelphia Phillies,2026-06-10T17:00:00+00:00,0,0.18,179,161,3,3,0.5650892669844759,0.5671093073474652,0.4582278481012658,0.3193258796610523,0.3216129664801218,0.20997276077551674,0.0022870868190694726
822970,2026-06-10,2026,Tampa Bay Rays,Boston Red Sox,2026-06-10T17:00:00+00:00,1,0.22,158,136,3,3,0.5112614096686611,0.5128614789320682,0.5945945945945945,0.23886540967906433,0.2373039387082518,0.16435354273192118,-0.001561470970812523
823215,2026-06-10,2026,San Francisco Giants,Washington Nationals,2026-06-10T17:00:00+00:00,1,-0.56,205,261,3,3,0.5913920441523152,0.5852763501161232,0.5025510204081632,0.16696046158202354,0.1719957057730044,0.24745548729695963,0.005035244190980864
823287,2026-06-10,2026,San Diego Padres,Cincinnati Reds,2026-06-10T17:00:00+00:00,1,0.79,289,210,3,3,0.5967002345636858,0.6061882670833194,0.6004901960784313,0.16265070080098604,0.15508768098283895,0.15960808342945024,-0.007563019818147082
823372,2026-06-10,2026,Pittsburgh Pirates,Los Angeles Dodgers,2026-06-10T17:00:00+00:00,1,0.03,227,224,2,2,0.44006758817660685,0.43819897972237437,0.35597189695550346,0.31352430581036195,0.3156203863849811,0.4147721975110926,0.0020960805746191302
823618,2026-06-10,2026,New York Mets,St. Louis Cardinals,2026-06-10T17:00:00+00:00,0,0.78,159,81,2,2,0.5821230155690202,0.591353566784916,0.5505050505050506,0.3388672052551698,0.34969904094924215,0.30305581063156833,0.010831835694072367
823856,2026-06-10,2026,Miami Marlins,Arizona Diamondbacks,2026-06-10T17:00:00+00:00,1,0.49,129,80,2,2,0.5315372662064269,0.5366864340230483,0.48469387755102045,0.2194573329533481,0.21465946041827919,0.2655403998334027,-0.004797872535068914
824022,2026-06-10,2026,Los Angeles Angels,Houston Astros,2026-06-10T17:00:00+00:00,1,0.3,200,170,3,3,0.486092491573374,0.4882138809725467,0.5153061224489797,0.2641009272172627,0.2619250316291826,0.2349281549354435,-0.002175895588080068
824103,2026-06-10,2026,Kansas City Royals,Texas Rangers,2026-06-10T17:00:00+00:00,0,0.26,99,73,2,2,0.4816811455698623,0.48324858724358194,0.4707379134860051,0.23201672599749487,0.23352919707291783,0.2215941831931576,0.0015124710754229609
824266,2026-06-10,2026,Detroit Tigers,Minnesota Twins,2026-06-10T17:00:00+00:00,0,-0.25,142,167,2,2,0.5815039675756005,0.5787876478272654,0.608272506082725,0.3381468643061651,0.33499514127741864,0.3699954416561587,-0.003151723028746445
824348,2026-06-10,2026,Colorado Rockies,Chicago Cubs,2026-06-10T17:00:00+00:00,1,-0.3,130,160,2,2,0.4228176422741905,0.4168373843259931,0.3941605839416058,0.33313947406992434,0.34007863631974944,0.36704139804997604,0.006939162249825104
824428,2026-06-10,2026,Cleveland Guardians,New York Yankees,2026-06-10T17:00:00+00:00,0,-0.18,207,225,3,3,0.4816139138339257,0.47793624506894156,0.5241730279898218,0.23195196199843202,0.22842305435059937,0.2747573632720185,-0.0035289076478326464
824590,2026-06-10,2026,Chicago White Sox,Atlanta Braves,2026-06-10T17:00:00+00:00,1,1.49,305,156,2,2,0.4836072706270534,0.49988546904105857,0.4228855721393035,0.2666614509492413,0.250114544076282,0.3330610628449791,-0.016546906872959344
824831,2026-06-10,2026,Baltimore Orioles,Seattle Mariners,2026-06-10T17:00:00+00:00,1,-0.51,177,228,3,3,0.4985158367079824,0.49118501306131984,0.5,0.251486366032695,0.25889269093340933,0.25,0.007406324900714356
823371,2026-06-11,2026,Pittsburgh Pirates,Los Angeles Dodgers,2026-06-11T17:00:00+00:00,0,0.91,205,114,2,2,0.44324692449392844,0.45181389871717414,0.3864734299516908,0.1964678360733263,0.20413579907401289,0.14936171205862447,0.0076679630006865895
823619,2026-06-11,2026,New York Mets,St. Louis Cardinals,2026-06-11T17:00:00+00:00,1,0.94,153,59,2,2,0.5748466080538323,0.5858530327559655,0.575,0.18075540668333173,0.17151771047743142,0.18062500000000004,-0.009237696205900314
823855,2026-06-11,2026,Miami Marlins,Arizona Diamondbacks,2026-06-11T17:00:00+00:00,1,0.8,175,95,2,2,0.5417872115139739,0.5507602559358795,0.5380710659898477,0.2099589595321397,0.20181634764679648,0.21337834007575568,-0.00814261188534321
824101,2026-06-11,2026,Kansas City Royals,Texas Rangers,2026-06-11T17:00:00+00:00,0,1.09,214,105,2,2,0.48190661096502124,0.4933793967298783,0.5076530612244898,0.23223398169179232,0.24342322911753864,0.2577116305705956,0.011189247425746313
824265,2026-06-11,2026,Detroit Tigers,Minnesota Twins,2026-06-11T17:00:00+00:00,1,-0.67,152,219,2,2,0.5780538708619545,0.5703651570286448,0.5417721518987342,0.17803853589458019,0.18458609829502107,0.20997276077551674,0.006547562400440882
824346,2026-06-11,2026,Colorado Rockies,Chicago Cubs,2026-06-11T17:00:00+00:00,0,0.15,125,110,2,2,0.42888092749560697,0.42823420301627285,0.41791044776119407,0.18393884996949209,0.1833845326329824,0.17464914234796172,-0.0005543173365096798
824827,2026-06-11,2026,Baltimore Orioles,Seattle Mariners,2026-06-11T17:00:00+00:00,1,-0.28,163,191,3,3,0.5078011897189691,0.5033751222032106,0.48346055979643765,0.2422596688420622,0.24663626924667603,0.26681299328580954,0.004376600404613823
822726,2026-06-12,2026,Washington Nationals,Seattle Mariners,2026-06-12T17:00:00+00:00,0,-0.01,161,162,2,3,0.45647770174078156,0.4614987237174916,0.4335839598997493,0.20837189218654592,0.21298107199287367,0.1879950502823474,0.004609179806327746
822803,2026-06-12,2026,Toronto Blue Jays,New York Yankees,2026-06-12T17:00:00+00:00,1,0.39,151,112,2,2,0.4923649898499634,0.49566952103764217,0.5076530612244898,0.2576933035300278,0.25434923201040127,0.24240550812161596,-0.0033440715196265125
823211,2026-06-12,2026,San Francisco Giants,Chicago Cubs,2026-06-12T17:00:00+00:00,0,0.19,190,171,2,3,0.5148607662627416,0.5232969843295441,0.5355329949238579,0.2650816086366574,0.2738397338083951,0.2867955886521168,0.008758125171737685
823370,2026-06-12,2026,Pittsburgh Pirates,Miami Marlins,2026-06-12T17:00:00+00:00,0,0.82,316,234,3,3,0.5843243553698411,0.5940384625231512,0.5664160401002506,0.34143495227838033,0.3528816949568693,0.32082713048284867,0.011446742678488941
823617,2026-06-12,2026,New York Mets,Atlanta Braves,2026-06-12T17:00:00+00:00,1,0.87,214,127,3,2,0.5073998209199886,0.5095484348369831,0.5343511450381679,0.24265493642965932,0.24054273777085303,0.2168288561272653,-0.002112198658806297
823695,2026-06-12,2026,Minnesota Twins,St. Louis Cardinals,2026-06-12T17:00:00+00:00,1,1.57,266,109,3,3,0.5111593610531019,0.5288422743125113,0.5603015075376885,0.2389651702860116,0.22198960247500685,0.19333476427362942,-0.01697556781100476
823778,2026-06-12,2026,Milwaukee Brewers,Philadelphia Phillies,2026-06-12T17:00:00+00:00,1,-0.12,87,99,2,2,0.6029301938605944,0.6021115384390183,0.6934782608695652,0.15766443094758512,0.1583152278433648,0.09395557655954631,0.0006507968957796817
824020,2026-06-12,2026,Los Angeles Angels,Tampa Bay Rays,2026-06-12T17:00:00+00:00,1,0.27,98,71,2,2,0.4898270803311237,0.4916554471233413,0.39512195121951227,0.26027640796346563,0.25841418443937003,0.36587745389649,-0.0018622235240955964
824102,2026-06-12,2026,Kansas City Royals,Houston Astros,2026-06-12T17:00:00+00:00,0,1.52,246,94,3,2,0.5752955990381861,0.5860921534540275,0.4885496183206107,0.33096502627270535,0.34350401234037936,0.23868072956121442,0.012538986067674007
824425,2026-06-12,2026,Cleveland Guardians,Detroit Tigers,2026-06-12T17:00:00+00:00,1,-0.47,138,185,2,3,0.5424822447837458,0.5435222192073761,0.5367088607594936,0.20932249633812025,0.2083719643573588,0.21463867969876624,-0.0009505319807614487
824507,2026-06-12,2026,Cincinnati Reds,Arizona Diamondbacks,2026-06-12T17:00:00+00:00,0,0.1,136,126,2,3,0.5118084410888368,0.51912321763381,0.5139949109414759,0.26194788036978534,0.26948891508648004,0.2641907684737357,0.007541034716694706
824588,2026-06-12,2026,Chicago White Sox,Los Angeles Dodgers,2026-06-12T17:00:00+00:00,1,0.24,208,184,2,3,0.40889921960366526,0.41588267134847556,0.3995098039215686,0.34940013258515595,0.341193053630993,0.3605884755863131,-0.00820707895416295
824752,2026-06-12,2026,Boston Red Sox,Texas Rangers,2026-06-12T17:00:00+00:00,1,-0.57,89,146,2,3,0.4744373940060918,0.4731223221683433,0.5417721518987342,0.27621605281910805,0.2776000873972789,0.20997276077551674,0.0013840345781708785
824826,2026-06-12,2026,Baltimore Orioles,San Diego Padres,2026-06-12T17:00:00+00:00,1,-0.11,160,171,3,2,0.5227687333748906,0.5134976410809099,0.5417721518987342,0.22774968184460626,0.23668454523383917,0.20997276077551674,0.008934863389232911
822725,2026-06-13,2026,Washington Nationals,Seattle Mariners,2026-06-13T17:00:00+00:00,1,0.91,185,94,2,3,0.4807688244450692,0.4900728223493973,0.5253807106598984,0.26960101366815536,0.2600257265067093,0.22526346981370304,-0.009575287161446067
822802,2026-06-13,2026,Toronto Blue Jays,New York Yankees,2026-06-13T17:00:00+00:00,0,0.62,174,112,2,2,0.49327719453070207,0.499342828929799,0.49109414758269715,0.2433223906440801,0.2493432608036145,0.24117346178997592,0.006020870159534397
823213,2026-06-13,2026,San Francisco Giants,Chicago Cubs,2026-06-13T17:00:00+00:00,0,-0.28,135,163,2,3,0.5346478166160248,0.5307009348188761,0.48600508905852424,0.28584828781228244,0.281643482217629,0.23620094659078408,-0.004204805594653416
823369,2026-06-13,2026,Pittsburgh Pirates,Miami Marlins,2026-06-13T17:00:00+00:00,1,1.09,273,164,3,3,0.582991060005029,0.5958000792385831,0.5165394402035622,0.17389645603572934,0.16337757594353566,0.23373411287868498,-0.010518880092193678
823616,2026-06-13,2026,New York Mets,Atlanta Braves,2026-06-13T17:00:00+00:00,0,1.67,275,108,3,2,0.4797457672548402,0.49810075481042715,0.5253807106598984,0.2301560011989353,0.24810436194271726,0.27602489113349993,0.01794836074378195
823694,2026-06-13,2026,Minnesota Twins,St. Louis Cardinals,2026-06-13T17:00:00+00:00,0,1.38,259,121,3,3,0.5121916436972676,0.5276288943230799,0.4872448979591837,0.26234027987330866,0.27839225012459584,0.23740759058725533,0.016051970251287184
823776,2026-06-13,2026,Milwaukee Brewers,Philadelphia Phillies,2026-06-13T17:00:00+00:00,0,-1.24,45,169,2,2,0.6071013497867874,0.5935237765836883,0.6058394160583942,0.3685720489129392,0.35227047337016393,0.36704139804997604,-0.016301575542775282
824019,2026-06-13,2026,Los Angeles Angels,Tampa Bay Rays,2026-06-13T17:00:00+00:00,1,0.01,118,117,2,2,0.49108874758491905,0.48983650203541157,0.48600508905852424,0.25899066283468625,0.26026679465546454,0.26419076847373557,0.0012761318207782923
824100,2026-06-13,2026,Kansas City Royals,Houston Astros,2026-06-13T17:00:00+00:00,0,1.53,333,180,3,2,0.5461667205627635,0.5637892651637315,0.5367088607594936,0.2982980866502838,0.3178583355138604,0.28805640121775355,0.0195602488635766
824426,2026-06-13,2026,Cleveland Guardians,Detroit Tigers,2026-06-13T17:00:00+00:00,1,-0.89,102,191,2,3,0.5686757791432179,0.5581947343380371,0.44332493702770776,0.18604058349771016,0.1951918927666376,0.3098871257352056,0.009151309268927432
824508,2026-06-13,2026,Cincinnati Reds,Arizona Diamondbacks,2026-06-13T17:00:00+00:00,1,-0.22,146,168,2,3,0.5400015852621638,0.5368652033026317,0.4228855721393035,0.21159854156132235,0.2144938399119127,0.3330610628449791,0.002895298350590353
824587,2026-06-13,2026,Chicago White Sox,Los Angeles Dodgers,2026-06-13T17:00:00+00:00,0,-0.94,99,193,2,3,0.4420496565380904,0.42883430261743744,0.35116279069767437,0.1954078988454437,0.1838988591013839,0.12331530557057865,-0.011509039744059812
824749,2026-06-13,2026,Boston Red Sox,Texas Rangers,2026-06-13T17:00:00+00:00,1,-0.81,93,174,2,3,0.5079782272724929,0.49722914439973825,0.5178571428571429,0.24208542483791867,0.2527785332410192,0.23246173469387751,0.010693108403100504
824828,2026-06-13,2026,Baltimore Orioles,San Diego Padres,2026-06-13T17:00:00+00:00,0,0.74,159,85,3,2,0.4972747038377762,0.5048416888524057,0.5267175572519084,0.24728213107694805,0.25486513080334916,0.2774313851174174,0.007582999726401113
822722,2026-06-14,2026,Washington Nationals,Seattle Mariners,2026-06-14T17:00:00+00:00,1,0.83,180,97,2,3,0.48949299527376355,0.49799897643593655,0.4531645569620253,0.2606174018745536,0.25200502765936744,0.2990290017625381,-0.00861237421518618
822801,2026-06-14,2026,Toronto Blue Jays,New York Yankees,2026-06-14T17:00:00+00:00,0,-0.13,97,110,2,2,0.4833640381920787,0.4803113246954651,0.457070707070707,0.2336407934173533,0.23069896863071251,0.20891363126211607,-0.00294182478664079
823212,2026-06-14,2026,San Francisco Giants,Chicago Cubs,2026-06-14T17:00:00+00:00,1,-0.12,153,165,2,3,0.5284471428591562,0.5262924786545816,0.5505050505050506,0.22236209707769305,0.22439881577922002,0.20204570962146712,0.0020367187015269683
823615,2026-06-14,2026,New York Mets,Atlanta Braves,2026-06-14T17:00:00+00:00,1,0.8,203,123,3,2,0.4798446851766914,0.48781944702515806,0.547979797979798,0.27056155153893535,0.26232891884561493,0.20432226303438422,-0.008232632693320419
823693,2026-06-14,2026,Minnesota Twins,St. Louis Cardinals,2026-06-14T17:00:00+00:00,1,0.12,179,167,3,3,0.5089735739405954,0.5093414563789421,0.5076530612244898,0.24110695108867194,0.24074580642833757,0.24240550812161596,-0.0003611446603343782
823777,2026-06-14,2026,Milwaukee Brewers,Philadelphia Phillies,2026-06-14T17:00:00+00:00,1,-0.93,99,192,2,2,0.6085650504962759,0.5985912581757827,0.4607594936708861,0.15322131969298308,0.1611289780129011,0.29078032366607914,0.00790765831991802
824021,2026-06-14,2026,Los Angeles Angels,Tampa Bay Rays,2026-06-14T17:00:00+00:00,0,-0.28,127,155,2,2,0.4964902531150432,0.49186965590769693,0.4746192893401016,0.24650257143823964,0.2419357584027562,0.2252634698137031,-0.004566813035483452
824099,2026-06-14,2026,Kansas City Royals,Houston Astros,2026-06-14T17:00:00+00:00,1,0.49,251,202,3,2,0.5492931355364462,0.5547146004878317,0.5267175572519084,0.20313667767456825,0.1982790870187113,0.2239962706136006,-0.004857590655856947
824506,2026-06-14,2026,Cincinnati Reds,Arizona Diamondbacks,2026-06-14T17:00:00+00:00,0,-0.03,141,144,2,3,0.5374684473301792,0.5365425473535549,0.4783715012722647,0.2888723318755136,0.2878779051206417,0.22883929322948032,-0.00099442675487188
824586,2026-06-14,2026,Chicago White Sox,Los Angeles Dodgers,2026-06-14T17:00:00+00:00,1,-0.18,138,156,2,3,0.43431393369719334,0.42989312069544994,0.3608490566037736,0.32000072560914344,0.3250218538303728,0.40851392844428613,0.005021128221229354
824751,2026-06-14,2026,Boston Red Sox,Texas Rangers,2026-06-14T17:00:00+00:00,0,-0.59,102,161,2,3,0.5135172410757627,0.5054918291651417,0.5165394402035622,0.263699956882063,0.2555219893527208,0.26681299328580943,-0.00817796752934219
824823,2026-06-14,2026,Baltimore Orioles,San Diego Padres,2026-06-14T17:00:00+00:00,0,0.76,176,100,3,2,0.49367061507308424,0.5014141498950919,0.5639097744360902,0.2437106761866373,0.2514161497150177,0.3179942337045622,0.0077054735283803855
822724,2026-06-15,2026,Washington Nationals,Kansas City Royals,2026-06-15T17:00:00+00:00,1,0.38,273,235,3,3,0.5197434019171187,0.5233934444369542,0.5468354430379747,0.23064640000214223,0.22715380880567063,0.20535811568658865,-0.003492591196471606
822887,2026-06-15,2026,Texas Rangers,Minnesota Twins,2026-06-15T17:00:00+00:00,0,-0.1,160,170,3,3,0.6305021975635695,0.6303959531933404,0.5945945945945945,0.39753302113249045,0.39739905780254026,0.3535427319211102,-0.000133963329950193
823046,2026-06-15,2026,St. Louis Cardinals,San Diego Padres,2026-06-15T17:00:00+00:00,1,0.11,170,159,3,3,0.48641981951811586,0.48628047521970136,0.5911330049261084,0.2637646017838047,0.26390775014049583,0.16717221966075368,0.00014314835669115844
823452,2026-06-15,2026,Philadelphia Phillies,Miami Marlins,2026-06-15T17:00:00+00:00,1,0.66,234,168,3,3,0.5815752453714166,0.5894142026654132,0.6318289786223278,0.17507927528599024,0.16858069697287836,0.13554990098227837,-0.006498578313111875
823938,2026-06-15,2026,Los Angeles Dodgers,Tampa Bay Rays,2026-06-15T17:00:00+00:00,1,-1.57,133,290,3,3,0.673873391508833,0.6589027473608373,0.6048780487804878,0.10635856476595094,0.11634733575798477,0.15612135633551458,0.009988770992033824
824181,2026-06-15,2026,Houston Astros,Detroit Tigers,2026-06-15T17:00:00+00:00,0,1.19,234,115,3,2,0.5463175479680048,0.5528927331555038,0.5292620865139949,0.2984628632177732,0.30569037437616314,0.2801183562211474,0.007227511158389932
824505,2026-06-15,2026,Cincinnati Reds,New York Mets,2026-06-15T17:00:00+00:00,1,0.24,216,192,3,3,0.4933303676155545,0.49486135134076115,0.5603015075376885,0.25671411638058916,0.25516505436928194,0.19333476427362942,-0.0015490620113072229
824666,2026-06-15,2026,Chicago Cubs,Colorado Rockies,2026-06-15T17:00:00+00:00,1,0.18,247,229,3,3,0.6539035522261255,0.6572149367949901,0.6574712643678161,0.11978275116169423,0.11750159955646264,0.11732593473378253,-0.002281151605231596
825071,2026-06-15,2026,Arizona Diamondbacks,Los Angeles Angels,2026-06-15T17:00:00+00:00,1,-0.51,172,223,3,3,0.585895818997975,0.5802427216834265,0.5443037974683544,0.17148227272335784,0.17619617269973734,0.20765902900176253,0.004713899976379499
822723,2026-06-16,2026,Washington Nationals,Kansas City Royals,2026-06-16T17:00:00+00:00,1,0.88,248,160,3,3,0.5270858174445959,0.5367972723188961,0.5664160401002506,0.22364782406204606,0.21455676693121492,0.1879950502823475,-0.009091057130831137
822888,2026-06-16,2026,Texas Rangers,Minnesota Twins,2026-06-16T17:00:00+00:00,0,-0.34,110,144,3,3,0.6264536395637514,0.6235912792557355,0.5429292929292929,0.3924441625226706,0.38886608356380475,0.29477221712070195,-0.00357807895886586
823045,2026-06-16,2026,St. Louis Cardinals,San Diego Padres,2026-06-16T17:00:00+00:00,1,-0.94,126,220,3,3,0.4895931284083747,0.4769900578208791,0.5190839694656489,0.2605151745679498,0.2735393996182074,0.23128022842491688,0.013024225050257576
823128,2026-06-16,2026,Seattle Mariners,Baltimore Orioles,2026-06-16T17:00:00+00:00,1,-0.1,107,117,2,2,0.5668675787987265,0.5656345889909246,0.5866336633663367,0.1876036942956774,0.18867331028108303,0.17087172826193503,0.001069615985405642
823451,2026-06-16,2026,Philadelphia Phillies,Miami Marlins,2026-06-16T17:00:00+00:00,1,-0.41,171,212,3,3,0.5843701839332477,0.5798484943039798,0.6135265700483092,0.17274814400368235,0.1765272877386329,0.14936171205862442,0.0037791437349505574
823535,2026-06-16,2026,New York Yankees,Chicago White Sox,2026-06-16T17:00:00+00:00,1,-1.39,104,243,2,2,0.6210264750699215,0.6061516829698318,0.5725,0.14362093259792885,0.15511649682749587,0.18275624999999998,0.011495564229567018
823775,2026-06-16,2026,Milwaukee Brewers,Cleveland Guardians,2026-06-16T17:00:00+00:00,1,0.72,148,76,2,1,0.6282418186479141,0.6305633178475396,0.5866336633663367,0.1382041454022104,0.13648346211981804,0.17087172826193503,-0.0017206832823923601
823939,2026-06-16,2026,Los Angeles Dodgers,Tampa Bay Rays,2026-06-16T17:00:00+00:00,1,-1.62,96,258,3,3,0.6757223062937735,0.6602910334707793,0.5831265508684863,0.10515602263542925,0.11540218194035116,0.17378347259080473,0.010246159304921912
824182,2026-06-16,2026,Houston Astros,Detroit Tigers,2026-06-16T17:00:00+00:00,1,0.74,187,113,3,2,0.5095028197767828,0.517274643757326,0.6235011990407675,0.2405874838069272,0.2330237695596165,0.14175134712373977,-0.007563714247310699
824504,2026-06-16,2026,Cincinnati Reds,New York Mets,2026-06-16T17:00:00+00:00,1,-0.12,200,212,3,3,0.5009545441717365,0.4983198926104828,0.47582697201017815,0.24904636698283933,0.2516829301503575,0.2747573632720185,0.0026365631675181467
824667,2026-06-16,2026,Chicago Cubs,Colorado Rockies,2026-06-16T17:00:00+00:00,0,0.6,271,211,3,3,0.650441539591806,0.6582344001670538,0.6408450704225352,0.42307419642655886,0.4332725255632811,0.41068240428486413,0.01019832913672225
824750,2026-06-16,2026,Boston Red Sox,Toronto Blue Jays,2026-06-16T17:00:00+00:00,0,-0.04,123,127,2,2,0.5279831000576226,0.5267724848926449,0.4783715012722647,0.27876615394645754,0.27748925083997183,0.22883929322948032,-0.001276903106485705
825070,2026-06-16,2026,Arizona Diamondbacks,Los Angeles Angels,2026-06-16T17:00:00+00:00,0,-0.66,102,168,3,3,0.5883502870586583,0.5810067734689839,0.5063938618925831,0.3461560602820057,0.3375688708168392,0.2564347433624845,-0.008587189465166511
822721,2026-06-17,2026,Washington Nationals,Kansas City Royals,2026-06-17T17:00:00+00:00,0,1.11,243,132,3,3,0.5269563008828603,0.5393952910587998,0.5417721518987342,0.27768294304014757,0.29094728001640735,0.2935170645729851,0.013264336976259783
823044,2026-06-17,2026,St. Louis Cardinals,San Diego Padres,2026-06-17T17:00:00+00:00,0,-1.41,85,226,3,3,0.49559751881410774,0.4774881140086363,0.547979797979798,0.24561690065469988,0.22799489901952444,0.30028185899398024,-0.01762200163517544
823127,2026-06-17,2026,Seattle Mariners,Baltimore Orioles,2026-06-17T17:00:00+00:00,0,-0.04,91,95,2,2,0.5677570595958298,0.567243328695036,0.5443037974683544,0.3223480787209026,0.3217649939490247,0.2962666239384714,-0.0005830847718779064
823450,2026-06-17,2026,Philadelphia Phillies,Miami Marlins,2026-06-17T17:00:00+00:00,0,-0.5,117,167,3,3,0.5896327440369412,0.5841748842038231,0.5216284987277354,0.34766677284053304,0.34126029533455016,0.27209629068495106,-0.006406477505982888
823536,2026-06-17,2026,New York Yankees,Chicago White Sox,2026-06-17T17:00:00+00:00,1,-1.4,103,243,2,2,0.629670432003663,0.6149617939180392,0.6201923076923077,0.13714398893235358,0.14825442014281454,0.14425388313609466,0.011110431210460958
823774,2026-06-17,2026,Milwaukee Brewers,Cleveland Guardians,2026-06-17T17:00:00+00:00,1,0.82,113,31,2,1,0.5994760430233608,0.6093298964364885,0.5329949238578681,0.16041944011222475,0.1526231298183248,0.21809374114251845,-0.007796310293899961
823940,2026-06-17,2026,Los Angeles Dodgers,Tampa Bay Rays,2026-06-17T17:00:00+00:00,1,-0.54,121,175,3,3,0.6766403587609067,0.6726996573443703,0.5935960591133005,0.10456145758227516,0.1071255143024926,0.16516416316823995,0.0025640567202174502
824178,2026-06-17,2026,Houston Astros,Detroit Tigers,2026-06-17T17:00:00+00:00,1,0.49,172,123,3,2,0.51084734687059,0.5156605740588025,0.5076530612244898,0.23927031806354093,0.23458467952104875,0.24240550812161596,-0.004685638542492182
824668,2026-06-17,2026,Chicago Cubs,Colorado Rockies,2026-06-17T17:00:00+00:00,1,0.84,288,204,3,3,0.6446378200144192,0.6549857534106592,0.6350710900473934,0.12628227896410435,0.11903483034961043,0.13317310931919768,-0.007247448614493918
824746,2026-06-17,2026,Boston Red Sox,Toronto Blue Jays,2026-06-17T17:00:00+00:00,0,-0.31,122,153,2,2,0.519330308608357,0.5147494356577998,0.5443037974683544,0.26970396943925135,0.2649669815100234,0.2962666239384714,-0.004736987929227943
824913,2026-06-17,2026,Atlanta Braves,San Francisco Giants,2026-06-17T17:00:00+00:00,0,0.73,88,15,1,1,0.6100261842601966,0.6189510992227725,0.5841584158415841,0.37213194548305534,0.3831004632290783,0.3412410547985491,0.010968517746022977
825072,2026-06-17,2026,Arizona Diamondbacks,Los Angeles Angels,2026-06-17T17:00:00+00:00,1,-0.05,143,148,3,3,0.5830494121907277,0.5826862770743546,0.6092233009708737,0.17384779267449768,0.17415074334206232,0.15270642850410032,0.00030295066756463873
822889,2026-06-18,2026,Texas Rangers,Minnesota Twins,2026-06-18T17:00:00+00:00,0,0.26,104,78,2,2,0.6161721912135324,0.6198742218436037,0.4707379134860051,0.37966816922488594,0.3842440509062133,0.2215941831931576,0.004575881681327332
823125,2026-06-18,2026,Seattle Mariners,Baltimore Orioles,2026-06-18T17:00:00+00:00,1,0.35,81,46,2,2,0.56599598653265,0.5700210920329009,0.5591939546599496,0.1883594837057677,0.1848818612965791,0.19430996960833458,-0.0034776224091885855
823448,2026-06-18,2026,Philadelphia Phillies,New York Mets,2026-06-18T17:00:00+00:00,0,-0.31,181,212,3,3,0.544822174678958,0.5407067696308956,0.5216284987277354,0.296831202021909,0.2923638107246784,0.27209629068495106,-0.004467391297230616
823533,2026-06-18,2026,New York Yankees,Chicago White Sox,2026-06-18T17:00:00+00:00,0,-0.84,91,175,2,2,0.6348548954223134,0.6265949825504306,0.5980392156862746,0.4030407382416765,0.39262127215737436,0.35765090349865447,-0.010419466084302165
823772,2026-06-18,2026,Milwaukee Brewers,Cleveland Guardians,2026-06-18T17:00:00+00:00,0,0.53,137,84,2,2,0.6020586898984381,0.6086410645383045,0.568922305764411,0.3624746660822237,0.3704439454423205,0.323672589996294,0.007969279360096837
824098,2026-06-18,2026,Kansas City Royals,St. Louis Cardinals,2026-06-18T17:00:00+00:00,1,0.65,167,102,3,3,0.5411186220788448,0.5483093260965305,0.5165394402035622,0.2105721190028181,0.20402446489137044,0.23373411287868498,-0.0065476541114476705
824748,2026-06-18,2026,Boston Red Sox,Toronto Blue Jays,2026-06-18T17:00:00+00:00,0,-0.72,123,195,2,2,0.518350236493004,0.5088605954990738,0.5555555555555556,0.2686869676723532,0.258939105651672,0.308641975308642,-0.00974786202068123
822886,2026-06-19,2026,Texas Rangers,San Diego Padres,2026-06-19T17:00:00+00:00,1,0.03,173,170,2,2,0.5676897167027524,0.5609701792793608,0.5945945945945945,0.1868921810445465,0.19274718348199663,0.16435354273192118,0.00585500243745013
822966,2026-06-19,2026,Tampa Bay Rays,Washington Nationals,2026-06-19T17:00:00+00:00,1,-0.45,89,134,2,2,0.5527881769036395,0.5471665178202779,0.5329949238578681,0.19999841471717048,0.20505816258301268,0.21809374114251845,0.005059747865842207
823124,2026-06-19,2026,Seattle Mariners,Boston Red Sox,2026-06-19T17:00:00+00:00,0,-0.45,113,158,3,3,0.5385690725763836,0.5326740580720577,0.5089058524173028,0.290056645935786,0.2837416521429539,0.2589851666245816,-0.006314993792832124
823534,2026-06-19,2026,New York Yankees,Cincinnati Reds,2026-06-19T17:00:00+00:00,1,-0.1,127,137,3,2,0.6850081217417505,0.6796197066551898,0.7088607594936709,0.09921988336865986,0.10264353236370664,0.08476205736260214,0.0034236489950467824
823853,2026-06-19,2026,Miami Marlins,San Francisco Giants,2026-06-19T17:00:00+00:00,1,-1.0,100,200,2,2,0.5067264246769025,0.49368795866895754,0.5165394402035622,0.24331882011203151,0.25635188319680724,0.23373411287868498,0.013033063084775726
823936,2026-06-19,2026,Los Angeles Dodgers,Baltimore Orioles,2026-06-19T17:00:00+00:00,1,0.24,80,56,2,3,0.6451781737976138,0.6555117963948923,0.6582568807339451,0.1258985283495964,0.11867212242307412,0.11678835956569306,-0.007226405926522267
824097,2026-06-19,2026,Kansas City Royals,St. Louis Cardinals,2026-06-19T17:00:00+00:00,1,-0.42,179,221,3,3,0.5514243148134328,0.5461311365377831,0.4783715012722647,0.20122014534059826,0.20599694522048448,0.27209629068495095,0.004776799879886218
824179,2026-06-19,2026,Houston Astros,Cleveland Guardians,2026-06-19T17:00:00+00:00,1,-0.87,69,156,2,3,0.47367570705119827,0.46877931652006355,0.5367088607594936,0.277017261348056,0.28219541455689084,0.21463867969876624,0.005178153208834857
824264,2026-06-19,2026,Detroit Tigers,Chicago White Sox,2026-06-19T17:00:00+00:00,1,-1.75,88,263,2,3,0.5229790374977873,0.5084268041924912,0.6350710900473934,0.2275489986665374,0.2416442068364074,0.13317310931919768,0.014095208169869977
824345,2026-06-19,2026,Colorado Rockies,Pittsburgh Pirates,2026-06-19T17:00:00+00:00,1,0.12,113,101,2,2,0.4322892251391383,0.4313485485584241,0.4422110552763819,0.32229552389311994,0.323364473226611,0.31112850685588755,0.0010689493334910538
824663,2026-06-19,2026,Chicago Cubs,Toronto Blue Jays,2026-06-19T17:00:00+00:00,1,-0.61,153,214,2,3,0.4931122339490605,0.4916380918760326,0.5292620865139949,0.2569352073721119,0.25843182963144107,0.22159418319315766,0.0014966222593291723
824910,2026-06-19,2026,Atlanta Braves,Milwaukee Brewers,2026-06-19T17:00:00+00:00,1,-0.7,158,228,2,3,0.5077248531234907,0.5054279263235677,0.3995098039215686,0.2423348202322888,0.2446015360606064,0.3605884755863131,0.0022667158283175837
825069,2026-06-19,2026,Arizona Diamondbacks,Minnesota Twins,2026-06-19T17:00:00+00:00,1,-0.24,79,103,2,2,0.5331703821292507,0.5367845133391633,0.6092233009708737,0.2179298921213498,0.21456858708243576,0.15270642850410032,-0.0033613050389140475
822885,2026-06-20,2026,Texas Rangers,San Diego Padres,2026-06-20T17:00:00+00:00,0,-0.61,125,186,2,2,0.5392175167658436,0.5314330038547503,0.5417721518987342,0.2907555303871228,0.2824210375860831,0.2935170645729851,-0.008334492801039706
822967,2026-06-20,2026,Tampa Bay Rays,Washington Nationals,2026-06-20T17:00:00+00:00,0,-0.16,139,155,2,2,0.5528280643785017,0.5506355298864356,0.5292620865139949,0.30561886876448086,0.3031994867733157,0.2801183562211474,-0.002419381991165148
823126,2026-06-20,2026,Seattle Mariners,Boston Red Sox,2026-06-20T17:00:00+00:00,0,0.22,150,128,3,3,0.534091208959091,0.5360760338640589,0.5267175572519084,0.2852534194873834,0.2873775140834196,0.2774313851174174,0.0021240945960361857
823447,2026-06-20,2026,Philadelphia Phillies,New York Mets,2026-06-20T17:00:00+00:00,1,0.84,182,98,2,2,0.5421047781539419,0.5515546197617045,0.6327014218009479,0.2096680341894508,0.20110325905706944,0.1349082455470452,-0.008564775132381353
823532,2026-06-20,2026,New York Yankees,Cincinnati Reds,2026-06-20T17:00:00+00:00,0,0.37,139,102,3,2,0.6655536253212995,0.6710134237843164,0.6519721577726217,0.4429616281783247,0.4502590148987506,0.4250676945106884,0.007297386720425902
823854,2026-06-20,2026,Miami Marlins,San Francisco Giants,2026-06-20T17:00:00+00:00,1,-0.91,151,242,2,3,0.5067517870381038,0.4947878734516368,0.5664160401002506,0.24329379959010417,0.25523929281151936,0.1879950502823475,0.011945493221415193
823937,2026-06-20,2026,Los Angeles Dodgers,Baltimore Orioles,2026-06-20T17:00:00+00:00,0,-0.18,89,107,2,3,0.6756052350469097,0.6754195261861533,0.669683257918552,0.45644243362279013,0.4561915363535278,0.4484756659364058,-0.0002508972692623068
824180,2026-06-20,2026,Houston Astros,Cleveland Guardians,2026-06-20T17:00:00+00:00,0,-1.29,60,189,2,3,0.5095060510822438,0.49305477227389144,0.57,0.259596416089422,0.24310300846205896,0.32489999999999997,-0.016493407627363066
824263,2026-06-20,2026,Detroit Tigers,Chicago White Sox,2026-06-20T17:00:00+00:00,1,-1.77,94,271,2,3,0.5466421120335022,0.5252156728820389,0.5241730279898218,0.20553337458144355,0.22542015727685513,0.2264113072923749,0.01988678269541158
824342,2026-06-20,2026,Colorado Rockies,Pittsburgh Pirates,2026-06-20T17:00:00+00:00,1,0.2,90,70,2,2,0.43551861231182754,0.4355706757909507,0.34642032332563516,0.3186392370463649,0.318580462027084,0.42716639376176735,-5.877501928086559e-05
824665,2026-06-20,2026,Chicago Cubs,Toronto Blue Jays,2026-06-20T17:00:00+00:00,0,-1.83,111,294,2,3,0.5287607754069168,0.5062256067410362,0.5468354430379747,0.2795879576089239,0.2562643649203303,0.2990290017625381,-0.02332359268859363
824909,2026-06-20,2026,Atlanta Braves,Milwaukee Brewers,2026-06-20T17:00:00+00:00,1,0.33,223,190,3,3,0.5390711316316358,0.5424423358731911,0.5505050505050506,0.21245542169534082,0.20935901600118165,0.20204570962146712,-0.003096405694159171
825068,2026-06-20,2026,Arizona Diamondbacks,Minnesota Twins,2026-06-20T17:00:00+00:00,0,0.23,140,117,2,2,0.5617561707651295,0.5643094349749623,0.5443037974683544,0.31556999539270136,0.31844513840176125,0.2962666239384714,0.0028751430090598884
822883,2026-06-21,2026,Texas Rangers,San Diego Padres,2026-06-21T17:00:00+00:00,1,0.29,197,168,3,2,0.5410702518179968,0.5439998221559011,0.6039119804400979,0.21061651376639684,0.20793616219384978,0.15688571923888542,-0.002680351572547063
822968,2026-06-21,2026,Tampa Bay Rays,Washington Nationals,2026-06-21T17:00:00+00:00,1,-0.57,117,174,2,2,0.5521733833689902,0.5451194241200537,0.547979797979798,0.20054867856317737,0.20691633831287162,0.20432226303438422,0.006367659749694249
823123,2026-06-21,2026,Seattle Mariners,Boston Red Sox,2026-06-21T17:00:00+00:00,1,0.62,166,104,3,3,0.5295607846504775,0.5362225976521922,0.530456852791878,0.2213130553386744,0.21508947892848043,0.2204707670901081,-0.0062235764101939706
823449,2026-06-21,2026,Philadelphia Phillies,New York Mets,2026-06-21T17:00:00+00:00,1,-0.31,119,150,2,2,0.5569852387033839,0.5530986386421455,0.6192771084337348,0.19626207872669774,0.19972082678350367,0.1449499201625781,0.0034587480568059326
823531,2026-06-21,2026,New York Yankees,Cincinnati Reds,2026-06-21T17:00:00+00:00,0,0.46,147,101,3,2,0.6608014807628777,0.6671734281336202,0.5127551020408163,0.4366585969784118,0.4451203832075669,0.2629177946688879,0.00846178622915511
823852,2026-06-21,2026,Miami Marlins,San Francisco Giants,2026-06-21T17:00:00+00:00,1,0.62,185,123,2,2,0.5067884850806254,0.5130844177947699,0.43859649122807015,0.24325759844906453,0.23708678419425822,0.3151738996614343,-0.006170814254806312
823934,2026-06-21,2026,Los Angeles Dodgers,Baltimore Orioles,2026-06-21T17:00:00+00:00,0,-0.38,90,128,2,3,0.6762032554649904,0.6739331488234208,0.68,0.45725084270145105,0.4541858890830511,0.4624000000000001,-0.0030649536183999793
824095,2026-06-21,2026,Kansas City Royals,St. Louis Cardinals,2026-06-21T17:00:00+00:00,0,-0.29,131,160,2,2,0.5491396070884237,0.5453417418670066,0.46329113924050636,0.30155430807322836,0.29739761542254084,0.21463867969876624,-0.004156692650687521
824177,2026-06-21,2026,Houston Astros,Cleveland Guardians,2026-06-21T17:00:00+00:00,1,-0.68,83,151,2,3,0.506231664441043,0.49700388623273273,0.5516372795969774,0.2438071692006628,0.25300509046497366,0.20102912904719902,0.009197921264310849
824260,2026-06-21,2026,Detroit Tigers,Chicago White Sox,2026-06-21T17:00:00+00:00,1,-2.22,77,299,2,3,0.5470582585695937,0.5202817137359362,0.5216284987277354,0.20515622113000906,0.23012963417613022,0.22883929322948024,0.024973413046121162
824343,2026-06-21,2026,Colorado Rockies,Pittsburgh Pirates,2026-06-21T17:00:00+00:00,0,0.21,83,62,2,2,0.43903695137326,0.43926729209719956,0.42643391521197016,0.19275344467112626,0.19295575390640643,0.18184588404300975,0.0002023092352801681
824908,2026-06-21,2026,Atlanta Braves,Milwaukee Brewers,2026-06-21T17:00:00+00:00,0,-0.33,114,147,2,3,0.5434408290841999,0.5390624336453872,0.5216284987277354,0.29532793471572255,0.2905883073676875,0.27209629068495106,-0.004739627348035069
825067,2026-06-21,2026,Arizona Diamondbacks,Minnesota Twins,2026-06-21T17:00:00+00:00,0,0.25,225,200,2,3,0.5561495019506324,0.5588487288420911,0.547979797979798,0.3093022685199365,0.3123119017284211,0.30028185899398024,0.00300963320848463
822720,2026-06-22,2026,Washington Nationals,Philadelphia Phillies,2026-06-22T17:00:00+00:00,1,1.55,249,94,3,2,0.48028779035174934,0.4972206606711367,0.530456852791878,0.2701007808574673,0.2527870640559683,0.2204707670901081,-0.017313716801499013
822800,2026-06-22,2026,Toronto Blue Jays,Houston Astros,2026-06-22T17:00:00+00:00,1,1.1,234,124,2,3,0.5562114292449348,0.5758853106331387,0.5367088607594936,0.19694829553282348,0.17987326973674922,0.21463867969876624,-0.017075025796074256
822964,2026-06-22,2026,Tampa Bay Rays,Kansas City Royals,2026-06-22T17:00:00+00:00,0,-0.09,164,173,3,2,0.535231634745671,0.5335537540164599,0.6350710900473934,0.2864729028325234,0.28467960842505696,0.4033152894139844,-0.0017932944074664503
823040,2026-06-22,2026,St. Louis Cardinals,Arizona Diamondbacks,2026-06-22T17:00:00+00:00,1,-1.54,142,296,2,3,0.5400442259260423,0.521207363668841,0.57,0.21155931410397363,0.22924238860494145,0.18490000000000004,0.017683074500967816
823288,2026-06-22,2026,San Diego Padres,Atlanta Braves,2026-06-22T17:00:00+00:00,1,1.05,277,172,3,3,0.48839296382448927,0.49950542528064945,0.5051020408163266,0.26174175946429035,0.2504948193235036,0.24492399000416487,-0.011246940140786754
823692,2026-06-22,2026,Minnesota Twins,Los Angeles Dodgers,2026-06-22T17:00:00+00:00,0,0.0,191,191,3,3,0.401617313676403,0.39880048764816645,0.42643391521197016,0.1612964666446503,0.15904182894841537,0.18184588404300975,-0.0022546376962349346
823851,2026-06-22,2026,Miami Marlins,Texas Rangers,2026-06-22T17:00:00+00:00,0,0.82,234,152,3,3,0.4851426104130733,0.4934518718026472,0.5429292929292929,0.23536335243841106,0.24349474978553617,0.29477221712070195,0.008131397347125119
824016,2026-06-22,2026,Los Angeles Angels,Baltimore Orioles,2026-06-22T17:00:00+00:00,0,0.5,219,169,3,3,0.5001467209497944,0.5048984508100353,0.4044117647058823,0.2501467424768315,0.2549224456303736,0.16354887543252591,0.004775703153542088
824261,2026-06-22,2026,Detroit Tigers,New York Yankees,2026-06-22T17:00:00+00:00,1,-0.58,123,181,3,3,0.4468221859879011,0.43788279065114644,0.4582278481012658,0.30600569391520427,0.3159757570461429,0.2935170645729851,0.009970063130938622
824344,2026-06-22,2026,Colorado Rockies,Boston Red Sox,2026-06-22T17:00:00+00:00,1,0.4,139,99,3,3,0.4337777482033228,0.4361466843746282,0.4607594936708861,0.3206076384296997,0.3179305615417251,0.29078032366607914,-0.002677076887974583
824502,2026-06-22,2026,Cincinnati Reds,Milwaukee Brewers,2026-06-22T17:00:00+00:00,0,0.55,151,96,3,3,0.43400423551836054,0.43813959279075665,0.4193548387096774,0.18835967644787657,0.19196630277085006,0.17585848074921953,0.003606626322973483
824585,2026-06-22,2026,Chicago White Sox,Cleveland Guardians,2026-06-22T17:00:00+00:00,1,1.82,284,102,3,3,0.5171715783942253,0.5379061448187887,0.5,0.23312328471032367,0.21353073099623426,0.25,-0.01959255371408941
822718,2026-06-23,2026,Washington Nationals,Philadelphia Phillies,2026-06-23T17:00:00+00:00,0,-0.28,179,207,3,3,0.47973914364492287,0.4748396774753327,0.39268292682926825,0.23014964594516393,0.22547271930487797,0.15419988102320045,-0.004676926640285961
822799,2026-06-23,2026,Toronto Blue Jays,Houston Astros,2026-06-23T17:00:00+00:00,0,-0.46,130,176,2,3,0.5862783867124683,0.5812145567870427,0.5417721518987342,0.3437223467261746,0.33781036102115847,0.2935170645729851,-0.0059119857050161095
822963,2026-06-23,2026,Tampa Bay Rays,Kansas City Royals,2026-06-23T17:00:00+00:00,0,-0.08,143,151,3,2,0.538851373291438,0.5373562299469252,0.6350710900473934,0.2903608024980686,0.28875171786277276,0.4033152894139844,-0.0016090846352958543
823043,2026-06-23,2026,St. Louis Cardinals,Arizona Diamondbacks,2026-06-23T17:00:00+00:00,0,-0.67,143,210,2,3,0.5377909291351991,0.5292650632995249,0.5139949109414759,0.2892190834601007,0.2801215072294501,0.2641907684737357,-0.009097576230650606
823286,2026-06-23,2026,San Diego Padres,Atlanta Braves,2026-06-23T17:00:00+00:00,1,0.63,235,172,3,3,0.4861285231504413,0.49218795855837694,0.4885496183206107,0.26406389471954655,0.2578730694331087,0.261581492919993,-0.006190825286437829
823365,2026-06-23,2026,Pittsburgh Pirates,Seattle Mariners,2026-06-23T17:00:00+00:00,0,0.26,132,106,2,2,0.5467675677971394,0.5494342801143614,0.4619289340101523,0.29895477319479946,0.3018780281647865,0.21337834007575562,0.0029232549699870214
823614,2026-06-23,2026,New York Mets,Chicago Cubs,2026-06-23T17:00:00+00:00,0,0.82,150,68,2,1,0.5569851355933192,0.5593622769588109,0.5076530612244898,0.3102324412719082,0.31288615688454546,0.2577116305705956,0.002653715612637275
823690,2026-06-23,2026,Minnesota Twins,Los Angeles Dodgers,2026-06-23T17:00:00+00:00,0,-0.68,187,255,3,3,0.4026416031032728,0.3920750033920465,0.3864734299516908,0.16212026054957346,0.15372280828487325,0.14936171205862447,-0.008397452264700206
823849,2026-06-23,2026,Miami Marlins,Texas Rangers,2026-06-23T17:00:00+00:00,1,-0.58,184,242,3,3,0.4860642304010316,0.47769388815104136,0.5935960591133005,0.2641299752732839,0.27280367447477694,0.16516416316823995,0.008673699201493024
824017,2026-06-23,2026,Los Angeles Angels,Baltimore Orioles,2026-06-23T17:00:00+00:00,1,0.97,196,99,3,3,0.4996531745980321,0.510005247987242,0.4408060453400503,0.2503469456898273,0.2400948570000442,0.31269787892823386,-0.010252088689783084
824262,2026-06-23,2026,Detroit Tigers,New York Yankees,2026-06-23T17:00:00+00:00,0,-0.68,114,182,3,3,0.44542325527989807,0.43529181765907665,0.4821428571428572,0.19840187634414125,0.18947896652094284,0.23246173469387763,-0.008922909823198405
824340,2026-06-23,2026,Colorado Rockies,Boston Red Sox,2026-06-23T17:00:00+00:00,0,0.67,158,91,3,3,0.4386082802806198,0.4442467306515865,0.4088669950738916,0.19237722353072276,0.19735515769462322,0.1671722196607537,0.004977934163900466
824501,2026-06-23,2026,Cincinnati Reds,Milwaukee Brewers,2026-06-23T17:00:00+00:00,0,0.32,151,119,3,3,0.4336899366109535,0.43511820154226394,0.5025510204081632,0.18808696111761286,0.1893278493133742,0.2525575281132861,0.0012408881957613471
824584,2026-06-23,2026,Chicago White Sox,Cleveland Guardians,2026-06-23T17:00:00+00:00,1,1.65,261,96,3,3,0.5198455522753724,0.538596641846025,0.48600508905852424,0.2305482936697421,0.21289305891576538,0.26419076847373557,-0.017655234753976734
822719,2026-06-24,2026,Washington Nationals,Philadelphia Phillies,2026-06-24T17:00:00+00:00,0,0.53,256,203,3,3,0.4764241125480582,0.4811171464524153,0.4593908629441624,0.22697993501720484,0.23147370861051486,0.21103996495658223,0.004493773593310019
822798,2026-06-24,2026,Toronto Blue Jays,Houston Astros,2026-06-24T17:00:00+00:00,0,-0.74,154,228,2,3,0.5827418917169194,0.5743398733866094,0.5614035087719298,0.3395881123618138,0.3298662901617465,0.3151738996614343,-0.009721822200067287
822965,2026-06-24,2026,Tampa Bay Rays,Kansas City Royals,2026-06-24T17:00:00+00:00,1,-0.93,137,230,3,3,0.5321709530284578,0.5204388992507794,0.5771144278606966,0.21886401719030138,0.22997884935180415,0.17883220712358602,0.011114832161502775
823041,2026-06-24,2026,St. Louis Cardinals,Arizona Diamondbacks,2026-06-24T17:00:00+00:00,0,0.78,225,147,3,3,0.5338326584669992,0.5424564038533088,0.5216284987277354,0.28497730724594383,0.2942589500814641,0.27209629068495106,0.009281642835520243
823284,2026-06-24,2026,San Diego Padres,Atlanta Braves,2026-06-24T17:00:00+00:00,1,1.19,308,189,3,3,0.4883959066237972,0.5011794858721138,0.47328244274809167,0.26173874835928634,0.24882190531480872,0.2774313851174173,-0.012916843044477627
823367,2026-06-24,2026,Pittsburgh Pirates,Seattle Mariners,2026-06-24T17:00:00+00:00,1,0.68,150,82,2,2,0.5455021665557628,0.553110177199788,0.5216284987277354,0.2065682806055056,0.19971051372240492,0.22883929322948024,-0.006857766883100691
823611,2026-06-24,2026,New York Mets,Chicago Cubs,2026-06-24T17:00:00+00:00,0,0.84,155,71,2,1,0.5245078399891098,0.5337059430531512,0.5204081632653061,0.2751084742100416,0.2848420336502535,0.27082465639316955,0.009733559440211925
823613,2026-06-24,2026,New York Mets,Chicago Cubs,2026-06-24T17:00:00+00:00,0,0.84,155,71,2,1,0.5245078399891098,0.5337059430531512,0.4936061381074168,0.2751084742100416,0.2848420336502535,0.24364701957731824,0.009733559440211925
823691,2026-06-24,2026,Minnesota Twins,Los Angeles Dodgers,2026-06-24T17:00:00+00:00,0,0.34,268,234,3,3,0.39463859514874366,0.3955939705199448,0.3864734299516908,0.155739620780974,0.15649458951173498,0.14936171205862447,0.0007549687307609743
824018,2026-06-24,2026,Los Angeles Angels,Baltimore Orioles,2026-06-24T17:00:00+00:00,1,0.86,176,90,3,3,0.5051736481266372,0.5143053330428301,0.5355329949238579,0.24485311850830102,0.23589930951063617,0.21572959880440104,-0.008953808997664847
824259,2026-06-24,2026,Detroit Tigers,New York Yankees,2026-06-24T17:00:00+00:00,0,-0.43,132,175,3,3,0.4453391548969319,0.4381428647839938,0.5392405063291139,0.19832696288431348,0.19196916996112506,0.29078032366607914,-0.006357792923188416
824341,2026-06-24,2026,Colorado Rockies,Boston Red Sox,2026-06-24T17:00:00+00:00,1,0.77,155,78,3,3,0.4377884161843199,0.4445891578556008,0.39077669902912626,0.3160818649765354,0.3084812035715507,0.3711530304458478,-0.007600661404984721
824500,2026-06-24,2026,Cincinnati Reds,Milwaukee Brewers,2026-06-24T17:00:00+00:00,0,0.45,176,131,3,3,0.43281120010511115,0.43574913403053217,0.4520202020202021,0.18732553493642656,0.18987730780835868,0.2043222630343843,0.0025517728719321175
824583,2026-06-24,2026,Chicago White Sox,Cleveland Guardians,2026-06-24T17:00:00+00:00,0,1.12,199,87,3,3,0.5185631082862333,0.5310011417998068,0.5,0.26890769727547975,0.28196221259269855,0.25,0.013054515317218796
822717,2026-06-25,2026,Washington Nationals,Philadelphia Phillies,2026-06-25T17:00:00+00:00,0,0.62,285,223,3,3,0.4812693242895135,0.48712271342523483,0.39268292682926825,0.23162016250208492,0.23728853793476345,0.15419988102320045,0.005668375432678535
822797,2026-06-25,2026,Toronto Blue Jays,Texas Rangers,2026-06-25T17:00:00+00:00,0,-0.64,199,263,3,3,0.5369196242543477,0.5287336729420534,0.5796019900497512,0.28828268290942993,0.2795592969027943,0.3359384668696319,-0.008723386006635636
823612,2026-06-25,2026,New York Mets,Chicago Cubs,2026-06-25T17:00:00+00:00,0,0.5,253,203,3,3,0.514428279896567,0.5194201698270335,0.5051020408163266,0.2646364551573407,0.26979731282314434,0.25512807163681805,0.005160857665803653
824258,2026-06-25,2026,Detroit Tigers,Houston Astros,2026-06-25T17:00:00+00:00,0,-1.1,125,235,3,3,0.5554107237573771,0.5421476623439104,0.5165394402035622,0.30848107206469344,0.2939240877849667,0.26681299328580943,-0.014556984279726737
824747,2026-06-25,2026,Boston Red Sox,New York Yankees,2026-06-25T17:00:00+00:00,1,-0.57,97,154,3,3,0.4472862781509837,0.4384704584445324,0.43609022556390975,0.3054924583201918,0.31531542603949353,0.3179942337045622,0.009822967719301745
822796,2026-06-26,2026,Toronto Blue Jays,Texas Rangers,2026-06-26T17:00:00+00:00,0,0.31,205,174,3,3,0.5382544785852108,0.5413754606757097,0.49489795918367346,0.28971788371703716,0.29308738942183693,0.24492399000416493,0.003369505704799769
822962,2026-06-26,2026,Tampa Bay Rays,Arizona Diamondbacks,2026-06-26T17:00:00+00:00,1,1.07,228,121,3,2,0.5649796363359783,0.5704115805630675,0.5628140703517588,0.18924271680237773,0.18454621011432185,0.1911315370823969,-0.004696506688055879
823039,2026-06-26,2026,St. Louis Cardinals,Miami Marlins,2026-06-26T17:00:00+00:00,0,0.59,157,98,2,2,0.5468332413232065,0.5533982326832242,0.5076530612244898,0.29902659381604424,0.3062496039369159,0.2577116305705956,0.007223010120871676
823206,2026-06-26,2026,San Francisco Giants,Atlanta Braves,2026-06-26T17:00:00+00:00,0,0.04,137,133,3,2,0.4988958056118232,0.4909926539210233,0.47582697201017815,0.24889702485707005,0.24107378620440978,0.22641130729237485,-0.00782323865266027
823285,2026-06-26,2026,San Diego Padres,Los Angeles Dodgers,2026-06-26T17:00:00+00:00,1,1.22,211,89,2,2,0.4542210944837087,0.46669554129225627,0.43107769423558895,0.29787461370656093,0.2844136456775596,0.323672589996294,-0.013460968029001319
823363,2026-06-26,2026,Pittsburgh Pirates,Cincinnati Reds,2026-06-26T17:00:00+00:00,0,0.19,157,138,3,2,0.6113475955465545,0.607399615704183,0.6285714285714284,0.3737458825805536,0.3689342931575892,0.3951020408163264,-0.004811589422964391
823610,2026-06-26,2026,New York Mets,Philadelphia Phillies,2026-06-26T17:00:00+00:00,0,1.55,318,163,4,3,0.517519592664487,0.5350530754226084,0.4054054054054054,0.26782652879161656,0.2862817935191915,0.16435354273192107,0.018455264727574916
823688,2026-06-26,2026,Minnesota Twins,Colorado Rockies,2026-06-26T17:00:00+00:00,1,1.1,205,95,2,2,0.594914215726989,0.6079193243482174,0.6116504854368933,0.1640944926200804,0.15372725621955835,0.15081534546140066,-0.010367236400522062
823773,2026-06-26,2026,Milwaukee Brewers,Chicago Cubs,2026-06-26T17:00:00+00:00,1,-1.38,158,296,2,4,0.5684006091025722,0.5591906556756575,0.6785714285714286,0.18627803422303071,0.19431287804365674,0.10331632653061222,0.008034843820626025
824255,2026-06-26,2026,Detroit Tigers,Houston Astros,2026-06-26T17:00:00+00:00,1,-0.52,134,186,3,3,0.5536762816085833,0.5472440277852125,0.5102040816326531,0.19920486159874065,0.2049879703761574,0.23990004164931278,0.005783108777416751
824423,2026-06-26,2026,Cleveland Guardians,Seattle Mariners,2026-06-26T17:00:00+00:00,0,-0.51,97,148,2,3,0.5327258658906509,0.5331255910834836,0.5,0.28379684818894374,0.2842228958681137,0.25,0.000426047679169983
824582,2026-06-26,2026,Chicago White Sox,Kansas City Royals,2026-06-26T17:00:00+00:00,1,0.24,200,176,2,3,0.5247957345673756,0.5339803600539751,0.5491183879093199,0.22581909388536014,0.2171743048154227,0.20329422812149053,-0.008644789069937459
824743,2026-06-26,2026,Boston Red Sox,New York Yankees,2026-06-26T17:00:00+00:00,1,-0.23,127,150,3,3,0.44946540703631616,0.4446831894336776,0.48600508905852424,0.303088338049689,0.3083767600975528,0.26419076847373557,0.005288422047863839
824824,2026-06-26,2026,Baltimore Orioles,Washington Nationals,2026-06-26T17:00:00+00:00,1,-1.84,150,334,2,3,0.5187381464179214,0.5030319083853737,0.5577889447236182,0.2316129717132581,0.2469772840830836,0.19555061740865123,0.015364312369825495
822794,2026-06-27,2026,Toronto Blue Jays,Texas Rangers,2026-06-27T17:00:00+00:00,0,0.37,164,127,3,3,0.5350882589903743,0.538869756506374,0.6235011990407675,0.28631944490934985,0.29038061447723884,0.3887537452052748,0.004061169567888989
822960,2026-06-27,2026,Tampa Bay Rays,Arizona Diamondbacks,2026-06-27T17:00:00+00:00,1,1.3,226,96,3,2,0.5432210822313934,0.5581092217127108,0.5614035087719298,0.20864697971785945,0.19526745993534617,0.19236688211757466,-0.013379519782513283
823038,2026-06-27,2026,St. Louis Cardinals,Miami Marlins,2026-06-27T17:00:00+00:00,0,0.57,141,84,2,2,0.5471905608816707,0.5535247543397062,0.5591939546599496,0.2994175099179974,0.3063896536668321,0.31269787892823375,0.006972143748834647
823207,2026-06-27,2026,San Francisco Giants,Atlanta Braves,2026-06-27T17:00:00+00:00,1,0.19,177,158,3,2,0.4692900046109547,0.46980821084617447,0.5443037974683544,0.2816530992058405,0.2811033332861345,0.20765902900176253,-0.0005497659197059579
823283,2026-06-27,2026,San Diego Padres,Los Angeles Dodgers,2026-06-27T17:00:00+00:00,0,-0.31,93,124,2,2,0.4612203549590949,0.4556715340015712,0.35597189695550346,0.21272421582859352,0.20763654689934505,0.12671599142209958,-0.005087668929248473
823364,2026-06-27,2026,Pittsburgh Pirates,Cincinnati Reds,2026-06-27T17:00:00+00:00,0,0.44,166,122,3,2,0.5840406115251743,0.5893682670285074,0.4809160305343511,0.3411034359106995,0.347354954180186,0.23128022842491694,0.0062515182694865
823609,2026-06-27,2026,New York Mets,Philadelphia Phillies,2026-06-27T17:00:00+00:00,1,1.17,269,152,4,3,0.5169949790516323,0.5300045467311431,0.5417721518987342,0.23329385026133315,0.2208957260933983,0.20997276077551674,-0.012398124167934843
823689,2026-06-27,2026,Minnesota Twins,Colorado Rockies,2026-06-27T17:00:00+00:00,0,-0.2,92,112,2,2,0.5913558362134507,0.5894052956458201,0.5664160401002506,0.3497017250237095,0.3473986025353366,0.32082713048284867,-0.0023031224883728885
823770,2026-06-27,2026,Milwaukee Brewers,Chicago Cubs,2026-06-27T17:00:00+00:00,0,-1.15,170,285,2,4,0.5939710400294448,0.581070433987276,0.5945945945945945,0.3528015963936603,0.33764284925416127,0.3535427319211102,-0.015158747139499051
824257,2026-06-27,2026,Detroit Tigers,Houston Astros,2026-06-27T17:00:00+00:00,0,-0.38,112,150,3,3,0.5573298436357524,0.5526236487847929,0.5541561712846348,0.3106165546070523,0.3053928971962181,0.3070890621728455,-0.005223657410834193
824421,2026-06-27,2026,Cleveland Guardians,Seattle Mariners,2026-06-27T17:00:00+00:00,1,0.22,158,136,2,3,0.5549265229958917,0.5572528892832428,0.4335839598997493,0.1980903999325265,0.19602500404803647,0.32082713048284883,-0.0020653958844900344
824581,2026-06-27,2026,Chicago White Sox,Kansas City Royals,2026-06-27T17:00:00+00:00,1,-0.67,192,259,2,3,0.568300373684184,0.560400068673435,0.5292620865139949,0.1863645673612152,0.1932480996223207,0.22159418319315766,0.006883532261105496
824745,2026-06-27,2026,Boston Red Sox,New York Yankees,2026-06-27T17:00:00+00:00,1,0.08,140,132,3,3,0.45595269114207704,0.4549372124098287,0.49234693877551017,0.2959874742755482,0.2970934424155681,0.2577116305705956,0.0011059681400198973
824825,2026-06-27,2026,Baltimore Orioles,Washington Nationals,2026-06-27T17:00:00+00:00,0,-1.03,148,251,2,3,0.5461124381609064,0.5334762524674065,0.5,0.29823879511404977,0.28459691194666803,0.25,-0.013641883167381741
822795,2026-06-28,2026,Toronto Blue Jays,Texas Rangers,2026-06-28T17:00:00+00:00,0,0.08,198,190,3,3,0.5340907327259143,0.53441278625743,0.5443037974683544,0.2852529107837041,0.28559702611542964,0.2962666239384714,0.00034411533172556963
822959,2026-06-28,2026,Tampa Bay Rays,Arizona Diamondbacks,2026-06-28T17:00:00+00:00,1,2.04,266,62,3,2,0.5480808264192657,0.5716932375986423,0.6350710900473934,0.20423093944989387,0.18344668271873305,0.13317310931919768,-0.020784256731160827
823037,2026-06-28,2026,St. Louis Cardinals,Miami Marlins,2026-06-28T17:00:00+00:00,1,-0.05,98,103,2,2,0.5414502945914367,0.5403568720640035,0.5279187817258882,0.2102678323302802,0.21127180505878684,0.22286067664716955,0.0010039727285066358
823204,2026-06-28,2026,San Francisco Giants,Atlanta Braves,2026-06-28T17:00:00+00:00,1,0.31,169,138,3,2,0.4714751108850478,0.47345927821018674,0.39853300733496333,0.27933855841397254,0.2772451317029375,0.36176254326552326,-0.002093426711035018
823281,2026-06-28,2026,San Diego Padres,Los Angeles Dodgers,2026-06-28T17:00:00+00:00,0,0.81,204,123,2,2,0.4471161376775398,0.4545795097948008,0.4422110552763819,0.19991284057168074,0.20664253072528138,0.19555061740865126,0.006729690153600643
823362,2026-06-28,2026,Pittsburgh Pirates,Cincinnati Reds,2026-06-28T17:00:00+00:00,1,0.9,210,120,3,2,0.5831463315005435,0.5937702941995908,0.5516372795969774,0.17376698094145476,0.165022573874687,0.20102912904719902,-0.008744407066767768
823608,2026-06-28,2026,New York Mets,Philadelphia Phillies,2026-06-28T17:00:00+00:00,0,-0.39,165,204,3,3,0.524679062774653,0.5192407000971444,0.40196078431372556,0.2752881189140883,0.26961090463737264,0.1615724721261054,-0.005677214276715636
823686,2026-06-28,2026,Minnesota Twins,Colorado Rockies,2026-06-28T17:00:00+00:00,1,-0.05,125,130,2,2,0.5799856344257196,0.5795689778974404,0.5935960591133005,0.17641206728876527,0.1767622443462029,0.16516416316823995,0.00035017705743764505
823769,2026-06-28,2026,Milwaukee Brewers,Chicago Cubs,2026-06-28T17:00:00+00:00,0,-0.57,143,200,2,3,0.5864357873246372,0.5800964779774131,0.597051597051597,0.3439069326550671,0.3365119237617994,0.3564706095418626,-0.007395008893267718
824256,2026-06-28,2026,Detroit Tigers,Houston Astros,2026-06-28T17:00:00+00:00,0,-0.24,143,167,3,3,0.5595711132817739,0.5565586411474778,0.49234693877551017,0.3131198308194038,0.30975752103592696,0.24240550812161596,-0.0033623097834768467
824422,2026-06-28,2026,Cleveland Guardians,Seattle Mariners,2026-06-28T17:00:00+00:00,1,0.53,127,74,2,3,0.5526766024083818,0.5586190758373897,0.5329949238578681,0.20009822203290895,0.19481712021463995,0.21809374114251845,-0.005281101818268991
824580,2026-06-28,2026,Chicago White Sox,Kansas City Royals,2026-06-28T17:00:00+00:00,0,-1.63,86,249,2,3,0.5722460123248231,0.5531307958205973,0.5614035087719298,0.3274654986216616,0.30595367728512735,0.3151738996614343,-0.02151182133653423
824744,2026-06-28,2026,Boston Red Sox,New York Yankees,2026-06-28T17:00:00+00:00,1,0.17,130,113,3,3,0.4554884401140332,0.4555307034173763,0.5089058524173028,0.29649283884944877,0.296446814921177,0.24117346178997598,-4.60239282717434e-05
824821,2026-06-28,2026,Baltimore Orioles,Washington Nationals,2026-06-28T17:00:00+00:00,0,-0.89,116,205,2,3,0.5423083478296298,0.5312566169306902,0.647196261682243,0.29409834412570274,0.28223359303264206,0.4188630011354703,-0.011864751093060677
822792,2026-06-29,2026,Toronto Blue Jays,New York Mets,2026-06-29T17:00:00+00:00,1,-0.12,227,239,3,3,0.5633382731901738,0.5618071211341571,0.5380710659898477,0.19067346366053928,0.1920129990887353,0.21337834007575568,0.0013395354281960092
823121,2026-06-29,2026,Seattle Mariners,Los Angeles Angels,2026-06-29T17:00:00+00:00,1,-1.01,107,208,3,3,0.6101415516698159,0.5992919888615859,0.6480186480186481,0.15198960973441886,0.16056691019050343,0.12389087214262037,0.008577300456084569
823444,2026-06-29,2026,Philadelphia Phillies,Pittsburgh Pirates,2026-06-29T17:00:00+00:00,0,0.43,250,207,3,3,0.5411434003489831,0.5457317433764152,0.5076530612244898,0.2928361797412598,0.2978231357286615,0.2577116305705956,0.0049869559874016756
823529,2026-06-29,2026,New York Yankees,Detroit Tigers,2026-06-29T17:00:00+00:00,0,-0.53,125,178,3,3,0.6262946132094537,0.6212969738178872,0.5505050505050506,0.39224494253517916,0.3860099296752644,0.30305581063156833,-0.00623501285991479
823771,2026-06-29,2026,Milwaukee Brewers,Cincinnati Reds,2026-06-29T17:00:00+00:00,1,0.25,226,201,3,3,0.6317815024302394,0.6355766156741314,0.5628140703517588,0.13558486195253175,0.13280440304351976,0.1911315370823969,-0.0027804589090119902
824176,2026-06-29,2026,Houston Astros,Minnesota Twins,2026-06-29T17:00:00+00:00,0,0.54,212,158,3,3,0.562061441848112,0.5682544256483975,0.5628140703517588,0.3159130644123786,0.32291309226899007,0.3167596777859145,0.007000027856611468
824339,2026-06-29,2026,Colorado Rockies,Miami Marlins,2026-06-29T17:00:00+00:00,0,0.54,164,110,3,3,0.4866805136025836,0.4916757365505358,0.4335839598997493,0.23685792232047453,0.2417450299125119,0.1879950502823474,0.004887107592037365
824420,2026-06-29,2026,Cleveland Guardians,Texas Rangers,2026-06-29T17:00:00+00:00,0,0.17,202,185,3,3,0.5279149643661516,0.5292019210527853,0.5796019900497512,0.2786942096017151,0.2800546732459584,0.3359384668696319,0.0013604636442433038
824662,2026-06-29,2026,Chicago Cubs,San Diego Padres,2026-06-29T17:00:00+00:00,1,-0.36,233,269,3,3,0.5473512600898679,0.5426907075929941,0.5876543209876544,0.2048908817422304,0.20913178892179643,0.17002895900015239,0.004240907179566017
824741,2026-06-29,2026,Boston Red Sox,Washington Nationals,2026-06-29T17:00:00+00:00,1,-0.8,121,201,3,3,0.5737926405838764,0.5644855527502318,0.6092233009708737,0.1816527132204648,0.1896728337632711,0.15270642850410032,0.008020120542806292
824822,2026-06-29,2026,Baltimore Orioles,Chicago White Sox,2026-06-29T17:00:00+00:00,0,0.23,178,155,3,3,0.5038510303189253,0.5054437349257521,0.5541561712846348,0.2538658607534426,0.25547336917569397,0.3070890621728455,0.0016075084222513802
825065,2026-06-29,2026,Arizona Diamondbacks,San Francisco Giants,2026-06-29T17:00:00+00:00,1,-0.22,88,110,3,3,0.5202758818408196,0.5167850169878069,0.5541561712846348,0.23013522954360324,0.23349671980747408,0.1987767196035759,0.0033614902638708366
822793,2026-06-30,2026,Toronto Blue Jays,New York Mets,2026-06-30T17:00:00+00:00,0,-0.54,185,239,3,3,0.5603381165933253,0.553803342176673,0.5190839694656489,0.313978804907355,0.3066981418060532,0.26944816735621474,-0.007280663101301821
823122,2026-06-30,2026,Seattle Mariners,Los Angeles Angels,2026-06-30T17:00:00+00:00,1,-0.84,91,175,3,3,0.6186567325408653,0.6099719448971314,0.6276849642004773,0.14542268763640914,0.15212188376732633,0.1386184858823999,0.006699196130917184
823445,2026-06-30,2026,Philadelphia Phillies,Pittsburgh Pirates,2026-06-30T17:00:00+00:00,1,0.88,305,217,3,3,0.5397734528071153,0.5496641947040798,0.6643835616438356,0.21180847474108452,0.20280233753152496,0.11263839369487709,-0.009006137209559562
823528,2026-06-30,2026,New York Yankees,Detroit Tigers,2026-06-30T17:00:00+00:00,0,0.0,182,182,3,3,0.6220161251468038,0.6228843977707341,0.5165394402035622,0.3869040599426443,0.38798497298621015,0.26681299328580943,0.0010809130435658343
823768,2026-06-30,2026,Milwaukee Brewers,Cincinnati Reds,2026-06-30T17:00:00+00:00,1,0.23,218,195,3,3,0.6326445841718321,0.6362297231637454,0.6073170731707317,0.13495000153828615,0.13232881430952534,0.15419988102320048,-0.002621187228760813
824096,2026-06-30,2026,Kansas City Royals,Tampa Bay Rays,2026-06-30T17:00:00+00:00,0,-0.46,93,139,2,2,0.5227156302165835,0.5164070685567517,0.47715736040609136,0.27323163007272006,0.2666762604553776,0.22767914658970856,-0.0065553696173424325
824175,2026-06-30,2026,Houston Astros,Minnesota Twins,2026-06-30T17:00:00+00:00,1,0.44,193,149,3,3,0.5628944051623205,0.5679277127132495,0.4885496183206107,0.19106130103840166,0.18668646144120427,0.261581492919993,-0.004374839597197394
824338,2026-06-30,2026,Colorado Rockies,Miami Marlins,2026-06-30T17:00:00+00:00,0,0.46,172,126,3,3,0.4864687202939521,0.49050562030857453,0.4483627204030227,0.2366518158244354,0.24059576355429949,0.20102912904719913,0.003943947729864089
824418,2026-06-30,2026,Cleveland Guardians,Texas Rangers,2026-06-30T17:00:00+00:00,0,-0.75,172,247,3,3,0.5242208989360975,0.5144819591369826,0.4707379134860051,0.2748075508813701,0.26469168627742784,0.2215941831931576,-0.01011586460394226
824661,2026-06-30,2026,Chicago Cubs,San Diego Padres,2026-06-30T17:00:00+00:00,1,-0.77,223,300,3,3,0.5436997272800812,0.5341026087898942,0.5796019900497512,0.20820993888427228,0.21706037913638232,0.17673448677012948,0.008850440252110042
824742,2026-06-30,2026,Boston Red Sox,Washington Nationals,2026-06-30T17:00:00+00:00,0,-0.05,132,137,3,3,0.5691585907972488,0.5685522551327007,0.5454545454545454,0.32394150147831013,0.3232516668164796,0.29752066115702475,-0.0006898346618305351
824819,2026-06-30,2026,Baltimore Orioles,Chicago White Sox,2026-06-30T17:00:00+00:00,0,0.36,207,171,3,3,0.5020467266917069,0.505160061775934,0.5541561712846348,0.25205091578185745,0.25518668801346545,0.3070890621728455,0.0031357722316079917
824907,2026-06-30,2026,Atlanta Braves,St. Louis Cardinals,2026-06-30T17:00:00+00:00,0,-0.04,82,86,2,2,0.6346358759081393,0.6352650995604114,0.568922305764411,0.4027626949896912,0.40356174671949946,0.323672589996294,0.0007990517298082644
825066,2026-06-30,2026,Arizona Diamondbacks,San Francisco Giants,2026-06-30T17:00:00+00:00,1,-0.05,105,110,3,3,0.5238419030283611,0.5224398572389432,0.5051020408163266,0.22672653331165268,0.228063689953961,0.24492399000416487,0.0013371566423083237
822791,2026-07-01,2026,Toronto Blue Jays,New York Mets,2026-07-01T17:00:00+00:00,1,-0.62,155,217,3,3,0.5581495566990782,0.5506255788918215,0.5114503816793893,0.19523181424522112,0.20193737034631054,0.23868072956121442,0.006705556101089416
823446,2026-07-01,2026,Philadelphia Phillies,Pittsburgh Pirates,2026-07-01T17:00:00+00:00,1,0.53,228,175,3,3,0.5460280171403883,0.5518729525211497,0.5628140703517588,0.20609056122148758,0.2008178506821118,0.1911315370823969,-0.00527271053937578
823530,2026-07-01,2026,New York Yankees,Detroit Tigers,2026-07-01T17:00:00+00:00,0,0.34,206,172,3,3,0.6138411157645381,0.6184134153580381,0.547979797979798,0.3768009154030531,0.3824351522947933,0.30028185899398024,0.005634236891740196
823767,2026-07-01,2026,Milwaukee Brewers,Cincinnati Reds,2026-07-01T17:00:00+00:00,1,-0.22,174,196,3,3,0.6373361463980795,0.6360225464199479,0.5911330049261084,0.13152507070939526,0.13247958671461896,0.16717221966075368,0.000954516005223699
824094,2026-07-01,2026,Kansas City Royals,Tampa Bay Rays,2026-07-01T17:00:00+00:00,0,0.8,164,84,2,2,0.5184079066347428,0.5270368897416686,0.45569620253164556,0.2687467576614162,0.27776788314857176,0.20765902900176253,0.009021125487155557
824174,2026-07-01,2026,Houston Astros,Minnesota Twins,2026-07-01T17:00:00+00:00,0,0.51,174,123,3,3,0.5620494879077073,0.5678908560857919,0.5516372795969774,0.315899626857316,0.3225000244258536,0.30430368824115384,0.0066003975685376415
824337,2026-07-01,2026,Colorado Rockies,Miami Marlins,2026-07-01T17:00:00+00:00,1,0.83,201,118,3,3,0.4769098952837705,0.4851885747190222,0.42039800995024873,0.273623257652036,0.2650308035998318,0.335938466869632,-0.008592454052204213
824419,2026-07-01,2026,Cleveland Guardians,Texas Rangers,2026-07-01T17:00:00+00:00,1,-0.3,145,175,3,3,0.5229425434362481,0.518545540677406,0.530456852791878,0.227583816863076,0.23179839640161132,0.2204707670901081,0.0042145795385353235
824660,2026-07-01,2026,Chicago Cubs,San Diego Padres,2026-07-01T17:00:00+00:00,1,0.22,240,218,3,3,0.5445894303193788,0.5467476633468127,0.5267175572519084,0.20739878697682795,0.20543768068157425,0.2239962706136006,-0.0019611062952537006
824740,2026-07-01,2026,Boston Red Sox,Washington Nationals,2026-07-01T17:00:00+00:00,0,0.82,188,106,3,3,0.5637785238910606,0.5732687592332493,0.57356608478803,0.3178462240007832,0.3286370703128291,0.32897805361906957,0.01079084631204591
824905,2026-07-01,2026,Atlanta Braves,St. Louis Cardinals,2026-07-01T17:00:00+00:00,1,-0.41,97,138,2,2,0.6341117467619284,0.630626961582794,0.5505050505050506,0.13387421385760723,0.13643644150955878,0.20204570962146712,0.0025622276519515486
825064,2026-07-01,2026,Arizona Diamondbacks,San Francisco Giants,2026-07-01T17:00:00+00:00,0,-0.41,111,152,3,3,0.5260684231648676,0.5204170356408624,0.5541561712846348,0.27674798585117016,0.27083389098522265,0.3070890621728455,-0.005914094865947517
822884,2026-07-02,2026,Texas Rangers,Detroit Tigers,2026-07-02T17:00:00+00:00,1,0.27,182,155,3,3,0.5682771883933382,0.571401088194369,0.5178571428571429,0.18638458606156122,0.18369702720097109,0.23246173469387751,-0.0026875588605901335
823119,2026-07-02,2026,Seattle Mariners,Los Angeles Angels,2026-07-02T17:00:00+00:00,1,-0.68,59,127,2,2,0.6228268949205292,0.6160585525983611,0.6535796766743649,0.1422595511952895,0.14741103503286548,0.12000704041303757,0.005151483837575993
823765,2026-07-02,2026,Milwaukee Brewers,Cincinnati Reds,2026-07-02T17:00:00+00:00,0,-0.53,127,180,3,3,0.6386744936993305,0.6339582617802514,0.6496519721577726,0.40790510890209614,0.4019030776794377,0.4220476849284833,-0.0060020312226584105
823935,2026-07-02,2026,Los Angeles Dodgers,San Diego Padres,2026-07-02T17:00:00+00:00,1,-0.55,181,236,3,3,0.6372294051766877,0.6322581512914799,0.635933806146572,0.13160250446845984,0.1352340672915601,0.1325441935069218,0.0036315628231002595
824093,2026-07-02,2026,Kansas City Royals,Tampa Bay Rays,2026-07-02T17:00:00+00:00,0,0.6,146,86,2,2,0.5142212944532581,0.5204015113749557,0.4707379134860051,0.2644235396691844,0.27081773304133816,0.2215941831931576,0.006394193372153745
824335,2026-07-02,2026,Colorado Rockies,Miami Marlins,2026-07-02T17:00:00+00:00,1,0.84,214,130,3,3,0.47818061924776617,0.48660200872406584,0.42999999999999994,0.27229546612864475,0.2635774974461641,0.3249000000000001,-0.008717968682480648
824416,2026-07-02,2026,Cleveland Guardians,Chicago White Sox,2026-07-02T17:00:00+00:00,1,-0.47,131,178,3,3,0.5464081789408423,0.5404256719349279,0.5089058524173028,0.20574554013176297,0.21120856301646257,0.24117346178997598,0.005463022884699603
824906,2026-07-02,2026,Atlanta Braves,St. Louis Cardinals,2026-07-02T17:00:00+00:00,0,-0.18,114,132,2,2,0.6366818533542669,0.6357983046839577,0.5139949109414759,0.40536378239062415,0.4042394842389947,0.2641907684737357,-0.0011242981516294548
822714,2026-07-03,2026,Washington Nationals,Pittsburgh Pirates,2026-07-03T17:00:00+00:00,1,-0.42,152,194,2,3,0.48092224991667865,0.4815049477274915,0.5831265508684863,0.269441710631563,0.2688371192310713,0.17378347259080473,-0.0006045914004917385
823120,2026-07-03,2026,Seattle Mariners,Toronto Blue Jays,2026-07-03T17:00:00+00:00,0,-1.02,66,168,2,2,0.5607689532953989,0.5414884084871149,0.46329113924050636,0.31446181898001724,0.2932096965259086,0.21463867969876624,-0.021252122454108624
823527,2026-07-03,2026,New York Yankees,Minnesota Twins,2026-07-03T17:00:00+00:00,1,0.02,123,121,2,2,0.6465087701771537,0.647985205647497,0.6294536817102138,0.12495604956166835,0.12391441544303501,0.13730457399811558,-0.0010416341186333389
823933,2026-07-03,2026,Los Angeles Dodgers,San Diego Padres,2026-07-03T17:00:00+00:00,1,-0.55,214,269,3,3,0.6430556859041286,0.6382194082645091,0.6899563318777293,0.12740924336537207,0.13088519655648198,0.09612707614271272,0.0034759531911099095
824013,2026-07-03,2026,Los Angeles Angels,Boston Red Sox,2026-07-03T17:00:00+00:00,0,-0.85,112,197,2,2,0.4966816994391648,0.4781301791061077,0.5051020408163266,0.24669271055777683,0.22860846817203864,0.25512807163681805,-0.018084242385738192
824173,2026-07-03,2026,Houston Astros,Tampa Bay Rays,2026-07-03T17:00:00+00:00,0,0.59,178,119,2,3,0.49084413099991187,0.503652964628966,0.5025510204081632,0.24092796093705865,0.2536663087795465,0.2525575281132861,0.01273834784248784
824336,2026-07-03,2026,Colorado Rockies,San Francisco Giants,2026-07-03T17:00:00+00:00,1,0.6,191,131,3,2,0.48763567959941617,0.48622302949794566,0.4228855721393035,0.26251719681955216,0.26396677541826874,0.3330610628449791,0.0014495785987165832
824417,2026-07-03,2026,Cleveland Guardians,Chicago White Sox,2026-07-03T17:00:00+00:00,1,-0.54,154,208,3,3,0.5473535943240331,0.5405594648241414,0.5443037974683544,0.20488876857137203,0.21108560536267934,0.20765902900176253,0.006196836791307309
824498,2026-07-03,2026,Cincinnati Reds,Baltimore Orioles,2026-07-03T17:00:00+00:00,0,0.39,158,119,3,2,0.569877691748202,0.567427426857173,0.4720812182741116,0.3247605835522588,0.32197388474975236,0.22286067664716938,-0.0027866988025064265
824659,2026-07-03,2026,Chicago Cubs,St. Louis Cardinals,2026-07-03T17:00:00+00:00,0,-1.27,110,237,2,3,0.5643221478012919,0.5563194306125836,0.5392405063291139,0.3184594864990631,0.30949130887710924,0.29078032366607914,-0.008968177621953843
824904,2026-07-03,2026,Atlanta Braves,New York Mets,2026-07-03T17:00:00+00:00,1,0.97,196,99,3,2,0.6405575325664615,0.6457906498681111,0.5076530612244898,0.12919888739471036,0.1254642637208551,0.24240550812161596,-0.0037346236738552696
825062,2026-07-03,2026,Arizona Diamondbacks,Milwaukee Brewers,2026-07-03T17:00:00+00:00,0,-0.52,110,162,2,3,0.4309832464729982,0.42953525213318683,0.4325,0.1857465587404051,0.18450053282512038,0.18705625,-0.0012460259152847208
822882,2026-07-04,2026,Texas Rangers,Detroit Tigers,2026-07-04T17:00:00+00:00,0,-0.24,117,141,2,2,0.5749478803174534,0.5722239714566038,0.46329113924050636,0.33056506508153266,0.32744027350956806,0.21463867969876624,-0.0031247915719646024
823118,2026-07-04,2026,Seattle Mariners,Toronto Blue Jays,2026-07-04T17:00:00+00:00,1,-0.78,81,159,2,2,0.5272633425374603,0.5172241277056362,0.6048780487804878,0.22347994730885457,0.23307254286958387,0.15612135633551458,0.009592595560729306
823526,2026-07-04,2026,New York Yankees,Minnesota Twins,2026-07-04T17:00:00+00:00,0,0.17,139,122,2,2,0.6492740552804516,0.6524183967756975,0.5831265508684863,0.4215567988603229,0.4256497644513714,0.34003657432777734,0.004092965591048547
823932,2026-07-04,2026,Los Angeles Dodgers,San Diego Padres,2026-07-04T17:00:00+00:00,1,-0.07,229,236,3,3,0.6474886066836486,0.6480004752198769,0.6928104575163399,0.1242642824178354,0.12390366544543249,0.09436541501132044,-0.00036061697240290236
824012,2026-07-04,2026,Los Angeles Angels,Boston Red Sox,2026-07-04T17:00:00+00:00,0,-0.19,98,117,2,2,0.46855070000742194,0.464540367614819,0.39608801955990225,0.2195397584774451,0.21579775314371116,0.1568857192388855,-0.00374200533373395
824092,2026-07-04,2026,Kansas City Royals,Philadelphia Phillies,2026-07-04T17:00:00+00:00,0,-0.31,152,183,2,2,0.48702496845176996,0.48188774991001043,0.4158415841584158,0.23719331989544754,0.23221580351333276,0.17292422311538083,-0.004977516382114772
824171,2026-07-04,2026,Houston Astros,Tampa Bay Rays,2026-07-04T17:00:00+00:00,1,0.75,178,103,2,3,0.5158972752695224,0.5238914308512502,0.49744897959183665,0.23435544809147252,0.22667936961686985,0.25255752811328624,-0.007676078474602666
824334,2026-07-04,2026,Colorado Rockies,San Francisco Giants,2026-07-04T17:00:00+00:00,0,-0.17,153,170,3,2,0.46835044070205867,0.46457440084609203,0.43107769423558895,0.21935213530581257,0.2158293739215054,0.18582797846747193,-0.0035227613843071826
824415,2026-07-04,2026,Cleveland Guardians,Chicago White Sox,2026-07-04T17:00:00+00:00,0,-0.83,182,265,3,3,0.5533716195010163,0.5432632105219578,0.5639097744360902,0.30622014926917757,0.29513491590662505,0.3179942337045622,-0.011085233362552516
824499,2026-07-04,2026,Cincinnati Reds,Baltimore Orioles,2026-07-04T17:00:00+00:00,0,0.71,148,77,3,2,0.5380610120493792,0.5459170870100112,0.5468354430379747,0.28950965268760215,0.29802546588949613,0.2990290017625381,0.008515813201893985
824658,2026-07-04,2026,Chicago Cubs,St. Louis Cardinals,2026-07-04T17:00:00+00:00,0,-0.54,146,200,2,3,0.5767993699241308,0.5706045726811555,0.5945945945945945,0.33269751314487434,0.3255895783646441,0.3535427319211102,-0.007107934780230252
824903,2026-07-04,2026,Atlanta Braves,New York Mets,2026-07-04T17:00:00+00:00,1,0.83,209,126,3,2,0.616568968699944,0.6266649617863633,0.6058394160583942,0.1470193557638245,0.13937905075797755,0.15536256593318767,-0.007640305005846948
825063,2026-07-04,2026,Arizona Diamondbacks,Milwaukee Brewers,2026-07-04T17:00:00+00:00,1,-0.36,181,217,2,3,0.45159868054513974,0.44531517106855895,0.41687344913151364,0.3007440071798317,0.307675259446702,0.34003657432777745,0.0069312522668703025
822879,2026-07-05,2026,Texas Rangers,Detroit Tigers,2026-07-05T17:00:00+00:00,0,0.15,132,117,2,2,0.57056572072295,0.5723229665140394,0.46446700507614214,0.32554524166409937,0.3275535779994302,0.21572959880440104,0.002008336335330818
823117,2026-07-05,2026,Seattle Mariners,Toronto Blue Jays,2026-07-05T17:00:00+00:00,1,-0.12,101,113,3,2,0.5363335939617818,0.5343188155510102,0.5406091370558376,0.21498653608839782,0.21685896554981401,0.21103996495658223,0.0018724294614161918
823525,2026-07-05,2026,New York Yankees,Minnesota Twins,2026-07-05T17:00:00+00:00,0,0.62,182,120,2,2,0.6442590236093586,0.6522269147295873,0.5603015075376885,0.4150696895020841,0.4253999482976763,0.3139377793490064,0.010330258795592184
823931,2026-07-05,2026,Los Angeles Dodgers,San Diego Padres,2026-07-05T17:00:00+00:00,0,-1.04,166,270,3,3,0.6539307814220491,0.6440030358157051,0.6543778801843317,0.42762546689125175,0.4147399101398443,0.42821041007453964,-0.012885556751407456
824010,2026-07-05,2026,Los Angeles Angels,Boston Red Sox,2026-07-05T17:00:00+00:00,0,1.47,193,46,3,2,0.4705059866019183,0.4862946066770624,0.41234567901234565,0.2213758834282445,0.23648244448319886,0.17002895900015239,0.015106561054954365
824091,2026-07-05,2026,Kansas City Royals,Philadelphia Phillies,2026-07-05T17:00:00+00:00,1,0.07,161,154,2,2,0.480734150487646,0.4800204315950905,0.4545454545454545,0.26963702246978666,0.270378751558556,0.29752066115702486,0.0007417290887693495
824172,2026-07-05,2026,Houston Astros,Tampa Bay Rays,2026-07-05T17:00:00+00:00,1,0.16,142,126,2,3,0.517799597267963,0.5187956721323701,0.5204081632653061,0.23251722839493869,0.23155760515853746,0.23000832986255726,-0.0009596232364012247
824333,2026-07-05,2026,Colorado Rockies,San Francisco Giants,2026-07-05T17:00:00+00:00,1,-0.09,149,158,3,2,0.46727632587034107,0.4644328727540728,0.4783715012722647,0.283794512978203,0.2868321477864552,0.27209629068495095,0.0030376348082521987
824413,2026-07-05,2026,Cleveland Guardians,Chicago White Sox,2026-07-05T17:00:00+00:00,0,-0.48,178,226,3,3,0.5516561689003403,0.5456573659377413,0.5491183879093199,0.3043245286858008,0.2977419610021141,0.3015310039401303,-0.006582567683686702
824497,2026-07-05,2026,Cincinnati Reds,Baltimore Orioles,2026-07-05T17:00:00+00:00,1,0.59,159,100,3,2,0.5285469023578335,0.5348367262569745,0.4821428571428572,0.22226802327639417,0.21637687123932883,0.2681760204081632,-0.005891152037065334
824656,2026-07-05,2026,Chicago Cubs,St. Louis Cardinals,2026-07-05T17:00:00+00:00,1,-0.36,170,206,2,3,0.5742353367071114,0.5700943566327458,0.57356608478803,0.18127554850890684,0.18481886219901278,0.18184588404300966,0.003543313690105937
825061,2026-07-05,2026,Arizona Diamondbacks,Milwaukee Brewers,2026-07-05T17:00:00+00:00,0,-0.61,173,234,2,3,0.45239180894516934,0.44317238544504284,0.47582697201017815,0.2046583488006826,0.19640176322104963,0.22641130729237485,-0.008256585579632963
822712,2026-07-06,2026,Washington Nationals,Houston Astros,2026-07-06T17:00:00+00:00,1,1.47,347,200,3,3,0.5375322632999178,0.5543616688753715,0.5165394402035622,0.2138764074884966,0.198593522167544,0.23373411287868498,-0.015282885320952594
822958,2026-07-06,2026,Tampa Bay Rays,New York Yankees,2026-07-06T17:00:00+00:00,0,-1.48,120,268,3,3,0.469257111365955,0.4499723500280544,0.5051020408163266,0.22020223656752028,0.20247511578976993,0.25512807163681805,-0.01772712077775035
823036,2026-07-06,2026,St. Louis Cardinals,Milwaukee Brewers,2026-07-06T17:00:00+00:00,0,-0.76,155,231,3,3,0.4673826054174736,0.4565935567601125,0.5025510204081632,0.21844649984682585,0.20847767607485007,0.2525575281132861,-0.009968823771975777
823205,2026-07-06,2026,San Francisco Giants,Toronto Blue Jays,2026-07-06T17:00:00+00:00,1,0.54,205,151,3,3,0.5321081298555951,0.5378597335189146,0.49234693877551017,0.21892280214722867,0.21357362590320864,0.2577116305705956,-0.0053491762440200374
823282,2026-07-06,2026,San Diego Padres,Arizona Diamondbacks,2026-07-06T17:00:00+00:00,0,0.37,244,207,3,3,0.5628047664322015,0.5670164364011275,0.5292620865139949,0.31674920511880483,0.3215076391490339,0.2801183562211474,0.004758434030229075
823930,2026-07-06,2026,Los Angeles Dodgers,Colorado Rockies,2026-07-06T17:00:00+00:00,1,-0.25,157,182,3,3,0.7139639446919755,0.7137445084558066,0.6748878923766817,0.08181662493617523,0.08194220643920777,0.10569788252327612,0.00012558150303254578
824089,2026-07-06,2026,Kansas City Royals,Philadelphia Phillies,2026-07-06T17:00:00+00:00,1,0.48,119,71,2,2,0.48548985365278446,0.4897481488158122,0.35116279069767437,0.2647206906942331,0.26035695163689054,0.42098972417522984,-0.004363739057342553
824900,2026-07-06,2026,Atlanta Braves,New York Mets,2026-07-06T17:00:00+00:00,0,0.12,217,205,3,3,0.6194441120837294,0.6216189529617006,0.5417721518987342,0.3837110079951999,0.3864101226812009,0.2935170645729851,0.0026991146860009807
822713,2026-07-07,2026,Washington Nationals,Houston Astros,2026-07-07T17:00:00+00:00,0,0.91,310,219,3,3,0.5409807099752962,0.5512421357172527,0.5267175572519084,0.2926601285653756,0.303867892190118,0.2774313851174174,0.011207763624742406
822881,2026-07-07,2026,Texas Rangers,Los Angeles Angels,2026-07-07T17:00:00+00:00,1,-0.32,153,185,2,2,0.6485636797660058,0.646369766767281,0.6004901960784313,0.1235074871796105,0.12505434185622727,0.15960808342945024,0.001546854676616763
822956,2026-07-07,2026,Tampa Bay Rays,New York Yankees,2026-07-07T17:00:00+00:00,1,-0.52,157,209,3,3,0.46187191586338666,0.45384671135698645,0.5292620865139949,0.28958183493654205,0.29828341469557895,0.22159418319315766,0.008701579759036904
823035,2026-07-07,2026,St. Louis Cardinals,Milwaukee Brewers,2026-07-07T17:00:00+00:00,0,0.18,184,166,3,3,0.46594125554925203,0.46628259850175957,0.3456221198156682,0.21710125362281338,0.21741946166555312,0.1194546497058761,0.0003182080427397427
823062,2026-07-07,2026,St. Louis Cardinals,Milwaukee Brewers,2026-07-07T17:00:00+00:00,0,0.18,184,166,3,3,0.46594125554925203,0.46628259850175957,0.4783715012722647,0.21710125362281338,0.21741946166555312,0.22883929322948032,0.0003182080427397427
823203,2026-07-07,2026,San Francisco Giants,Toronto Blue Jays,2026-07-07T17:00:00+00:00,0,-0.37,104,141,3,3,0.5392703868863415,0.5343391697126515,0.48346055979643765,0.2908125501725445,0.2855183482892058,0.23373411287868487,-0.005294201883338678
823280,2026-07-07,2026,San Diego Padres,Arizona Diamondbacks,2026-07-07T17:00:00+00:00,1,1.26,269,143,3,3,0.5593632734546938,0.5739453040332756,0.5216284987277354,0.19416072478056293,0.18152260395529796,0.22883929322948024,-0.01263812082526497
823361,2026-07-07,2026,Pittsburgh Pirates,Atlanta Braves,2026-07-07T17:00:00+00:00,1,-1.2,125,245,2,3,0.470393733970262,0.4615269747683684,0.5760598503740648,0.28048279701796164,0.2899531989021054,0.17972525046486032,0.009470401884143775
823607,2026-07-07,2026,New York Mets,Kansas City Royals,2026-07-07T17:00:00+00:00,0,0.47,241,194,3,3,0.568740910353843,0.5742082381053136,0.5760598503740648,0.3234662231101181,0.3297151007080085,0.33184495121298996,0.006248877597890445
823687,2026-07-07,2026,Minnesota Twins,Cleveland Guardians,2026-07-07T17:00:00+00:00,1,-0.53,102,155,2,2,0.49176941684158054,0.484087512952454,0.5089058524173028,0.2582983256575472,0.2661656942915843,0.24117346178997598,0.007867368634037142
823847,2026-07-07,2026,Miami Marlins,Seattle Mariners,2026-07-07T17:00:00+00:00,1,0.37,78,41,2,2,0.5137169660872708,0.5171473859722853,0.5329949238578681,0.23647118907136855,0.23314664687339726,0.21809374114251845,-0.003324542197971292
823929,2026-07-07,2026,Los Angeles Dodgers,Colorado Rockies,2026-07-07T17:00:00+00:00,0,0.06,200,194,3,3,0.7161630057925135,0.7189824855294074,0.7145833333333332,0.5128894508657676,0.5169358144980445,0.5106293402777776,0.004046363632276839
824495,2026-07-07,2026,Cincinnati Reds,Philadelphia Phillies,2026-07-07T17:00:00+00:00,0,-0.34,136,170,2,3,0.4605717040785253,0.46175159317655334,0.39077669902912626,0.2121262945977967,0.21321453380108524,0.15270642850410032,0.0010882392032885435
824579,2026-07-07,2026,Chicago White Sox,Boston Red Sox,2026-07-07T17:00:00+00:00,0,0.57,173,116,2,2,0.5529868391623278,0.5594045647529989,0.46954314720812185,0.30579444428674224,0.31293346706649217,0.220470767090108,0.007139022779749926
824820,2026-07-07,2026,Baltimore Orioles,Chicago Cubs,2026-07-07T17:00:00+00:00,0,-0.79,60,139,2,2,0.4953991700606604,0.4846763502401788,0.49234693877551017,0.24542033769679114,0.23491116448214047,0.24240550812161596,-0.010509173214650669
822710,2026-07-08,2026,Washington Nationals,Houston Astros,2026-07-08T17:00:00+00:00,1,0.49,252,203,3,3,0.5363846041523604,0.5416096506496942,0.5591939546599496,0.2149392352669635,0.21012171237749536,0.19430996960833458,-0.0048175228894681565
822880,2026-07-08,2026,Texas Rangers,Los Angeles Angels,2026-07-08T17:00:00+00:00,0,0.13,163,150,2,2,0.6520490818587122,0.6547976502702548,0.5771144278606966,0.42516800515278963,0.42875996279944695,0.3330610628449791,0.0035919576466573178
822957,2026-07-08,2026,Tampa Bay Rays,New York Yankees,2026-07-08T17:00:00+00:00,1,0.0,144,144,3,3,0.46734951289255744,0.4655762671079436,0.5139949109414759,0.28371654141579583,0.2856087262782801,0.23620094659078397,0.0018921848624842696
823032,2026-07-08,2026,St. Louis Cardinals,Milwaukee Brewers,2026-07-08T17:00:00+00:00,1,1.77,337,160,4,4,0.45618405610637874,0.4752442167497596,0.42999999999999994,0.2957357808329102,0.2753686320545733,0.3249000000000001,-0.020367148778336897
823202,2026-07-08,2026,San Francisco Giants,Toronto Blue Jays,2026-07-08T17:00:00+00:00,0,-0.02,146,148,3,3,0.53614589802046,0.5353156446337156,0.47582697201017815,0.2874524239641655,0.2865628393896105,0.22641130729237485,-0.000889584574554958
823279,2026-07-08,2026,San Diego Padres,Arizona Diamondbacks,2026-07-08T17:00:00+00:00,1,0.99,211,112,3,3,0.5650581796941191,0.5765462909604543,0.5603015075376885,0.1891743870509932,0.17931304369934825,0.19333476427362942,-0.009861343351644958
823360,2026-07-08,2026,Pittsburgh Pirates,Atlanta Braves,2026-07-08T17:00:00+00:00,0,-1.54,114,268,2,3,0.5011016701968886,0.4815285511725207,0.5190839694656489,0.2511028838741113,0.23186974559430687,0.26944816735621474,-0.019233138279804413
823605,2026-07-08,2026,New York Mets,Kansas City Royals,2026-07-08T17:00:00+00:00,1,1.42,357,215,3,3,0.5632227557187716,0.5797016433204156,0.6159420289855072,0.1907743611219039,0.17665070862755913,0.147500525099769,-0.014123652494344774
823684,2026-07-08,2026,Minnesota Twins,Cleveland Guardians,2026-07-08T17:00:00+00:00,1,-0.75,64,139,2,2,0.4941569349467477,0.4838908300517208,0.5204081632653061,0.2558772064624689,0.2663686753047017,0.23000832986255726,0.010491468842232787
823848,2026-07-08,2026,Miami Marlins,Seattle Mariners,2026-07-08T17:00:00+00:00,1,0.71,160,89,2,2,0.5159889753164654,0.5235082184145616,0.4607594936708861,0.23426667201520518,0.2270444179184651,0.29078032366607914,-0.007222254096740072
823928,2026-07-08,2026,Los Angeles Dodgers,Colorado Rockies,2026-07-08T17:00:00+00:00,1,0.08,206,198,3,3,0.7166475504911725,0.7196650718986309,0.6829268292682927,0.08028861064265266,0.07858767191359976,0.10053539559785839,-0.0017009387290529004
824496,2026-07-08,2026,Cincinnati Reds,Philadelphia Phillies,2026-07-08T17:00:00+00:00,1,-0.53,131,184,2,3,0.4868115125726129,0.4790488554518717,0.568922305764411,0.26336242362800943,0.27139009500600486,0.18582797846747193,0.008027671377995427
824578,2026-07-08,2026,Chicago White Sox,Boston Red Sox,2026-07-08T17:00:00+00:00,0,0.81,217,136,2,2,0.5475893366005121,0.5567589234771744,0.5076530612244898,0.29985408155858895,0.3099804988714621,0.2577116305705956,0.01012641731287317
824815,2026-07-08,2026,Baltimore Orioles,Chicago Cubs,2026-07-08T17:00:00+00:00,0,-0.71,54,125,2,2,0.4937192445645802,0.48392295875363117,0.5367088607594936,0.24375869245341977,0.23418143000886862,0.28805640121775355,-0.009577262444551149
822877,2026-07-09,2026,Texas Rangers,Los Angeles Angels,2026-07-09T17:00:00+00:00,1,0.0,135,135,2,2,0.6417273778979575,0.6429112129125089,0.5577889447236182,0.12835927174787293,0.1275124018636156,0.19555061740865123,-0.0008468698842573341
822954,2026-07-09,2026,Tampa Bay Rays,New York Yankees,2026-07-09T17:00:00+00:00,0,0.77,160,83,3,3,0.47052094266689193,0.47796538068273586,0.5725,0.2213899574881406,0.22845090513119262,0.32775625,0.007060947643052012
823034,2026-07-09,2026,St. Louis Cardinals,Milwaukee Brewers,2026-07-09T17:00:00+00:00,0,1.79,326,147,4,4,0.46004497699384544,0.47942942017580675,0.44332493702770776,0.21164138085726777,0.22985256893011025,0.19653699979062106,0.01821118807284247
823201,2026-07-09,2026,San Francisco Giants,Colorado Rockies,2026-07-09T17:00:00+00:00,1,0.07,158,151,3,3,0.6152160627317569,0.6167632985580517,0.5417721518987342,0.14805867837965125,0.14687036933210504,0.20997276077551674,-0.0011883090475462155
823277,2026-07-09,2026,San Diego Padres,Arizona Diamondbacks,2026-07-09T17:00:00+00:00,0,0.41,184,143,3,3,0.5702330667911673,0.5750212690864148,0.5367088607594936,0.3251657504620598,0.3306494599017511,0.28805640121775355,0.005483709439691287
823606,2026-07-09,2026,New York Mets,Kansas City Royals,2026-07-09T17:00:00+00:00,1,0.55,363,308,3,3,0.5705469470436922,0.5769719402495063,0.5603015075376885,0.18442992469349329,0.1789527393362673,0.19333476427362942,-0.005477185357225994
823683,2026-07-09,2026,Minnesota Twins,Cleveland Guardians,2026-07-09T17:00:00+00:00,0,-0.36,123,159,2,2,0.49171593812505693,0.4860604908728169,0.4746192893401016,0.2417845638062048,0.2362548007875237,0.2252634698137031,-0.005529763018681105
823846,2026-07-09,2026,Miami Marlins,Seattle Mariners,2026-07-09T17:00:00+00:00,1,0.67,150,83,2,2,0.5200244562295991,0.5271316996068056,0.4707379134860051,0.23037652261769198,0.22360442951674833,0.2801183562211475,-0.006772093100943649
824494,2026-07-09,2026,Cincinnati Reds,Philadelphia Phillies,2026-07-09T17:00:00+00:00,0,-1.19,145,264,2,3,0.49411356604608897,0.4786022812304909,0.4044117647058823,0.24414821615078272,0.22906014359902993,0.16354887543252591,-0.01508807255175279
824577,2026-07-09,2026,Chicago White Sox,Boston Red Sox,2026-07-09T17:00:00+00:00,0,1.21,194,73,2,2,0.5449048994702519,0.5587522539593047,0.5114503816793893,0.2969213494666853,0.31220408130460336,0.261581492919993,0.015282731837918062
824816,2026-07-09,2026,Baltimore Orioles,Chicago Cubs,2026-07-09T17:00:00+00:00,1,0.09,123,114,2,2,0.49042081387119124,0.4901116298874759,0.5329949238578681,0.2596709469356992,0.25998614997600633,0.21809374114251845,0.00031520304030713264
822709,2026-07-10,2026,Washington Nationals,New York Yankees,2026-07-10T17:00:00+00:00,0,-0.75,104,179,2,3,0.4233304933007151,0.41908214412116784,0.4133663366336633,0.1792087065582268,0.1756298435211953,0.17087172826193503,-0.0035788630370315044
822878,2026-07-10,2026,Texas Rangers,Houston Astros,2026-07-10T17:00:00+00:00,1,0.44,210,166,3,2,0.6231745845037377,0.6222846095106848,0.43969849246231163,0.1419973937639307,0.1426689162124959,0.31393777934900624,0.0006715224485651927
822955,2026-07-10,2026,Tampa Bay Rays,Seattle Mariners,2026-07-10T17:00:00+00:00,1,0.62,186,124,3,3,0.5304844858237213,0.5371605121109394,0.5216284987277354,0.22044481805221536,0.21422039154940786,0.22883929322948024,-0.006224426502807495
823033,2026-07-10,2026,St. Louis Cardinals,Atlanta Braves,2026-07-10T17:00:00+00:00,1,0.93,318,225,4,3,0.4541662437461167,0.4631950824699311,0.39608801955990225,0.2979344894662237,0.28815951948446406,0.364709680119081,-0.00977496998175964
823200,2026-07-10,2026,San Francisco Giants,Colorado Rockies,2026-07-10T17:00:00+00:00,0,0.14,186,172,3,3,0.6170685197325433,0.6194328906427864,0.5796019900497512,0.38077355804491214,0.38369710601007817,0.3359384668696319,0.002923547965166029
823278,2026-07-10,2026,San Diego Padres,Toronto Blue Jays,2026-07-10T17:00:00+00:00,0,1.09,193,84,3,2,0.5513032619786716,0.5567721972541347,0.5329949238578681,0.30393528666832387,0.30999527963519713,0.2840835888582546,0.006059992966873262
823604,2026-07-10,2026,New York Mets,Boston Red Sox,2026-07-10T17:00:00+00:00,0,1.63,289,126,3,3,0.5365021252997015,0.5552075459421213,0.57356608478803,0.28783453045109664,0.30825541907107273,0.32897805361906957,0.020420888619976096
823685,2026-07-10,2026,Minnesota Twins,Los Angeles Angels,2026-07-10T17:00:00+00:00,0,-0.01,198,199,3,3,0.5837078440355548,0.5838203047759212,0.571072319201995,0.34071484718863554,0.3408461482686495,0.3261235937587452,0.000131301080013968
823845,2026-07-10,2026,Miami Marlins,Cleveland Guardians,2026-07-10T17:00:00+00:00,0,0.35,217,182,3,3,0.5120639835684234,0.5152281376555818,0.5253807106598984,0.2622095232679626,0.2654600338320392,0.27602489113349993,0.003250510564076603
823927,2026-07-10,2026,Los Angeles Dodgers,Arizona Diamondbacks,2026-07-10T17:00:00+00:00,0,-0.41,73,114,2,3,0.6499602687020264,0.6533136022360856,0.6989247311827957,0.42244835089121036,0.42681866286669023,0.48849577985894327,0.004370311975479879
824252,2026-07-10,2026,Detroit Tigers,Philadelphia Phillies,2026-07-10T17:00:00+00:00,1,-0.48,150,198,3,3,0.536584657287957,0.5302954219687857,0.5204081632653061,0.21475377986092026,0.22062239062348113,0.23000832986255726,0.005868610762560872
824493,2026-07-10,2026,Cincinnati Reds,Chicago Cubs,2026-07-10T17:00:00+00:00,1,0.01,171,170,3,3,0.47656033905656264,0.47506092738596384,0.4885496183206107,0.2739890786485806,0.2755610299568843,0.261581492919993,0.0015719513083037318
824817,2026-07-10,2026,Baltimore Orioles,Kansas City Royals,2026-07-10T17:00:00+00:00,1,-1.04,170,274,3,3,0.5479670119127578,0.5352517905417418,0.5725,0.20433382231908087,0.21599089819465705,0.18275624999999998,0.011657075875576184
822711,2026-07-11,2026,Washington Nationals,New York Yankees,2026-07-11T17:00:00+00:00,0,-0.19,164,183,2,3,0.45243533900304483,0.44817051343921005,0.35034802784222735,0.2046977359788001,0.20085680911636516,0.12274374061293811,-0.0038409268624349235
822875,2026-07-11,2026,Texas Rangers,Houston Astros,2026-07-11T17:00:00+00:00,0,0.64,182,118,3,2,0.5923753466333872,0.6001058582915606,0.5153061224489797,0.35090855129902565,0.3601270411558506,0.26554039983340283,0.00921848985682494
822953,2026-07-11,2026,Tampa Bay Rays,Seattle Mariners,2026-07-11T17:00:00+00:00,1,0.67,172,105,3,3,0.5332024229156724,0.5405129238374654,0.5089058524173028,0.21789997797179875,0.21112837316039487,0.24117346178997598,-0.006771604811403875
823030,2026-07-11,2026,St. Louis Cardinals,Atlanta Braves,2026-07-11T17:00:00+00:00,1,-0.33,200,233,3,3,0.45733951215260243,0.4514951532802006,0.5076530612244898,0.29448040507077544,0.3008575668751106,0.24240550812161596,0.006377161804335174
823198,2026-07-11,2026,San Francisco Giants,Colorado Rockies,2026-07-11T17:00:00+00:00,1,-0.32,190,222,3,3,0.6199121197971358,0.617142664868957,0.5796019900497512,0.14446679667710685,0.1465797390636438,0.17673448677012948,0.002112942386536948
823276,2026-07-11,2026,San Diego Padres,Toronto Blue Jays,2026-07-11T17:00:00+00:00,1,1.36,206,70,3,2,0.5199047927108208,0.5352140417775059,0.5051020408163266,0.23049140806203994,0.21602598696080205,0.24492399000416487,-0.014465421101237885
823356,2026-07-11,2026,Pittsburgh Pirates,Milwaukee Brewers,2026-07-11T17:00:00+00:00,1,0.44,175,131,2,2,0.49982609788234633,0.5038562199929922,0.518324607329843,0.25017393235960017,0.2461586504396421,0.23201118390394995,-0.004015281919958064
823603,2026-07-11,2026,New York Mets,Boston Red Sox,2026-07-11T17:00:00+00:00,0,0.57,176,119,3,3,0.5323143626634205,0.5384251648546038,0.582089552238806,0.28335858069776354,0.2899016581487073,0.33882824682557366,0.006543077450943735
823682,2026-07-11,2026,Minnesota Twins,Los Angeles Angels,2026-07-11T17:00:00+00:00,1,-0.05,202,207,3,3,0.5832269880667578,0.5828669525699621,0.6135265700483092,0.17369974347590647,0.17399997925827024,0.14936171205862442,0.0003002357823637669
823844,2026-07-11,2026,Miami Marlins,Cleveland Guardians,2026-07-11T17:00:00+00:00,0,-0.48,144,192,3,3,0.5021285751372772,0.4952172414926878,0.5831265508684863,0.2521331059693922,0.2452401162716271,0.34003657432777734,-0.006892989697765112
823926,2026-07-11,2026,Los Angeles Dodgers,Arizona Diamondbacks,2026-07-11T17:00:00+00:00,0,0.42,180,138,2,3,0.670039353495914,0.6760609162603836,0.7139874739039667,0.44895273523322243,0.45705836249482934,0.5097781128917674,0.008105627261606907
824249,2026-07-11,2026,Detroit Tigers,Philadelphia Phillies,2026-07-11T17:00:00+00:00,0,-0.63,132,195,3,3,0.5511658549135571,0.5433810518637747,0.43609022556390975,0.3037837996225922,0.29526296752458225,0.19017468483238167,-0.008520832098009967
824492,2026-07-11,2026,Cincinnati Reds,Chicago Cubs,2026-07-11T17:00:00+00:00,0,-0.37,127,164,3,3,0.4785773450516805,0.47258782066579635,0.5139949109414759,0.22903627519671524,0.2233392482416469,0.2641907684737357,-0.005697026955068352
824813,2026-07-11,2026,Baltimore Orioles,Kansas City Royals,2026-07-11T17:00:00+00:00,1,-0.9,149,239,3,3,0.5479038307439299,0.5368496426797469,0.582089552238806,0.20439094625601317,0.21450825348587813,0.17464914234796167,0.010117307229864952
822708,2026-07-12,2026,Washington Nationals,New York Yankees,2026-07-12T17:00:00+00:00,0,0.5,251,201,2,3,0.4547887727803859,0.45872847482991946,0.530456852791878,0.20683282784708945,0.21043181361978405,0.2813844726738642,0.0035989857726946017
822876,2026-07-12,2026,Texas Rangers,Houston Astros,2026-07-12T17:00:00+00:00,1,0.96,181,85,3,2,0.5829893267798301,0.5943027044020118,0.5664160401002506,0.17389790157953935,0.16459029565552138,0.1879950502823475,-0.00930760592401797
822951,2026-07-12,2026,Tampa Bay Rays,Seattle Mariners,2026-07-12T17:00:00+00:00,0,0.91,199,108,3,3,0.533673847433495,0.5438354800196514,0.5760598503740648,0.2848077754344693,0.2957570293282047,0.33184495121298996,0.010949253893735411
823029,2026-07-12,2026,St. Louis Cardinals,Atlanta Braves,2026-07-12T17:00:00+00:00,0,-0.2,203,223,3,3,0.4642222825023393,0.46002398359935104,0.5505050505050506,0.21550232757168175,0.211622065486616,0.30305581063156833,-0.0038802620850657554
823199,2026-07-12,2026,San Francisco Giants,Colorado Rockies,2026-07-12T17:00:00+00:00,1,-0.52,156,208,3,3,0.6231355687705179,0.6181794208983951,0.5639097744360902,0.14202679952592104,0.14578695462548497,0.19017468483238167,0.0037601550995639277
823274,2026-07-12,2026,San Diego Padres,Toronto Blue Jays,2026-07-12T17:00:00+00:00,1,0.55,252,197,3,2,0.5208123596381422,0.5265039644084987,0.457070707070707,0.22962079467556518,0.2241984957208683,0.29477221712070206,-0.005422298954696869
823602,2026-07-12,2026,New York Mets,Boston Red Sox,2026-07-12T17:00:00+00:00,0,-0.26,162,188,3,3,0.527278627693478,0.5234361779978399,0.4885496183206107,0.2780227512223174,0.27398543243698636,0.23868072956121442,-0.004037318785331034
823681,2026-07-12,2026,Minnesota Twins,Los Angeles Angels,2026-07-12T17:00:00+00:00,1,-0.1,178,188,3,3,0.5824387674360999,0.5814841250459544,0.5505050505050506,0.17435738294028347,0.17515553758855035,0.20204570962146712,0.00079815464826688
823842,2026-07-12,2026,Miami Marlins,Cleveland Guardians,2026-07-12T17:00:00+00:00,0,0.4,146,106,3,3,0.49918334713986406,0.5027250120505775,0.5051020408163266,0.24918401406175802,0.2527324377412533,0.25512807163681805,0.0035484236794952884
823925,2026-07-12,2026,Los Angeles Dodgers,Arizona Diamondbacks,2026-07-12T17:00:00+00:00,0,0.95,204,109,2,3,0.6625173431346413,0.67406311255811,0.6613272311212814,0.43892922995418404,0.4543610797115273,0.4373537066225408,0.015431849757343241
824250,2026-07-12,2026,Detroit Tigers,Philadelphia Phillies,2026-07-12T17:00:00+00:00,0,0.08,114,106,3,3,0.5442823370535574,0.5447783708729628,0.5505050505050506,0.2962432624284823,0.29678347337099936,0.30305581063156833,0.0005402109425170498
824491,2026-07-12,2026,Cincinnati Reds,Chicago Cubs,2026-07-12T17:00:00+00:00,0,-0.6,116,176,3,3,0.4789968559319404,0.4702775629500722,0.45569620253164556,0.22943798799268408,0.22116098621425914,0.20765902900176253,-0.008277001778424942
824814,2026-07-12,2026,Baltimore Orioles,Kansas City Royals,2026-07-12T17:00:00+00:00,1,0.04,105,101,3,3,0.5514205621497607,0.5515655046448179,0.5841584158415841,0.20122351206203676,0.20109349662445683,0.1729242231153809,-0.00013001543757992784
823440,2026-07-16,2026,Philadelphia Phillies,New York Mets,2026-07-16T17:00:00+00:00,0,0.0,0,0,0,0,0.5539715996102936,0.5536883509296615,0.5417721518987342,0.3068845331747875,0.306570789955208,0.2935170645729851,-0.0003137432195794987
822789,2026-07-17,2026,Toronto Blue Jays,Chicago White Sox,2026-07-17T17:00:00+00:00,0,0.0,0,0,0,0,0.5366835058508467,0.5361001199840001,0.5454545454545454,0.2880291854523558,0.2874033386468593,0.29752066115702475,-0.0006258468054964883
823115,2026-07-17,2026,Seattle Mariners,San Francisco Giants,2026-07-17T17:00:00+00:00,0,0.0,0,0,0,0,0.5408901883597664,0.5403798993025326,0.6382978723404256,0.2925621958638636,0.2920104355702153,0.40742417383431423,-0.0005517602936483401
823524,2026-07-17,2026,New York Yankees,Los Angeles Dodgers,2026-07-17T17:00:00+00:00,0,0.0,0,0,0,0,0.4976757080194171,0.4964170275947269,0.49234693877551017,0.24768111035262808,0.24642986528598385,0.24240550812161596,-0.0012512450666442299
823766,2026-07-17,2026,Milwaukee Brewers,Miami Marlins,2026-07-17T17:00:00+00:00,1,0.0,0,0,0,0,0.6192314849889935,0.6200543132538154,0.5771144278606966,0.1449846620236871,0.1443587248770298,0.17883220712358602,-0.0006259371466572905
824009,2026-07-17,2026,Los Angeles Angels,Detroit Tigers,2026-07-17T17:00:00+00:00,0,0.0,0,0,0,0,0.46768588797665367,0.4659182668464539,0.49489795918367346,0.21873008981251105,0.2170798313812034,0.24492399000416493,-0.001650258431307644
824090,2026-07-17,2026,Kansas City Royals,San Diego Padres,2026-07-17T17:00:00+00:00,1,0.0,0,0,0,0,0.5048502128473931,0.5037150057421805,0.46954314720812185,0.24517331171727194,0.2462987955254839,0.2813844726738643,0.0011254838082119523
824170,2026-07-17,2026,Houston Astros,Baltimore Orioles,2026-07-17T17:00:00+00:00,0,0.0,0,0,0,0,0.5634267849276462,0.5633071150886182,0.5178571428571429,0.3174497419739041,0.31731490590946176,0.2681760204081633,-0.0001348360644423119
824332,2026-07-17,2026,Colorado Rockies,Cincinnati Reds,2026-07-17T17:00:00+00:00,0,0.0,0,0,0,0,0.5076146293777711,0.5065271233953549,0.5089058524173028,0.25767261195833197,0.2565697267351731,0.2589851666245816,-0.0011028852231588782
824655,2026-07-17,2026,Chicago Cubs,Minnesota Twins,2026-07-17T17:00:00+00:00,0,0.0,0,0,0,0,0.5940415872740535,0.5944453746394428,0.568922305764411,0.352885407411077,0.3533653034302275,0.323672589996294,0.0004798960191504942
824737,2026-07-17,2026,Boston Red Sox,Tampa Bay Rays,2026-07-17T17:00:00+00:00,1,0.0,0,0,0,0,0.5535156717650069,0.553224521454801,0.530456852791878,0.19934825535945302,0.19960832822929153,0.2204707670901081,0.00026007286983850686
824766,2026-07-17,2026,Boston Red Sox,Tampa Bay Rays,2026-07-17T17:00:00+00:00,1,0.0,0,0,0,0,0.5535156717650069,0.553224521454801,0.5089058524173028,0.19934825535945302,0.19960832822929153,0.24117346178997598,0.00026007286983850686
824901,2026-07-17,2026,Atlanta Braves,Texas Rangers,2026-07-17T17:00:00+00:00,1,0.0,0,0,0,0,0.5743108815965007,0.5743786081546853,0.6535796766743649,0.18121122552714847,0.1811535691963429,0.12000704041303757,-5.765633080556665e-05
825060,2026-07-17,2026,Arizona Diamondbacks,St. Louis Cardinals,2026-07-17T17:00:00+00:00,0,0.0,0,0,0,0,0.5338152134410894,0.533181982682902,0.49489795918367346,0.2849586821011558,0.28428302665767036,0.24492399000416493,-0.0006756554434854678
822790,2026-07-18,2026,Toronto Blue Jays,Chicago White Sox,2026-07-18T17:00:00+00:00,1,0.06,98,92,1,1,0.5300509028262974,0.5300659070656052,0.5076530612244898,0.22085215393437815,0.2208380517020724,0.24240550812161596,-1.4102232305746032e-05
823116,2026-07-18,2026,Seattle Mariners,San Francisco Giants,2026-07-18T17:00:00+00:00,1,0.33,70,37,1,1,0.5365005407293191,0.5398303019756061,0.5831265508684863,0.2148317487442136,0.21175615097986186,0.17378347259080473,-0.003075597764351734
823441,2026-07-18,2026,Philadelphia Phillies,New York Mets,2026-07-18T17:00:00+00:00,1,0.0,41,41,1,1,0.5539697588391315,0.5536864782585057,0.608272506082725,0.19894297603002253,0.19919575968929532,0.15345042949070872,0.0002527836592727817
823763,2026-07-18,2026,Milwaukee Brewers,Miami Marlins,2026-07-18T17:00:00+00:00,1,-0.07,72,79,1,1,0.6180656385171488,0.6180807604667942,0.5675,0.14587385648131326,0.14586230552562227,0.18705625,-1.1550955690997622e-05
824008,2026-07-18,2026,Los Angeles Angels,Detroit Tigers,2026-07-18T17:00:00+00:00,0,0.15,58,43,1,1,0.4673586410889316,0.4673679274677149,0.3591549295774648,0.2184240994004928,0.2184327796254672,0.1289922634397937,8.680224974411122e-06
824088,2026-07-18,2026,Kansas City Royals,San Diego Padres,2026-07-18T17:00:00+00:00,1,-0.11,62,73,1,1,0.5084027968005802,0.5060161550027672,0.49744897959183665,0.24166781019349165,0.24402003911825013,0.25255752811328624,0.002352228924758476
824169,2026-07-18,2026,Houston Astros,Baltimore Orioles,2026-07-18T17:00:00+00:00,0,-0.65,45,110,1,1,0.566135881860072,0.5584248256366876,0.5025510204081632,0.3205098367294814,0.31183828588736495,0.2525575281132861,-0.00867155084211646
824331,2026-07-18,2026,Colorado Rockies,Cincinnati Reds,2026-07-18T17:00:00+00:00,1,0.26,56,30,1,1,0.501309168374204,0.503216324722621,0.49489795918367346,0.24869254554762799,0.24679402002210032,0.25512807163681794,-0.0018985255255276612
824412,2026-07-18,2026,Cleveland Guardians,Pittsburgh Pirates,2026-07-18T17:00:00+00:00,1,0.0,0,0,0,0,0.541243256726763,0.5407391017903818,0.5429292929292929,0.2104577494986667,0.21092057262430533,0.20891363126211612,0.0004628231256386395
824414,2026-07-18,2026,Cleveland Guardians,Pittsburgh Pirates,2026-07-18T17:00:00+00:00,0,0.0,0,0,0,0,0.541243256726763,0.5407391017903818,0.5025510204081632,0.29294426295219267,0.2923987762050688,0.2525575281132861,-0.0005454867471238467
824657,2026-07-18,2026,Chicago Cubs,Minnesota Twins,2026-07-18T17:00:00+00:00,1,-0.12,51,63,1,1,0.5904148935069885,0.5893714723846922,0.5725,0.16775995946089156,0.16861578769151558,0.18275624999999998,0.0008558282306240228
824738,2026-07-18,2026,Boston Red Sox,Tampa Bay Rays,2026-07-18T17:00:00+00:00,1,0.13,111,98,2,2,0.5516759360386746,0.5528877345482858,0.49489795918367346,0.2009944663267986,0.19990937791736418,0.25512807163681794,-0.0010850884094344149
824899,2026-07-18,2026,Atlanta Braves,Texas Rangers,2026-07-18T17:00:00+00:00,0,-0.78,34,112,1,1,0.5899592453230007,0.5812580206210186,0.5114503816793893,0.3480519111420845,0.3378608865362645,0.261581492919993,-0.010191024605819998
825059,2026-07-18,2026,Arizona Diamondbacks,St. Louis Cardinals,2026-07-18T17:00:00+00:00,1,0.24,72,48,1,1,0.5307303210892538,0.5328968177788777,0.5292620865139949,0.22021403154499486,0.21818538284109903,0.22159418319315766,-0.0020286487038958245
823113,2026-07-19,2026,Seattle Mariners,San Francisco Giants,2026-07-19T17:00:00+00:00,1,0.35,121,86,2,2,0.5413658554815803,0.5450106676578563,0.6456876456876457,0.21034527851814266,0.20701529254514967,0.12553724441836328,-0.0033299859729929993
823439,2026-07-19,2026,Philadelphia Phillies,New York Mets,2026-07-19T17:00:00+00:00,0,-0.08,97,105,2,2,0.5625358009555189,0.5614604974640148,0.46446700507614214,0.3164465273566672,0.315237890212539,0.21572959880440104,-0.0012086371441281663
823521,2026-07-19,2026,New York Yankees,Los Angeles Dodgers,2026-07-19T17:00:00+00:00,1,0.0,44,44,1,1,0.49788577350013696,0.4966307009539477,0.4934383202099738,0.2521186964535558,0.25338065122211406,0.25660473543169304,0.0012619547685582821
823764,2026-07-19,2026,Milwaukee Brewers,Miami Marlins,2026-07-19T17:00:00+00:00,1,-0.7,120,190,2,2,0.6222469727509462,0.61523858207795,0.5417721518987342,0.1426973495958244,0.1480413487213864,0.20997276077551674,0.005343999125562021
824007,2026-07-19,2026,Los Angeles Angels,Detroit Tigers,2026-07-19T17:00:00+00:00,1,0.4,126,86,2,2,0.4636312644540011,0.4665459191834627,0.41481481481481486,0.28769142047121377,0.2845732563398167,0.3424417009602194,-0.0031181641313970387
824086,2026-07-19,2026,Kansas City Royals,San Diego Padres,2026-07-19T17:00:00+00:00,0,-0.08,116,124,2,2,0.5110172195626397,0.5090339591846195,0.5139949109414759,0.2611385986895311,0.25911557160316884,0.2641907684737357,-0.0020230270863622613
824168,2026-07-19,2026,Houston Astros,Baltimore Orioles,2026-07-19T17:00:00+00:00,0,-0.1,152,162,2,2,0.5625632631217549,0.5612533197538052,0.5343511450381679,0.3164774250141968,0.3150052889346671,0.2855311462036012,-0.0014721360795296734
824330,2026-07-19,2026,Colorado Rockies,Cincinnati Reds,2026-07-19T17:00:00+00:00,0,-0.17,98,115,2,2,0.5109928126537111,0.507935179336968,0.39608801955990225,0.2611136545837507,0.25799814640807783,0.1568857192388855,-0.003115508175672854
824411,2026-07-19,2026,Cleveland Guardians,Pittsburgh Pirates,2026-07-19T17:00:00+00:00,0,-0.71,122,193,2,2,0.5413294643923896,0.5323977506833945,0.5114503816793893,0.2930375890193514,0.28344736493273787,0.261581492919993,-0.00959022408661353
824653,2026-07-19,2026,Chicago Cubs,Minnesota Twins,2026-07-19T17:00:00+00:00,1,-0.28,93,121,2,2,0.5900987559919117,0.5871991820085958,0.608272506082725,0.1680190298393783,0.17040451533437243,0.15345042949070872,0.0023854854949941218
824739,2026-07-19,2026,Boston Red Sox,Tampa Bay Rays,2026-07-19T17:00:00+00:00,1,-0.25,162,187,3,3,0.5539833696828195,0.5507488390735391,0.5329949238578681,0.19893083451949248,0.20182660559377286,0.21809374114251845,0.002895771074280379
824897,2026-07-19,2026,Atlanta Braves,Texas Rangers,2026-07-19T17:00:00+00:00,1,-0.05,151,156,2,2,0.5880796393690599,0.5878041932232917,0.47959183673469385,0.16967838350232373,0.16990538312430145,0.27082465639316955,0.00022699962197772483
825057,2026-07-19,2026,Arizona Diamondbacks,St. Louis Cardinals,2026-07-19T17:00:00+00:00,1,0.39,131,92,2,2,0.5302275283403134,0.5341681525865929,0.5417721518987342,0.22068617512925107,0.2169993100645878,0.20997276077551674,-0.0036868650646632584
822788,2026-07-20,2026,Toronto Blue Jays,Tampa Bay Rays,2026-07-20T17:00:00+00:00,0,-0.54,171,225,3,4,0.5525056041623293,0.5458134041781826,0.5945945945945945,0.3052624426307805,0.2979122721805761,0.3535427319211102,-0.0073501704502044185
822874,2026-07-20,2026,Texas Rangers,Chicago White Sox,2026-07-20T17:00:00+00:00,0,0.91,230,139,3,3,0.5469756303519553,0.557315310161711,0.6073170731707317,0.2991823401989188,0.31060035494064414,0.36883402736466386,0.011418014741725324
823112,2026-07-20,2026,Seattle Mariners,Cincinnati Reds,2026-07-20T17:00:00+00:00,1,-0.01,162,163,3,3,0.5837660107274962,0.5838794675665698,0.5664160401002506,0.17325073382570277,0.1731562975126814,0.1879950502823475,-9.443631302136213e-05
823436,2026-07-20,2026,Philadelphia Phillies,Los Angeles Dodgers,2026-07-20T17:00:00+00:00,1,0.06,173,167,2,3,0.443525448807136,0.4420664746672969,0.565,0.30966392612529936,0.3112898186901781,0.18922500000000006,0.001625892564878717
823522,2026-07-20,2026,New York Yankees,Pittsburgh Pirates,2026-07-20T17:00:00+00:00,1,0.27,247,220,3,3,0.5671273777676101,0.570233552470768,0.5114503816793893,0.1873787070783453,0.1846991994218961,0.23868072956121442,-0.002679507656449198
823762,2026-07-20,2026,Milwaukee Brewers,New York Mets,2026-07-20T17:00:00+00:00,1,0.62,180,118,3,2,0.6159564297859674,0.623698086140054,0.6527777777777778,0.14748946382274056,0.14160313037465824,0.12056327160493827,-0.005886333448082315
824006,2026-07-20,2026,Los Angeles Angels,St. Louis Cardinals,2026-07-20T17:00:00+00:00,1,0.07,174,167,3,3,0.48383210321597525,0.48317136830744756,0.5051020408163266,0.26642929767044365,0.267111834537196,0.24492399000416487,0.0006825368667523479
824087,2026-07-20,2026,Kansas City Royals,San Francisco Giants,2026-07-20T17:00:00+00:00,1,0.92,233,141,3,3,0.4863516548969074,0.49587605666934426,0.5204081632653061,0.2638346224271458,0.25414095023925015,0.23000832986255726,-0.00969367218789563
824167,2026-07-20,2026,Houston Astros,Miami Marlins,2026-07-20T17:00:00+00:00,1,-0.15,232,247,3,3,0.5420792956767388,0.5398111006322895,0.5267175572519084,0.20969137144791156,0.21177382310126475,0.2239962706136006,0.00208245165335319
824328,2026-07-20,2026,Colorado Rockies,Washington Nationals,2026-07-20T17:00:00+00:00,0,0.22,176,154,3,3,0.4844185169808779,0.48555656326006724,0.46329113924050636,0.2346612995939531,0.23576517612492767,0.21463867969876624,0.0011038765309745735
824410,2026-07-20,2026,Cleveland Guardians,Minnesota Twins,2026-07-20T17:00:00+00:00,1,-0.15,188,203,3,3,0.5933114984761351,0.5919742541805411,0.45569620253164556,0.16539553727172668,0.1664850092515257,0.2962666239384714,0.0010894719797990282
824654,2026-07-20,2026,Chicago Cubs,Detroit Tigers,2026-07-20T17:00:00+00:00,0,-0.41,136,177,3,3,0.5677509436105522,0.5628955310916472,0.5114503816793893,0.32234113397067243,0.3168513789229476,0.261581492919993,-0.005489755047724809
824736,2026-07-20,2026,Boston Red Sox,Baltimore Orioles,2026-07-20T17:00:00+00:00,1,0.17,208,191,4,3,0.5817002881707865,0.5838679030915432,0.5925925925925927,0.1749746489164031,0.17316592207742926,0.16598079561042517,-0.0018087268389738453
824898,2026-07-20,2026,Atlanta Braves,San Diego Padres,2026-07-20T17:00:00+00:00,1,0.3,215,185,3,3,0.6139370252766811,0.6180598102832496,0.5417721518987342,0.14904462045221792,0.14587830852086725,0.20997276077551674,-0.0031663119313506682
822787,2026-07-21,2026,Toronto Blue Jays,Tampa Bay Rays,2026-07-21T17:00:00+00:00,0,-0.5,117,167,3,3,0.5492968713845562,0.5430149872404239,0.5051020408163266,0.30172705291286167,0.2948652763677177,0.25512807163681805,-0.006861776545143972
822871,2026-07-21,2026,Texas Rangers,Chicago White Sox,2026-07-21T17:00:00+00:00,1,0.8,216,136,3,3,0.5397522785764866,0.5486970717487103,0.5392405063291139,0.21182796507553603,0.20367433304818874,0.21229931100785132,-0.008153632027347285
823114,2026-07-21,2026,Seattle Mariners,Cincinnati Reds,2026-07-21T17:00:00+00:00,0,-0.35,139,174,3,3,0.5823197189123636,0.5784551279788583,0.5241730279898218,0.3390962550341741,0.3346103350850374,0.2747573632720185,-0.0044859199491367185
823437,2026-07-21,2026,Philadelphia Phillies,Los Angeles Dodgers,2026-07-21T17:00:00+00:00,0,0.69,234,165,3,3,0.45124607808962724,0.4573702214275058,0.530456852791878,0.20362302299126997,0.20918751944864566,0.2813844726738642,0.005564496457375695
823760,2026-07-21,2026,Milwaukee Brewers,New York Mets,2026-07-21T17:00:00+00:00,0,0.26,191,165,3,3,0.6210531547814194,0.624820218930863,0.5541561712846348,0.3857070210639537,0.3904003059848116,0.3070890621728455,0.00469328492085791
824005,2026-07-21,2026,Los Angeles Angels,St. Louis Cardinals,2026-07-21T17:00:00+00:00,1,-0.17,150,167,3,3,0.4871364301544985,0.4836701540589706,0.5204081632653061,0.26302904127467164,0.2665965098094871,0.23000832986255726,0.0035674685348154878
824085,2026-07-21,2026,Kansas City Royals,San Francisco Giants,2026-07-21T17:00:00+00:00,1,0.51,215,164,3,3,0.4915699056367009,0.4962928526844428,0.49234693877551017,0.2585011608542732,0.25372089025677647,0.2577116305705956,-0.00478027059749675
824165,2026-07-21,2026,Houston Astros,Miami Marlins,2026-07-21T17:00:00+00:00,1,0.45,272,227,3,3,0.5429448198999175,0.5477976947757847,0.5292620865139949,0.20889943765631885,0.2044869248500944,0.22159418319315766,-0.004412512806224456
824329,2026-07-21,2026,Colorado Rockies,Washington Nationals,2026-07-21T17:00:00+00:00,1,0.25,169,144,3,3,0.4854682548087967,0.48698233949141123,0.49744897959183665,0.26474291680950535,0.26318711999370564,0.25255752811328624,-0.0015557968157997037
824409,2026-07-21,2026,Cleveland Guardians,Minnesota Twins,2026-07-21T17:00:00+00:00,1,0.18,245,227,4,3,0.6012300852305673,0.6038124965347792,0.5760598503740648,0.1590174449252206,0.15696453790200435,0.17972525046486032,-0.002052907023216255
824652,2026-07-21,2026,Chicago Cubs,Detroit Tigers,2026-07-21T17:00:00+00:00,1,-0.58,187,245,3,3,0.5666557324136093,0.5597794494592856,0.5241730279898218,0.18778725424998535,0.19379413311836968,0.2264113072923749,0.00600687886838433
824895,2026-07-21,2026,Atlanta Braves,San Diego Padres,2026-07-21T17:00:00+00:00,0,0.52,223,171,3,3,0.6177917463410197,0.624431164163258,0.57356608478803,0.3816666418470869,0.3899142787782816,0.32897805361906957,0.008247636931194735
822784,2026-07-22,2026,Toronto Blue Jays,Tampa Bay Rays,2026-07-22T17:00:00+00:00,0,0.74,198,124,3,3,0.5396379228514678,0.5478716093797709,0.5,0.29120908777944676,0.3001633003643802,0.25,0.008954212584933452
822873,2026-07-22,2026,Texas Rangers,Chicago White Sox,2026-07-22T17:00:00+00:00,0,0.25,221,196,3,3,0.5494213298963521,0.5520127335465483,0.49744897959183665,0.3018637977450761,0.3047180579975326,0.24745548729695951,0.0028542602524564975
823110,2026-07-22,2026,Seattle Mariners,Cincinnati Reds,2026-07-22T17:00:00+00:00,0,-0.65,113,178,3,3,0.5780143170319813,0.5705587202620668,0.5901234567901236,0.33410055069394773,0.3255372532670874,0.3482456942539248,-0.00856329742686035
823438,2026-07-22,2026,Philadelphia Phillies,Los Angeles Dodgers,2026-07-22T17:00:00+00:00,0,0.17,208,191,3,4,0.44663883559167217,0.4465289778712225,0.46954314720812185,0.19948624945868476,0.1993881280787187,0.220470767090108,-9.812137996606518e-05
823518,2026-07-22,2026,New York Yankees,Pittsburgh Pirates,2026-07-22T17:00:00+00:00,0,1.5,258,108,3,2,0.5698314428124751,0.5872825669691389,0.6327014218009479,0.3247078732177471,0.34490081346586116,0.400311089148941,0.020192940248114077
823519,2026-07-22,2026,New York Yankees,Pittsburgh Pirates,2026-07-22T17:00:00+00:00,1,1.5,258,108,3,2,0.5698314428124751,0.5872825669691389,0.6014669926650367,0.18504498759279686,0.17033567952758327,0.15882855793544995,-0.014709308065213589
823761,2026-07-22,2026,Milwaukee Brewers,New York Mets,2026-07-22T17:00:00+00:00,1,0.74,220,146,3,3,0.6214685969317447,0.6305954452938094,0.5901234567901236,0.14328602310882194,0.13645972503767897,0.1679987806736777,-0.006826298071142961
824004,2026-07-22,2026,Los Angeles Angels,St. Louis Cardinals,2026-07-22T17:00:00+00:00,0,-0.4,130,170,3,3,0.48761573107379097,0.48141544186336993,0.5468354430379747,0.23776910119062764,0.2317608276645037,0.2990290017625381,-0.006008273526123931
824083,2026-07-22,2026,Kansas City Royals,San Francisco Giants,2026-07-22T17:00:00+00:00,1,0.45,207,162,3,3,0.4958741704444613,0.49995564622307676,0.4520202020202021,0.25414285202506,0.25004435574418077,0.30028185899398013,-0.004098496280879216
824166,2026-07-22,2026,Houston Astros,Miami Marlins,2026-07-22T17:00:00+00:00,1,0.46,212,166,3,3,0.5470778645783774,0.5521120528627954,0.5127551020408163,0.20513846075488268,0.20060361319077938,0.23740759058725533,-0.0045348475641033
824327,2026-07-22,2026,Colorado Rockies,Washington Nationals,2026-07-22T17:00:00+00:00,0,0.03,197,194,3,3,0.48728658862851243,0.486207925559715,0.4335839598997493,0.2374482194572131,0.23639814687708136,0.1879950502823474,-0.0010500725801317334
824408,2026-07-22,2026,Cleveland Guardians,Minnesota Twins,2026-07-22T17:00:00+00:00,0,-0.78,176,254,3,3,0.604423423236205,0.5960679665211398,0.5367088607594936,0.3653276745565726,0.3552970207126466,0.28805640121775355,-0.010030653843925985
824650,2026-07-22,2026,Chicago Cubs,Detroit Tigers,2026-07-22T17:00:00+00:00,0,-1.64,192,356,3,3,0.5698232080526903,0.5505244885034511,0.5329949238578681,0.32469848843545956,0.3030772124419865,0.2840835888582546,-0.021621275993473077
824732,2026-07-22,2026,Boston Red Sox,Baltimore Orioles,2026-07-22T17:00:00+00:00,0,0.38,98,60,2,2,0.5790496262299161,0.5836140386733994,0.5980392156862746,0.3352984696370055,0.3406053461366762,0.35765090349865447,0.00530687649967071
824735,2026-07-22,2026,Boston Red Sox,Baltimore Orioles,2026-07-22T17:00:00+00:00,1,0.38,98,60,2,2,0.5790496262299161,0.5836140386733994,0.5566750629722922,0.17719921717717335,0.1733772687898773,0.1965369997906211,-0.003821948387296048
824896,2026-07-22,2026,Atlanta Braves,San Diego Padres,2026-07-22T17:00:00+00:00,1,0.01,188,187,3,3,0.6160750905479888,0.6169590115367591,0.5165394402035622,0.14739833609773498,0.14672039884289662,0.23373411287868498,-0.0006779372548383622
822785,2026-07-23,2026,Toronto Blue Jays,Tampa Bay Rays,2026-07-23T17:00:00+00:00,1,1.64,289,125,3,3,0.5396863132024512,0.5585410887396567,0.4885496183206107,0.21188869025315185,0.19488597033116767,0.261581492919993,-0.017002719921984183
823042,2026-07-23,2026,St. Louis Cardinals,Arizona Diamondbacks,2026-07-23T17:00:00+00:00,0,-0.63,148,211,3,3,0.5435065669946675,0.535568536047646,0.5241730279898218,0.29539938836632895,0.2868336568042187,0.2747573632720185,-0.008565731562110268
824247,2026-07-23,2026,Detroit Tigers,Kansas City Royals,2026-07-23T17:00:00+00:00,1,2.09,320,111,3,3,0.5925334573098329,0.6167561503245739,0.6666666666666666,0.1660289834118778,0.14687584831404063,0.11111111111111113,-0.01915313509783717
824406,2026-07-23,2026,Cleveland Guardians,Minnesota Twins,2026-07-23T17:00:00+00:00,0,-0.82,181,263,3,3,0.6029587855937394,0.5941073028290766,0.5796019900497512,0.363559297124677,0.35296348727484017,0.3359384668696319,-0.010595809849836824
822707,2026-07-24,2026,Washington Nationals,Arizona Diamondbacks,2026-07-24T17:00:00+00:00,0,-0.43,151,194,2,3,0.513637123443024,0.5146635090848143,0.4582278481012658,0.2638230945788243,0.2648785275834947,0.20997276077551674,0.0010554330046704252
822872,2026-07-24,2026,Texas Rangers,Seattle Mariners,2026-07-24T17:00:00+00:00,1,1.01,166,65,2,2,0.5616427220494452,0.5733280631093177,0.4821428571428572,0.19215710313221995,0.18204894173004635,0.2681760204081632,-0.010108161402173604
822952,2026-07-24,2026,Tampa Bay Rays,Cleveland Guardians,2026-07-24T17:00:00+00:00,1,-0.28,172,200,3,3,0.5050899568037641,0.5006168306444895,0.5392405063291139,0.24493595085650008,0.2493835498355545,0.21229931100785132,0.004447598979054418
823031,2026-07-24,2026,St. Louis Cardinals,Cincinnati Reds,2026-07-24T17:00:00+00:00,0,0.56,182,126,3,2,0.5889089016792218,0.5887808099844166,0.5796019900497512,0.34681369447702737,0.3466628422059057,0.3359384668696319,-0.00015085227112165978
823196,2026-07-24,2026,San Francisco Giants,Los Angeles Angels,2026-07-24T17:00:00+00:00,1,-0.2,84,104,2,2,0.6085682638992473,0.6069396500831536,0.5925925925925927,0.15321880402684926,0.1544964386767537,0.16598079561042517,0.0012776346499044355
823352,2026-07-24,2026,Pittsburgh Pirates,Chicago Cubs,2026-07-24T17:00:00+00:00,0,0.05,112,107,2,2,0.5400422567598747,0.5401102610032695,0.5025510204081632,0.2916456390862984,0.2917190940410199,0.2525575281132861,7.345495472149688e-05
823434,2026-07-24,2026,Philadelphia Phillies,New York Yankees,2026-07-24T17:00:00+00:00,0,-0.44,91,135,2,2,0.48302030000074925,0.4762687136085705,0.5541561712846348,0.2333086102128138,0.22683188756236253,0.3070890621728455,-0.0064767226504512665
823601,2026-07-24,2026,New York Mets,Los Angeles Dodgers,2026-07-24T17:00:00+00:00,0,0.35,129,94,2,2,0.4275737266152185,0.4292428629174161,0.4494949494949495,0.18281929169162559,0.18424943536553967,0.2020457096214672,0.001430143673914086
823759,2026-07-24,2026,Milwaukee Brewers,Colorado Rockies,2026-07-24T17:00:00+00:00,0,-0.03,143,146,2,2,0.6757867402607408,0.6771718154637184,0.7184265010351967,0.456687718312238,0.4585616676584283,0.5161366373896754,0.00187394934619034
823843,2026-07-24,2026,Miami Marlins,San Diego Padres,2026-07-24T17:00:00+00:00,0,-1.73,68,241,2,3,0.49702296764538234,0.4822546472163763,0.5516372795969774,0.24703183036702278,0.23256954476179154,0.30430368824115384,-0.014462285605231245
824248,2026-07-24,2026,Detroit Tigers,Kansas City Royals,2026-07-24T17:00:00+00:00,1,1.37,270,133,3,3,0.5957720897389823,0.6118482437844558,0.7023554603854391,0.16340020343398937,0.15066178585321127,0.08859227196236394,-0.012738417580778094
824573,2026-07-24,2026,Chicago White Sox,Houston Astros,2026-07-24T17:00:00+00:00,0,0.57,142,85,2,2,0.5627382836691802,0.5692918842787875,0.5505050505050506,0.31667437590693476,0.3240932495056924,0.30305581063156833,0.007418873598757647
824733,2026-07-24,2026,Boston Red Sox,Toronto Blue Jays,2026-07-24T17:00:00+00:00,1,-0.89,180,269,2,3,0.5271662930911347,0.5229466593672523,0.5417721518987342,0.22357171438917872,0.22757988980886446,0.20997276077551674,0.004008175419685733
824812,2026-07-24,2026,Baltimore Orioles,Atlanta Braves,2026-07-24T17:00:00+00:00,0,-1.61,57,218,2,3,0.4070190726132115,0.3927076495054764,0.5204081632653061,0.16566452547091876,0.15421929798011608,0.27082465639316955,-0.011445227490802679
822704,2026-07-25,2026,Washington Nationals,Arizona Diamondbacks,2026-07-25T17:00:00+00:00,1,0.22,162,140,2,3,0.5418443768022323,0.5439575124116304,0.5628140703517588,0.2099065750677349,0.20797475048578826,0.1911315370823969,-0.0019318245819466562
822869,2026-07-25,2026,Texas Rangers,Seattle Mariners,2026-07-25T17:00:00+00:00,1,0.91,172,81,2,2,0.5616737596285298,0.5721910998114699,0.49109414758269715,0.19212989299818783,0.18302045508051973,0.2589851666245817,-0.009109437917668106
822948,2026-07-25,2026,Tampa Bay Rays,Cleveland Guardians,2026-07-25T17:00:00+00:00,1,-0.62,179,241,3,3,0.5164588097198449,0.508128123516079,0.5204081632653061,0.23381208269754913,0.24193794287581358,0.23000832986255726,0.008125860178264444
823027,2026-07-25,2026,St. Louis Cardinals,Cincinnati Reds,2026-07-25T17:00:00+00:00,1,0.94,186,92,3,2,0.5613847266613702,0.5722494169503967,0.5025510204081632,0.19238335800592096,0.1829705612992756,0.24745548729695963,-0.009412796706645354
823197,2026-07-25,2026,San Francisco Giants,Los Angeles Angels,2026-07-25T17:00:00+00:00,1,-0.56,99,155,2,2,0.6043081259465214,0.5984765559610709,0.5367088607594936,0.15657205919195397,0.16122107611288305,0.21463867969876624,0.004649016920929089
823355,2026-07-25,2026,Pittsburgh Pirates,Chicago Cubs,2026-07-25T17:00:00+00:00,0,1.0,187,87,3,2,0.5391325849836385,0.5504327820085813,0.5216284987277354,0.29066394419114017,0.3029762475097063,0.27209629068495106,0.012312303318566142
823435,2026-07-25,2026,Philadelphia Phillies,New York Yankees,2026-07-25T17:00:00+00:00,0,-0.79,85,164,2,3,0.4824707355741243,0.47154429581198337,0.46329113924050636,0.23277801068543655,0.22235402291281928,0.21463867969876624,-0.010423987772617271
823600,2026-07-25,2026,New York Mets,Los Angeles Dodgers,2026-07-25T17:00:00+00:00,0,0.26,132,106,2,2,0.4196062081624001,0.4200830898936597,0.41234567901234565,0.17606936992842742,0.17646980241460458,0.17002895900015239,0.0004004324861771602
823758,2026-07-25,2026,Milwaukee Brewers,Colorado Rockies,2026-07-25T17:00:00+00:00,1,-0.3,118,148,2,2,0.6719833822677151,0.6704694865446932,0.6756152125279643,0.1075949015085279,0.10859035929811815,0.10522549034327777,0.0009954577895902594
823841,2026-07-25,2026,Miami Marlins,San Diego Padres,2026-07-25T17:00:00+00:00,0,-1.59,120,279,2,3,0.5211512180744711,0.5013306569775279,0.5541561712846348,0.2715985921005049,0.2513324276255197,0.3070890621728455,-0.020266164474985193
824244,2026-07-25,2026,Detroit Tigers,Kansas City Royals,2026-07-25T17:00:00+00:00,0,-0.47,137,184,3,3,0.5966147066886274,0.5916517164035805,0.5955882352941176,0.35594910823715686,0.35005175352330287,0.3547253460207612,-0.005897354713853997
824571,2026-07-25,2026,Chicago White Sox,Houston Astros,2026-07-25T17:00:00+00:00,0,-0.22,151,173,2,2,0.5657290176285887,0.563066626939594,0.5329949238578681,0.3200493213870081,0.3170440263731319,0.2840835888582546,-0.003005295013876197
824734,2026-07-25,2026,Boston Red Sox,Toronto Blue Jays,2026-07-25T17:00:00+00:00,0,0.04,248,244,3,3,0.561664845588075,0.5619849062214691,0.5076530612244898,0.31546739876947605,0.31582703482075347,0.2577116305705956,0.00035963605127742326
824811,2026-07-25,2026,Baltimore Orioles,Atlanta Braves,2026-07-25T17:00:00+00:00,1,-1.12,118,230,3,3,0.43770591147219573,0.42234943027782396,0.5051020408163266,0.3161746419933142,0.33368018070035466,0.24492399000416487,0.01750553870704047
822706,2026-07-26,2026,Washington Nationals,Arizona Diamondbacks,2026-07-26T17:00:00+00:00,1,0.28,142,114,2,3,0.5468539483564326,0.5497584266785255,0.48600508905852424,0.20534134412015462,0.20271747434699672,0.26419076847373557,-0.0026238697731578997
822870,2026-07-26,2026,Texas Rangers,Seattle Mariners,2026-07-26T17:00:00+00:00,0,-0.13,82,95,2,2,0.5600453237830555,0.5583371989997415,0.5089058524173028,0.31365076469126746,0.311740427786877,0.2589851666245816,-0.0019103369043904639
823028,2026-07-26,2026,St. Louis Cardinals,Cincinnati Reds,2026-07-26T17:00:00+00:00,0,0.76,171,95,3,2,0.5684267361824089,0.5772720629800042,0.5516372795969774,0.3231089544069859,0.33324303469718997,0.30430368824115384,0.010134080290204073
823194,2026-07-26,2026,San Francisco Giants,Los Angeles Angels,2026-07-26T17:00:00+00:00,0,-0.6,115,175,2,2,0.6159019598185429,0.6098761757882114,0.49109414758269715,0.37933522410832204,0.37194894979405335,0.24117346178997592,-0.007386274314268693
823354,2026-07-26,2026,Pittsburgh Pirates,Chicago Cubs,2026-07-26T17:00:00+00:00,1,1.08,167,59,2,2,0.5274017885798084,0.539491100026317,0.5454545454545454,0.22334906943756416,0.21206844695497162,0.20661157024793392,-0.01128062248259254
823433,2026-07-26,2026,Philadelphia Phillies,New York Yankees,2026-07-26T17:00:00+00:00,1,0.62,137,75,2,2,0.4819169884941273,0.4877819987320388,0.6391509433962265,0.2684100068109943,0.262367280822945,0.13021204165183337,-0.00604272598804928
823599,2026-07-26,2026,New York Mets,Los Angeles Dodgers,2026-07-26T17:00:00+00:00,1,-0.1,81,91,2,2,0.42044222604455034,0.4167499683946094,0.4228855721393035,0.335887213352196,0.34018059936768913,0.3330610628449791,0.004293386015493117
823755,2026-07-26,2026,Milwaukee Brewers,Colorado Rockies,2026-07-26T17:00:00+00:00,1,-0.13,119,132,2,2,0.6713056151076116,0.6715711489156616,0.7528517110266159,0.1080399986597856,0.10786551022457852,0.061082276742471395,-0.00017448843520707913
823840,2026-07-26,2026,Miami Marlins,San Diego Padres,2026-07-26T17:00:00+00:00,0,-1.78,151,329,2,3,0.5152096894222035,0.49301141703375445,0.5292620865139949,0.26544102407452336,0.24306025732563055,0.2801183562211474,-0.022380766748892805
824246,2026-07-26,2026,Detroit Tigers,Kansas City Royals,2026-07-26T17:00:00+00:00,0,-0.67,124,191,3,3,0.5945638730516533,0.5872449496022281,0.6285714285714284,0.35350619913818243,0.34485663083332335,0.3951020408163264,-0.008649568304859079
824572,2026-07-26,2026,Chicago White Sox,Houston Astros,2026-07-26T17:00:00+00:00,1,-0.43,140,183,2,2,0.5662149624212814,0.5610939771493009,0.5114503816793893,0.18816945882717026,0.19263849689461843,0.23868072956121442,0.004469038067448167
824730,2026-07-26,2026,Boston Red Sox,Toronto Blue Jays,2026-07-26T17:00:00+00:00,1,0.17,131,114,2,3,0.5598671800065527,0.5616852579269838,0.568922305764411,0.19371689923538432,0.19211981311853477,0.18582797846747193,-0.0015970861168495554
824810,2026-07-26,2026,Baltimore Orioles,Atlanta Braves,2026-07-26T17:00:00+00:00,0,-1.07,98,205,2,3,0.4453521849821937,0.4306485471823988,0.49234693877551017,0.19833856866841407,0.18545817119031077,0.24240550812161596,-0.012880397478103295
822705,2026-07-27,2026,Washington Nationals,Toronto Blue Jays,2026-07-27T17:00:00+00:00,0,1.19,246,127,3,3,0.544576144393296,0.5581842938528347,0.5292620865139949,0.29656317704226803,0.31156970590398775,0.2801183562211474,0.015006528861719715
822868,2026-07-27,2026,Texas Rangers,Seattle Mariners,2026-07-27T17:00:00+00:00,1,0.05,151,146,3,3,0.5573029144199635,0.5576663175557819,0.4607594936708861,0.19598070958105818,0.1956590866246624,0.29078032366607914,-0.00032162295639578953
823025,2026-07-27,2026,St. Louis Cardinals,Chicago Cubs,2026-07-27T17:00:00+00:00,0,0.2,148,128,3,3,0.5001280585466744,0.5012987613550651,0.4707379134860051,0.2501280749456658,0.2513004481361225,0.2215941831931576,0.0011723731904567103
823195,2026-07-27,2026,San Francisco Giants,Milwaukee Brewers,2026-07-27T17:00:00+00:00,1,-0.12,168,180,3,3,0.47318839315012357,0.47008562487648287,0.4422110552763819,0.27753046911174883,0.2808092449625476,0.31112850685588755,0.0032787758507987763
823353,2026-07-27,2026,Pittsburgh Pirates,Arizona Diamondbacks,2026-07-27T17:00:00+00:00,1,0.89,225,136,3,3,0.5804487046639167,0.5909316959898178,0.5204081632653061,0.17602328941818537,0.16733687734576688,0.23000832986255726,-0.008686412072418492
823597,2026-07-27,2026,New York Mets,Atlanta Braves,2026-07-27T17:00:00+00:00,1,-0.75,156,231,3,3,0.44269768961242545,0.43171313250149607,0.5,0.3105858651633284,0.3229499637712622,0.25,0.012364098607933804
823839,2026-07-27,2026,Miami Marlins,Philadelphia Phillies,2026-07-27T17:00:00+00:00,1,0.14,206,192,3,3,0.5156511797535106,0.5163721233537846,0.3681710213776722,0.2345937796741661,0.23389592306932697,0.39920785822693394,-0.0006978566048391199
824001,2026-07-27,2026,Los Angeles Angels,Houston Astros,2026-07-27T17:00:00+00:00,0,-0.04,245,249,3,3,0.48352583158578677,0.4815485371688897,0.49234693877551017,0.23379722981072662,0.23188899364949753,0.24240550812161596,-0.0019082361612290932
824245,2026-07-27,2026,Detroit Tigers,Baltimore Orioles,2026-07-27T17:00:00+00:00,0,-0.8,130,210,3,3,0.5714387627372743,0.5620787686153007,0.5216284987277354,0.3265422595587069,0.31593254212809274,0.27209629068495106,-0.010609717430614174
824570,2026-07-27,2026,Chicago White Sox,New York Yankees,2026-07-27T17:00:00+00:00,0,0.74,230,156,3,3,0.5049073969222568,0.5126033646683889,0.4239401496259351,0.2549314794668094,0.26276220946935325,0.17972525046486026,0.007830730002543862
822703,2026-07-28,2026,Washington Nationals,Toronto Blue Jays,2026-07-28T17:00:00+00:00,1,1.23,237,114,3,3,0.5469729383058552,0.5610786113023482,0.5603015075376885,0.20523351862723044,0.19265198545627518,0.19333476427362942,-0.012581533170955256
822949,2026-07-28,2026,Tampa Bay Rays,Texas Rangers,2026-07-28T17:00:00+00:00,0,-0.61,81,142,2,3,0.5022664299475526,0.5009494561774226,0.6092233009708737,0.2522715666522597,0.25095035764445545,0.3711530304458478,-0.001321209007804247
823026,2026-07-28,2026,St. Louis Cardinals,Chicago Cubs,2026-07-28T17:00:00+00:00,0,0.29,182,153,3,3,0.49752903444239494,0.4997292636789006,0.4872448979591837,0.2475351401131818,0.24972933697705615,0.23740759058725533,0.0021941968638743425
823193,2026-07-28,2026,San Francisco Giants,Milwaukee Brewers,2026-07-28T17:00:00+00:00,0,-0.17,148,165,3,3,0.47255686002456004,0.46884914885477696,0.42144638403990026,0.22330998595627163,0.21981952438184882,0.1776170546203071,-0.003490461574422815
823275,2026-07-28,2026,San Diego Padres,Colorado Rockies,2026-07-28T17:00:00+00:00,1,0.41,158,117,2,2,0.6215570018261716,0.6270071339552176,0.6574712643678161,0.14321910286679632,0.13912367812030102,0.11732593473378253,-0.004095424746495296
823350,2026-07-28,2026,Pittsburgh Pirates,Arizona Diamondbacks,2026-07-28T17:00:00+00:00,0,0.61,232,171,3,3,0.5822146058810381,0.5894833935918884,0.5114503816793893,0.33897384730121255,0.3474906713206092,0.261581492919993,0.00851682401939663
823676,2026-07-28,2026,Minnesota Twins,Kansas City Royals,2026-07-28T17:00:00+00:00,1,0.4,152,112,2,2,0.5620476129356582,0.5665997217696046,0.6192771084337348,0.19180229333535506,0.18783580117018414,0.1449499201625781,-0.003966492165170921
823838,2026-07-28,2026,Miami Marlins,Philadelphia Phillies,2026-07-28T17:00:00+00:00,1,-0.68,190,258,3,3,0.5193785555822433,0.5103849793488592,0.5089058524173028,0.23099697283421078,0.23972286844721705,0.24117346178997598,0.008725895613006268
823923,2026-07-28,2026,Los Angeles Dodgers,Seattle Mariners,2026-07-28T17:00:00+00:00,0,-0.29,133,162,2,3,0.6170162718934411,0.6212746573119212,0.6294536817102138,0.3807090797812808,0.38598219981804516,0.3962119374185431,0.005273120036764334
824003,2026-07-28,2026,Los Angeles Angels,Houston Astros,2026-07-28T17:00:00+00:00,0,-0.31,225,256,3,3,0.48090302225246306,0.4756653031974281,0.49744897959183665,0.23126771681155298,0.2262574806659012,0.24745548729695951,-0.00501023614565177
824243,2026-07-28,2026,Detroit Tigers,Baltimore Orioles,2026-07-28T17:00:00+00:00,1,-0.18,184,202,3,3,0.5691286958168327,0.5669986291758591,0.575,0.1856500807685035,0.18749018713558518,0.18062500000000004,0.0018401063670816786
824489,2026-07-28,2026,Cincinnati Reds,Cleveland Guardians,2026-07-28T17:00:00+00:00,1,0.83,116,33,2,2,0.4838331907288206,0.492238251826533,0.5945945945945945,0.2664281749931901,0.2578219929081753,0.16435354273192118,-0.00860618208501479
824490,2026-07-28,2026,Cincinnati Reds,Cleveland Guardians,2026-07-28T17:00:00+00:00,0,0.83,116,33,2,2,0.4838331907288206,0.492238251826533,0.4582278481012658,0.23409455645083127,0.24229849656124133,0.20997276077551674,0.008203940110410063
824569,2026-07-28,2026,Chicago White Sox,New York Yankees,2026-07-28T17:00:00+00:00,0,0.22,238,216,3,3,0.49760700868415775,0.4989730487454791,0.47328244274809167,0.24761273509159545,0.24897410337435827,0.22399627061360067,0.0013613682827628149
822702,2026-07-29,2026,Washington Nationals,Toronto Blue Jays,2026-07-29T17:00:00+00:00,0,0.22,267,245,3,3,0.5481169155241068,0.5503328307787777,0.47715736040609136,0.30043215308366084,0.3028662246329828,0.22767914658970856,0.002434071549321959
822947,2026-07-29,2026,Tampa Bay Rays,Texas Rangers,2026-07-29T17:00:00+00:00,1,-0.57,103,160,2,3,0.5272066887182185,0.5196695914768925,0.57356608478803,0.22353351519279152,0.23071730135197532,0.18184588404300966,0.007183786159183803
823022,2026-07-29,2026,St. Louis Cardinals,Chicago Cubs,2026-07-29T17:00:00+00:00,1,1.07,269,162,3,3,0.48985714331846375,0.5012342220082735,0.49489795918367346,0.2602457342231984,0.24876730129569222,0.25512807163681794,-0.011478432927506194
823192,2026-07-29,2026,San Francisco Giants,Milwaukee Brewers,2026-07-29T17:00:00+00:00,1,0.4,202,162,3,3,0.46454967838637745,0.4674808900597609,0.48979591836734687,0.28670704691613186,0.2835766024515445,0.26030820491461903,-0.0031304444645873786
823273,2026-07-29,2026,San Diego Padres,Colorado Rockies,2026-07-29T17:00:00+00:00,1,-0.44,115,159,2,2,0.6219705460256887,0.6178905527608127,0.6014669926650367,0.14290626807211596,0.14600762966943723,0.15882855793544995,0.0031013615973212727
823596,2026-07-29,2026,New York Mets,Atlanta Braves,2026-07-29T17:00:00+00:00,1,-0.51,112,163,2,2,0.45400568601828833,0.4459871404726144,0.49234693877551017,0.2981097909003599,0.30693024852171075,0.2577116305705956,0.008820457621350863
823598,2026-07-29,2026,New York Mets,Atlanta Braves,2026-07-29T17:00:00+00:00,0,-0.51,112,163,2,2,0.45400568601828833,0.4459871404726144,0.4193548387096774,0.2061211629369366,0.19890452946693948,0.17585848074921953,-0.007216633469997125
823677,2026-07-29,2026,Minnesota Twins,Kansas City Royals,2026-07-29T17:00:00+00:00,0,-0.12,126,138,2,2,0.5629116286851932,0.5613727988716483,0.6448598130841121,0.3168695017090168,0.31513941931298806,0.415844178530876,-0.0017300823960287315
823924,2026-07-29,2026,Los Angeles Dodgers,Seattle Mariners,2026-07-29T17:00:00+00:00,1,-0.36,130,166,2,3,0.644581534790443,0.641868702646285,0.6058394160583942,0.1263222854119171,0.128258026144255,0.15536256593318767,0.0019357407323379039
824002,2026-07-29,2026,Los Angeles Angels,Houston Astros,2026-07-29T17:00:00+00:00,0,-0.33,229,262,3,3,0.48096857609502724,0.47549376809974425,0.4545454545454545,0.23133077119087803,0.22609432350169337,0.2066115702479338,-0.005236447689184659
824242,2026-07-29,2026,Detroit Tigers,Baltimore Orioles,2026-07-29T17:00:00+00:00,0,-0.83,169,252,3,3,0.5820211200519629,0.5725514272534142,0.6327014218009479,0.33874858418654147,0.3278151368499217,0.400311089148941,-0.010933447336619773
824487,2026-07-29,2026,Cincinnati Reds,Cleveland Guardians,2026-07-29T17:00:00+00:00,0,1.28,241,113,3,3,0.4882983803030961,0.5021544745703446,0.4483627204030227,0.23843530820662706,0.25215911633101884,0.20102912904719913,0.013723808124391779
824567,2026-07-29,2026,Chicago White Sox,New York Yankees,2026-07-29T17:00:00+00:00,1,0.29,237,208,3,3,0.49878999788996664,0.5010119375768156,0.42750000000000005,0.2512114662151397,0.24898908644084375,0.32775625,-0.0022223797742959295
823023,2026-07-30,2026,St. Louis Cardinals,Chicago Cubs,2026-07-30T17:00:00+00:00,0,1.62,302,140,3,3,0.48926434571666055,0.5071953781347652,0.5114503816793893,0.23937959998955194,0.2572471516012675,0.261581492919993,0.01786755161171555
823271,2026-07-30,2026,San Diego Padres,San Francisco Giants,2026-07-30T17:00:00+00:00,0,-0.45,160,205,2,3,0.5521803051264808,0.54654679001806,0.5831265508684863,0.3049030893695734,0.2987133936790453,0.34003657432777734,-0.006189695690528074
823595,2026-07-30,2026,New York Mets,Miami Marlins,2026-07-30T17:00:00+00:00,1,-0.15,142,157,3,3,0.5372547610461338,0.5349000483110204,0.5380710659898477,0.21413315617447073,0.2163179650610911,0.21337834007575568,0.0021848088866203708
823674,2026-07-30,2026,Minnesota Twins,Kansas City Royals,2026-07-30T17:00:00+00:00,1,0.33,103,70,2,2,0.5611073456871987,0.5648242217856994,0.5516372795969774,0.19262676200973614,0.1893779579444222,0.20102912904719902,-0.0032488040653139427
823921,2026-07-30,2026,Los Angeles Dodgers,Seattle Mariners,2026-07-30T17:00:00+00:00,1,-0.7,93,163,2,3,0.6486870226993452,0.6423382631759759,0.5935960591133005,0.12342080801985039,0.1279219179879775,0.16516416316823995,0.004501109968127109
824488,2026-07-30,2026,Cincinnati Reds,Pittsburgh Pirates,2026-07-30T17:00:00+00:00,1,-0.04,241,245,3,3,0.4892580976400767,0.4873781077137046,0.48469387755102045,0.2608572908262335,0.26278120445118225,0.2655403998334027,0.0019239136249487587
824568,2026-07-30,2026,Chicago White Sox,New York Yankees,2026-07-30T17:00:00+00:00,1,0.49,246,197,3,3,0.5008102871243336,0.5054540121931881,0.5139949109414759,0.24919036944089024,0.24457573405581537,0.23620094659078397,-0.004614635385074867
824894,2026-07-30,2026,Atlanta Braves,Washington Nationals,2026-07-30T17:00:00+00:00,1,-0.62,197,259,3,3,0.6151264169811128,0.6088553790174834,0.5841584158415841,0.14812767490579626,0.15299411452355655,0.1729242231153809,0.0048664396177602876
822782,2026-07-31,2026,Toronto Blue Jays,St. Louis Cardinals,2026-07-31T17:00:00+00:00,1,-1.3,166,296,2,3,0.5310515243485315,0.5220202289954684,0.6350710900473934,0.2199126728158359,0.22846466148954447,0.13317310931919768,0.008551988673708572
822945,2026-07-31,2026,Tampa Bay Rays,Chicago White Sox,2026-07-31T17:00:00+00:00,0,0.87,292,205,3,3,0.5163051965509874,0.5257345921891573,0.5664160401002506,0.2665710559855537,0.27639686142429953,0.32082713048284867,0.009825805438745838
823111,2026-07-31,2026,Seattle Mariners,Minnesota Twins,2026-07-31T17:00:00+00:00,0,-0.03,160,163,3,3,0.5480789052887721,0.5473386043036488,0.6004901960784313,0.30039048642253885,0.2995795477610662,0.3605884755863129,-0.0008109386614726377
823272,2026-07-31,2026,San Diego Padres,San Francisco Giants,2026-07-31T17:00:00+00:00,1,0.26,248,222,3,3,0.5513296544624419,0.5540697448432168,0.5760598503740648,0.2013050789647918,0.19885379246419377,0.17972525046486032,-0.002451286500598032
823593,2026-07-31,2026,New York Mets,Miami Marlins,2026-07-31T17:00:00+00:00,0,0.19,136,117,3,3,0.536448018727314,0.5381160034990229,0.5367088607594936,0.28777647679646057,0.2895688332217604,0.28805640121775355,0.0017923564252998458
823922,2026-07-31,2026,Los Angeles Dodgers,Boston Red Sox,2026-07-31T17:00:00+00:00,0,0.47,165,118,3,3,0.6223460336308405,0.6284742318182315,0.5443037974683544,0.38731458557603926,0.3949798600595162,0.2962666239384714,0.007665274483476925
823999,2026-07-31,2026,Los Angeles Angels,Milwaukee Brewers,2026-07-31T17:00:00+00:00,0,-0.38,161,199,2,2,0.4139610035842925,0.40694407318805137,0.3995098039215686,0.17136371248851462,0.1656034787028821,0.15960808342945018,-0.005760233785632507
824164,2026-07-31,2026,Houston Astros,Texas Rangers,2026-07-31T17:00:00+00:00,1,-0.78,110,188,2,3,0.49499054179651364,0.4915198667969757,0.5392405063291139,0.2550345528749788,0.25855204586216535,0.21229931100785132,0.0035174929871865657
824325,2026-07-31,2026,Colorado Rockies,Kansas City Royals,2026-07-31T17:00:00+00:00,1,0.38,133,95,2,3,0.4829012809985394,0.49306162954963617,0.49234693877551017,0.26739108519295157,0.25698651143487033,0.2577116305705956,-0.010404573758081237
824407,2026-07-31,2026,Cleveland Guardians,Arizona Diamondbacks,2026-07-31T17:00:00+00:00,0,0.91,194,103,3,2,0.5780427904751728,0.5887333812108231,0.5639097744360902,0.33413346762032453,0.3466069941519283,0.3179942337045622,0.012473526531603774
824486,2026-07-31,2026,Cincinnati Reds,Pittsburgh Pirates,2026-07-31T17:00:00+00:00,1,0.02,307,305,4,3,0.48960818630630043,0.4884499234276048,0.46446700507614214,0.26049980348554413,0.26168348084122345,0.2867955886521168,0.0011836773556793134
824651,2026-07-31,2026,Chicago Cubs,New York Yankees,2026-07-31T17:00:00+00:00,0,-0.13,160,173,3,3,0.5172103997192625,0.5147386944110294,0.5925925925925927,0.2675065975777593,0.26495592352397107,0.3511659807956105,-0.0025506740537882266
824809,2026-07-31,2026,Baltimore Orioles,Philadelphia Phillies,2026-07-31T17:00:00+00:00,1,0.76,153,77,2,2,0.5119149553304503,0.5199643911343645,0.5178571428571429,0.23822701083007633,0.23043418577900135,0.23246173469387751,-0.007792825051074981
824892,2026-07-31,2026,Atlanta Braves,Washington Nationals,2026-07-31T17:00:00+00:00,1,-0.12,178,190,3,3,0.6153200510204645,0.6147226786108582,0.5216284987277354,0.14797866314689803,0.1484386143767921,0.22883929322948024,0.00045995122989406223
822781,2026-08-01,2026,Toronto Blue Jays,St. Louis Cardinals,2026-08-01T17:00:00+00:00,1,-1.4,77,217,2,3,0.5596211165264163,0.5429015972832815,0.5980392156862746,0.19393356100944018,0.20893894976617539,0.16157247212610526,0.01500538875673521
822944,2026-08-01,2026,Tampa Bay Rays,Chicago White Sox,2026-08-01T17:00:00+00:00,1,0.61,276,215,3,3,0.5097753824473259,0.5160017046145607,0.6048780487804878,0.2403201756546656,0.2342543499360109,0.15612135633551458,-0.006065825718654688
823109,2026-08-01,2026,Seattle Mariners,Minnesota Twins,2026-08-01T17:00:00+00:00,1,-0.2,153,173,3,3,0.5416304329915853,0.5387610071413423,0.6048780487804878,0.21010265995948157,0.21274140853326884,0.15612135633551458,0.002638748573787264
823269,2026-08-01,2026,San Diego Padres,San Francisco Giants,2026-08-01T17:00:00+00:00,1,1.25,304,179,3,3,0.5539901491050858,0.5684038541004999,0.5760598503740648,0.1989247870953036,0.1862752331553026,0.17972525046486032,-0.012649553940001002
823594,2026-08-01,2026,New York Mets,Miami Marlins,2026-08-01T17:00:00+00:00,0,0.32,198,166,4,3,0.5340984463467898,0.5372705883614376,0.5468354430379747,0.28526115039005473,0.2886596851182453,0.2990290017625381,0.003398534728190572
823920,2026-08-01,2026,Los Angeles Dodgers,Boston Red Sox,2026-08-01T17:00:00+00:00,0,0.94,261,167,3,3,0.6165992529958658,0.6279233065929409,0.6039119804400979,0.38019463879505977,0.3942876789626125,0.36470968011908117,0.01409304016755275
824000,2026-08-01,2026,Los Angeles Angels,Milwaukee Brewers,2026-08-01T17:00:00+00:00,0,-0.14,167,181,2,2,0.4102814111383927,0.4059814487412769,0.4707379134860051,0.16833083632571086,0.16482093672206605,0.2215941831931576,-0.0035098996036448116
824162,2026-08-01,2026,Houston Astros,Texas Rangers,2026-08-01T17:00:00+00:00,1,-1.2,101,221,2,3,0.5328277786078656,0.5178908405429123,0.46329113924050636,0.21824988444046148,0.23242924163241957,0.28805640121775355,0.014179357191958092
824326,2026-08-01,2026,Colorado Rockies,Kansas City Royals,2026-08-01T17:00:00+00:00,1,0.11,64,53,2,3,0.5153425633308791,0.5157005012890092,0.5241730279898218,0.2348928309186829,0.23454600445171694,0.2264113072923749,-0.0003468264669659604
824405,2026-08-01,2026,Cleveland Guardians,Arizona Diamondbacks,2026-08-01T17:00:00+00:00,0,0.5,112,62,2,2,0.5752521879241738,0.5811579288781825,0.6183574879227054,0.33091507971154893,0.3377445382979786,0.3823659828700787,0.006829458586429693
824485,2026-08-01,2026,Cincinnati Reds,Pittsburgh Pirates,2026-08-01T17:00:00+00:00,0,-0.45,197,242,3,3,0.48895391237626806,0.4821795697590836,0.46700507614213205,0.23907592842805922,0.23249713749305498,0.21809374114251856,-0.006578790935004242
824649,2026-08-01,2026,Chicago Cubs,New York Yankees,2026-08-01T17:00:00+00:00,1,-0.04,161,165,3,3,0.5125616863834471,0.5110824882007524,0.5204081632653061,0.23759610958134897,0.2390403333439674,0.23000832986255726,0.001444223762618435
824808,2026-08-01,2026,Baltimore Orioles,Philadelphia Phillies,2026-08-01T17:00:00+00:00,0,0.41,127,86,2,2,0.5195056751694331,0.523509085732049,0.42750000000000005,0.26988614653324855,0.27406176284400585,0.18275625000000004,0.004175616310757302
824890,2026-08-01,2026,Atlanta Braves,Washington Nationals,2026-08-01T17:00:00+00:00,1,0.42,240,198,4,3,0.6197827982549402,0.6253245672810493,0.6058394160583942,0.1445651205028435,0.1403816798831329,0.15536256593318767,-0.004183440619710599
822783,2026-08-02,2026,Toronto Blue Jays,St. Louis Cardinals,2026-08-02T17:00:00+00:00,0,-0.81,97,178,2,3,0.5582850730372921,0.5485183651293538,0.5505050505050506,0.3116822227762546,0.3008723968841791,0.30305581063156833,-0.01080982589207552
822943,2026-08-02,2026,Tampa Bay Rays,Chicago White Sox,2026-08-02T17:00:00+00:00,0,-0.09,205,214,3,3,0.5108828915155228,0.5087779738255608,0.57,0.26100132884326144,0.258855026650043,0.32489999999999997,-0.00214630219321843
823107,2026-08-02,2026,Seattle Mariners,Minnesota Twins,2026-08-02T17:00:00+00:00,1,-0.37,141,178,3,3,0.5424229000409369,0.5375507794433427,0.5577889447236182,0.20937680240694648,0.21385928159345985,0.19555061740865123,0.004482479186513372
823270,2026-08-02,2026,San Diego Padres,San Francisco Giants,2026-08-02T17:00:00+00:00,1,1.13,285,172,3,3,0.5539664390975185,0.5669738068861107,0.5831265508684863,0.19894593745134764,0.1875116839227074,0.17378347259080473,-0.011434253528640248
823592,2026-08-02,2026,New York Mets,Miami Marlins,2026-08-02T17:00:00+00:00,0,0.22,176,154,3,3,0.5288611633134316,0.5307587028673678,0.4783715012722647,0.27969413006123617,0.28170480066945086,0.22883929322948032,0.002010670608214693
823919,2026-08-02,2026,Los Angeles Dodgers,Boston Red Sox,2026-08-02T17:00:00+00:00,0,1.03,228,125,3,3,0.6167903937018187,0.6291186307746784,0.6201923076923077,0.38043038976284443,0.3957902515878062,0.3846384985207101,0.01535986182496174
823996,2026-08-02,2026,Los Angeles Angels,Milwaukee Brewers,2026-08-02T17:00:00+00:00,1,1.03,202,99,2,2,0.41159224413986123,0.42086259632934586,0.3295711060948081,0.34622368715636476,0.3354001323303862,0.44947490178293903,-0.010823554825978576
824163,2026-08-02,2026,Houston Astros,Texas Rangers,2026-08-02T17:00:00+00:00,1,-1.48,117,265,2,3,0.5337379202251037,0.5154813164779182,0.5516372795969774,0.21740032703601178,0.2347583546819713,0.20102912904719902,0.017358027645959506
824323,2026-08-02,2026,Colorado Rockies,Kansas City Royals,2026-08-02T17:00:00+00:00,1,-0.59,90,149,2,3,0.5190678467583153,0.5111423638104956,0.5367088607594936,0.2312957360216833,0.23898178846078985,0.21463867969876624,0.0076860524391065554
824404,2026-08-02,2026,Cleveland Guardians,Arizona Diamondbacks,2026-08-02T17:00:00+00:00,1,-0.24,128,152,2,2,0.5741460758922993,0.571407038768452,0.6092233009708737,0.18135156467792735,0.1836919264172272,0.15270642850410032,0.0023403617392998566
824483,2026-08-02,2026,Cincinnati Reds,Pittsburgh Pirates,2026-08-02T17:00:00+00:00,1,-0.75,195,270,3,3,0.4854113892960723,0.4750061540165357,0.5603015075376885,0.26480143826619845,0.2756185383205095,0.19333476427362942,0.010817100054311024
824648,2026-08-02,2026,Chicago Cubs,New York Yankees,2026-08-02T17:00:00+00:00,0,0.02,161,159,3,3,0.5106852446807784,0.509889427092782,0.4809160305343511,0.2607994191346665,0.2599872278610054,0.23128022842491694,-0.0008121912736610559
824807,2026-08-02,2026,Baltimore Orioles,Philadelphia Phillies,2026-08-02T17:00:00+00:00,0,0.22,123,101,2,2,0.5140418816824783,0.5156892913745986,0.42750000000000005,0.26423905612366305,0.26593544523843565,0.18275625000000004,0.0016963891147726007
824891,2026-08-02,2026,Atlanta Braves,Washington Nationals,2026-08-02T17:00:00+00:00,1,0.06,162,156,3,3,0.6231846648396769,0.6247437826072777,0.547979797979798,0.1419897968119866,0.14081722869189406,0.20432226303438422,-0.001172568120092532
822867,2026-08-03,2026,Texas Rangers,San Francisco Giants,2026-08-03T17:00:00+00:00,0,0.16,195,179,3,3,0.5567238362814787,0.5583728554908126,0.5292620865139949,0.3099414298839667,0.3117802457489639,0.2801183562211474,0.0018388158649971786
823431,2026-08-03,2026,Philadelphia Phillies,Washington Nationals,2026-08-03T17:00:00+00:00,1,0.18,157,139,3,3,0.5545638227296199,0.5564130178400003,0.597051597051597,0.19841338802124947,0.1967694107418159,0.1623674154386685,-0.0016439772794335783
823520,2026-08-03,2026,New York Yankees,St. Louis Cardinals,2026-08-03T17:00:00+00:00,0,0.03,155,152,3,3,0.6189567476948494,0.6201125612833958,0.6643835616438356,0.3831074555169855,0.38453958866145327,0.4414055169825483,0.0014321331444677732
823757,2026-08-03,2026,Milwaukee Brewers,Pittsburgh Pirates,2026-08-03T17:00:00+00:00,0,-1.02,123,225,3,3,0.5830451098144396,0.5713791315281964,0.5760598503740648,0.3399416000785319,0.32647411194591597,0.33184495121298996,-0.013467488132615946
824160,2026-08-03,2026,Houston Astros,Toronto Blue Jays,2026-08-03T17:00:00+00:00,0,0.31,186,155,3,3,0.5400523332025781,0.5432023662276366,0.5468354430379747,0.2916565225975484,0.29506881067530344,0.2990290017625381,0.0034122880777550657
824324,2026-08-03,2026,Colorado Rockies,Tampa Bay Rays,2026-08-03T17:00:00+00:00,0,-0.72,90,162,3,3,0.4869009261779985,0.47687622459619816,0.3941605839416058,0.23707251191299275,0.22741093358512363,0.15536256593318767,-0.009661578327869125
824647,2026-08-03,2026,Chicago Cubs,Los Angeles Dodgers,2026-08-03T17:00:00+00:00,1,-1.47,137,284,3,3,0.4836280831009543,0.46463466567033823,0.4681933842239186,0.26663995656199496,0.2866160412019106,0.28281827658320874,0.019976084639915626
825095,2026-08-03,2026,Arizona Diamondbacks,San Diego Padres,2026-08-03T17:00:00+00:00,1,-1.35,183,318,3,3,0.5096293449335464,0.4924641852147408,0.5204081632653061,0.24046337935030282,0.25759260328973693,0.23000832986255726,0.017129223939434113
822865,2026-08-04,2026,Texas Rangers,San Francisco Giants,2026-08-04T23:51:01.822983+00:00,1,0.12,178,166,3,3,0.5531218878191768,0.5542398364870225,0.6391509433962265,0.19970004714629638,0.19870212337511647,0.13021204165183337,-0.0009979237711799094
823108,2026-08-04,2026,Seattle Mariners,Detroit Tigers,2026-08-05T00:51:01.967770+00:00,0,-0.41,58,99,1,2,0.4997782719000919,0.49366221773294083,0.5392405063291139,0.24977832106344217,0.2437023852170055,0.29078032366607914,-0.006075935846436675
823432,2026-08-04,2026,Philadelphia Phillies,Washington Nationals,2026-08-04T21:51:01.434186+00:00,1,0.51,162,111,3,3,0.5519908803436636,0.5576878758991047,0.7406679764243614,0.20071217129524555,0.19564001512664578,0.06725309845183555,-0.005072156168599767
823517,2026-08-04,2026,New York Yankees,St. Louis Cardinals,2026-08-04T22:51:01.774956+00:00,1,1.13,243,130,3,2,0.6129924207470274,0.62642196441218,0.6519721577726217,0.14977486639924584,0.1395605486736545,0.1211233789654449,-0.010214317725591338
823756,2026-08-04,2026,Milwaukee Brewers,Pittsburgh Pirates,2026-08-04T22:51:01.774956+00:00,1,-0.46,171,217,3,3,0.5787804329792191,0.5735618261696404,0.57356608478803,0.17742592364117413,0.18184951609977204,0.18184588404300966,0.004423592458597914
824084,2026-08-04,2026,Kansas City Royals,Minnesota Twins,2026-08-04T21:51:01.434186+00:00,1,0.38,157,119,2,2,0.5165586515132239,0.5201557807081804,0.4228855721393035,0.2337155374267125,0.23025047478777588,0.3330610628449791,-0.003465062638936617
824161,2026-08-04,2026,Houston Astros,Toronto Blue Jays,2026-08-04T23:51:01.822983+00:00,1,0.65,175,110,3,2,0.535893226433437,0.543006908754617,0.5664160401002506,0.21539509727036502,0.20884268544601095,0.1879950502823475,-0.006552411824354065
824321,2026-08-04,2026,Colorado Rockies,Tampa Bay Rays,2026-08-04T23:51:01.822983+00:00,0,-0.11,115,126,3,2,0.48416957692245965,0.48136875537645946,0.3864734299516908,0.23442017921727357,0.23171587865268167,0.14936171205862447,-0.002704300564591894
824403,2026-08-04,2026,Cleveland Guardians,New York Mets,2026-08-04T21:51:01.434186+00:00,0,0.35,173,138,2,2,0.5795487789971958,0.5837722338579318,0.5491183879093199,0.33587678723714054,0.34079002102347977,0.3015310039401303,0.004913233786339233
824484,2026-08-04,2026,Cincinnati Reds,Athletics,2026-08-04T20:51:01.900523+00:00,1,-0.8,128,208,2,2,0.5683658433413479,0.5589373594497926,0.547979797979798,0.18630804519442584,0.19453625288912144,0.20432226303438422,0.008228207694695594
824645,2026-08-04,2026,Chicago Cubs,Los Angeles Dodgers,2026-08-04T22:51:01.774956+00:00,1,-0.79,131,210,3,3,0.4890134069746459,0.4781881102770043,0.3672985781990522,0.26110729825165885,0.2722876482562839,0.40031108914894087,0.011180350004625028
824731,2026-08-04,2026,Boston Red Sox,Chicago White Sox,2026-08-04T22:51:01.774956+00:00,1,0.54,90,36,2,1,0.5369840283423065,0.5428108744452682,0.5771144278606966,0.214383790010118,0.20902189652550032,0.17883220712358602,-0.005361893484617686
824805,2026-08-04,2026,Baltimore Orioles,Los Angeles Angels,2026-08-04T21:51:01.434186+00:00,1,-0.38,129,167,2,2,0.5755884011952728,0.5712402244704617,0.57356608478803,0.18012520519998473,0.18383494511214002,0.18184588404300966,0.0037097399121552854
824888,2026-08-04,2026,Atlanta Braves,Miami Marlins,2026-08-04T22:51:01.774956+00:00,1,0.08,98,90,2,2,0.623222560694576,0.6250060959330695,0.5831265508684863,0.14196123876955244,0.14062042808735825,0.17378347259080473,-0.0013408106821941879
825054,2026-08-04,2026,Arizona Diamondbacks,San Diego Padres,2026-08-05T00:51:01.967770+00:00,0,-0.85,168,253,3,3,0.5139684399351013,0.5028479157875916,0.5329949238578681,0.2641635572493219,0.2528560264119248,0.2840835888582546,-0.011307530837397106
823429,2026-08-05,2026,Philadelphia Phillies,Washington Nationals,2026-08-05T22:51:02.123868+00:00,0,-0.75,74,149,2,2,0.5531287460333738,0.543962856164626,0.6480186480186481,0.3059514096884525,0.29589558888677764,0.41992816817991646,-0.010055820801674886
823516,2026-08-05,2026,New York Yankees,St. Louis Cardinals,2026-08-05T23:51:01.872553+00:00,0,0.75,169,94,2,2,0.6091818568215981,0.6183249707335943,0.5876543209876544,0.37110253468061005,0.3823257694327002,0.3453376009754611,0.011223234752090139
824082,2026-08-05,2026,Kansas City Royals,Minnesota Twins,2026-08-05T22:51:02.123868+00:00,1,-0.54,56,110,1,2,0.5185083483837808,0.5111692315443135,0.5267175572519084,0.2318342105761146,0.238955520188977,0.2239962706136006,0.007121309612862392
824158,2026-08-05,2026,Houston Astros,Toronto Blue Jays,2026-08-05T17:51:02.495471+00:00,0,-0.91,137,228,3,3,0.5378196618754608,0.5264385758464902,0.6689342403628117,0.289249988699835,0.27713757413928086,0.4474730179297719,-0.012112414560554119
824322,2026-08-05,2026,Colorado Rockies,Tampa Bay Rays,2026-08-05T18:51:02.331738+00:00,0,-0.34,169,203,3,3,0.48406401447786934,0.47852054008459555,0.4054054054054054,0.2343179701124309,0.228981907282853,0.16435354273192107,-0.005336062829577909
824402,2026-08-05,2026,Cleveland Guardians,New York Mets,2026-08-05T18:51:02.331738+00:00,0,0.19,127,108,2,2,0.5744695212273757,0.5767559313156965,0.5076530612244898,0.33001523081921025,0.3326474043078364,0.2577116305705956,0.002632173488626155
824646,2026-08-05,2026,Chicago Cubs,Los Angeles Dodgers,2026-08-05T17:51:02.495471+00:00,1,-1.25,121,246,3,3,0.49463099731603094,0.47841285988408955,0.5228426395939086,0.2553978288737895,0.2720531447342944,0.22767914658970856,0.01665531586050495
824728,2026-08-05,2026,Boston Red Sox,Chicago White Sox,2026-08-05T22:51:02.123868+00:00,1,0.56,106,50,2,1,0.5424571066718453,0.5486033701337266,0.57356608478803,0.20934549923509913,0.2037589174546294,0.18184588404300966,-0.005586581780469724
824806,2026-08-05,2026,Baltimore Orioles,Los Angeles Angels,2026-08-05T21:51:02.634017+00:00,1,-0.17,56,73,1,2,0.5768591655207782,0.5749882943816502,0.5628140703517588,0.17904816580377217,0.1806349499126188,0.1911315370823969,0.001586784108846634
824889,2026-08-05,2026,Atlanta Braves,Miami Marlins,2026-08-05T22:51:02.123868+00:00,1,0.08,50,42,1,1,0.6271843684796496,0.6290281948077858,0.5417721518987342,0.13899149510591766,0.1376200802475701,0.20997276077551674,-0.0013714148583475472
824514,2026-08-17,2026,Cincinnati Reds,St. Louis Cardinals,2026-05-24T17:00:00+00:00,0,0.27,198,171,2,3,0.5623257982930155,0.5653574485228905,0.5267175572519084,0.3162103034258772,0.3196290446003128,0.2774313851174174,0.00341874117443558
824589,2026-08-20,2026,Chicago White Sox,Atlanta Braves,2026-06-11T17:00:00+00:00,0,0.81,208,127,2,2,0.47874061163756326,0.4868144582094647,0.4821428571428572,0.22919257323110817,0.23698831672177462,0.23246173469387763,0.007795743490666446
823539,2026-08-29,2026,New York Yankees,Boston Red Sox,2026-06-06T17:00:00+00:00,0,-0.36,111,147,3,3,0.6042901185580148,0.6007506476018387,0.5127551020408163,0.36516654738685966,0.3609013405940286,0.2629177946688879,-0.004265206792831044
824911,2026-08-31,2026,Atlanta Braves,San Francisco Giants,2026-06-18T17:00:00+00:00,0,-0.42,158,200,2,2,0.6075650197552205,0.603406745284687,0.5541561712846348,0.36913525323016144,0.3640997002550591,0.3070890621728455,-0.005035552975102331
824424,2026-09-04,2026,Cleveland Guardians,Detroit Tigers,2026-06-14T17:00:00+00:00,1,-0.46,102,148,2,3,0.5696473646775937,0.5642427535541975,0.5,0.18520339072894004,0.18988437783002785,0.25,0.004680987101087802
